gm,start,end,wins,losses,otl,cups,team
Dankoa,60,61,42,79,11,,MTL
Infidel,62,62,11,52,3,,MTL
CampinKiller,63,84,601,781,70,,MTL
GabeyD,85,88,49,203,12,,MTL
Sajkashi,89,89,17,45,4,,MTL
Acsolap,60,89,1230,615,135,1,PHI
NotoriousTig,56,68,448,330,64,2,SEA
adamantium,69,73,162,146,22,,SEA
efischermann,74,89,562,444,50,2,SEA
hotdog,56,89,1367,735,126,3,ATL
JKortesi81,46,89,1407,1148,173,1,NOL
Velevra,46,58,393,248,41,1,CHI
SDCore,59,66,383,124,21,1,CHI
JNH,67,70,160,83,21,,CHI
SchwarzNarr,71,73,116,72,10,,CHI
Nike,74,89,503,496,57,,CHI
JumpierPegasus,25,30,97,171,32,,SFP
Cuffy,31,31,21,27,2,,SFP
Wally,32,35,86,98,16,,SFP
Graphead,36,54,424,443,83,,SFP
Thatguy81,55,63,196,327,39,,SFP
Toast,64,72,182,129,19,,SFP
Caleb,73,78,237,139,19,1,SFP
Badwolf,79,84,188,183,25,3,SFP
Gwdjohnson,85,89,68,250,12,,SFP
Brandon,25,32,137,221,42,,BUF
ThatDamnWalrus,33,36,90,91,19,,BUF
WannabeFinn,37,63,864,449,99,4,BUF
Tomen,64,76,550,263,45,1,BUF
Vandy,77,88,418,318,56,,BUF
Beavie,89,89,46,15,5,,BUF
Boon,5,8,91,92,21,,MIN
JumpierPegasus,9,9,28,20,2,,MIN
Boon,10,10,31,15,4,1,MIN
Munk,11,12,71,26,3,1,MIN
Boon,12,13,62,33,5,,MIN
Toast,14,17,72,111,17,,MIN
HabsFanFromOntario,18,18,29,17,4,,MIN
Banjo Kazooie,19,20,17,71,12,,MIN
JayTee,21,25,126,105,27,,MIN
ArGarBarGar,26,32,190,143,49,,MIN
Baelor Swift,33,44,308,230,62,1,MIN
Shmurph,45,51,151,169,30,,MIN
SpartanGibbles,52,62,236,368,42,,MIN
MutedFaith,63,75,253,561,42,,MIN
eddieisnotthere,76,81,152,221,23,,MIN
UptownCord,82,89,260,242,26,,MIN
Wadey,10,18,218,179,53,1,TEX
NathanAD,19,22,113,77,14,2,TEX
Midas Whale,23,24,58,36,10,,TEX
Deener,24,29,140,86,24,,TEX
Allen,29,36,187,132,31,1,TEX
Phobospwns,37,39,70,66,14,,TEX
Dankoa,40,55,368,375,57,,TEX
puolivalmiste,56,62,322,108,16,2,TEX
Yagoyi,63,66,142,98,24,,TEX
CapnCooper63,67,89,801,638,79,,TEX
cezar,1,2,33,35,12,,CGY
NathanAD,3,7,109,99,26,,CGY
xDPark,8,9,59,36,5,2,CGY
Jesster,10,11,67,26,7,,CGY
spidey,12,13,55,35,10,,CGY
O4L,14,23,252,205,49,,CGY
Steelhead77,24,58,1040,592,152,6,CGY
Mike Izzy,59,62,150,90,24,,CGY
Muerto,63,70,259,232,37,,CGY
boom,71,89,536,650,68,,CGY
Fernando,1,3,88,18,14,1,BAP
Brandon,4,4,52,22,10,,BAP
Fernando,5,6,31,24,5,1,BAP
Dylan,7,8,55,36,9,,BAP
JayTee,9,10,67,30,3,,BAP
Maxy,11,16,105,164,29,,BAP
Syckez,17,23,154,167,35,,BAP
Bojo,24,39,419,307,76,,BAP
JR95,40,63,680,544,88,3,BAP
hhh81,64,80,572,477,73,,BAP
Wally,81,81,32,30,4,,BAP
HockeyFan,82,83,55,68,9,,BAP
o1playz,84,89,163,214,19,,BAP
Veto,1,1,18,16,6,,TBB
Mabz & Smzza,1,2,12,24,4,,TBB
funny_munk,3,3,15,17,8,,TBB
Leafs4Stanley,3,5,54,47,23,,TBB
MacDaddy,6,7,60,40,10,,TBB
Shutout,7,13,146,128,42,,TBB
James_M,7,7,25,21,4,,TBB
Duey,8,13,146,128,42,,TBB
Gifter of Bikes,14,30,440,319,99,1,TBB
Abdeezy,31,34,104,71,24,,TBB
probablydrunk,35,35,19,28,3,,TBB
MCP,35,36,47,43,10,,TBB
Abdeezy,37,38,62,28,9,,TBB
r1c3bowl22,39,39,16,30,4,,TBB
Samee,40,43,78,104,18,,TBB
StaticShocked,44,44,17,29,4,,TBB
JSS,45,51,166,142,42,,TBB
MCP,52,54,26,118,6,,TBB
trella,55,62,188,277,31,,TBB
PremierBromanov,63,63,48,17,1,,TBB
Hockeyiscool,64,83,644,588,88,,TBB
Spooked,84,84,36,25,5,,TBB
Chris-McZehrl,85,89,57,251,22,,TBB
Deener,5,7,76,60,18,1,LAP
JayTee,7,7,25,18,5,,LAP
Munk,7,7,25,18,5,,LAP
Checkmate,8,9,42,41,17,,LAP
Dooley,10,10,23,22,5,,LAP
Alex,11,11,21,24,5,,LAP
Chris-McZehrl,11,12,39,49,12,,LAP
Taron47,13,14,42,46,12,,LAP
Velevra,14,14,27,18,5,,LAP
Wasty,15,55,1077,797,178,1,LAP
FuzzSHL,56,77,775,571,90,2,LAP
Whitecap,78,83,212,156,28,1,LAP
TheWozy,84,89,144,230,22,,LAP
Leafs4ever,1,30,777,524,173,4,WPG
Atlas,31,33,62,72,16,,WPG
Nereus,34,40,214,111,25,,WPG
MWHazard,41,42,61,30,9,,WPG
FlappyGiraffe,43,49,178,134,36,1,WPG
StadiumGambler,50,51,44,46,10,,WPG
Muerto,52,61,217,332,31,,WPG
Ace,62,81,222,217,23,1,WPG
LeakyCink,82,84,95,91,12,,WPG
By-Tor,85,89,95,214,21,,WPG
McDonald,2,6,142,55,27,2,EDM
Seth,7,11,95,132,23,,EDM
teztify,11,29,539,322,97,4,EDM
Jedi,30,32,92,49,9,,EDM
BasedMinkus,33,33,30,16,4,,EDM
Allegiant,34,34,21,23,6,,EDM
karlssens,35,46,313,231,56,1,EDM
Keygan,47,60,460,255,49,1,EDM
boom,61,64,109,136,19,,EDM
HabsFanFromOntario,65,79,449,487,54,1,EDM
Atheist_Caliph,80,81,42,82,8,,EDM
cake307,82,89,404,112,12,3,EDM
jkrever,1,16,408,288,64,,TOR
Maxy,17,18,40,50,10,,TOR
JNH,19,31,322,264,72,,TOR
RaiN,32,34,65,61,24,,TOR
Cynthia,35,35,54,35,11,1,TOR
Symmetrik,37,42,126,142,32,,TOR
Nobody,42,48,159,115,26,,TOR
ml002,49,61,337,343,50,,TOR
Wally,62,77,435,563,58,,TOR
mcgriddleluver,78,80,100,83,15,,TOR
jaypc8237,81,89,242,322,30,,TOR
Spangle,2,5,81,65,18,,MAN
diamond_ace,6,15,217,247,46,,MAN
Ochocinco,16,19,91,95,14,,MAN
Nike,20,24,88,99,19,1,MAN
Merica,24,27,63,76,11,,MAN
Jorec,27,37,67,67,16,,MAN
Muerto,30,37,167,153,30,1,MAN
NUCK,38,38,29,17,4,1,MAN
JayWhy,39,63,592,681,89,1,MAN
Citizen of Adraa,64,83,488,756,75,,MAN
skyrrhawk,84,89,167,206,23,,MAN
Fernando,10,12,30,58,12,,NEW
Ace,13,15,83,56,11,,NEW
fever95,15,22,205,116,33,,NEW
Ace,20,22,86,53,15,,NEW
prettyburn,22,29,155,162,32,1,NEW
Eggy216,30,40,320,185,45,3,NEW
Torbvo,41,43,71,63,16,,NEW
Ace,44,55,226,237,54,,NEW
Kenvald,56,62,195,218,33,,NEW
Luke,63,89,1026,662,94,3,NEW
Mikeorfei,1,1,15,18,7,,HAM
Daco,2,3,28,38,14,,HAM
Bolt,3,3,33,34,13,,HAM
Theo,3,3,33,34,13,,HAM
Secord,4,4,18,13,9,,HAM
Raymond,5,8,108,78,18,,HAM
Stud,9,9,27,16,7,,HAM
Jorec,9,10,67,23,10,,HAM
Joecool37,11,15,149,81,20,1,HAM
Malcontentcapsfan,16,16,29,15,6,,HAM
LVShark,17,22,181,98,25,,HAM
Tanner,23,28,164,111,29,2,HAM
Dangles13,29,31,53,79,18,,HAM
ThatDamnMcJesus,31,41,249,240,61,,HAM
DrunkenTeddy,42,44,85,50,15,,HAM
Hallsy,45,78,1136,785,79,6,HAM
Gwdjohnson,79,81,63,126,9,,HAM
aleks,82,89,314,191,23,1,HAM
RashfordU,83,89,295,146,21,,DEN
Ace,83,89,216,228,18,,NSH
HabsFanFromOntario,83,89,207,224,31,,MAD
sve7en,83,89,188,253,21,,CIN