id,name,position,league,team,season,gamesPlayed,minutes,wins,losses,ot,shotsAgainst,saves,goalsAgainst,gaa,shutouts,savePct,gameRating,rookie,pos,pos_broad
1,Cedric Robinson,G,0,BUF,53,4,249,0,3,1,171,152,19,4.57,0,0.889,66,FALSE,Goalie,Goalie
67,Geezus Kryyst,G,0,HAM,53,15,913,12,3,0,438,412,26,1.71,2,0.941,82,FALSE,Goalie,Goalie
132,Peter Larson,G,0,MAN,53,6,361,2,4,0,197,182,15,2.49,1,0.924,78,FALSE,Goalie,Goalie
165,Johannes Leitner,G,0,NEW,53,11,663,5,5,1,349,324,25,2.26,1,0.928,77,FALSE,Goalie,Goalie
264,Kata Vilde,G,0,CGY,53,7,434,3,3,1,243,222,21,2.9,0,0.914,71,FALSE,Goalie,Goalie
297,Emiko Spector,G,0,EDM,53,9,535,5,3,0,288,265,23,2.58,0,0.92,71,FALSE,Goalie,Goalie
298,Tommy Tuck,G,0,EDM,53,9,607,5,3,1,317,300,17,1.68,0,0.946,86,FALSE,Goalie,Goalie
429,Knox Booth,G,0,LAP,53,10,708,3,2,5,351,321,30,2.54,0,0.915,73,FALSE,Goalie,Goalie
430,Nolan McMahon,G,0,LAP,53,1,60,1,0,0,15,13,2,2,0,0.867,55,FALSE,Goalie,Goalie
463,Aleister Cain,G,0,NOL,53,7,423,3,4,0,266,244,22,3.12,0,0.917,74,FALSE,Goalie,Goalie
1,Cedric Robinson,G,0,BUF,54,1,10,0,0,0,2,2,0,0,0,0.999,52,FALSE,Goalie,Goalie
33,Tibuk Soonika,G,0,CHI,54,6,376,2,2,2,238,220,18,2.87,0,0.924,80,FALSE,Goalie,Goalie
66,Elle Rush,G,0,HAM,54,1,3,0,0,0,1,1,0,0,0,0.999,48,FALSE,Goalie,Goalie
67,Geezus Kryyst,G,0,HAM,54,15,929,8,6,1,532,485,47,3.03,0,0.912,77,FALSE,Goalie,Goalie
132,Peter Larson,G,0,MAN,54,4,246,0,3,1,179,166,13,3.16,0,0.927,83,FALSE,Goalie,Goalie
264,Kata Vilde,G,0,CGY,54,5,299,1,3,1,148,135,13,2.61,0,0.912,74,FALSE,Goalie,Goalie
297,Emiko Spector,G,0,EDM,54,6,384,2,2,2,165,145,20,3.12,1,0.879,65,FALSE,Goalie,Goalie
429,Knox Booth,G,0,LAP,54,12,649,7,4,1,340,305,35,3.23,1,0.897,66,FALSE,Goalie,Goalie
430,Nolan McMahon,G,0,LAP,54,3,86,0,0,0,46,43,3,2.08,0,0.935,65,FALSE,Goalie,Goalie
463,Aleister Cain,G,0,NOL,54,17,1058,12,3,2,666,615,51,2.89,0,0.923,81,FALSE,Goalie,Goalie
738,"Olli Saarinen, Jr",G,0,NOL,54,1,7,0,0,0,0,0,0,0,0,0,48,FALSE,Goalie,Goalie
834,Elizabeth Doyle,G,0,BUF,54,13,807,7,5,1,440,406,34,2.53,1,0.923,76,TRUE,Goalie,Goalie
33,Tibuk Soonika,G,0,CHI,55,5,298,1,4,0,197,185,12,2.41,0,0.939,81,FALSE,Goalie,Goalie
66,Elle Rush,G,0,CGY,55,1,0,0,0,0,1,1,0,0,0,0.999,51,FALSE,Goalie,Goalie
132,Peter Larson,G,0,MAN,55,7,427,3,3,1,271,250,21,2.95,0,0.923,81,FALSE,Goalie,Goalie
264,Kata Vilde,G,0,CGY,55,6,362,2,4,0,244,222,22,3.65,0,0.91,74,FALSE,Goalie,Goalie
297,Emiko Spector,G,0,EDM,55,11,670,7,3,1,351,321,30,2.68,0,0.915,70,FALSE,Goalie,Goalie
463,Aleister Cain,G,0,NOL,55,20,1229,11,5,4,764,701,63,3.07,0,0.918,80,FALSE,Goalie,Goalie
497,White Goodman,G,0,TEX,55,4,238,0,4,0,176,164,12,3.02,0,0.932,85,FALSE,Goalie,Goalie
596,A Jobin,G,0,HAM,55,12,724,5,7,0,380,342,38,3.15,2,0.9,71,TRUE,Goalie,Goalie
738,"Olli Saarinen, Jr",G,0,NOL,55,1,0,0,0,0,0,0,0,0,0,0,50,FALSE,Goalie,Goalie
834,Elizabeth Doyle,G,0,BUF,55,17,1031,12,5,0,440,408,32,1.86,3,0.927,76,FALSE,Goalie,Goalie
33,Tibuk Soonika,G,0,CHI,56,16,970,11,3,2,499,462,37,2.29,2,0.926,80,FALSE,Goalie,Goalie
35,Billy Sorokin,G,0,WPG,56,1,42,0,0,0,30,28,2,2.8,0,0.933,72,FALSE,Goalie,Goalie
66,Elle Rush,G,0,CGY,56,1,47,0,0,0,32,30,2,2.54,0,0.938,77,FALSE,Goalie,Goalie
101,Eddy Ask Jr.,G,0,EDM,56,1,1,0,0,0,1,0,1,9.99,0,0,39,FALSE,Goalie,Goalie
102,Junior Guarda,G,0,HAM,56,1,28,0,1,0,10,9,1,2.11,0,0.9,48,FALSE,Goalie,Goalie
132,Peter Larson,G,0,MAN,56,6,389,2,3,1,228,208,20,3.08,0,0.912,73,FALSE,Goalie,Goalie
264,Kata Vilde,G,0,CGY,56,6,310,2,4,0,207,185,22,4.25,0,0.894,69,FALSE,Goalie,Goalie
297,Emiko Spector,G,0,EDM,56,19,1146,11,8,0,626,575,51,2.67,1,0.919,74,FALSE,Goalie,Goalie
429,Knox Booth,G,0,LAP,56,5,299,1,4,0,235,211,24,4.81,0,0.898,76,FALSE,Goalie,Goalie
463,Aleister Cain,G,0,NOL,56,5,299,1,4,0,211,190,21,4.21,0,0.9,68,FALSE,Goalie,Goalie
497,White Goodman,G,0,TEX,56,4,239,0,4,0,164,148,16,4.01,0,0.902,72,FALSE,Goalie,Goalie
565,Strom Chamberlain,G,0,WPG,56,5,255,1,4,0,211,189,22,5.16,0,0.896,73,FALSE,Goalie,Goalie
596,A Jobin,G,0,HAM,56,18,1091,12,3,2,510,463,47,2.58,2,0.908,71,FALSE,Goalie,Goalie
627,Mike Hroch,G,0,ATL,56,1,50,0,0,0,25,20,5,5.97,0,0.8,38,FALSE,Goalie,Goalie
629,Frans Eller,G,0,NEW,56,6,356,2,4,0,299,275,24,4.03,1,0.92,80,FALSE,Goalie,Goalie
630,Samat Beibitzhanov,G,0,ATL,56,11,633,6,4,1,401,363,38,3.6,0,0.905,70,TRUE,Goalie,Goalie
693,Alexander Thorstrom,G,0,NEW,56,1,2,0,0,0,3,3,0,0,0,0.999,58,FALSE,Goalie,Goalie
834,Elizabeth Doyle,G,0,BUF,56,23,1426,13,8,2,759,691,68,2.86,1,0.91,73,FALSE,Goalie,Goalie
33,Tibuk Soonika,G,0,CHI,57,24,1499,16,6,2,709,642,67,2.68,1,0.906,70,FALSE,Goalie,Goalie
132,Peter Larson,G,0,MAN,57,7,450,3,2,2,319,297,22,2.93,0,0.931,87,FALSE,Goalie,Goalie
264,Kata Vilde,G,0,CGY,57,6,331,2,4,0,179,161,18,3.26,0,0.899,67,FALSE,Goalie,Goalie
297,Emiko Spector,G,0,EDM,57,7,375,3,4,0,211,191,20,3.2,0,0.905,70,FALSE,Goalie,Goalie
429,Knox Booth,G,0,LAP,57,6,360,2,3,1,182,167,15,2.49,1,0.918,75,FALSE,Goalie,Goalie
463,Aleister Cain,G,0,NOL,57,5,305,1,3,1,257,240,17,3.34,0,0.934,89,FALSE,Goalie,Goalie
564,Leo Bloomfield,G,0,NEW,57,1,13,0,0,0,11,11,0,0,0,0.999,69,TRUE,Goalie,Goalie
565,Strom Chamberlain,G,0,WPG,57,18,1089,9,6,3,678,636,42,2.31,1,0.938,85,FALSE,Goalie,Goalie
595,Cillian Kavanagh,G,0,TEX,57,5,309,1,3,1,171,154,17,3.3,0,0.901,68,FALSE,Goalie,Goalie
596,A Jobin,G,0,HAM,57,14,859,9,3,2,364,324,40,2.79,0,0.89,66,FALSE,Goalie,Goalie
627,Mike Hroch,G,0,ATL,57,1,3,0,0,0,2,2,0,0,0,0.999,49,TRUE,Goalie,Goalie
629,Frans Eller,G,0,NEW,57,5,285,1,4,0,262,240,22,4.62,0,0.916,87,FALSE,Goalie,Goalie
630,Samat Beibitzhanov,G,0,ATL,57,10,594,4,6,0,384,350,34,3.43,1,0.911,81,FALSE,Goalie,Goalie
660,Monty Montgomery,G,0,EDM,57,1,44,0,0,0,24,23,1,1.35,0,0.958,71,FALSE,Goalie,Goalie
661,Cale Amundsen,G,0,CGY,57,1,27,0,0,0,18,16,2,4.36,0,0.889,57,TRUE,Goalie,Goalie
834,Elizabeth Doyle,G,0,BUF,57,17,1039,11,6,0,504,465,39,2.25,1,0.923,76,FALSE,Goalie,Goalie
36,Name Redacted,G,0,MAN,58,5,297,1,4,0,186,170,16,3.22,0,0.914,76,FALSE,Goalie,Goalie
67,Geezus Kryyst,G,0,SFP,58,2,42,0,0,0,36,33,3,4.26,0,0.917,63,FALSE,Goalie,Goalie
99,Harry Carpet,G,0,TOR,58,19,1099,11,6,2,488,445,43,2.35,3,0.912,70,FALSE,Goalie,Goalie
100,Peter Ramsay,G,0,EDM,58,12,727,7,5,0,376,340,36,2.97,0,0.904,69,TRUE,Goalie,Goalie
232,Luca Del Vecchio,G,0,BAP,58,5,310,1,3,1,266,248,18,3.48,0,0.932,90,FALSE,Goalie,Goalie
264,Kata Vilde,G,0,CGY,58,5,310,1,2,2,218,198,20,3.86,1,0.908,72,FALSE,Goalie,Goalie
429,Knox Booth,G,0,LAP,58,6,371,2,3,1,212,197,15,2.42,1,0.929,78,FALSE,Goalie,Goalie
497,White Goodman,G,0,TEX,58,8,444,4,3,0,241,223,18,2.43,2,0.925,76,FALSE,Goalie,Goalie
563,Scoochie Stratton,G,0,TOR,58,1,40,0,0,0,26,21,5,7.44,0,0.808,31,FALSE,Goalie,Goalie
565,Strom Chamberlain,G,0,WPG,58,4,239,0,4,0,203,190,13,3.26,0,0.936,96,FALSE,Goalie,Goalie
595,Cillian Kavanagh,G,0,TEX,58,6,293,3,2,0,197,182,15,3.07,0,0.924,72,FALSE,Goalie,Goalie
596,A Jobin,G,0,HAM,58,19,1156,12,6,1,627,575,52,2.7,0,0.917,76,FALSE,Goalie,Goalie
630,Samat Beibitzhanov,G,0,ATL,58,11,671,5,6,0,358,325,33,2.95,0,0.908,70,FALSE,Goalie,Goalie
661,Cale Amundsen,G,0,CGY,58,1,3,0,0,0,1,1,0,0,0,0.999,50,FALSE,Goalie,Goalie
834,Elizabeth Doyle,G,0,BUF,58,21,1252,13,7,0,549,497,52,2.49,1,0.905,69,FALSE,Goalie,Goalie
1091,Sergei Potvinov,G,0,BUF,58,1,23,0,1,0,9,6,3,7.62,0,0.667,32,FALSE,Goalie,Goalie
1268,Nicolae Antonescu,G,0,SFP,58,7,378,3,4,0,325,301,24,3.81,0,0.926,86,TRUE,Goalie,Goalie
67,Geezus Kryyst,G,0,SFP,59,1,45,0,0,0,38,36,2,2.65,0,0.947,93,FALSE,Goalie,Goalie
134,Phillip Weaver,G,0,TBB,59,5,227,1,4,0,188,170,18,4.74,0,0.904,66,FALSE,Goalie,Goalie
135,Mat Smith,G,0,CHI,59,16,1011,9,6,1,483,438,45,2.67,3,0.907,67,TRUE,Goalie,Goalie
232,Luca Del Vecchio,G,0,BAP,59,5,299,1,4,0,242,225,17,3.41,0,0.93,86,FALSE,Goalie,Goalie
264,Kata Vilde,G,0,CGY,59,6,414,2,4,0,286,264,22,3.19,0,0.923,79,FALSE,Goalie,Goalie
429,Knox Booth,G,0,LAP,59,6,362,2,4,0,269,245,24,3.97,0,0.911,75,FALSE,Goalie,Goalie
497,White Goodman,G,0,TEX,59,1,29,0,0,0,15,14,1,2.03,0,0.933,62,FALSE,Goalie,Goalie
563,Scoochie Stratton,G,0,EDM,59,10,599,4,5,1,410,375,35,3.5,0,0.915,83,FALSE,Goalie,Goalie
566,Thor Odinson,G,0,SEA,59,10,623,4,5,1,347,314,33,3.18,0,0.905,73,FALSE,Goalie,Goalie
595,Cillian Kavanagh,G,0,TEX,59,16,970,12,3,1,517,483,34,2.1,2,0.934,85,FALSE,Goalie,Goalie
596,A Jobin,G,0,HAM,59,11,681,7,4,0,342,309,33,2.9,1,0.904,72,FALSE,Goalie,Goalie
627,Mike Hroch,G,0,ATL,59,1,7,0,0,0,8,7,1,8.07,0,0.875,48,FALSE,Goalie,Goalie
630,Samat Beibitzhanov,G,0,ATL,59,4,234,0,3,1,187,166,21,5.38,0,0.888,71,FALSE,Goalie,Goalie
661,Cale Amundsen,G,0,CGY,59,1,8,0,0,0,6,5,1,6.83,0,0.833,47,FALSE,Goalie,Goalie
663,Tobias Lindeman,G,0,TBB,59,2,72,0,0,0,63,54,9,7.5,0,0.857,47,FALSE,Goalie,Goalie
834,Elizabeth Doyle,G,0,BUF,59,19,1160,13,3,3,624,574,50,2.58,3,0.92,75,FALSE,Goalie,Goalie
837,Shiqa Vitalievich,G,0,CHI,59,1,12,0,0,0,10,10,0,0,0,0.999,69,FALSE,Goalie,Goalie
1268,Nicolae Antonescu,G,0,SFP,59,6,338,2,3,1,221,201,20,3.54,0,0.91,72,FALSE,Goalie,Goalie
1409,Keisuke Suzuki,G,0,EDM,59,1,3,0,0,0,0,0,0,0,0,0,48,FALSE,Goalie,Goalie
66,Elle Rush,G,0,TEX,60,1,45,0,0,0,18,17,1,1.33,0,0.944,73,FALSE,Goalie,Goalie
67,Geezus Kryyst,G,0,SFP,60,1,47,0,0,0,45,41,4,5.07,0,0.911,66,FALSE,Goalie,Goalie
99,Harry Carpet,G,0,TOR,60,4,238,0,3,1,181,165,16,4.03,0,0.912,75,FALSE,Goalie,Goalie
132,Peter Larson,G,0,PHI,60,3,45,0,0,0,28,26,2,2.65,0,0.929,57,FALSE,Goalie,Goalie
134,Phillip Weaver,G,0,TBB,60,4,226,0,4,0,117,100,17,4.51,0,0.855,48,FALSE,Goalie,Goalie
135,Mat Smith,G,0,CHI,60,23,1329,15,7,1,750,689,61,2.75,1,0.919,73,FALSE,Goalie,Goalie
232,Luca Del Vecchio,G,0,BAP,60,12,720,6,6,0,411,375,36,3,0,0.912,75,FALSE,Goalie,Goalie
264,Kata Vilde,G,0,CGY,60,7,441,5,2,0,223,203,20,2.72,0,0.91,71,FALSE,Goalie,Goalie
331,Markus Tegernako,G,0,MIN,60,4,238,0,4,0,185,165,20,5.03,0,0.892,69,FALSE,Goalie,Goalie
429,Knox Booth,G,0,LAP,60,6,356,2,4,0,226,212,14,2.36,1,0.938,83,FALSE,Goalie,Goalie
563,Scoochie Stratton,G,0,PHI,60,6,314,2,4,0,249,226,23,4.39,0,0.908,76,FALSE,Goalie,Goalie
564,Leo Bloomfield,G,0,NEW,60,3,150,1,2,0,128,119,9,3.58,0,0.93,74,FALSE,Goalie,Goalie
566,Thor Odinson,G,0,SEA,60,7,450,3,2,2,294,273,21,2.8,0,0.929,81,FALSE,Goalie,Goalie
595,Cillian Kavanagh,G,0,TEX,60,9,493,5,4,0,234,213,21,2.55,2,0.91,71,FALSE,Goalie,Goalie
596,A Jobin,G,0,HAM,60,10,599,6,4,0,334,304,30,3,1,0.91,76,FALSE,Goalie,Goalie
627,Mike Hroch,G,0,ATL,60,2,36,0,0,0,18,18,0,0,0,0.999,60,FALSE,Goalie,Goalie
629,Frans Eller,G,0,NEW,60,3,164,0,2,0,151,131,20,7.28,0,0.868,58,FALSE,Goalie,Goalie
630,Samat Beibitzhanov,G,0,ATL,60,14,809,8,5,1,526,485,41,3.04,1,0.922,81,FALSE,Goalie,Goalie
661,Cale Amundsen,G,0,CGY,60,11,611,5,4,1,398,370,28,2.75,1,0.93,81,FALSE,Goalie,Goalie
663,Tobias Lindeman,G,0,TBB,60,1,11,0,0,0,9,7,2,9.99,0,0.778,42,FALSE,Goalie,Goalie
834,Elizabeth Doyle,G,0,BUF,60,22,1337,16,4,2,609,564,45,2.02,3,0.926,76,FALSE,Goalie,Goalie
1001,Abroop Dhami,G,0,EDM,60,2,11,0,0,0,5,5,0,0,0,0.999,53,TRUE,Goalie,Goalie
1268,Nicolae Antonescu,G,0,SFP,60,5,252,1,4,0,206,186,20,4.76,0,0.903,72,FALSE,Goalie,Goalie
1374,Tyler Ward,G,0,EDM,60,10,588,4,6,0,336,302,34,3.47,1,0.899,68,TRUE,Goalie,Goalie
1409,Keisuke Suzuki,G,0,CHI,60,2,56,0,0,0,36,35,1,1.06,0,0.972,71,FALSE,Goalie,Goalie
99,Harry Carpet,G,0,TOR,61,5,334,1,2,2,214,201,13,2.33,1,0.939,87,FALSE,Goalie,Goalie
135,Mat Smith,G,0,CHI,61,11,656,7,4,0,312,283,29,2.65,0,0.907,67,FALSE,Goalie,Goalie
232,Luca Del Vecchio,G,0,BAP,61,18,1121,10,7,1,676,626,50,2.68,1,0.926,83,FALSE,Goalie,Goalie
429,Knox Booth,G,0,LAP,61,5,306,1,4,0,223,202,21,4.11,0,0.906,76,FALSE,Goalie,Goalie
563,Scoochie Stratton,G,0,PHI,61,6,358,2,4,0,230,213,17,2.84,0,0.926,79,FALSE,Goalie,Goalie
564,Leo Bloomfield,G,0,NEW,61,4,225,0,4,0,216,189,27,7.18,0,0.875,69,FALSE,Goalie,Goalie
565,Strom Chamberlain,G,0,TBB,61,13,749,7,4,2,408,373,35,2.8,0,0.914,74,FALSE,Goalie,Goalie
566,Thor Odinson,G,0,SEA,61,5,310,1,2,2,166,151,15,2.9,0,0.91,71,FALSE,Goalie,Goalie
595,Cillian Kavanagh,G,0,TEX,61,19,1145,12,7,0,585,541,44,2.3,2,0.925,82,FALSE,Goalie,Goalie
596,A Jobin,G,0,HAM,61,19,1151,16,2,1,487,458,29,1.51,5,0.94,80,FALSE,Goalie,Goalie
630,Samat Beibitzhanov,G,0,ATL,61,4,240,0,4,0,243,226,17,4.25,0,0.93,88,FALSE,Goalie,Goalie
661,Cale Amundsen,G,0,CGY,61,10,629,5,3,2,360,335,25,2.38,0,0.931,82,FALSE,Goalie,Goalie
834,Elizabeth Doyle,G,0,BUF,61,9,538,5,4,0,285,263,22,2.45,1,0.923,79,FALSE,Goalie,Goalie
903,Steven Vassallo,G,0,TBB,61,2,36,0,0,0,18,16,2,3.25,0,0.889,51,FALSE,Goalie,Goalie
1268,Nicolae Antonescu,G,0,SFP,61,4,237,0,4,0,171,153,18,4.55,0,0.895,73,FALSE,Goalie,Goalie
1374,Tyler Ward,G,0,EDM,61,14,884,8,4,2,515,478,37,2.51,0,0.928,84,FALSE,Goalie,Goalie
1377,Matvei Stevlaco,G,0,EDM,61,1,0,0,0,0,0,0,0,0,0,0,50,FALSE,Goalie,Goalie
1641,Ryan Aaron,G,0,BAP,61,1,10,0,0,0,6,4,2,9.99,0,0.667,36,FALSE,Goalie,Goalie
1739,Hugo Gronroos,G,0,MIN,61,4,239,0,4,0,197,181,16,4.01,0,0.919,83,FALSE,Goalie,Goalie
1901,Benjamin Blue-II,G,0,NEW,61,1,13,0,0,0,2,1,1,4.53,0,0.5,41,FALSE,Goalie,Goalie
67,Geezus Kryyst,G,0,TBB,62,2,28,0,0,0,19,16,3,6.38,0,0.842,49,FALSE,Goalie,Goalie
99,Harry Carpet,G,0,TOR,62,4,239,0,4,0,202,184,18,4.51,0,0.911,84,FALSE,Goalie,Goalie
135,Mat Smith,G,0,CHI,62,10,602,6,3,1,289,261,28,2.79,1,0.903,67,FALSE,Goalie,Goalie
232,Luca Del Vecchio,G,0,BAP,62,15,896,8,7,0,487,454,33,2.21,2,0.932,81,FALSE,Goalie,Goalie
563,Scoochie Stratton,G,0,PHI,62,6,369,2,2,2,269,244,25,4.06,0,0.907,72,FALSE,Goalie,Goalie
564,Leo Bloomfield,G,0,NEW,62,6,368,2,4,0,295,276,19,3.09,0,0.936,88,FALSE,Goalie,Goalie
565,Strom Chamberlain,G,0,TBB,62,12,700,6,6,0,403,367,36,3.09,1,0.911,75,FALSE,Goalie,Goalie
566,Thor Odinson,G,0,SEA,62,12,695,5,5,2,410,369,41,3.54,0,0.9,71,FALSE,Goalie,Goalie
595,Cillian Kavanagh,G,0,TEX,62,24,1485,16,5,3,743,692,51,2.06,2,0.931,78,FALSE,Goalie,Goalie
596,A Jobin,G,0,HAM,62,22,1343,15,6,1,552,502,50,2.23,5,0.909,69,FALSE,Goalie,Goalie
630,Samat Beibitzhanov,G,0,ATL,62,5,297,1,4,0,208,191,17,3.43,0,0.918,83,FALSE,Goalie,Goalie
661,Cale Amundsen,G,0,CGY,62,7,428,3,3,1,304,277,27,3.78,0,0.911,78,FALSE,Goalie,Goalie
834,Elizabeth Doyle,G,0,BUF,62,9,537,5,4,0,324,298,26,2.9,1,0.92,80,FALSE,Goalie,Goalie
849,Olof Karsikko,G,0,LAP,62,17,1045,10,5,2,524,484,40,2.3,3,0.924,75,TRUE,Goalie,Goalie
995,Valtteri Aalto,G,0,MIN,62,1,5,0,0,0,6,6,0,0,0,0.999,57,TRUE,Goalie,Goalie
1268,Nicolae Antonescu,G,0,SFP,62,6,348,2,4,0,236,210,26,4.48,0,0.89,68,FALSE,Goalie,Goalie
1374,Tyler Ward,G,0,EDM,62,4,243,0,3,1,205,188,17,4.19,0,0.917,82,FALSE,Goalie,Goalie
1484,Senji Seteki,G,0,SFP,62,1,10,0,0,0,8,7,1,5.78,0,0.875,51,TRUE,Goalie,Goalie
1739,Hugo Gronroos,G,0,MIN,62,5,301,1,4,0,263,243,20,3.98,0,0.924,86,FALSE,Goalie,Goalie
1754,Ragnar-Alexandre Ragnarsson-Tremblay,G,0,SEA,62,1,43,0,0,0,23,21,2,2.78,0,0.913,66,FALSE,Goalie,Goalie
99,Harry Carpet,G,0,TOR,63,5,318,1,2,2,226,208,18,3.39,0,0.92,82,FALSE,Goalie,Goalie
135,Mat Smith,G,0,CHI,63,14,870,9,4,1,398,374,24,1.66,4,0.94,80,FALSE,Goalie,Goalie
232,Luca Del Vecchio,G,0,BAP,63,17,1062,10,7,0,461,424,37,2.09,2,0.92,72,FALSE,Goalie,Goalie
465,Zhen Roza,G,0,CGY,63,6,363,2,3,1,235,209,26,4.29,0,0.889,71,FALSE,Goalie,Goalie
563,Scoochie Stratton,G,0,PHI,63,6,431,2,2,2,297,280,17,2.37,1,0.943,92,FALSE,Goalie,Goalie
564,Leo Bloomfield,G,0,NEW,63,5,295,1,3,1,268,247,21,4.26,0,0.922,82,FALSE,Goalie,Goalie
565,Strom Chamberlain,G,0,TBB,63,13,808,6,5,2,492,449,43,3.19,0,0.913,78,FALSE,Goalie,Goalie
566,Thor Odinson,G,0,PHI,63,1,0,0,0,0,1,1,0,0,0,0.999,52,FALSE,Goalie,Goalie
595,Cillian Kavanagh,G,0,TEX,63,9,564,5,4,0,231,206,25,2.66,1,0.892,64,FALSE,Goalie,Goalie
596,A Jobin,G,0,HAM,63,25,1603,16,6,3,736,686,50,1.87,3,0.932,77,FALSE,Goalie,Goalie
630,Samat Beibitzhanov,G,0,ATL,63,7,399,3,4,0,228,205,23,3.46,0,0.899,68,FALSE,Goalie,Goalie
661,Cale Amundsen,G,0,SEA,63,12,736,6,4,2,381,348,33,2.69,3,0.913,70,FALSE,Goalie,Goalie
834,Elizabeth Doyle,G,0,BUF,63,12,759,7,4,1,431,399,32,2.53,1,0.926,79,FALSE,Goalie,Goalie
849,Olof Karsikko,G,0,LAP,63,22,1416,14,8,0,706,658,48,2.03,4,0.932,80,FALSE,Goalie,Goalie
1000,Edward Teach,G,0,TEX,63,2,10,0,0,0,2,1,1,5.99,0,0.5,43,FALSE,Goalie,Goalie
1268,Nicolae Antonescu,G,0,SFP,63,5,389,1,3,1,226,206,20,3.08,0,0.912,77,FALSE,Goalie,Goalie
1330,Evgeni Petrov,G,0,ATL,63,1,50,0,0,0,24,21,3,3.54,0,0.875,57,FALSE,Goalie,Goalie
1413,Jon St. Ark,G,0,NOL,63,4,237,0,4,0,162,148,14,3.53,0,0.914,78,FALSE,Goalie,Goalie
1484,Senji Seteki,G,0,EDM,63,4,242,0,3,1,203,188,15,3.72,0,0.926,83,FALSE,Goalie,Goalie
1901,Benjamin Blue-II,G,0,NEW,63,1,42,0,0,0,27,25,2,2.81,0,0.926,69,FALSE,Goalie,Goalie
2259,Monster The Doctor,G,0,LAP,63,1,5,0,0,0,3,3,0,0,0,0.999,54,FALSE,Goalie,Goalie
67,Geezus Kryyst,G,0,TBB,64,1,42,0,0,0,24,19,5,7.08,0,0.792,33,FALSE,Goalie,Goalie
99,Harry Carpet,G,0,TOR,64,5,246,1,4,0,250,229,21,5.11,0,0.916,77,FALSE,Goalie,Goalie
135,Mat Smith,G,0,CHI,64,23,1427,16,5,2,751,689,62,2.61,1,0.917,74,FALSE,Goalie,Goalie
232,Luca Del Vecchio,G,0,BAP,64,11,655,6,5,0,295,266,29,2.65,1,0.902,71,FALSE,Goalie,Goalie
563,Scoochie Stratton,G,0,PHI,64,3,173,0,3,0,132,123,9,3.11,0,0.932,87,FALSE,Goalie,Goalie
565,Strom Chamberlain,G,0,TBB,64,4,193,0,4,0,110,97,13,4.02,0,0.882,62,FALSE,Goalie,Goalie
566,Thor Odinson,G,0,PHI,64,2,64,0,1,0,53,51,2,1.85,0,0.962,73,FALSE,Goalie,Goalie
595,Cillian Kavanagh,G,0,TEX,64,13,836,7,4,2,447,408,39,2.8,0,0.913,74,FALSE,Goalie,Goalie
596,A Jobin,G,0,HAM,64,17,1032,10,5,2,639,590,49,2.85,0,0.923,81,FALSE,Goalie,Goalie
630,Samat Beibitzhanov,G,0,ATL,64,2,42,0,1,0,29,25,4,5.69,0,0.862,48,FALSE,Goalie,Goalie
741,Iorek Byrnison,G,0,NOL,64,1,0,0,0,0,0,0,0,0,0,0,50,FALSE,Goalie,Goalie
834,Elizabeth Doyle,G,0,BUF,64,11,658,7,4,0,353,320,33,3.01,1,0.907,77,FALSE,Goalie,Goalie
849,Olof Karsikko,G,0,LAP,64,12,758,6,4,2,344,319,25,1.98,0,0.927,76,FALSE,Goalie,Goalie
905,Richard Majors,G,0,MTL,64,1,7,0,0,0,1,1,0,0,0,0.999,48,FALSE,Goalie,Goalie
991,Skating Dino,G,0,BUF,64,1,8,0,0,0,3,3,0,0,0,0.999,51,FALSE,Goalie,Goalie
1097,Damien Vertigo,G,0,MTL,64,4,232,0,4,0,194,175,19,4.9,0,0.902,73,FALSE,Goalie,Goalie
1142,Vincent Mietitore,G,0,WPG,64,4,183,0,3,0,155,138,17,5.57,0,0.89,65,FALSE,Goalie,Goalie
1268,Nicolae Antonescu,G,0,SFP,64,20,1229,11,9,0,811,751,60,2.93,1,0.926,83,FALSE,Goalie,Goalie
1330,Evgeni Petrov,G,0,ATL,64,21,1244,13,7,0,851,790,61,2.94,0,0.928,82,FALSE,Goalie,Goalie
1374,Tyler Ward,G,0,EDM,64,6,376,2,3,1,265,250,15,2.39,0,0.943,91,FALSE,Goalie,Goalie
1413,Jon St. Ark,G,0,NOL,64,6,377,2,3,1,302,280,22,3.5,0,0.927,85,FALSE,Goalie,Goalie
1901,Benjamin Blue-II,G,0,WPG,64,1,56,0,1,0,50,43,7,7.39,0,0.86,50,FALSE,Goalie,Goalie
2179,Lord Skrolk,G,0,CHI,64,2,24,0,0,0,13,13,0,0,0,0.999,60,FALSE,Goalie,Goalie
2352,Yanno Rosejac,G,0,TOR,64,1,52,0,0,0,41,37,4,4.61,0,0.902,72,TRUE,Goalie,Goalie
2357,Willie Miller,G,0,SEA,64,7,419,3,4,0,202,178,24,3.43,0,0.881,61,TRUE,Goalie,Goalie
2451,Podan Podanovic,G,0,TEX,64,1,4,0,0,0,3,3,0,0,0,0.999,53,FALSE,Goalie,Goalie
36,Name Redacted,G,0,MAN,65,5,299,1,4,0,281,258,23,4.6,0,0.918,86,FALSE,Goalie,Goalie
67,Geezus Kryyst,G,0,TBB,65,1,9,0,0,0,5,5,0,0,0,0.999,55,FALSE,Goalie,Goalie
99,Harry Carpet,G,0,TOR,65,6,329,2,4,0,241,218,23,4.19,0,0.905,73,FALSE,Goalie,Goalie
135,Mat Smith,G,0,CHI,65,17,1022,10,7,0,590,547,43,2.52,2,0.927,80,FALSE,Goalie,Goalie
232,Luca Del Vecchio,G,0,BAP,65,5,297,1,4,0,179,163,16,3.23,0,0.911,77,FALSE,Goalie,Goalie
563,Scoochie Stratton,G,0,PHI,65,7,443,3,2,2,342,317,25,3.39,0,0.927,88,FALSE,Goalie,Goalie
565,Strom Chamberlain,G,0,TBB,65,24,1442,14,9,1,851,779,72,3,2,0.915,76,FALSE,Goalie,Goalie
595,Cillian Kavanagh,G,0,TEX,65,4,225,0,4,0,195,179,16,4.26,0,0.918,74,FALSE,Goalie,Goalie
596,A Jobin,G,0,HAM,65,11,663,5,4,2,444,410,34,3.08,0,0.923,83,FALSE,Goalie,Goalie
834,Elizabeth Doyle,G,0,BUF,65,18,1103,10,7,1,589,543,46,2.5,0,0.922,79,FALSE,Goalie,Goalie
849,Olof Karsikko,G,0,LAP,65,20,1198,16,4,0,603,565,38,1.9,3,0.937,82,FALSE,Goalie,Goalie
1095,Osada Tamura,G,0,SFP,65,1,7,0,0,0,7,4,3,9.99,0,0.571,28,TRUE,Goalie,Goalie
1142,Vincent Mietitore,G,0,EDM,65,1,0,0,0,0,2,2,0,0,0,0.999,54,FALSE,Goalie,Goalie
1268,Nicolae Antonescu,G,0,SFP,65,10,593,4,5,1,435,405,30,3.03,1,0.931,82,FALSE,Goalie,Goalie
1330,Evgeni Petrov,G,0,ATL,65,12,730,7,3,2,401,366,35,2.87,0,0.913,75,FALSE,Goalie,Goalie
1374,Tyler Ward,G,0,EDM,65,4,244,0,3,1,172,155,17,4.17,0,0.901,74,FALSE,Goalie,Goalie
1413,Jon St. Ark,G,0,NOL,65,7,438,3,3,1,303,283,20,2.73,0,0.934,85,FALSE,Goalie,Goalie
2279,IStawp Puques,G,0,TOR,65,1,31,0,0,0,11,9,2,3.8,0,0.818,41,FALSE,Goalie,Goalie
2357,Willie Miller,G,0,SEA,65,6,357,2,4,0,241,219,22,3.69,0,0.909,77,FALSE,Goalie,Goalie
2451,Podan Podanovic,G,0,TEX,65,2,12,0,0,0,16,16,0,0,0,0.999,60,TRUE,Goalie,Goalie
2575,Rebecca Montagne,G,0,WPG,65,14,858,7,6,1,520,486,34,2.38,1,0.935,82,TRUE,Goalie,Goalie
36,Name Redacted,G,0,MAN,66,4,186,0,4,0,130,111,19,6.13,0,0.854,56,FALSE,Goalie,Goalie
99,Harry Carpet,G,0,TOR,66,10,629,4,5,1,357,322,35,3.34,0,0.902,75,FALSE,Goalie,Goalie
135,Mat Smith,G,0,CHI,66,14,838,10,4,0,396,360,36,2.58,0,0.909,73,FALSE,Goalie,Goalie
198,Meeka Keprosoft,G,0,HAM,66,3,178,0,3,0,159,142,17,5.71,0,0.893,79,TRUE,Goalie,Goalie
432,Mertin Brodeur,G,0,MAN,66,1,52,0,0,0,37,34,3,3.43,0,0.919,81,FALSE,Goalie,Goalie
465,Zhen Roza,G,0,CGY,66,5,311,1,3,1,203,185,18,3.47,0,0.911,81,FALSE,Goalie,Goalie
563,Scoochie Stratton,G,0,PHI,66,7,421,3,3,1,248,224,24,3.41,0,0.903,77,FALSE,Goalie,Goalie
565,Strom Chamberlain,G,0,TBB,66,10,605,6,3,1,355,320,35,3.47,0,0.901,77,FALSE,Goalie,Goalie
566,Thor Odinson,G,0,SEA,66,1,46,0,0,0,24,19,5,6.46,0,0.792,37,FALSE,Goalie,Goalie
595,Cillian Kavanagh,G,0,TEX,66,4,198,0,4,0,137,115,22,6.67,0,0.839,53,FALSE,Goalie,Goalie
741,Iorek Byrnison,G,0,NOL,66,1,60,0,1,0,29,22,7,7,0,0.759,25,FALSE,Goalie,Goalie
764,Brick Wall,G,0,MTL,66,6,389,2,3,1,206,188,18,2.77,0,0.913,78,FALSE,Goalie,Goalie
834,Elizabeth Doyle,G,0,BUF,66,16,977,9,6,1,507,463,44,2.7,1,0.913,76,FALSE,Goalie,Goalie
849,Olof Karsikko,G,0,LAP,66,9,547,4,5,0,235,212,23,2.52,0,0.902,68,FALSE,Goalie,Goalie
1268,Nicolae Antonescu,G,0,SFP,66,6,407,2,3,1,184,168,16,2.36,1,0.913,75,FALSE,Goalie,Goalie
1330,Evgeni Petrov,G,0,ATL,66,21,1239,16,5,0,533,474,59,2.86,2,0.889,66,FALSE,Goalie,Goalie
1413,Jon St. Ark,G,0,NOL,66,8,478,4,4,0,248,227,21,2.63,0,0.915,79,FALSE,Goalie,Goalie
1823,Walrus Walrus,G,0,HAM,66,1,58,0,1,0,40,36,4,4.07,0,0.9,77,TRUE,Goalie,Goalie
2249,Tim Allen Jr,G,0,TEX,66,2,41,0,0,0,22,16,6,8.75,0,0.727,36,TRUE,Goalie,Goalie
2357,Willie Miller,G,0,SEA,66,22,1317,14,8,0,705,651,54,2.46,1,0.923,81,FALSE,Goalie,Goalie
2514,Recently Tired,G,0,ATL,66,2,41,0,0,0,13,11,2,2.92,0,0.846,48,FALSE,Goalie,Goalie
2571,Jonas Johansson,G,0,WPG,66,1,5,0,0,0,4,4,0,0,0,0.999,55,FALSE,Goalie,Goalie
2575,Rebecca Montagne,G,0,WPG,66,5,293,1,4,0,132,112,20,4.09,0,0.848,54,FALSE,Goalie,Goalie
36,Name Redacted,G,0,MAN,67,27,1518,15,9,2,937,863,74,2.92,3,0.921,81,FALSE,Goalie,Goalie
67,Geezus Kryyst,G,0,TBB,67,1,23,0,0,0,20,17,3,7.51,0,0.85,52,FALSE,Goalie,Goalie
99,Harry Carpet,G,0,TOR,67,11,659,6,5,0,351,309,42,3.82,0,0.88,66,FALSE,Goalie,Goalie
135,Mat Smith,G,0,CHI,67,7,430,3,3,1,204,184,20,2.79,1,0.902,72,FALSE,Goalie,Goalie
465,Zhen Roza,G,0,TBB,67,5,275,1,4,0,227,200,27,5.89,0,0.881,70,FALSE,Goalie,Goalie
563,Scoochie Stratton,G,0,PHI,67,4,186,0,3,0,93,79,14,4.5,0,0.849,52,FALSE,Goalie,Goalie
565,Strom Chamberlain,G,0,CGY,67,12,719,6,6,0,406,359,47,3.92,0,0.884,68,FALSE,Goalie,Goalie
566,Thor Odinson,G,0,SEA,67,1,56,1,0,0,21,19,2,2.12,0,0.905,68,FALSE,Goalie,Goalie
764,Brick Wall,G,0,MTL,67,16,953,10,5,1,589,542,47,2.96,1,0.92,81,FALSE,Goalie,Goalie
849,Olof Karsikko,G,0,LAP,67,6,358,2,4,0,175,150,25,4.18,1,0.857,58,FALSE,Goalie,Goalie
991,Skating Dino,G,0,BUF,67,1,50,0,0,0,23,20,3,3.54,0,0.87,58,FALSE,Goalie,Goalie
1095,Osada Tamura,G,0,SFP,67,2,37,0,0,0,21,19,2,3.17,0,0.905,56,FALSE,Goalie,Goalie
1097,Damien Vertigo,G,0,MTL,67,1,7,0,0,0,3,3,0,0,0,0.999,53,FALSE,Goalie,Goalie
1268,Nicolae Antonescu,G,0,SFP,67,4,200,0,4,0,109,90,19,5.68,0,0.826,48,FALSE,Goalie,Goalie
1306,Evert Jansson,G,0,NEW,67,4,289,0,3,1,173,153,20,4.14,0,0.884,60,FALSE,Goalie,Goalie
1330,Evgeni Petrov,G,0,ATL,67,11,710,7,3,1,321,286,35,2.95,0,0.891,69,FALSE,Goalie,Goalie
1413,Jon St. Ark,G,0,NOL,67,11,667,4,6,1,373,341,32,2.88,2,0.914,78,FALSE,Goalie,Goalie
2259,Monster The Doctor,G,0,WPG,67,1,6,0,0,0,6,5,1,9.34,0,0.833,47,FALSE,Goalie,Goalie
2357,Willie Miller,G,0,SEA,67,23,1319,15,7,0,614,560,54,2.46,1,0.912,72,FALSE,Goalie,Goalie
2575,Rebecca Montagne,G,0,WPG,67,15,895,10,4,1,407,367,40,2.68,4,0.902,73,FALSE,Goalie,Goalie
2789,Casey Fantobens,G,0,BUF,67,4,188,0,4,0,98,81,17,5.42,0,0.827,48,TRUE,Goalie,Goalie
2828,Justin Time,G,0,EDM,67,5,246,1,4,0,169,148,21,5.11,0,0.876,65,TRUE,Goalie,Goalie
2862,Tim Thomas,G,0,EDM,67,1,50,0,0,0,33,27,6,7.07,0,0.818,46,FALSE,Goalie,Goalie
2900,Adam Rage,G,0,MAN,67,1,47,0,1,0,26,23,3,3.78,0,0.885,62,TRUE,Goalie,Goalie
2904,Inda Bagg,G,0,MAN,67,1,49,0,0,0,36,31,5,6.08,0,0.861,61,FALSE,Goalie,Goalie
2921,BASE PACK,G,0,PHI,67,4,230,3,1,0,129,112,17,4.42,0,0.868,62,TRUE,Goalie,Goalie
99,Harry Carpet,G,0,TOR,68,6,248,2,3,0,172,150,22,5.32,0,0.872,62,FALSE,Goalie,Goalie
135,Mat Smith,G,0,CHI,68,15,930,9,5,1,490,436,54,3.48,1,0.89,70,FALSE,Goalie,Goalie
300,Rusty Remao,G,0,BAP,68,3,74,0,0,0,46,40,6,4.81,0,0.87,54,FALSE,Goalie,Goalie
565,Strom Chamberlain,G,0,CGY,68,10,599,5,5,0,318,288,30,3,0,0.906,75,FALSE,Goalie,Goalie
595,Cillian Kavanagh,G,0,TEX,68,5,271,1,3,1,206,185,21,4.64,0,0.898,73,FALSE,Goalie,Goalie
741,Iorek Byrnison,G,0,NOL,68,1,7,0,0,0,8,8,0,0,0,0.999,63,FALSE,Goalie,Goalie
764,Brick Wall,G,0,MTL,68,6,393,2,3,1,236,209,27,4.12,0,0.886,67,FALSE,Goalie,Goalie
849,Olof Karsikko,G,0,NEW,68,5,298,1,4,0,206,189,17,3.42,0,0.917,85,FALSE,Goalie,Goalie
992,Sir Devoir,G,0,BAP,68,5,225,1,4,0,160,136,24,6.39,0,0.85,54,FALSE,Goalie,Goalie
1306,Evert Jansson,G,0,LAP,68,1,15,0,0,0,8,6,2,7.77,0,0.75,40,FALSE,Goalie,Goalie
1330,Evgeni Petrov,G,0,ATL,68,12,717,7,4,1,316,281,35,2.92,0,0.889,65,FALSE,Goalie,Goalie
1413,Jon St. Ark,G,0,NOL,68,5,290,1,4,0,183,163,20,4.13,1,0.891,72,FALSE,Goalie,Goalie
2179,Lord Skrolk,G,0,CHI,68,1,17,0,0,0,8,8,0,0,0,0.999,62,FALSE,Goalie,Goalie
2312,Toms Zile,G,0,TOR,68,8,409,4,2,0,271,247,24,3.51,1,0.911,76,FALSE,Goalie,Goalie
2357,Willie Miller,G,0,SEA,68,21,1349,16,4,1,523,483,40,1.78,4,0.924,75,FALSE,Goalie,Goalie
2443,Hank Stopper,G,0,CGY,68,1,83,0,0,1,51,49,2,1.44,0,0.961,93,FALSE,Goalie,Goalie
2522,Dominik Tretyak,G,0,BUF,68,1,21,0,0,0,8,7,1,2.76,0,0.875,53,FALSE,Goalie,Goalie
2571,Jonas Johansson,G,0,LAP,68,4,222,0,4,0,140,120,20,5.39,0,0.857,59,FALSE,Goalie,Goalie
2575,Rebecca Montagne,G,0,WPG,68,10,569,5,4,1,290,259,31,3.27,1,0.893,68,FALSE,Goalie,Goalie
2752,Shiny Shuckle,G,0,WPG,68,2,64,0,0,0,29,25,4,3.7,0,0.862,53,FALSE,Goalie,Goalie
2789,Casey Fantobens,G,0,BUF,68,17,1031,9,7,1,597,526,71,4.13,0,0.881,69,FALSE,Goalie,Goalie
2828,Justin Time,G,0,EDM,68,6,356,2,4,0,185,172,13,2.19,0,0.93,82,FALSE,Goalie,Goalie
2900,Adam Rage,G,0,MAN,68,21,1214,12,8,0,698,626,72,3.56,0,0.897,70,FALSE,Goalie,Goalie
2904,Inda Bagg,G,0,MAN,68,6,384,3,1,0,192,181,11,1.72,1,0.943,81,TRUE,Goalie,Goalie
2921,BASE PACK,G,0,PHI,68,5,424,1,1,3,227,210,17,2.4,0,0.925,82,FALSE,Goalie,Goalie
2954,Nina Tucker,G,0,TEX,68,1,51,0,0,0,26,23,3,3.48,0,0.885,66,TRUE,Goalie,Goalie
135,Mat Smith,G,0,CHI,69,7,421,3,4,0,196,172,24,3.42,0,0.878,62,FALSE,Goalie,Goalie
465,Zhen Roza,G,0,TBB,69,2,40,0,0,0,24,20,4,5.93,0,0.833,48,FALSE,Goalie,Goalie
565,Strom Chamberlain,G,0,CGY,69,3,179,0,3,0,98,87,11,3.67,0,0.888,68,FALSE,Goalie,Goalie
741,Iorek Byrnison,G,0,NOL,69,1,45,0,1,0,28,27,1,1.32,0,0.964,91,FALSE,Goalie,Goalie
764,Brick Wall,G,0,MTL,69,10,571,6,4,0,305,278,27,2.83,0,0.911,74,FALSE,Goalie,Goalie
849,Olof Karsikko,G,0,NEW,69,14,841,8,5,1,492,444,48,3.42,0,0.902,76,FALSE,Goalie,Goalie
1052,B Jobin,G,0,HAM,69,4,143,0,4,0,114,97,17,7.11,0,0.851,51,FALSE,Goalie,Goalie
1330,Evgeni Petrov,G,0,ATL,69,14,838,7,7,0,400,350,50,3.58,1,0.875,63,FALSE,Goalie,Goalie
1413,Jon St. Ark,G,0,NOL,69,14,801,7,4,2,430,383,47,3.52,0,0.891,69,FALSE,Goalie,Goalie
1912,Enes Gundogan,G,0,MIN,69,5,299,1,4,0,211,188,23,4.6,1,0.891,72,FALSE,Goalie,Goalie
2345,Hugh Jass,G,0,HAM,69,2,96,0,0,0,59,48,11,6.87,0,0.814,43,FALSE,Goalie,Goalie
2357,Willie Miller,G,0,SEA,69,16,1019,11,4,1,424,381,43,2.53,0,0.899,67,FALSE,Goalie,Goalie
2443,Hank Stopper,G,0,CGY,69,1,60,0,1,0,30,26,4,4,0,0.867,60,FALSE,Goalie,Goalie
2522,Dominik Tretyak,G,0,BUF,69,2,44,0,1,0,30,24,6,8.02,0,0.8,44,FALSE,Goalie,Goalie
2575,Rebecca Montagne,G,0,WPG,69,24,1512,13,7,4,586,516,70,2.78,2,0.881,63,FALSE,Goalie,Goalie
2595,Anthony Dionne,G,0,TEX,69,4,240,0,4,0,173,154,19,4.75,0,0.89,75,TRUE,Goalie,Goalie
2752,Shiny Shuckle,G,0,WPG,69,1,11,0,0,0,5,4,1,5.33,0,0.8,47,FALSE,Goalie,Goalie
2789,Casey Fantobens,G,0,BUF,69,4,195,0,3,0,124,102,22,6.77,0,0.823,47,FALSE,Goalie,Goalie
2828,Justin Time,G,0,EDM,69,9,539,5,4,0,270,242,28,3.12,2,0.896,72,FALSE,Goalie,Goalie
2860,Valerian Sauveterre,G,0,MTL,69,2,24,0,0,0,11,10,1,2.45,0,0.909,53,FALSE,Goalie,Goalie
2900,Adam Rage,G,0,MAN,69,5,247,1,4,0,187,161,26,6.3,0,0.861,62,FALSE,Goalie,Goalie
2904,Inda Bagg,G,0,MAN,69,2,52,0,0,0,27,24,3,3.45,0,0.889,57,FALSE,Goalie,Goalie
2921,BASE PACK,G,0,PHI,69,21,1280,16,5,0,678,617,61,2.86,0,0.91,76,FALSE,Goalie,Goalie
3203,Sjoforsvaret,G,0,TBB,69,7,380,3,3,1,308,277,31,4.89,0,0.899,76,TRUE,Goalie,Goalie
135,Mat Smith,G,0,CHI,70,13,679,6,6,1,353,316,37,3.27,0,0.895,65,FALSE,Goalie,Goalie
300,Rusty Remao,G,0,BAP,70,1,23,0,0,0,14,13,1,2.54,0,0.929,63,FALSE,Goalie,Goalie
465,Zhen Roza,G,0,HAM,70,1,41,0,0,0,18,15,3,4.31,0,0.833,49,FALSE,Goalie,Goalie
565,Strom Chamberlain,G,0,CGY,70,9,542,4,5,0,311,290,21,2.32,0,0.932,83,FALSE,Goalie,Goalie
566,Thor Odinson,G,0,SEA,70,1,8,0,0,0,7,7,0,0,0,0.999,60,FALSE,Goalie,Goalie
595,Cillian Kavanagh,G,0,TEX,70,1,41,0,0,0,25,24,1,1.44,0,0.96,83,FALSE,Goalie,Goalie
764,Brick Wall,G,0,MTL,70,13,802,7,4,2,429,388,41,3.07,0,0.904,76,FALSE,Goalie,Goalie
849,Olof Karsikko,G,0,NEW,70,28,1731,16,10,2,1089,997,92,3.19,2,0.916,83,FALSE,Goalie,Goalie
992,Sir Devoir,G,0,BAP,70,7,395,3,4,0,264,241,23,3.49,1,0.913,77,FALSE,Goalie,Goalie
1052,B Jobin,G,0,HAM,70,6,316,2,4,0,188,164,24,4.54,0,0.872,62,FALSE,Goalie,Goalie
1413,Jon St. Ark,G,0,NOL,70,7,418,3,4,0,222,201,21,3.01,0,0.905,74,FALSE,Goalie,Goalie
1912,Enes Gundogan,G,0,MIN,70,4,232,0,4,0,220,191,29,7.48,0,0.868,68,FALSE,Goalie,Goalie
2179,Lord Skrolk,G,0,CHI,70,2,102,0,0,0,56,52,4,2.35,0,0.929,78,FALSE,Goalie,Goalie
2189,Joshua CorcoranTwitch,G,0,MIN,70,1,6,0,0,0,8,8,0,0,0,0.999,62,FALSE,Goalie,Goalie
2357,Willie Miller,G,0,SEA,70,13,790,9,4,0,379,339,40,3.03,0,0.894,69,FALSE,Goalie,Goalie
2443,Hank Stopper,G,0,CGY,70,1,5,0,0,0,3,1,2,9.99,0,0.333,33,FALSE,Goalie,Goalie
2514,Recently Tired,G,0,ATL,70,1,4,0,0,0,5,4,1,9.99,0,0.8,46,FALSE,Goalie,Goalie
2575,Rebecca Montagne,G,0,WPG,70,22,1328,15,6,1,653,583,70,3.16,2,0.893,71,FALSE,Goalie,Goalie
2595,Anthony Dionne,G,0,TEX,70,4,219,0,3,1,133,116,17,4.65,0,0.872,61,FALSE,Goalie,Goalie
2789,Casey Fantobens,G,0,BUF,70,7,398,3,4,0,236,205,31,4.67,0,0.869,63,FALSE,Goalie,Goalie
2828,Justin Time,G,0,EDM,70,5,306,1,3,1,145,134,11,2.15,1,0.924,80,FALSE,Goalie,Goalie
2900,Adam Rage,G,0,MAN,70,4,212,0,4,0,195,168,27,7.63,0,0.862,65,FALSE,Goalie,Goalie
2904,Inda Bagg,G,0,MAN,70,2,27,0,0,0,21,18,3,6.48,0,0.857,52,FALSE,Goalie,Goalie
2921,BASE PACK,G,0,PHI,70,18,1111,11,3,4,628,573,55,2.97,0,0.912,79,FALSE,Goalie,Goalie
2954,Nina Tucker,G,0,BUF,70,1,20,0,0,0,8,7,1,2.91,0,0.875,53,FALSE,Goalie,Goalie
3273,Alexis Texas,G,0,ATL,70,14,840,7,7,0,407,366,41,2.93,1,0.899,70,TRUE,Goalie,Goalie
135,Mat Smith,G,0,CHI,71,12,773,7,5,0,415,377,38,2.95,1,0.908,78,FALSE,Goalie,Goalie
300,Rusty Remao,G,0,BAP,71,1,6,0,0,0,8,7,1,9.86,0,0.875,51,FALSE,Goalie,Goalie
465,Zhen Roza,G,0,HAM,71,1,18,0,0,0,21,16,5,9.99,0,0.762,31,FALSE,Goalie,Goalie
565,Strom Chamberlain,G,0,WPG,71,4,102,1,1,0,54,48,6,3.52,0,0.889,57,FALSE,Goalie,Goalie
566,Thor Odinson,G,0,SEA,71,1,28,0,0,0,14,14,0,0,0,0.999,73,FALSE,Goalie,Goalie
741,Iorek Byrnison,G,0,NOL,71,2,76,0,0,0,41,38,3,2.37,0,0.927,69,FALSE,Goalie,Goalie
764,Brick Wall,G,0,MTL,71,3,179,0,3,0,113,100,13,4.34,0,0.885,71,FALSE,Goalie,Goalie
849,Olof Karsikko,G,0,NEW,71,9,537,4,5,0,277,252,25,2.79,0,0.91,77,FALSE,Goalie,Goalie
992,Sir Devoir,G,0,BAP,71,5,300,1,4,0,213,191,22,4.39,0,0.897,80,FALSE,Goalie,Goalie
1052,B Jobin,G,0,HAM,71,5,307,1,2,2,239,214,25,4.89,0,0.895,76,FALSE,Goalie,Goalie
1306,Evert Jansson,G,0,ATL,71,11,620,6,4,1,298,267,31,3,2,0.896,70,FALSE,Goalie,Goalie
1413,Jon St. Ark,G,0,NOL,71,5,229,1,3,1,124,109,15,3.92,0,0.879,60,FALSE,Goalie,Goalie
2357,Willie Miller,G,0,SEA,71,7,389,3,3,1,229,209,20,3.08,0,0.913,75,FALSE,Goalie,Goalie
2575,Rebecca Montagne,G,0,WPG,71,21,1275,13,5,2,651,583,68,3.2,0,0.896,69,FALSE,Goalie,Goalie
2595,Anthony Dionne,G,0,TEX,71,4,221,0,4,0,160,136,24,6.49,0,0.85,58,FALSE,Goalie,Goalie
2789,Casey Fantobens,G,0,BUF,71,21,1275,16,4,1,768,706,62,2.92,0,0.919,83,FALSE,Goalie,Goalie
2828,Justin Time,G,0,EDM,71,14,822,9,4,1,463,416,47,3.43,1,0.898,73,FALSE,Goalie,Goalie
2860,Valerian Sauveterre,G,0,MTL,71,1,59,0,1,0,34,31,3,3.04,0,0.912,79,FALSE,Goalie,Goalie
2921,BASE PACK,G,0,PHI,71,18,1115,11,5,2,623,562,61,3.28,2,0.902,75,FALSE,Goalie,Goalie
3136,Isabella Bouchard,G,0,EDM,71,1,23,0,0,0,18,16,2,5.04,0,0.889,60,FALSE,Goalie,Goalie
3273,Alexis Texas,G,0,ATL,71,3,46,0,0,0,21,18,3,3.87,0,0.857,50,FALSE,Goalie,Goalie
3288,August Von Hecht,G,0,TBB,71,5,299,1,4,0,218,196,22,4.41,1,0.899,74,FALSE,Goalie,Goalie
3428,Otter Von Bismarck,G,0,SFP,71,2,20,0,0,0,7,5,2,5.87,0,0.714,43,TRUE,Goalie,Goalie
3514,Walter Sobchak,G,0,SFP,71,4,218,0,4,0,149,128,21,5.76,0,0.859,59,TRUE,Goalie,Goalie
3547,Grzegorz Brzeczyszczykiewicz,G,0,LAP,71,12,720,5,6,1,421,375,46,3.83,0,0.891,72,TRUE,Goalie,Goalie
3562,Sea Jebus,G,0,TEX,71,1,17,0,0,0,9,8,1,3.43,0,0.889,53,TRUE,Goalie,Goalie
135,Mat Smith,G,0,CHI,72,12,710,5,6,1,445,399,46,3.88,1,0.897,75,FALSE,Goalie,Goalie
300,Rusty Remao,G,0,TBB,72,4,194,0,3,1,188,166,22,6.77,0,0.883,70,FALSE,Goalie,Goalie
465,Zhen Roza,G,0,HAM,72,2,38,0,0,0,32,28,4,6.2,0,0.875,55,FALSE,Goalie,Goalie
563,Scoochie Stratton,G,0,PHI,72,1,49,0,0,0,26,23,3,3.64,0,0.885,62,FALSE,Goalie,Goalie
565,Strom Chamberlain,G,0,WPG,72,3,43,1,0,0,24,21,3,4.17,0,0.875,53,FALSE,Goalie,Goalie
566,Thor Odinson,G,0,SEA,72,1,6,0,0,0,7,6,1,9.23,0,0.857,49,FALSE,Goalie,Goalie
764,Brick Wall,G,0,MTL,72,10,623,5,5,0,373,343,30,2.89,0,0.92,79,FALSE,Goalie,Goalie
849,Olof Karsikko,G,0,NEW,72,21,1276,13,7,1,801,728,73,3.43,1,0.909,80,FALSE,Goalie,Goalie
992,Sir Devoir,G,0,BAP,72,4,200,0,3,1,146,127,19,5.69,0,0.87,63,FALSE,Goalie,Goalie
1052,B Jobin,G,0,HAM,72,5,261,1,4,0,189,163,26,5.98,0,0.862,58,FALSE,Goalie,Goalie
1306,Evert Jansson,G,0,ATL,72,9,495,5,4,0,298,263,35,4.24,1,0.883,69,FALSE,Goalie,Goalie
1413,Jon St. Ark,G,0,NOL,72,4,243,0,3,1,180,164,16,3.95,0,0.911,83,FALSE,Goalie,Goalie
2312,Toms Zile,G,0,BAP,72,1,44,0,0,0,30,27,3,4.07,0,0.9,71,FALSE,Goalie,Goalie
2357,Willie Miller,G,0,SEA,72,5,293,1,3,1,200,170,30,6.12,0,0.85,58,FALSE,Goalie,Goalie
2575,Rebecca Montagne,G,0,WPG,72,19,1103,15,3,0,536,480,56,3.04,2,0.896,70,FALSE,Goalie,Goalie
2595,Anthony Dionne,G,0,TEX,72,7,380,3,3,0,214,190,24,3.78,0,0.888,68,FALSE,Goalie,Goalie
2789,Casey Fantobens,G,0,BUF,72,5,323,1,2,2,194,180,14,2.6,1,0.928,82,FALSE,Goalie,Goalie
2828,Justin Time,G,0,EDM,72,15,839,9,5,1,488,437,51,3.64,1,0.895,71,FALSE,Goalie,Goalie
2921,BASE PACK,G,0,PHI,72,17,977,11,5,1,484,426,58,3.56,0,0.88,65,FALSE,Goalie,Goalie
3136,Isabella Bouchard,G,0,EDM,72,2,61,0,0,0,33,32,1,0.97,0,0.97,73,FALSE,Goalie,Goalie
3203,Sjoforsvaret,G,0,TBB,72,2,54,0,0,0,51,43,8,8.84,0,0.843,51,FALSE,Goalie,Goalie
3428,Otter Von Bismarck,G,0,SFP,72,1,5,0,0,0,3,3,0,0,0,0.999,53,FALSE,Goalie,Goalie
3514,Walter Sobchak,G,0,SFP,72,6,356,2,3,1,271,252,19,3.2,1,0.93,86,FALSE,Goalie,Goalie
3538,Tummy Hurts,G,0,CHI,72,1,7,0,0,0,8,7,1,7.62,0,0.875,51,FALSE,Goalie,Goalie
3547,Grzegorz Brzeczyszczykiewicz,G,0,LAP,72,11,569,5,6,0,312,278,34,3.58,1,0.891,67,FALSE,Goalie,Goalie
3562,Sea Jebus,G,0,TEX,72,1,38,0,1,0,24,18,6,9.43,0,0.75,29,FALSE,Goalie,Goalie
3615,Jackson Cannon,G,0,ATL,72,2,51,0,0,0,37,31,6,7.05,0,0.838,50,TRUE,Goalie,Goalie
3635,Luka Nogoalov,G,0,LAP,72,2,93,0,0,0,40,33,7,4.5,0,0.825,49,TRUE,Goalie,Goalie
135,Mat Smith,G,0,CHI,73,11,610,6,4,0,377,338,39,3.83,0,0.897,71,FALSE,Goalie,Goalie
465,Zhen Roza,G,0,LAP,73,2,96,0,0,0,68,62,6,3.75,0,0.912,78,FALSE,Goalie,Goalie
563,Scoochie Stratton,G,0,PHI,73,2,103,0,1,0,51,43,8,4.65,0,0.843,51,FALSE,Goalie,Goalie
764,Brick Wall,G,0,ATL,73,11,656,4,6,1,367,325,42,3.84,0,0.886,68,FALSE,Goalie,Goalie
849,Olof Karsikko,G,0,NEW,73,17,1025,10,7,0,570,521,49,2.87,1,0.914,77,FALSE,Goalie,Goalie
992,Sir Devoir,G,0,BAP,73,7,443,3,2,2,308,283,25,3.39,0,0.919,88,FALSE,Goalie,Goalie
1052,B Jobin,G,0,HAM,73,3,103,0,1,1,73,65,8,4.63,0,0.89,66,FALSE,Goalie,Goalie
1413,Jon St. Ark,G,0,NOL,73,6,405,2,4,0,258,236,22,3.26,0,0.915,83,FALSE,Goalie,Goalie
1912,Enes Gundogan,G,0,MIN,73,5,249,1,4,0,196,172,24,5.77,0,0.878,65,FALSE,Goalie,Goalie
2117,Bandit Heeler,G,0,WPG,73,2,66,0,1,0,41,38,3,2.72,0,0.927,70,FALSE,Goalie,Goalie
2575,Rebecca Montagne,G,0,WPG,73,17,972,9,6,1,575,513,62,3.83,0,0.892,71,FALSE,Goalie,Goalie
2595,Anthony Dionne,G,0,TEX,73,4,203,0,3,1,107,95,12,3.54,0,0.888,62,FALSE,Goalie,Goalie
2789,Casey Fantobens,G,0,BUF,73,6,369,2,3,1,251,227,24,3.9,0,0.904,80,FALSE,Goalie,Goalie
2828,Justin Time,G,0,EDM,73,22,1361,16,5,1,705,640,65,2.86,1,0.908,76,FALSE,Goalie,Goalie
2921,BASE PACK,G,0,PHI,73,21,1226,15,5,1,711,644,67,3.28,2,0.906,75,FALSE,Goalie,Goalie
3136,Isabella Bouchard,G,0,EDM,73,1,16,0,0,0,6,6,0,0,0,0.999,58,FALSE,Goalie,Goalie
3203,Sjoforsvaret,G,0,TBB,73,2,72,0,0,0,54,51,3,2.48,0,0.944,82,FALSE,Goalie,Goalie
3273,Alexis Texas,G,0,ATL,73,1,25,0,0,0,10,10,0,0,0,0.999,65,FALSE,Goalie,Goalie
3514,Walter Sobchak,G,0,SFP,73,4,240,0,3,1,158,133,25,6.24,0,0.842,50,FALSE,Goalie,Goalie
3516,Jeff Newman,G,0,MIN,73,2,71,0,0,0,56,52,4,3.35,0,0.929,76,FALSE,Goalie,Goalie
3538,Tummy Hurts,G,0,CHI,73,3,68,1,0,0,60,51,9,7.88,0,0.85,52,FALSE,Goalie,Goalie
3547,Grzegorz Brzeczyszczykiewicz,G,0,LAP,73,8,410,4,3,1,214,189,25,3.65,1,0.883,65,FALSE,Goalie,Goalie
3562,Sea Jebus,G,0,TEX,73,1,55,0,0,0,29,25,4,4.36,0,0.862,61,FALSE,Goalie,Goalie
3588,George Walsh,G,0,TOR,73,2,35,0,0,0,30,26,4,6.83,0,0.867,54,FALSE,Goalie,Goalie
3635,Luka Nogoalov,G,0,HAM,73,12,625,6,4,0,423,380,43,4.12,0,0.898,73,FALSE,Goalie,Goalie
3746,Tibuk Soonika,G,0,TBB,73,5,227,1,4,0,188,161,27,7.12,0,0.856,56,TRUE,Goalie,Goalie
3829,Kay Lee,G,0,SFP,73,2,21,0,0,0,11,9,2,5.55,0,0.818,48,TRUE,Goalie,Goalie
3843,"Rhett ""Shaggy"" Carpet",G,0,TOR,73,5,272,1,3,1,261,231,30,6.6,0,0.885,70,TRUE,Goalie,Goalie
135,Mat Smith,G,0,CHI,74,5,301,1,3,1,191,173,18,3.58,0,0.906,76,FALSE,Goalie,Goalie
563,Scoochie Stratton,G,0,PHI,74,1,44,0,0,0,32,28,4,5.43,0,0.875,65,FALSE,Goalie,Goalie
741,Iorek Byrnison,G,0,TOR,74,3,176,0,1,1,124,111,13,4.43,0,0.895,77,FALSE,Goalie,Goalie
849,Olof Karsikko,G,0,NEW,74,24,1402,16,6,2,830,758,72,3.08,1,0.913,80,FALSE,Goalie,Goalie
992,Sir Devoir,G,0,BAP,74,12,702,6,5,1,452,410,42,3.59,1,0.907,76,FALSE,Goalie,Goalie
1413,Jon St. Ark,G,0,NOL,74,7,435,3,3,1,273,246,27,3.72,0,0.901,79,FALSE,Goalie,Goalie
2312,Toms Zile,G,0,BAP,74,2,37,0,0,0,27,24,3,4.75,0,0.889,56,FALSE,Goalie,Goalie
2575,Rebecca Montagne,G,0,WPG,74,22,1301,13,8,0,609,546,63,2.9,2,0.897,68,FALSE,Goalie,Goalie
2595,Anthony Dionne,G,0,TEX,74,13,803,6,5,2,412,366,46,3.44,1,0.888,68,FALSE,Goalie,Goalie
2789,Casey Fantobens,G,0,BUF,74,9,544,5,4,0,295,266,29,3.2,1,0.902,75,FALSE,Goalie,Goalie
2828,Justin Time,G,0,EDM,74,10,613,6,2,2,298,266,32,3.13,0,0.893,69,FALSE,Goalie,Goalie
2921,BASE PACK,G,0,PHI,74,18,1048,10,7,1,551,486,65,3.72,1,0.882,65,FALSE,Goalie,Goalie
3203,Sjoforsvaret,G,0,TBB,74,1,16,0,0,0,11,10,1,3.62,0,0.909,56,FALSE,Goalie,Goalie
3273,Alexis Texas,G,0,ATL,74,1,40,0,0,0,21,16,5,7.49,0,0.762,33,FALSE,Goalie,Goalie
3514,Walter Sobchak,G,0,SFP,74,17,1007,9,7,1,604,547,57,3.39,0,0.906,76,FALSE,Goalie,Goalie
3516,Jeff Newman,G,0,MIN,74,4,240,0,3,1,185,168,17,4.25,0,0.908,85,FALSE,Goalie,Goalie
3538,Tummy Hurts,G,0,CHI,74,1,10,0,0,0,7,7,0,0,0,0.999,60,FALSE,Goalie,Goalie
3547,Grzegorz Brzeczyszczykiewicz,G,0,LAP,74,6,357,2,4,0,183,160,23,3.86,0,0.874,63,FALSE,Goalie,Goalie
3588,George Walsh,G,0,TOR,74,2,67,0,2,0,66,59,7,6.18,0,0.894,67,FALSE,Goalie,Goalie
3635,Luka Nogoalov,G,0,HAM,74,7,426,3,4,0,281,253,28,3.94,0,0.9,77,FALSE,Goalie,Goalie
3746,Tibuk Soonika,G,0,TBB,74,6,343,2,4,0,249,226,23,4.02,0,0.908,77,FALSE,Goalie,Goalie
3829,Kay Lee,G,0,SFP,74,1,26,0,0,0,12,10,2,4.51,0,0.833,47,FALSE,Goalie,Goalie
3843,"Rhett ""Shaggy"" Carpet",G,0,WPG,74,3,41,1,0,0,20,19,1,1.43,0,0.95,56,FALSE,Goalie,Goalie
3900,Ally Mathieson,G,0,ATL,74,6,327,2,3,1,233,212,21,3.85,0,0.91,77,TRUE,Goalie,Goalie
4024,Scary Jerry,G,0,NEW,74,1,49,0,0,0,36,32,4,4.84,0,0.889,71,TRUE,Goalie,Goalie
135,Mat Smith,G,0,CHI,75,1,44,0,0,0,35,33,2,2.7,0,0.943,89,FALSE,Goalie,Goalie
465,Zhen Roza,G,0,BUF,75,2,65,1,1,0,37,33,4,3.65,0,0.892,62,FALSE,Goalie,Goalie
849,Olof Karsikko,G,0,NEW,75,23,1390,12,11,0,927,838,89,3.84,1,0.904,78,FALSE,Goalie,Goalie
992,Sir Devoir,G,0,BAP,75,11,577,5,5,0,327,298,29,3.01,1,0.911,72,FALSE,Goalie,Goalie
1052,B Jobin,G,0,HAM,75,2,78,1,0,0,52,47,5,3.84,0,0.904,68,FALSE,Goalie,Goalie
1912,Enes Gundogan,G,0,MIN,75,2,54,0,0,0,32,30,2,2.18,0,0.938,66,FALSE,Goalie,Goalie
2117,Bandit Heeler,G,0,LAP,75,2,77,1,0,0,34,33,1,0.78,1,0.971,80,FALSE,Goalie,Goalie
2312,Toms Zile,G,0,TOR,75,4,137,0,4,0,134,113,21,9.19,0,0.843,51,FALSE,Goalie,Goalie
2575,Rebecca Montagne,G,0,WPG,75,6,369,2,3,1,191,171,20,3.24,0,0.895,71,FALSE,Goalie,Goalie
2595,Anthony Dionne,G,0,TEX,75,14,863,9,4,1,451,419,32,2.22,1,0.929,83,FALSE,Goalie,Goalie
2789,Casey Fantobens,G,0,BUF,75,6,353,2,3,0,229,201,28,4.75,0,0.878,68,FALSE,Goalie,Goalie
2828,Justin Time,G,0,EDM,75,11,687,5,5,1,374,332,42,3.66,0,0.888,68,FALSE,Goalie,Goalie
2921,BASE PACK,G,0,PHI,75,15,775,9,6,0,424,374,50,3.87,0,0.882,65,FALSE,Goalie,Goalie
3514,Walter Sobchak,G,0,SFP,75,3,160,0,2,1,90,76,14,5.24,0,0.844,53,FALSE,Goalie,Goalie
3516,Jeff Newman,G,0,MIN,75,6,313,2,4,0,238,211,27,5.17,0,0.887,71,FALSE,Goalie,Goalie
3538,Tummy Hurts,G,0,CHI,75,4,195,0,4,0,147,129,18,5.52,0,0.878,65,FALSE,Goalie,Goalie
3547,Grzegorz Brzeczyszczykiewicz,G,0,LAP,75,17,1029,15,1,1,557,505,52,3.03,0,0.907,76,FALSE,Goalie,Goalie
3588,George Walsh,G,0,TOR,75,3,101,0,0,0,67,58,9,5.33,0,0.866,57,FALSE,Goalie,Goalie
3635,Luka Nogoalov,G,0,HAM,75,13,776,6,6,1,563,512,51,3.94,1,0.909,79,FALSE,Goalie,Goalie
3746,Tibuk Soonika,G,0,TBB,75,6,363,2,3,1,268,242,26,4.29,0,0.903,83,FALSE,Goalie,Goalie
3750,Bernard Lodge,G,0,NOL,75,11,693,5,5,1,413,382,31,2.68,0,0.925,87,FALSE,Goalie,Goalie
3829,Kay Lee,G,0,SFP,75,2,83,0,1,0,51,46,5,3.58,0,0.902,67,FALSE,Goalie,Goalie
3900,Ally Mathieson,G,0,ATL,75,6,361,2,3,1,204,192,12,1.99,1,0.941,86,FALSE,Goalie,Goalie
4024,Scary Jerry,G,0,NEW,75,1,5,0,0,0,7,6,1,9.99,0,0.857,49,FALSE,Goalie,Goalie
4079,Mr Plow,G,0,PHI,75,5,182,1,0,0,90,78,12,3.94,0,0.867,56,TRUE,Goalie,Goalie
4174,Beau Kavanagh,G,0,BAP,75,3,142,1,1,0,90,78,12,5.07,0,0.867,60,TRUE,Goalie,Goalie
135,Mat Smith,G,0,CHI,76,1,52,0,0,0,41,34,7,7.93,0,0.829,46,FALSE,Goalie,Goalie
849,Olof Karsikko,G,0,NEW,76,7,326,2,3,0,231,204,27,4.97,0,0.883,68,FALSE,Goalie,Goalie
992,Sir Devoir,G,0,BAP,76,2,80,0,1,0,46,39,7,5.25,0,0.848,53,FALSE,Goalie,Goalie
1052,B Jobin,G,0,ATL,76,6,368,2,3,1,208,183,25,4.07,0,0.88,67,FALSE,Goalie,Goalie
2117,Bandit Heeler,G,0,LAP,76,2,28,0,0,0,16,14,2,4.15,0,0.875,51,FALSE,Goalie,Goalie
2443,Hank Stopper,G,0,WPG,76,1,3,0,0,0,3,3,0,0,0,0.999,53,FALSE,Goalie,Goalie
2575,Rebecca Montagne,G,0,CGY,76,5,272,1,4,0,205,179,26,5.73,0,0.873,66,FALSE,Goalie,Goalie
2595,Anthony Dionne,G,0,TEX,76,13,784,6,4,3,406,362,44,3.37,1,0.892,70,FALSE,Goalie,Goalie
2789,Casey Fantobens,G,0,BUF,76,12,624,7,4,1,391,347,44,4.22,0,0.887,68,FALSE,Goalie,Goalie
2828,Justin Time,G,0,SFP,76,21,1263,16,4,1,655,589,66,3.13,2,0.899,73,FALSE,Goalie,Goalie
2921,BASE PACK,G,0,PHI,76,13,785,7,6,0,430,388,42,3.21,2,0.902,73,FALSE,Goalie,Goalie
3203,Sjoforsvaret,G,0,TBB,76,1,5,0,0,0,3,3,0,0,0,0.999,54,FALSE,Goalie,Goalie
3494,Brent Turnerson,G,0,CGY,76,1,27,0,0,0,20,19,1,2.19,0,0.95,76,FALSE,Goalie,Goalie
3514,Walter Sobchak,G,0,SFP,76,1,16,0,0,0,9,8,1,3.66,0,0.889,56,FALSE,Goalie,Goalie
3516,Jeff Newman,G,0,MIN,76,7,426,3,3,1,265,237,28,3.94,0,0.894,75,FALSE,Goalie,Goalie
3538,Tummy Hurts,G,0,CHI,76,4,186,0,4,0,146,119,27,8.69,0,0.815,42,FALSE,Goalie,Goalie
3547,Grzegorz Brzeczyszczykiewicz,G,0,LAP,76,12,709,7,4,1,333,290,43,3.64,1,0.871,62,FALSE,Goalie,Goalie
3562,Sea Jebus,G,0,TEX,76,1,4,0,0,0,3,3,0,0,0,0.999,53,FALSE,Goalie,Goalie
3635,Luka Nogoalov,G,0,HAM,76,19,1029,8,8,2,714,626,88,5.13,0,0.877,65,FALSE,Goalie,Goalie
3746,Tibuk Soonika,G,0,TBB,76,6,359,2,3,1,212,185,27,4.5,0,0.873,64,FALSE,Goalie,Goalie
3750,Bernard Lodge,G,0,NOL,76,4,238,0,4,0,137,121,16,4.03,0,0.883,66,FALSE,Goalie,Goalie
3843,"Rhett ""Shaggy"" Carpet",G,0,WPG,76,15,895,9,6,0,541,494,47,3.15,0,0.913,79,FALSE,Goalie,Goalie
4018,Kyle Baretto,G,0,MAN,76,2,27,0,0,0,26,23,3,6.52,0,0.885,55,TRUE,Goalie,Goalie
4024,Scary Jerry,G,0,NEW,76,2,92,1,1,0,73,63,10,6.52,0,0.863,62,FALSE,Goalie,Goalie
4102,Wayne Holloway,G,0,MAN,76,5,271,1,4,0,222,199,23,5.08,0,0.896,78,FALSE,Goalie,Goalie
4174,Beau Kavanagh,G,0,BAP,76,22,1304,13,9,0,744,679,65,2.99,5,0.913,78,FALSE,Goalie,Goalie
4225,Yves D'Odeur,G,0,HAM,76,4,118,1,0,0,82,73,9,4.57,0,0.89,62,TRUE,Goalie,Goalie
4329,Five-Hole Sieve,G,0,BUF,76,3,102,0,0,0,68,64,4,2.33,0,0.941,77,TRUE,Goalie,Goalie
849,Olof Karsikko,G,0,NEW,77,25,1537,16,9,0,1033,943,90,3.51,0,0.913,84,FALSE,Goalie,Goalie
992,Sir Devoir,G,0,BAP,77,6,358,2,4,0,208,186,22,3.68,1,0.894,74,FALSE,Goalie,Goalie
1413,Jon St. Ark,G,0,NOL,77,2,35,0,0,0,21,20,1,1.68,0,0.952,62,FALSE,Goalie,Goalie
2312,Toms Zile,G,0,WPG,77,1,13,0,0,0,9,8,1,4.37,0,0.889,53,FALSE,Goalie,Goalie
2575,Rebecca Montagne,G,0,CGY,77,6,305,2,4,0,177,156,21,4.13,0,0.881,65,FALSE,Goalie,Goalie
2595,Anthony Dionne,G,0,TEX,77,23,1426,15,7,1,704,623,81,3.41,1,0.885,67,FALSE,Goalie,Goalie
2789,Casey Fantobens,G,0,BUF,77,2,120,1,1,0,64,57,7,3.5,0,0.891,70,FALSE,Goalie,Goalie
2828,Justin Time,G,0,SFP,77,18,1092,10,6,2,579,506,73,4.01,0,0.874,62,FALSE,Goalie,Goalie
2921,BASE PACK,G,0,PHI,77,14,795,9,3,1,483,434,49,3.69,0,0.899,74,FALSE,Goalie,Goalie
3273,Alexis Texas,G,0,SFP,77,1,40,0,0,0,30,24,6,8.99,0,0.8,37,FALSE,Goalie,Goalie
3516,Jeff Newman,G,0,MIN,77,10,543,3,6,0,344,308,36,3.97,0,0.895,72,FALSE,Goalie,Goalie
3538,Tummy Hurts,G,0,CHI,77,4,97,0,1,0,82,75,7,4.31,0,0.915,66,FALSE,Goalie,Goalie
3547,Grzegorz Brzeczyszczykiewicz,G,0,LAP,77,13,732,7,4,2,354,302,52,4.26,1,0.853,56,FALSE,Goalie,Goalie
3635,Luka Nogoalov,G,0,HAM,77,5,284,1,4,0,212,182,30,6.32,0,0.858,61,FALSE,Goalie,Goalie
3746,Tibuk Soonika,G,0,TBB,77,7,431,3,3,1,299,273,26,3.61,0,0.913,85,FALSE,Goalie,Goalie
3750,Bernard Lodge,G,0,NOL,77,7,382,3,4,0,220,196,24,3.77,1,0.891,70,FALSE,Goalie,Goalie
3843,"Rhett ""Shaggy"" Carpet",G,0,WPG,77,5,286,1,4,0,210,179,31,6.5,0,0.852,57,FALSE,Goalie,Goalie
3900,Ally Mathieson,G,0,MIN,77,3,174,2,1,0,80,69,11,3.79,0,0.863,58,FALSE,Goalie,Goalie
4225,Yves D'Odeur,G,0,HAM,77,1,14,0,0,0,7,7,0,0,0,0.999,60,FALSE,Goalie,Goalie
4248,Ben Harrison,G,0,PHI,77,2,61,0,1,0,41,37,4,3.92,0,0.902,64,FALSE,Goalie,Goalie
4312,Jim Wen,G,0,ATL,77,2,55,0,0,0,41,37,4,4.35,0,0.902,63,FALSE,Goalie,Goalie
4329,Five-Hole Sieve,G,0,BUF,77,11,682,6,3,2,435,390,45,3.95,0,0.897,76,FALSE,Goalie,Goalie
4395,Karter Mendenhall,G,0,CHI,77,4,200,1,3,0,168,145,23,6.87,0,0.863,64,TRUE,Goalie,Goalie
4455,Stun Gun,G,0,LAP,77,3,54,0,0,0,36,31,5,5.53,0,0.861,52,TRUE,Goalie,Goalie
4468,Tanner Pitts,G,0,ATL,77,11,627,4,4,3,365,323,42,4.02,0,0.885,69,TRUE,Goalie,Goalie
4512,Denebor Milasch,G,0,TOR,77,6,365,2,3,1,213,194,19,3.12,0,0.911,78,TRUE,Goalie,Goalie
4522,Just Perfection,G,0,CGY,77,1,53,0,0,0,35,29,6,6.75,0,0.829,47,TRUE,Goalie,Goalie
1413,Jon St. Ark,G,0,NOL,78,2,56,0,0,0,37,33,4,4.29,0,0.892,60,FALSE,Goalie,Goalie
2312,Toms Zile,G,0,WPG,78,2,16,0,0,0,11,9,2,7.43,0,0.818,47,FALSE,Goalie,Goalie
2575,Rebecca Montagne,G,0,CGY,78,6,347,2,4,0,271,245,26,4.49,0,0.904,80,FALSE,Goalie,Goalie
2595,Anthony Dionne,G,0,TEX,78,16,999,11,4,1,496,454,42,2.52,1,0.915,76,FALSE,Goalie,Goalie
2789,Casey Fantobens,G,0,BUF,78,12,773,5,4,3,488,451,37,2.87,1,0.924,87,FALSE,Goalie,Goalie
2828,Justin Time,G,0,SFP,78,13,776,7,6,0,476,434,42,3.25,1,0.912,80,FALSE,Goalie,Goalie
2921,BASE PACK,G,0,PHI,78,6,325,2,3,1,233,209,24,4.42,0,0.897,75,FALSE,Goalie,Goalie
3547,Grzegorz Brzeczyszczykiewicz,G,0,LAP,78,24,1417,16,8,0,820,759,61,2.58,5,0.926,82,FALSE,Goalie,Goalie
3635,Luka Nogoalov,G,0,HAM,78,6,352,2,4,0,226,201,25,4.25,0,0.889,70,FALSE,Goalie,Goalie
3746,Tibuk Soonika,G,0,TBB,78,21,1304,14,5,2,689,627,62,2.85,1,0.91,77,FALSE,Goalie,Goalie
3750,Bernard Lodge,G,0,NOL,78,10,570,5,4,1,337,304,33,3.47,0,0.902,74,FALSE,Goalie,Goalie
3843,"Rhett ""Shaggy"" Carpet",G,0,WPG,78,4,240,0,3,1,169,146,23,5.73,0,0.864,64,FALSE,Goalie,Goalie
3900,Ally Mathieson,G,0,MIN,78,2,14,0,0,0,5,5,0,0,0,0.999,52,FALSE,Goalie,Goalie
3955,Sith Happens,G,0,CGY,78,1,10,0,0,0,10,9,1,5.79,0,0.9,55,FALSE,Goalie,Goalie
4024,Scary Jerry,G,0,MIN,78,5,288,1,3,1,181,162,19,3.95,0,0.895,72,FALSE,Goalie,Goalie
4174,Beau Kavanagh,G,0,BAP,78,17,1098,9,7,1,687,624,63,3.44,0,0.908,80,FALSE,Goalie,Goalie
4225,Yves D'Odeur,G,0,HAM,78,1,14,0,0,0,6,6,0,0,0,0.999,60,FALSE,Goalie,Goalie
4312,Jim Wen,G,0,ATL,78,1,49,0,1,0,33,31,2,2.4,0,0.939,90,FALSE,Goalie,Goalie
4329,Five-Hole Sieve,G,0,NEW,78,7,436,3,3,1,285,258,27,3.71,0,0.905,79,FALSE,Goalie,Goalie
4455,Stun Gun,G,0,LAP,78,1,19,0,0,0,12,11,1,3.06,0,0.917,58,FALSE,Goalie,Goalie
4463,Meo Vanbiesbrouck,G,0,TBB,78,1,9,0,0,0,7,6,1,6.49,0,0.857,51,FALSE,Goalie,Goalie
4468,Tanner Pitts,G,0,ATL,78,10,568,4,4,1,345,314,31,3.27,0,0.91,76,FALSE,Goalie,Goalie
4512,Denebor Milasch,G,0,TOR,78,7,450,3,3,1,307,280,27,3.59,0,0.912,82,FALSE,Goalie,Goalie
4517,Henri Losanov,G,0,SEA,78,4,190,0,3,0,123,104,19,6,0,0.846,53,FALSE,Goalie,Goalie
4632,Shotty McStopper,G,0,SEA,78,3,49,0,1,0,37,32,5,6.09,0,0.865,52,TRUE,Goalie,Goalie
4655,Launchpad McQuack,G,0,PHI,78,1,46,0,0,0,37,33,4,5.21,0,0.892,74,TRUE,Goalie,Goalie
1413,Jon St. Ark,G,0,NOL,79,1,8,0,0,0,4,4,0,0,0,0.999,55,FALSE,Goalie,Goalie
2575,Rebecca Montagne,G,0,BUF,79,10,555,4,6,0,356,318,38,4.1,0,0.893,72,FALSE,Goalie,Goalie
2595,Anthony Dionne,G,0,TEX,79,14,863,9,2,3,456,415,41,2.85,1,0.91,78,FALSE,Goalie,Goalie
2828,Justin Time,G,0,SFP,79,21,1324,16,4,1,688,627,61,2.76,4,0.911,77,FALSE,Goalie,Goalie
2921,BASE PACK,G,0,PHI,79,23,1351,13,10,0,771,687,84,3.73,2,0.891,69,FALSE,Goalie,Goalie
3547,Grzegorz Brzeczyszczykiewicz,G,0,LAP,79,5,296,1,4,0,167,147,20,4.05,0,0.88,66,FALSE,Goalie,Goalie
3746,Tibuk Soonika,G,0,TBB,79,11,668,5,5,1,369,333,36,3.23,0,0.902,75,FALSE,Goalie,Goalie
3750,Bernard Lodge,G,0,NOL,79,6,350,2,4,0,202,173,29,4.96,0,0.856,58,FALSE,Goalie,Goalie
3843,"Rhett ""Shaggy"" Carpet",G,0,WPG,79,4,257,0,3,1,191,169,22,5.13,0,0.885,75,FALSE,Goalie,Goalie
3955,Sith Happens,G,0,CGY,79,2,81,0,0,0,55,47,8,5.87,0,0.855,55,FALSE,Goalie,Goalie
4024,Scary Jerry,G,0,MIN,79,10,596,4,6,0,321,281,40,4.02,0,0.875,66,FALSE,Goalie,Goalie
4102,Wayne Holloway,G,0,MAN,79,7,286,2,3,0,220,194,26,5.44,0,0.882,66,FALSE,Goalie,Goalie
4174,Beau Kavanagh,G,0,BAP,79,6,357,2,4,0,215,191,24,4.03,0,0.888,71,FALSE,Goalie,Goalie
4329,Five-Hole Sieve,G,0,NEW,79,6,374,2,3,1,228,211,17,2.72,1,0.925,85,FALSE,Goalie,Goalie
4411,Anastasia Söderström,G,0,CGY,79,12,661,7,5,0,388,348,40,3.63,0,0.897,71,TRUE,Goalie,Goalie
4455,Stun Gun,G,0,ATL,79,16,945,10,6,0,488,444,44,2.79,1,0.91,76,FALSE,Goalie,Goalie
4468,Tanner Pitts,G,0,ATL,79,1,27,0,0,0,15,15,0,0,0,0.999,74,FALSE,Goalie,Goalie
4512,Denebor Milasch,G,0,TOR,79,6,358,2,4,0,250,229,21,3.51,0,0.916,85,FALSE,Goalie,Goalie
4517,Henri Losanov,G,0,SEA,79,3,146,0,3,0,82,66,16,6.53,0,0.805,42,FALSE,Goalie,Goalie
4546,Herman Stahl,G,0,MAN,79,3,132,1,1,0,96,83,13,5.9,0,0.865,63,FALSE,Goalie,Goalie
4632,Shotty McStopper,G,0,SEA,79,4,153,1,1,0,90,78,12,4.7,0,0.867,58,FALSE,Goalie,Goalie
4655,Launchpad McQuack,G,0,PHI,79,2,38,0,0,0,27,19,8,9.99,0,0.704,32,FALSE,Goalie,Goalie
4815,Dexter Harrison Jr.,G,0,BUF,79,1,43,0,0,0,32,30,2,2.77,0,0.938,83,FALSE,Goalie,Goalie
2575,Rebecca Montagne,G,0,BUF,80,6,359,2,4,0,234,205,29,4.84,0,0.876,69,FALSE,Goalie,Goalie
2595,Anthony Dionne,G,0,TEX,80,16,988,10,4,2,542,492,50,3.04,0,0.908,76,FALSE,Goalie,Goalie
2828,Justin Time,G,0,SFP,80,22,1294,16,5,0,671,609,62,2.87,2,0.908,74,FALSE,Goalie,Goalie
2921,BASE PACK,G,0,PHI,80,13,759,7,6,0,413,367,46,3.63,0,0.889,69,FALSE,Goalie,Goalie
3547,Grzegorz Brzeczyszczykiewicz,G,0,LAP,80,7,419,3,4,0,236,214,22,3.15,0,0.907,75,FALSE,Goalie,Goalie
3746,Tibuk Soonika,G,0,TBB,80,23,1337,14,7,2,790,723,67,3.01,0,0.915,79,FALSE,Goalie,Goalie
3750,Bernard Lodge,G,0,NOL,80,13,782,6,5,2,396,356,40,3.07,1,0.899,72,FALSE,Goalie,Goalie
3843,"Rhett ""Shaggy"" Carpet",G,0,WPG,80,4,237,0,4,0,190,171,19,4.79,0,0.9,81,FALSE,Goalie,Goalie
3955,Sith Happens,G,0,CGY,80,1,16,0,0,0,17,13,4,9.99,0,0.765,35,FALSE,Goalie,Goalie
4102,Wayne Holloway,G,0,MAN,80,2,119,0,2,0,85,76,9,4.52,0,0.894,77,FALSE,Goalie,Goalie
4174,Beau Kavanagh,G,0,BAP,80,2,24,0,0,0,22,19,3,7.29,0,0.864,52,FALSE,Goalie,Goalie
4329,Five-Hole Sieve,G,0,NEW,80,5,364,1,0,4,210,193,17,2.8,1,0.919,85,FALSE,Goalie,Goalie
4411,Anastasia Soderstrom,G,0,CGY,80,11,644,6,5,0,406,363,43,4,0,0.894,74,FALSE,Goalie,Goalie
4455,Stun Gun,G,0,ATL,80,12,707,6,6,0,360,320,40,3.39,1,0.889,68,FALSE,Goalie,Goalie
4468,Tanner Pitts,G,0,ATL,80,1,10,0,0,0,3,3,0,0,0,0.999,53,FALSE,Goalie,Goalie
4512,Denebor Milasch,G,0,TOR,80,19,1208,11,7,1,771,701,70,3.48,0,0.909,81,FALSE,Goalie,Goalie
4517,Henri Losanov,G,0,SEA,80,5,256,1,3,1,176,155,21,4.91,0,0.881,68,FALSE,Goalie,Goalie
4546,Herman Stahl,G,0,MAN,80,2,119,0,2,0,83,69,14,7.02,0,0.831,49,FALSE,Goalie,Goalie
4632,Shotty McStopper,G,0,TBB,80,1,47,0,0,0,30,29,1,1.26,0,0.967,95,FALSE,Goalie,Goalie
4655,Launchpad McQuack,G,0,PHI,80,1,17,0,0,0,8,8,0,0,0,0.999,62,FALSE,Goalie,Goalie
4830,Luke fromm,G,0,SFP,80,1,57,0,0,1,32,31,1,1.05,0,0.969,93,FALSE,Goalie,Goalie
4854,Evil Kyle Murray,G,0,BAP,80,6,335,2,4,0,234,204,30,5.37,0,0.872,65,TRUE,Goalie,Goalie
4903,Bishop Van Apeldoorn,G,0,SEA,80,1,44,0,0,0,28,25,3,4.01,0,0.893,67,TRUE,Goalie,Goalie
4943,Elvar Gil-Galad,G,0,CHI,80,4,240,0,3,1,157,141,16,3.99,0,0.898,78,TRUE,Goalie,Goalie
1413,Jon St. Ark,G,0,NOL,81,2,59,0,0,0,27,24,3,3.02,0,0.889,58,FALSE,Goalie,Goalie
2575,Rebecca Montagne,G,0,BUF,81,5,323,1,2,2,255,225,30,5.56,0,0.882,75,FALSE,Goalie,Goalie
2595,Anthony Dionne,G,0,TEX,81,5,300,2,2,1,177,154,23,4.59,0,0.87,65,FALSE,Goalie,Goalie
2828,Justin Time,G,0,SFP,81,24,1437,16,8,0,815,731,84,3.51,0,0.897,73,FALSE,Goalie,Goalie
2921,BASE PACK,G,0,PHI,81,7,426,3,2,2,276,251,25,3.52,0,0.909,80,FALSE,Goalie,Goalie
3122,Gino Fortezza,G,0,TOR,81,4,239,0,4,0,180,164,16,4.01,0,0.911,87,TRUE,Goalie,Goalie
3538,Tummy Hurts,G,0,LAP,81,2,91,0,2,0,67,57,10,6.57,0,0.851,55,FALSE,Goalie,Goalie
3547,Grzegorz Brzeczyszczykiewicz,G,0,LAP,81,11,638,6,3,1,395,358,37,3.48,0,0.906,76,FALSE,Goalie,Goalie
3746,Tibuk Soonika,G,0,TBB,81,26,1567,14,10,2,844,766,78,2.99,3,0.908,77,FALSE,Goalie,Goalie
3750,Bernard Lodge,G,0,NOL,81,19,1087,10,9,0,557,492,65,3.59,1,0.883,65,FALSE,Goalie,Goalie
3843,"Rhett ""Shaggy"" Carpet",G,0,WPG,81,6,358,2,4,0,224,199,25,4.18,0,0.888,73,FALSE,Goalie,Goalie
4278,Song Ju-gong,G,0,MTL,81,13,779,7,5,1,514,469,45,3.46,1,0.912,80,FALSE,Goalie,Goalie
4329,Five-Hole Sieve,G,0,NEW,81,19,1197,11,6,2,721,649,72,3.61,0,0.9,75,FALSE,Goalie,Goalie
4411,Anastasia Soderstrom,G,0,CGY,81,6,357,2,4,0,245,217,28,4.7,0,0.886,73,FALSE,Goalie,Goalie
4455,Stun Gun,G,0,ATL,81,6,351,4,1,0,171,158,13,2.22,0,0.924,78,FALSE,Goalie,Goalie
4478,Roman Cechmanek II,G,0,TEX,81,1,59,0,1,0,41,36,5,5.05,0,0.878,72,FALSE,Goalie,Goalie
4512,Denebor Milasch,G,0,ATL,81,5,248,2,3,0,128,115,13,3.13,0,0.898,68,FALSE,Goalie,Goalie
4517,Henri Losanov,G,0,SEA,81,12,723,6,5,1,486,435,51,4.23,0,0.895,76,FALSE,Goalie,Goalie
4717,Josh Grygo,G,0,MTL,81,1,51,0,0,0,28,22,6,6.96,0,0.786,36,FALSE,Goalie,Goalie
4854,Evil Kyle Murray,G,0,BAP,81,6,377,2,2,2,226,208,18,2.86,0,0.92,82,FALSE,Goalie,Goalie
4861,Jakub Alexa,G,0,CGY,81,1,5,0,0,0,6,5,1,9.99,0,0.833,49,TRUE,Goalie,Goalie
4943,Elvar Gil-Galad,G,0,CHI,81,7,418,3,4,0,264,243,21,3.01,0,0.92,83,FALSE,Goalie,Goalie
2595,Anthony Dionne,G,0,TEX,82,5,239,1,3,0,117,97,20,5.02,1,0.829,48,FALSE,Goalie,Goalie
2828,Justin Time,G,0,EDM,82,25,1439,16,7,2,821,730,91,3.79,1,0.889,69,FALSE,Goalie,Goalie
2921,BASE PACK,G,0,PHI,82,6,352,2,3,1,193,171,22,3.74,0,0.886,66,FALSE,Goalie,Goalie
3154,PeanutButter Zamboni,G,0,HAM,82,4,219,1,3,0,150,133,17,4.65,0,0.887,73,FALSE,Goalie,Goalie
3547,Grzegorz Brzeczyszczykiewicz,G,0,LAP,82,5,248,1,3,1,150,123,27,6.51,0,0.82,45,FALSE,Goalie,Goalie
3746,Tibuk Soonika,G,0,TBB,82,5,299,2,3,0,172,154,18,3.61,0,0.895,72,FALSE,Goalie,Goalie
3843,"Rhett ""Shaggy"" Carpet",G,0,WPG,82,5,216,1,4,0,113,94,19,5.26,1,0.832,47,FALSE,Goalie,Goalie
4024,Scary Jerry,G,0,NOL,82,1,13,0,0,0,4,4,0,0,0,0.999,55,FALSE,Goalie,Goalie
4102,Wayne Holloway,G,0,MAN,82,11,626,5,6,0,364,319,45,4.31,0,0.876,66,FALSE,Goalie,Goalie
4278,Song Ju-gong,G,0,MTL,82,11,639,5,6,0,371,332,39,3.66,0,0.895,70,FALSE,Goalie,Goalie
4312,Jim Wen,G,0,LAP,82,2,56,0,0,0,24,18,6,6.42,0,0.75,37,FALSE,Goalie,Goalie
4329,Five-Hole Sieve,G,0,NEW,82,14,808,8,4,2,430,378,52,3.86,0,0.879,66,FALSE,Goalie,Goalie
4411,Anastasia Soderstrom,G,0,CGY,82,12,693,7,5,0,372,327,45,3.9,0,0.879,63,FALSE,Goalie,Goalie
4455,Stun Gun,G,0,ATL,82,9,478,7,1,0,198,172,26,3.26,1,0.869,59,FALSE,Goalie,Goalie
4463,Meo Vanbiesbrouck,G,0,BUF,82,5,351,1,3,1,186,164,22,3.76,0,0.882,63,FALSE,Goalie,Goalie
4478,Roman Cechmanek II,G,0,TEX,82,2,59,0,1,0,32,25,7,7.05,0,0.781,38,FALSE,Goalie,Goalie
4512,Denebor Milasch,G,0,ATL,82,14,845,8,4,1,375,343,32,2.27,2,0.915,72,FALSE,Goalie,Goalie
4517,Henri Losanov,G,0,SEA,82,18,994,10,7,1,481,419,62,3.74,0,0.871,60,FALSE,Goalie,Goalie
4546,Herman Stahl,G,0,MAN,82,3,31,0,0,0,15,13,2,3.76,0,0.867,50,FALSE,Goalie,Goalie
4632,Shotty McStopper,G,0,TBB,82,1,60,0,1,0,25,20,5,5,0,0.8,40,FALSE,Goalie,Goalie
4655,Launchpad McQuack,G,0,PHI,82,1,8,0,0,0,4,3,1,6.97,0,0.75,44,FALSE,Goalie,Goalie
4704,Walter Scheibli,G,0,HAM,82,2,78,0,1,0,45,38,7,5.38,0,0.844,52,FALSE,Goalie,Goalie
4717,Josh Grygo,G,0,MTL,82,1,20,0,0,0,5,4,1,3,0,0.8,46,FALSE,Goalie,Goalie
4861,Jakub Alexa,G,0,CGY,82,2,24,0,0,0,11,10,1,2.41,0,0.909,53,FALSE,Goalie,Goalie
4903,Bishop Van Apeldoorn,G,0,SEA,82,3,126,0,0,0,57,52,5,2.36,0,0.912,65,FALSE,Goalie,Goalie
4943,Elvar Gil-Galad,G,0,CHI,82,5,257,1,4,0,161,137,24,5.58,0,0.851,55,FALSE,Goalie,Goalie
4965,Wolfgang Puck,G,0,NEW,82,2,38,0,0,0,19,17,2,3.09,0,0.895,55,TRUE,Goalie,Goalie
4973,Abby Wright-Bach,G,0,EDM,82,4,99,0,0,0,48,38,10,6.02,0,0.792,44,FALSE,Goalie,Goalie
4987,Adam Joy,G,0,CHI,82,1,40,0,0,0,14,11,3,4.47,0,0.786,40,FALSE,Goalie,Goalie
5139,Jeff Kirkstone III,G,0,NOL,82,12,724,7,4,1,389,350,39,3.23,0,0.9,71,TRUE,Goalie,Goalie
5166,Katharina Rosenthal,G,0,WPG,82,2,82,0,0,0,36,30,6,4.36,0,0.833,47,TRUE,Goalie,Goalie
2595,Anthony Dionne,G,0,TEX,83,4,260,0,3,1,177,158,19,4.38,0,0.893,74,FALSE,Goalie,Goalie
2828,Justin Time,G,0,EDM,83,9,540,6,2,1,265,237,28,3.11,1,0.894,69,FALSE,Goalie,Goalie
2921,BASE PACK,G,0,PHI,83,15,855,9,6,0,447,400,47,3.3,1,0.895,70,FALSE,Goalie,Goalie
3154,PeanutButter Zamboni,G,0,HAM,83,10,471,4,6,0,309,268,41,5.22,0,0.867,59,FALSE,Goalie,Goalie
3547,Grzegorz Brzeczyszczykiewicz,G,0,CIN,83,5,277,1,3,0,169,145,24,5.19,0,0.858,58,FALSE,Goalie,Goalie
3746,Tibuk Soonika,G,0,TBB,83,10,620,5,4,1,297,260,37,3.58,1,0.875,64,FALSE,Goalie,Goalie
3843,"Rhett ""Shaggy"" Carpet",G,0,WPG,83,5,319,1,3,1,187,164,23,4.31,0,0.877,63,FALSE,Goalie,Goalie
4102,Wayne Holloway,G,0,MAN,83,5,312,1,2,2,193,172,21,4.03,0,0.891,75,FALSE,Goalie,Goalie
4174,Beau Kavanagh,G,0,SEA,83,1,51,0,0,0,19,16,3,3.53,0,0.842,51,FALSE,Goalie,Goalie
4225,Yves D'Odeur,G,0,MAD,83,1,34,0,0,0,25,19,6,9.99,0,0.76,28,FALSE,Goalie,Goalie
4278,Song Ju-gong,G,0,MTL,83,5,299,1,4,0,160,137,23,4.61,0,0.856,57,FALSE,Goalie,Goalie
4329,Five-Hole Sieve,G,0,NEW,83,6,357,2,4,0,164,146,18,3.02,0,0.89,66,FALSE,Goalie,Goalie
4411,Anastasia Soderstrom,G,0,NOL,83,11,671,7,4,0,358,324,34,3.04,0,0.905,73,FALSE,Goalie,Goalie
4455,Stun Gun,G,0,ATL,83,12,640,8,2,0,320,276,44,4.12,0,0.863,59,FALSE,Goalie,Goalie
4468,Tanner Pitts,G,0,MAD,83,4,204,0,4,0,137,117,20,5.86,0,0.854,57,FALSE,Goalie,Goalie
4512,Denebor Milasch,G,0,ATL,83,12,618,8,3,0,324,287,37,3.59,0,0.886,65,FALSE,Goalie,Goalie
4517,Henri Losanov,G,0,SEA,83,10,573,5,5,0,284,252,32,3.35,0,0.887,65,FALSE,Goalie,Goalie
4655,Launchpad McQuack,G,0,PHI,83,2,50,0,0,0,25,23,2,2.38,0,0.92,59,FALSE,Goalie,Goalie
4704,Walter Scheibli,G,0,HAM,83,4,126,0,0,0,79,68,11,5.21,0,0.861,54,FALSE,Goalie,Goalie
4903,Bishop Van Apeldoorn,G,0,DEN,83,4,250,0,3,1,147,134,13,3.11,0,0.912,82,FALSE,Goalie,Goalie
4943,Elvar Gil-Galad,G,0,CHI,83,15,845,9,4,0,380,324,56,3.97,0,0.853,55,FALSE,Goalie,Goalie
4973,Abby Wright-Bach,G,0,EDM,83,15,898,9,6,0,436,391,45,3.01,1,0.897,71,TRUE,Goalie,Goalie
5166,Katharina Rosenthal,G,0,WPG,83,1,6,0,0,0,2,2,0,0,0,0.999,51,FALSE,Goalie,Goalie
5201,Martin Mackerelmore,G,0,CIN,83,1,20,0,1,0,17,14,3,8.92,0,0.824,47,FALSE,Goalie,Goalie
5279,Florence-Amelie Mackenzie,G,0,CHI,83,3,72,1,1,0,41,35,6,4.96,0,0.854,52,TRUE,Goalie,Goalie
2575,Rebecca Montagne,G,0,WPG,84,1,40,0,0,0,22,21,1,1.5,0,0.955,78,FALSE,Goalie,Goalie
2921,BASE PACK,G,0,PHI,84,9,561,4,3,2,292,263,29,3.1,0,0.901,72,FALSE,Goalie,Goalie
3154,PeanutButter Zamboni,G,0,HAM,84,5,211,1,2,0,136,111,25,7.08,0,0.816,44,FALSE,Goalie,Goalie
3746,Tibuk Soonika,G,0,TBB,84,7,416,3,4,0,256,228,28,4.03,1,0.891,70,FALSE,Goalie,Goalie
4102,Wayne Holloway,G,0,LAP,84,4,238,0,4,0,202,181,21,5.28,0,0.896,79,FALSE,Goalie,Goalie
4278,Song Ju-gong,G,0,MTL,84,6,327,2,3,1,174,146,28,5.13,0,0.839,50,FALSE,Goalie,Goalie
4329,Five-Hole Sieve,G,0,NEW,84,16,848,8,5,0,464,400,64,4.53,0,0.862,59,FALSE,Goalie,Goalie
4455,Stun Gun,G,0,NOL,84,10,580,4,6,0,280,243,37,3.82,0,0.868,60,FALSE,Goalie,Goalie
4468,Tanner Pitts,G,0,MAD,84,4,269,0,2,2,176,158,18,4.01,0,0.898,77,FALSE,Goalie,Goalie
4478,Roman Cechmanek II,G,0,MAN,84,13,691,6,6,0,349,298,51,4.43,0,0.854,55,FALSE,Goalie,Goalie
4512,Denebor Milasch,G,0,ATL,84,21,1208,16,3,0,629,571,58,2.88,0,0.908,74,FALSE,Goalie,Goalie
4517,Henri Losanov,G,0,SEA,84,16,973,9,6,1,459,401,58,3.57,1,0.874,60,FALSE,Goalie,Goalie
4546,Herman Stahl,G,0,MAN,84,3,86,1,0,0,60,53,7,4.86,0,0.883,59,FALSE,Goalie,Goalie
4704,Walter Scheibli,G,0,HAM,84,5,147,1,2,0,84,74,10,4.07,0,0.881,57,FALSE,Goalie,Goalie
4717,Josh Grygo,G,0,MTL,84,1,52,0,0,0,20,16,4,4.59,0,0.8,42,FALSE,Goalie,Goalie
4815,Dexter Harrison Jr.,G,0,SEA,84,1,20,0,0,0,4,4,0,0,0,0.999,55,FALSE,Goalie,Goalie
4854,Evil Kyle Murray,G,0,BAP,84,5,272,1,4,0,181,157,24,5.28,0,0.867,62,FALSE,Goalie,Goalie
4903,Bishop Van Apeldoorn,G,0,DEN,84,6,347,2,3,1,186,166,20,3.45,1,0.892,72,FALSE,Goalie,Goalie
4943,Elvar Gil-Galad,G,0,CHI,84,8,478,5,3,0,218,197,21,2.64,1,0.904,73,FALSE,Goalie,Goalie
4973,Abby Wright-Bach,G,0,EDM,84,19,1145,14,5,0,571,514,57,2.99,1,0.9,73,FALSE,Goalie,Goalie
5016,Ela Solberg,G,0,DEN,84,1,20,0,0,0,18,17,1,3,0,0.944,70,FALSE,Goalie,Goalie
5139,Jeff Kirkstone III,G,0,NOL,84,1,24,0,0,0,15,14,1,2.4,0,0.933,64,FALSE,Goalie,Goalie
5166,Katharina Rosenthal,G,0,WPG,84,4,196,0,4,0,128,114,14,4.28,0,0.891,69,FALSE,Goalie,Goalie
5279,Florence-Amelie Mackenzie,G,0,CHI,84,3,179,2,1,0,63,56,7,2.34,0,0.889,62,FALSE,Goalie,Goalie
5347,Cauliflower Pizza,G,0,ATL,84,3,92,0,1,1,45,39,6,3.91,0,0.867,55,TRUE,Goalie,Goalie
5404,Honza Havran,G,0,NEW,84,6,287,1,5,0,165,144,21,4.38,0,0.873,62,TRUE,Goalie,Goalie
5422,John Gibson,G,0,BAP,84,1,26,0,0,0,15,9,6,9.99,0,0.6,10,TRUE,Goalie,Goalie
2921,BASE PACK,G,0,PHI,85,3,82,0,0,0,37,31,6,4.34,0,0.838,51,FALSE,Goalie,Goalie
3154,PeanutButter Zamboni,G,0,HAM,85,6,348,2,4,0,244,215,29,5,0,0.881,71,FALSE,Goalie,Goalie
3547,Grzegorz Brzeczyszczykiewicz,G,0,CIN,85,4,239,0,4,0,157,133,24,6.02,0,0.847,54,FALSE,Goalie,Goalie
3750,Bernard Lodge,G,0,NOL,85,13,728,6,7,0,358,313,45,3.7,1,0.874,63,FALSE,Goalie,Goalie
3843,"Rhett ""Shaggy"" Carpet",G,0,NSH,85,5,250,1,4,0,161,137,24,5.75,0,0.851,54,FALSE,Goalie,Goalie
4170,Olivia Osgood,G,0,TEX,85,1,41,0,0,0,22,20,2,2.88,0,0.909,65,FALSE,Goalie,Goalie
4463,Meo Vanbiesbrouck,G,0,BUF,85,1,45,0,0,0,22,18,4,5.24,0,0.818,44,FALSE,Goalie,Goalie
4478,Roman Cechmanek II,G,0,MAN,85,14,804,9,3,1,451,401,50,3.73,1,0.889,71,FALSE,Goalie,Goalie
4512,Denebor Milasch,G,0,ATL,85,21,1213,14,6,0,722,659,63,3.12,3,0.913,78,FALSE,Goalie,Goalie
4546,Herman Stahl,G,0,MAN,85,3,34,1,0,0,17,16,1,1.72,0,0.941,56,FALSE,Goalie,Goalie
4704,Walter Scheibli,G,0,HAM,85,2,9,0,0,0,5,5,0,0,0,0.999,53,FALSE,Goalie,Goalie
4815,Dexter Harrison Jr.,G,0,SEA,85,2,98,0,1,0,44,37,7,4.28,0,0.841,50,FALSE,Goalie,Goalie
4861,Jakub Alexa,G,0,CGY,85,3,56,0,1,0,38,31,7,7.41,0,0.816,46,FALSE,Goalie,Goalie
4903,Bishop Van Apeldoorn,G,0,DEN,85,7,387,3,3,1,189,162,27,4.18,1,0.857,57,FALSE,Goalie,Goalie
4943,Elvar Gil-Galad,G,0,NEW,85,8,457,2,6,0,266,223,43,5.64,0,0.838,51,FALSE,Goalie,Goalie
4973,Abby Wright-Bach,G,0,EDM,85,23,1379,16,7,0,651,580,71,3.09,1,0.891,68,FALSE,Goalie,Goalie
4987,Adam Joy,G,0,NSH,85,2,48,0,0,0,31,22,9,9.99,0,0.71,28,FALSE,Goalie,Goalie
5016,Ela Solberg,G,0,DEN,85,1,50,0,0,0,30,30,0,0,0,0.999,98,FALSE,Goalie,Goalie
5139,Jeff Kirkstone III,G,0,NOL,85,2,67,0,0,0,26,22,4,3.55,0,0.846,49,FALSE,Goalie,Goalie
5166,Katharina Rosenthal,G,0,PHI,85,8,395,4,4,0,203,171,32,4.85,0,0.842,52,FALSE,Goalie,Goalie
5279,Florence-Amelie Mackenzie,G,0,CHI,85,9,554,4,4,1,245,216,29,3.14,1,0.882,65,FALSE,Goalie,Goalie
5347,Cauliflower Pizza,G,0,ATL,85,2,46,0,1,0,26,21,5,6.49,0,0.808,45,FALSE,Goalie,Goalie
5383,Victor Bjork-Pejlikka,G,0,SEA,85,17,981,11,4,2,418,372,46,2.81,2,0.89,67,TRUE,Goalie,Goalie
5394,Claude L'Castor,G,0,BUF,85,4,193,0,4,0,146,123,23,7.13,0,0.842,53,FALSE,Goalie,Goalie
5404,Honza Havran,G,0,NEW,85,3,140,2,0,0,79,70,9,3.84,0,0.886,65,FALSE,Goalie,Goalie
5524,K.J Daniels,G,0,CGY,85,4,182,0,3,0,154,133,21,6.9,0,0.864,60,TRUE,Goalie,Goalie
5576,Tyler Bodega,G,0,MIN,85,7,419,3,4,0,208,185,23,3.29,0,0.889,68,TRUE,Goalie,Goalie
5653,Travis Coates,G,0,TEX,85,5,272,1,4,0,165,139,26,5.73,0,0.842,47,TRUE,Goalie,Goalie
