Username,Pick a Player,Pick a Player,Pick a Player,Pick a Player,Pick a Player,Pick a Player,Pick a Player,Pick a Player,Pick a Player,Pick a Player,Verification word
retuperkele,Marc Granite,Snowpapi,Jagger Eriksson,Sartin Mont-Louis,Alex Bull,Ryder Halak the Second,June Grumathan,Morbin Norman,Pyotr Mshvenieradze,No Face,perkele
Jakesdy,No Face,Niklas Lundberg,Sconnie McHits Jr.,June Grumathan,Kellan Chamberlain,Snowpapi,Pyotr Mshvenieradze,Jagger Eriksson,Bryan Hart,Emmanuelle Maximova,bappy
xNJRangerFanx,Marc Granite,Snowpapi,Jagger Eriksson,King Théoden,Sartin Mont-Louis,Ryder Halak the Second,June Grumathan,Morbin Norman,Pyotr Mshvenieradze,No Face,Boom
PhuZeRK,No Face,Kellan Chamberlain,Alex Bull,Jagger Eriksson,Niklas Lundberg,Pyotr Mshvenieradze,Glacey Eon,June Grumathan,Juho Koivunen,Snowpapi,Megatron
sylv_5,No Face,Snowpapi,Pyotr Mshvenieradze,Bryan Hart,Jagger Eriksson,Yung P. Ush,Matyáš Vamos,Niklas Lundberg,Ryder Halak the Second,Sconnie McHits Jr.,Raclette
Bfine,Sconnie McHits Jr.,Ryder Halak the Second,Spyro Kouris,June Grumathan,Sartin Mont-Louis,Emmanuelle Maximova,Markus Kinnick,No Face,Juho Koivunen,Jagger Eriksson,Sota
Synes7hesia,Jagger Eriksson,No Face,Kellan Chamberlain,Petr Shirokov,Juho Koivunen,Abigail Goetze,Bryan Hart,Booksy Jefferson,June Grumathan,Emmanuelle Maximova,Kiwi
Greekgod,No Face,Kellan Chamberlain,Niklas Lundberg,Winnie L'Ourson,Sconnie McHits Jr.,John Ludo,Aatu Göatü,Ryder Halak the Second,Crazy Tomato III,John Marston,Blippy
Celltrace,Freccia Regolo,Juho Koivunen,Spyro Kouris,Lord Megatron,Matyáš Vamos,Niklas Lundberg,Mariano Martino,Kellan Chamberlain,Patrick Moore,Jagger Eriksson,Cell
DETisHockeytown,No Face,Snowpapi,Pyotr Mshvenieradze,Bryan Hart,Jagger Eriksson,Ryder Halak the Second,Yung P. Ush,Sconnie McHits Jr.,Spyro Kouris,Niklas Lundberg,Braindead
schotte74,No Face,Niklas Lundberg,Ryder Halak the Second,Sconnie McHits Jr.,Spyro Kouris,June Grumathan,Pyotr Mshvenieradze,Bryan Hart,Markus Kinnick,Emmanuelle Maximova,thefutureisnow
amjohnson636,No Face,Snowpapi,Niklas Lundberg,Yung P. Ush,Jagger Eriksson,Sconnie McHits Jr.,Juho Koivunen,Marc Granite,Markus Kinnick,Kellan Chamberlain,chop
Chevy,Sconnie McHits Jr.,Sartin Mont-Louis,No Face,Snowpapi,Niklas Lundberg,Pyotr Mshvenieradze,Nate Terpestra,Winnie L'Ourson,Abigail Goetze,Chad Yasutora,Stromboli
brolafleur9,Finn Lafleur,Aneeq,Pyotr Mshvenieradze,Reeltor19,Cameron Squires,Tim Riggins Jr,Ethan Carson,Hansueli Hugentobler,Agustin Tapia,Aditya,lafleur
BigHops,Ryder Halak the Second,Spyro Kouris,June Grumathan,Kellan Chamberlain,Snowpapi,Pyotr Mshvenieradze,Jagger Eriksson,,Booksy Jefferson,Sconnie McHits Jr.,BigDraft
ValorX77,Sconnie McHits Jr.,Ryder Halak the Second,Spyro Kouris,June Grumathan,Sartin Mont-Louis,Emmanuelle Maximova,Markus Kinnick,No Face,Juho Koivunen,Jagger Eriksson,Valor
tgerv,No Face,Sconnie McHits Jr.,June Grumathan,Marc Granite,Snowpapi,Booksy Jefferson,Alex Bull,Markus Kinnick,Ryder Halak the Second,Bryan Hart,Jarvis
Grum,No Face,Sconnie McHits Jr.,Snowpapi,Pyotr Mshvenieradze,Jagger Eriksson,Ryder Halak the Second,Spyro Kouris,Emmanuelle Maximova,Sartin Mont-Louis,Blaze I. Ken,lop
Lumosityfan,Marc Granite,Snowpapi,Jagger Eriksson,Sartin Mont-Louis,King Théoden,Ryder Halak the Second,June Grumathan,Morbin Norman,Pyotr Mshvenieradze,No Face,hello
hexagon6,Jagger Eriksson,No Face,Snowpapi,Niklas Lundberg,Bryan Hart,Kellan Chamberlain,Sconnie McHits Jr.,Ryder Halak the Second,Marc Granite,Chirpley Benson,jumbo
eerku,Snowpapi,Cameron Squires,No Face,Niklas Lundberg,Patty Maroon,Pyotr Mshvenieradze,Ryder Halak the Second,Sconnie McHits Jr.,Matyáš Vamos,Sheamus Mcdonald,Pierogilla
Nuck,No Face,Snowpapi,Niklas Lundberg,Yung P. Ush,Jagger Eriksson,Sconnie McHits Jr.,Juho Koivunen,Marc Granite,Markus Kinnick,Kellan Chamberlain,Nuck
Louchyz,No Face,Marc Granite,Ryder Halak the Second,Snowpapi,Kellan Chamberlain,Pyotr Mshvenieradze,Sartin Mont-Louis,Aatu Göatü,Sconnie McHits Jr.,Emmanuelle Maximova,Platoon
FingolfinandRingil,No Face,Snowpapi,Marc Granite,Pyotr Mshvenieradze,June Grumathan,Niklas Lundberg,Sconnie McHits Jr.,Kellan Chamberlain,Ryder Halak the Second,King Théoden,Bazooka
Tate,Sconnie McHits Jr.,Ryder Halak the Second,Spyro Kouris,June Grumathan,Sartin Mont-Louis,Emmanuelle Maximova,Markus Kinnick,No Face,Juho Koivunen,Jagger Eriksson,Bananas
tomtommen,Niklas Lundberg,Ryder Halak the Second,Sconnie McHits Jr.,Spyro Kouris,June Grumathan,Kellan Chamberlain,Snowpapi,Pyotr Mshvenieradze,Jagger Eriksson,Sartin Mont-Louis,t0m
Southie,No Face,Niklas Lundberg,Snowpapi,Sconnie McHits Jr.,Pyotr Mshvenieradze,Spyro Kouris,Jagger Eriksson,Yung P. Ush,Markus Kinnick,Emmanuelle Maximova,NoPoints
mutedfaith,No Face,Snowpapi,Juho Koivunen,Kellan Chamberlain,Jagger Eriksson,Pyotr Mshvenieradze,Sigge Holmvik,Sartin Mont-Louis,Hansueli Hugentobler,Sconnie McHits Jr.,word
sadie,No Face,Snowpapi,Jagger Eriksson,Sartin Mont-Louis,Niklas Lundberg,Juho Koivunen,Ryder Halak the Second,Sconnie McHits Jr.,Bryan Hart,June Grumathan,aurora
karlssens,No Face,Niklas Lundberg,Kellan Chamberlain,Emmanuelle Maximova,Ryder Halak the Second,Sconnie McHits Jr.,Snowpapi,Jagger Eriksson,June Grumathan,King Théoden,karl
scudmuffin19,Sconnie McHits Jr.,Ryder Halak the Second,Emmanuelle Maximova,Markus Kinnick,Kevin Broadway,June Grumathan,Spyro Kouris,Hanna Söderberg-Motyla,Kellan Chamberlain,Matyáš Vamos,scud
Dziadek93,No Face,Niklas Lundberg,Ryder Halak the Second,Sconnie McHits Jr.,Spyro Kouris,June Grumathan,Kellan Chamberlain,Snowpapi,Pyotr Mshvenieradze,Jagger Eriksson,Done.
hockeyfan,Marc Granite,Snowpapi,Jagger Eriksson,Sartin Mont-Louis,Reeltor19,Ryder Halak the Second,June Grumathan,Morbin Norman,Pyotr Mshvenieradze,No Face,notme
Dman2213,No Face,Snowpapi,Spyro Kouris,June Grumathan,Jagger Eriksson,Sartin Mont-Louis,Ryder Halak the Second,Bryan Hart,Sconnie McHits Jr.,Crazy Tomato III,Tree
theevilisback,No Face,Niklas Lundberg,Sconnie McHits Jr.,Ryder Halak the Second,Spyro Kouris,Kellan Chamberlain,June Grumathan,Emmanuelle Maximova,Kevin Broadway,Sartin Mont-Louis,banana
Kikou,No Face,Niklas Lundberg,Sconnie McHits Jr.,Snowpapi,Ryder Halak the Second,Bryan Hart,Kellan Chamberlain,Pyotr Mshvenieradze,June Grumathan,Spyro Kouris,insalubre
Pulling-Teeth,No Face,Marc Granite,Ryder Halak the Second,Sconnie McHits Jr.,Sartin Mont-Louis,Snowpapi,Dale Makar,Finn Lafleur,Jayden McMorris,Matthias Mouse,Teeth
Skeezer,Snowpapi,Aatu Göatü,Marc Granite,Spyro Kouris,Ryder Halak the Second,June Grumathan,Jagger Eriksson,Kellan Chamberlain,Alex Bull,Sconnie McHits Jr.,Skeez
Zerg,No Face,Emmanuelle Maximova,Sconnie McHits Jr.,Ryder Halak the Second,Niklas Lundberg,Kevin Broadway,Sartin Mont-Louis,Spyro Kouris,Kellan Chamberlain,June Grumathan,kekw
Dextaria,Sconnie McHits Jr.,Ryder Halak the Second,No Face,Jagger Eriksson,Snowpapi,Pyotr Mshvenieradze,June Grumathan,Niklas Lundberg,Kellan Chamberlain,Sartin Mont-Louis,Dex
DApolloS,No Face,Niklas Lundberg,Sconnie McHits Jr.,Snowpapi,Ryder Halak the Second,Bryan Hart,Kellan Chamberlain,Spyro Kouris,Pyotr Mshvenieradze,June Grumathan,Meow
Scp999v2,No Face,Niklas Lundberg,Sconnie McHits Jr.,Seth Lee,Crazy Tomato III,Leyla Egli,Dale Makar,Lord Megatron,Mid Man,Nate Terpestra,fish
Norm McDangles,No Face,Snowpapi,Pyotr Mshvenieradze,Bryan Hart,Kevin Broadway,Sconnie McHits Jr.,Niklas Lundberg,Ryder Halak the Second,June Grumathan,Spyro Kouris,potato
NotoriousTRON,No Face,Spyro Kouris,Snowpapi,Sconnie McHits Jr.,Ryder Halak the Second,Bryan Hart,Niklas Lundberg,Kellan Chamberlain,Pyotr Mshvenieradze,June Grumathan,apples
Lorenzion,Jagger Eriksson,June Grumathan,Sconnie McHits Jr.,Pyotr Mshvenieradze,No Face,Ryder Halak the Second,Snowpapi,Spyro Kouris,Markus Kinnick,Sartin Mont-Louis,ohbrother
Prayl07,No Face,Niklas Lundberg,Sconnie McHits Jr.,Spyro Kouris,Ryder Halak the Second,Kellan Chamberlain,June Grumathan,Emmanuelle Maximova,Kevin Broadway,Sartin Mont-Louis,Railman
rlg91,Marc Granite,Snowpapi,Jagger Eriksson,Sartin Mont-Louis,Alex Bull,Ryder Halak the Second,June Grumathan,Morbin Norman,Emmanuelle Maximova,No Face,marner
RoyRivers,No Face,Niklas Lundberg,Sconnie McHits Jr.,Ryder Halak the Second,Spyro Kouris,Kellan Chamberlain,June Grumathan,Emmanuelle Maximova,Kevin Broadway,Sartin Mont-Louis,cold
ocho,Marc Granite,Snowpapi,Jagger Eriksson,Sartin Mont-Louis,Alex Bull,Ryder Halak the Second,June Grumathan,Morbin Norman,Pyotr Mshvenieradze,No Face,ocho
puolivalmiste,Marc Granite,Snowpapi,Jagger Eriksson,Sartin Mont-Louis,Alex Bull,Ryder Halak the Second,June Grumathan,Morbin Norman,Pyotr Mshvenieradze,No Face,tällästäkuulin
Evok,No Face,Niklas Lundberg,Sconnie McHits Jr.,Ryder Halak the Second,Spyro Kouris,Kellan Chamberlain,June Grumathan,Emmanuelle Maximova,Kevin Broadway,Sartin Mont-Louis,adasfasdfasdfas
ludovinci,Aatu Göatü,John Marston,Cameron Squires,Ryder Halak the Second,Matthias Mouse,Patrick Moore,Hansueli Hugentobler,Patty Maroon,Niklas Lundberg,John Ludo,Deadlocked
jason97,Sartin Mont-Louis,Kevin Broadway,Emmanuelle Maximova,June Grumathan,Kellan Chamberlain,Spyro Kouris,Ryder Halak the Second,Sconnie McHits Jr.,Niklas Lundberg,No Face,monarchs
Stamkos Is My Dad,Marc Granite,Snowpapi,Jagger Eriksson,Sartin Mont-Louis,Alex Bull,Ryder Halak the Second,June Grumathan,Morbin Norman,Pyotr Mshvenieradze,No Face,Ziggy
enigmatic,No Face,Sconnie McHits Jr.,Snowpapi,Ryder Halak the Second,June Grumathan,Kellan Chamberlain,Emmanuelle Maximova,Sartin Mont-Louis,Markus Kinnick,Winnie L'Ourson,Verification Word
JamesT,No Face,Ryder Halak the Second,Sconnie McHits Jr.,Spyro Kouris,June Grumathan,Snowpapi,Pyotr Mshvenieradze,Jagger Eriksson,Emmanuelle Maximova,Sartin Mont-Louis,BTS
bjkman,No Face,Snowpapi,Niklas Lundberg,Sconnie McHits Jr.,Crazy Tomato III,Spyro Kouris,Kellan Chamberlain,June Grumathan,Morbin Norman,Ryder Halak the Second,Bosh!
Rancidbudgie,Ryder Halak the Second,No Face,Sconnie McHits Jr.,Kellan Chamberlain,Abigail Goetze,Niklas Lundberg,Snowpapi,Spyro Kouris,Crazy Tomato III,Pyotr Mshvenieradze,Aurora
laynr.h,No Face,Ryder Halak the Second,Sconnie McHits Jr.,Jagger Eriksson,June Grumathan,Niklas Lundberg,Alex Bull,King Théoden,Emmanuelle Maximova,Emmanuelle Maximova,DRAFT
McLumberjack,No Face,Emmanuelle Maximova,Pyotr Mshvenieradze,Snowpapi,Jagger Eriksson,Ryder Halak the Second,Sartin Mont-Louis,Sconnie McHits Jr.,Blaze I. Ken,June Grumathan,gronk
Nol15736,No Face,Snowpapi,Niklas Lundberg,Sconnie McHits Jr.,Ryder Halak the Second,Spyro Kouris,Kellan Chamberlain,June Grumathan,Kevin Broadway,Sartin Mont-Louis,Five Hole
Metafiction,Hanna Söderberg-Motyla,Niklas Lundberg,Ryder Halak the Second,Sartin Mont-Louis,Emmanuelle Maximova,Kevin Broadway,Markus Kinnick,Jagger Eriksson,Pyotr Mshvenieradze,June Grumathan,Donnybrook
gifter of bikes,No Face,Snowpapi,Niklas Lundberg,Sconnie McHits Jr.,Jagger Eriksson,Ryder Halak the Second,Spyro Kouris,Sartin Mont-Louis,June Grumathan,Pyotr Mshvenieradze,Crisis
spidey,No Face,Snowpapi,Sconnie McHits Jr.,Ryder Halak the Second,Sartin Mont-Louis,Spyro Kouris,Niklas Lundberg,Kellan Chamberlain,June Grumathan,Emmanuelle Maximova,Excelsior
Weaves,No Face,Snowpapi,Sconnie McHits Jr.,Ryder Halak the Second,Sartin Mont-Louis,Spyro Kouris,Niklas Lundberg,Kellan Chamberlain,June Grumathan,Emmanuelle Maximova,spidey
Aleris,No Face,Jagger Eriksson,Ryder Halak the Second,Snowpapi,Sconnie McHits Jr.,Emmanuelle Maximova,June Grumathan,Pyotr Mshvenieradze,Blaze I. Ken,Sartin Mont-Louis,dope
Brandon,No Face,Snowpapi,Sconnie McHits Jr.,Ryder Halak the Second,Sartin Mont-Louis,Spyro Kouris,Niklas Lundberg,Kellan Chamberlain,June Grumathan,Emmanuelle Maximova,sigge
ZootTX,No Face,Ryder Halak the Second,Sconnie McHits Jr.,June Grumathan,Snowpapi,Niklas Lundberg,Jagger Eriksson,Sartin Mont-Louis,Pyotr Mshvenieradze,Kellan Chamberlain,toots
Wrehkz,No Face,Niklas Lundberg,Sconnie McHits Jr.,Ryder Halak the Second,Spyro Kouris,Kellan Chamberlain,June Grumathan,Emmanuelle Maximova,Kevin Broadway,Sartin Mont-Louis,Bald
Ronniewalker,No Face,Pyotr Mshvenieradze,Sconnie McHits Jr.,Snowpapi,June Grumathan,Spyro Kouris,Jagger Eriksson,Markus Kinnick,Sartin Mont-Louis,Alex Bull,Burp!
Lem,No Face,Snowpapi,Niklas Lundberg,Spyro Kouris,Sconnie McHits Jr.,Pyotr Mshvenieradze,June Grumathan,Jagger Eriksson,Markus Kinnick,Ryder Halak the Second,Lem
Eggcracker,No Face,Snowpapi,Sconnie McHits Jr.,Niklas Lundberg,Ryder Halak the Second,Sartin Mont-Louis,June Grumathan,Alex Bull,Pyotr Mshvenieradze,Emmanuelle Maximova,Platypus
captainsb,No Face,Ryder Halak the Second,June Grumathan,Sconnie McHits Jr.,Sartin Mont-Louis,Snowpapi,Jagger Eriksson,Spyro Kouris,Kellan Chamberlain,Niklas Lundberg,Lemur
TubaDeus,No Face,Niklas Lundberg,Ryder Halak the Second,Snowpapi,Sconnie McHits Jr.,Jagger Eriksson,Sartin Mont-Louis,June Grumathan,Spyro Kouris,Kellan Chamberlain,Melons
overdoo,Sconnie McHits Jr.,Sartin Mont-Louis,No Face,Snowpapi,Niklas Lundberg,Pyotr Mshvenieradze,Nate Terpestra,Winnie L'Ourson,Abigail Goetze,Chad Yasutora,hashbrown
hockeymil,No Face,Niklas Lundberg,Sartin Mont-Louis,Sconnie McHits Jr.,Ryder Halak the Second,Kellan Chamberlain,Emmanuelle Maximova,Snowpapi,June Grumathan,Markus Kinnick,shoot
marshi,No Face,Ryder Halak the Second,Sconnie McHits Jr.,Spyro Kouris,June Grumathan,Snowpapi,Pyotr Mshvenieradze,Jagger Eriksson,Emmanuelle Maximova,Sartin Mont-Louis,blub
sliceruser,Ryder Halak the Second,No Face,Snowpapi,Sconnie McHits Jr.,Emmanuelle Maximova,June Grumathan,Pyotr Mshvenieradze,Blaze I. Ken,Sartin Mont-Louis,Jagger Eriksson,mograine
thatguy131,Marc Granite,Snowpapi,Jagger Eriksson,Ryder Halak the Second,Sartin Mont-Louis,Morbin Norman,No Face,Juho Koivunen,Pyotr Mshvenieradze,Markus Kinnick,pants
Clint Eastwood,No Face,Marc Granite,Ryder Halak the Second,Sconnie McHits Jr.,Sartin Mont-Louis,Snowpapi,Dale Makar,Finn Lafleur,Jayden McMorris,Jagger Eriksson,Penis
Lpapi,No Face,Jagger Eriksson,Snowpapi,Pyotr Mshvenieradze,Emmanuelle Maximova,Ryder Halak the Second,June Grumathan,Sconnie McHits Jr.,Blaze I. Ken,Sartin Mont-Louis,papipicks
NorwegianDemon,No Face,Ryder Halak the Second,Sconnie McHits Jr.,June Grumathan,Snowpapi,Sartin Mont-Louis,Pyotr Mshvenieradze,Jagger Eriksson,Niklas Lundberg,Spyro Kouris,norway
icewindoo,Emmanuelle Maximova,Sconnie McHits Jr.,No Face,Bryan Hart,June Grumathan,Matyáš Vamos,Sartin Mont-Louis,Ryder Halak the Second,Sigge Holmvik,Pyotr Mshvenieradze,briar
NoFace,No Face,Ryder Halak the Second,Snowpapi,Pyotr Mshvenieradze,Jagger Eriksson,Emmanuelle Maximova,June Grumathan,Sconnie McHits Jr.,Blaze I. Ken,Sartin Mont-Louis,Crisp
pboomg,No Face,Jagger Eriksson,Ryder Halak the Second,Snowpapi,Sconnie McHits Jr.,Emmanuelle Maximova,June Grumathan,Pyotr Mshvenieradze,Blaze I. Ken,Sartin Mont-Louis,Verifimicqation
HoltzFan10,No Face,Snowpapi,Spyro Kouris,Pyotr Mshvenieradze,Alex Bull,June Grumathan,Niklas Lundberg,Kellan Chamberlain,Bryan Hart,Sartin Mont-Louis,x
Rich,No Face,Sconnie McHits Jr.,Snowpapi,Ryder Halak the Second,Sigge Holmvik,Pyotr Mshvenieradze,June Grumathan,Spyro Kouris,Jagger Eriksson,Sartin Mont-Louis,Space!
Vrainrain,No Face,Sconnie McHits Jr.,Snowpapi,Sigge Holmvik,Pyotr Mshvenieradze,Ryder Halak the Second,June Grumathan,Jagger Eriksson,Spyro Kouris,Emmanuelle Maximova,Spiffy
NYRangers,Marc Granite,Snowpapi,Jagger Eriksson,King Théoden,Sartin Mont-Louis,Ryder Halak the Second,June Grumathan,Morbin Norman,No Face,Marty Turco,McKenna
Keven,No Face,Ryder Halak the Second,Snowpapi,Sconnie McHits Jr.,June Grumathan,Emmanuelle Maximova,Pyotr Mshvenieradze,Spyro Kouris,Jagger Eriksson,Sartin Mont-Louis,desk
BoxOfRox,Ryder Halak the Second,Snowpapi,John Ludo,Matthias Mouse,Jagger Eriksson,Swim Shady,Mariano Martino,Aneeq,Emmanuelle Maximova,Markus Kinnick,Jimmy Carter
swoosh,No Face,Sconnie McHits Jr.,Snowpapi,Ryder Halak the Second,June Grumathan,Kellan Chamberlain,Emmanuelle Maximova,Sartin Mont-Louis,Markus Kinnick,Winnie L'Ourson,copy
Jorec,Sconnie McHits Jr.,No Face,Sartin Mont-Louis,June Grumathan,Blaze I. Ken,Kellan Chamberlain,Jagger Eriksson,Snowpapi,Emmanuelle Maximova,Ryder Halak the Second,yeps
Murtsi,No Face,Sconnie McHits Jr.,Ryder Halak the Second,Snowpapi,Emmanuelle Maximova,June Grumathan,Blaze I. Ken,Pyotr Mshvenieradze,Sartin Mont-Louis,Jagger Eriksson,Puffin
Ashes,Niklas Lundberg,Sconnie McHits Jr.,Ryder Halak the Second,Spyro Kouris,Kellan Chamberlain,June Grumathan,Emmanuelle Maximova,Kevin Broadway,No Face,Sartin Mont-Louis,yabbadabbadoo
MWildcat7,Dave Wildcat,Anthony McFarland,Alexander Ovechkin,Kevin Broadway,Martin Kovář,Dakota Glover Jr.,Aatu Göatü,Ari,Blaze I. Ken,Andrew Rodrigues,Goal
Daleks,No Face,Snowpapi,Pyotr Mshvenieradze,Kevin Broadway,King Théoden,Sconnie McHits Jr.,Ryder Halak the Second,Niklas Lundberg,Sartin Mont-Louis,Spyro Kouris,Top3easypick
Tripl3tsGamer,No Face,Ryder Halak the Second,Jagger Eriksson,Sconnie McHits Jr.,Sartin Mont-Louis,June Grumathan,Morbin Norman,Emmanuelle Maximova,Snowpapi,Pyotr Mshvenieradze,milano
dankoa,No Face,Sconnie McHits Jr.,Snowpapi,Ryder Halak the Second,June Grumathan,Kellan Chamberlain,Emmanuelle Maximova,Sartin Mont-Louis,Markus Kinnick,Winnie L'Ourson,rocky
Jexter,No Face,Ryder Halak the Second,Snowpapi,Sconnie McHits Jr.,Pyotr Mshvenieradze,Spyro Kouris,Sartin Mont-Louis,Jagger Eriksson,Emmanuelle Maximova,June Grumathan,Cheese
birb,No Face,Snowpapi,Sconnie McHits Jr.,Ryder Halak the Second,Emmanuelle Maximova,Pyotr Mshvenieradze,June Grumathan,Sartin Mont-Louis,Blaze I. Ken,Jagger Eriksson,birb
anywheresoundsnice,No Face,Ryder Halak the Second,Sconnie McHits Jr.,Spyro Kouris,June Grumathan,Snowpapi,Pyotr Mshvenieradze,Jagger Eriksson,Emmanuelle Maximova,Sartin Mont-Louis,Blub
OVOXO,Marc Granite,Snowpapi,Jagger Eriksson,Sartin Mont-Louis,Alex Bull,Ryder Halak the Second,June Grumathan,Morbin Norman,Pyotr Mshvenieradze,No Face,Moist
roastpuff,Sconnie McHits Jr.,Ryder Halak the Second,Spyro Kouris,June Grumathan,Sartin Mont-Louis,Emmanuelle Maximova,Markus Kinnick,No Face,Juho Koivunen,Jagger Eriksson,canadaaaaa
leviadan,Ryder Halak the Second,Sconnie McHits Jr.,June Grumathan,Spyro Kouris,Sartin Mont-Louis,Markus Kinnick,Emmanuelle Maximova,Juho Koivunen,Jagger Eriksson,No Face,bang
AuggieO,No Face,Marc Granite,Snowpapi,Ryder Halak the Second,Sconnie McHits Jr.,June Grumathan,Spyro Kouris,Kevin Broadway,Jagger Eriksson,Emmanuelle Maximova,tifter
Salming,No Face,Emmanuelle Maximova,Snowpapi,Ryder Halak the Second,Kellan Chamberlain,Sconnie McHits Jr.,Bryan Hart,Pyotr Mshvenieradze,Markus Kinnick,Hanna Söderberg-Motyla,Vamos
valpix,No Face,Emmanuelle Maximova,Hanna Söderberg-Motyla,Sconnie McHits Jr.,June Grumathan,Pyotr Mshvenieradze,Ryder Halak the Second,Jagger Eriksson,Snowpapi,Sartin Mont-Louis,fondue
Operation Ivy,No Face,Snowpapi,Sconnie McHits Jr.,Ryder Halak the Second,Sartin Mont-Louis,Spyro Kouris,Markus Kinnick,Kellan Chamberlain,June Grumathan,Emmanuelle Maximova,Ivy
Huck24,Sconnie McHits Jr.,Ryder Halak the Second,Spyro Kouris,June Grumathan,Sartin Mont-Louis,Emmanuelle Maximova,Markus Kinnick,No Face,Juho Koivunen,Jagger Eriksson,Friday
FourFour,No Face,Ryder Halak the Second,Sconnie McHits Jr.,June Grumathan,Snowpapi,Sartin Mont-Louis,Jagger Eriksson,Pyotr Mshvenieradze,Emmanuelle Maximova,Spyro Kouris,Pizza
Bluedog25123,Sconnie McHits Jr.,No Face,Kellan Chamberlain,Markus Kinnick,Ryder Halak the Second,Emmanuelle Maximova,Spyro Kouris,June Grumathan,Sartin Mont-Louis,Niklas Lundberg,Joker
Magenta,June Grumathan,Emmanuelle Maximova,No Face,Snowpapi,Ryder Halak the Second,Sconnie McHits Jr.,Pyotr Mshvenieradze,Spyro Kouris,Jagger Eriksson,Sartin Mont-Louis,Zipper
McAl95,No Face,Sconnie McHits Jr.,Emmanuelle Maximova,Snowpapi,Ryder Halak the Second,June Grumathan,Spyro Kouris,Jagger Eriksson,Kevin Broadway,Juho Koivunen,buck
Dash,No Face,Ryder Halak the Second,Snowpapi,Sconnie McHits Jr.,June Grumathan,Emmanuelle Maximova,Pyotr Mshvenieradze,Spyro Kouris,Jagger Eriksson,Sartin Mont-Louis,Dash
Banackock,No Face,Niklas Lundberg,Sconnie McHits Jr.,June Grumathan,Kellan Chamberlain,Snowpapi,Petr Shirokov,Jagger Eriksson,Bryan Hart,Emmanuelle Maximova,Trains
HoodratRoyalty,No Face,Niklas Lundberg,Snowpapi,Sconnie McHits Jr.,Ryder Halak the Second,Bryan Hart,Markus Kinnick,Emmanuelle Maximova,Winnie L'Ourson,Sartin Mont-Louis,Longshot
Fantobens,No Face,Snowpapi,Ryder Halak the Second,Sconnie McHits Jr.,Hanna Söderberg-Motyla,Kellan Chamberlain,Morbin Norman,Pyotr Mshvenieradze,Jagger Eriksson,June Grumathan,Yeah
Matteo,June Grumathan,Emmanuelle Maximova,No Face,Snowpapi,Ryder Halak the Second,Sconnie McHits Jr.,Pyotr Mshvenieradze,Spyro Kouris,Jagger Eriksson,Sartin Mont-Louis,Dog
roquefort,No Face,Ryder Halak the Second,Snowpapi,Sconnie McHits Jr.,June Grumathan,Emmanuelle Maximova,Pyotr Mshvenieradze,Spyro Kouris,Jagger Eriksson,Sartin Mont-Louis,rats
CybershadeEDM,No Face,Snowpapi,Sconnie McHits Jr.,Ryder Halak the Second,Jagger Eriksson,Spyro Kouris,June Grumathan,Kellan Chamberlain,Niklas Lundberg,Sartin Mont-Louis,Rug
morethanjustaguy,No Face,Ryder Halak the Second,Sconnie McHits Jr.,June Grumathan,Snowpapi,Sartin Mont-Louis,Jagger Eriksson,Pyotr Mshvenieradze,Emmanuelle Maximova,Spyro Kouris,lucky
Casey,Sconnie McHits Jr.,Snowpapi,Winnie L'Ourson,Markus Kinnick,Sartin Mont-Louis,Ryder Halak the Second,June Grumathan,Emmanuelle Maximova,Kellan Chamberlain,No Face,top10isAmyth
Raindelay,No Face,Sconnie McHits Jr.,Niklas Lundberg,Marc Granite,Ryder Halak the Second,Finn Lafleur,Kellan Chamberlain,Sartin Mont-Louis,Juho Koivunen,Snowpapi,Spring
ilgatto,Akmed Svärd,Aneeq,Ari,Blaze I. Ken,Aneeq,Anthony McFarland,Alexander Ovechkin,Anthony McFarland,Aneeq,Bonk,Cats
Hetaksh,Snowpapi,Jagger Eriksson,Marc Granite,Sartin Mont-Louis,Alex Bull,Ryder Halak the Second,June Grumathan,Morbin Norman,Pyotr Mshvenieradze,No Face,Heta
Ltblackgrizzly,No Face,Snowpapi,Sconnie McHits Jr.,Pyotr Mshvenieradze,Jagger Eriksson,Finn Lafleur,Ryder Halak the Second,Marc Granite,Hanna Söderberg-Motyla,Sartin Mont-Louis,Grizzly
Raf_TML,No Face,Jagger Eriksson,Ryder Halak the Second,Snowpapi,Sconnie McHits Jr.,Emmanuelle Maximova,June Grumathan,Pyotr Mshvenieradze,Blaze I. Ken,Sartin Mont-Louis,Pineapple
Sburbine,No Face,Ryder Halak the Second,Sconnie McHits Jr.,Spyro Kouris,June Grumathan,Snowpapi,Pyotr Mshvenieradze,Jagger Eriksson,Emmanuelle Maximova,Sartin Mont-Louis,sburb
WithTheMoose,No Face,Ryder Halak the Second,Snowpapi,Sconnie McHits Jr.,Emmanuelle Maximova,June Grumathan,Pyotr Mshvenieradze,Blaze I. Ken,Sartin Mont-Louis,Jagger Eriksson,penguin
Vumion,No Face,Snowpapi,June Grumathan,Niklas Lundberg,Ryder Halak the Second,Pyotr Mshvenieradze,Morbin Norman,Sconnie McHits Jr.,Juho Koivunen,Jagger Eriksson,Toast
cowbutch,No Face,Snowpapi,June Grumathan,Sconnie McHits Jr.,Ryder Halak the Second,Sartin Mont-Louis,Emmanuelle Maximova,Jagger Eriksson,Spyro Kouris,Finn Lafleur,lesbians
ACapitalChicago,No Face,Niklas Lundberg,Snowpapi,Pyotr Mshvenieradze,Sconnie McHits Jr.,Ryder Halak the Second,June Grumathan,Kellan Chamberlain,Emmanuelle Maximova,Markus Kinnick,Cap
Slothfacekilla,No Face,Ryder Halak the Second,June Grumathan,Sconnie McHits Jr.,Snowpapi,Sartin Mont-Louis,Jagger Eriksson,Pyotr Mshvenieradze,Niklas Lundberg,Spyro Kouris,slothin
Snussu,No Face,Emmanuelle Maximova,Ryder Halak the Second,Snowpapi,Pyotr Mshvenieradze,June Grumathan,Sartin Mont-Louis,Sconnie McHits Jr.,Jagger Eriksson,Blaze I. Ken,Yeet
scrufdaddy,No Face,Sconnie McHits Jr.,Snowpapi,Ryder Halak the Second,Sigge Holmvik,Pyotr Mshvenieradze,June Grumathan,Spyro Kouris,Jagger Eriksson,Sartin Mont-Louis,scruf
Durodo,No Face,Pyotr Mshvenieradze,Sconnie McHits Jr.,Snowpapi,June Grumathan,Spyro Kouris,Jagger Eriksson,Markus Kinnick,Sartin Mont-Louis,Alex Bull,hope
Steelflex,No Face,Snowpapi,Sconnie McHits Jr.,Ryder Halak the Second,Sartin Mont-Louis,Niklas Lundberg,Jagger Eriksson,Emmanuelle Maximova,Spyro Kouris,Alex Bull,sneed
Otrebor13,No Face,Niklas Lundberg,Snowpapi,Sconnie McHits Jr.,Ryder Halak the Second,Sartin Mont-Louis,Spyro Kouris,June Grumathan,Emmanuelle Maximova,Jagger Eriksson,Verification
omij,No Face,Sam Lewchuk,Snowpapi,Ryder Halak the Second,Spyro Kouris,June Grumathan,Sartin Mont-Louis,Jagger Eriksson,Emmanuelle Maximova,Kellan Chamberlain,basil
CaptainCrazy,No Face,Ryder Halak the Second,Sconnie McHits Jr.,Snowpapi,June Grumathan,Sartin Mont-Louis,Jagger Eriksson,Pyotr Mshvenieradze,Emmanuelle Maximova,Spyro Kouris,cake
FuriousChicken,No Face,Snowpapi,Niklas Lundberg,Sconnie McHits Jr.,Juho Koivunen,Markus Kinnick,Ryder Halak the Second,Kellan Chamberlain,Ethan Carson,June Grumathan,cHICKENWING
bobdigi9,Jagger Eriksson,Kellan Chamberlain,Ryder Halak the Second,No Face,Snowpapi,June Grumathan,Sconnie McHits Jr.,Spyro Kouris,Niklas Lundberg,Pyotr Mshvenieradze,pistachio
Gaia Mormont,Niklas Lundberg,No Face,Snowpapi,Sconnie McHits Jr.,Jagger Eriksson,Ryder Halak the Second,Emmanuelle Maximova,June Grumathan,Spyro Kouris,Sartin Mont-Louis,Jelly
Brenadyrn,No Face,Snowpapi,Sconnie McHits Jr.,Ryder Halak the Second,June Grumathan,Emmanuelle Maximova,Sartin Mont-Louis,Pyotr Mshvenieradze,Niklas Lundberg,Alex Bull,Waffle
Dangles13,No Face,Niklas Lundberg,Sconnie McHits Jr.,Ryder Halak the Second,Spyro Kouris,Kellan Chamberlain,June Grumathan,Emmanuelle Maximova,Kevin Broadway,Sartin Mont-Louis,Helicopter
VerdantSky,No Face,Snowpapi,Ryder Halak the Second,Sconnie McHits Jr.,June Grumathan,Spyro Kouris,Sartin Mont-Louis,Jagger Eriksson,Emmanuelle Maximova,Niklas Lundberg,Horse
Bearen,No Face,Niklas Lundberg,Sconnie McHits Jr.,June Grumathan,Kellan Chamberlain,Snowpapi,Pyotr Mshvenieradze,Jagger Eriksson,Emmanuelle Maximova,Bryan Hart,Bear
Sajkashi,No Face,Snowpapi,Ryder Halak the Second,Yung P. Ush,June Grumathan,Spyro Kouris,Sartin Mont-Louis,Jagger Eriksson,Emmanuelle Maximova,Niklas Lundberg,SkyIsTheLimit
Renomitsu,No Face,Snowpapi,Niklas Lundberg,Sconnie McHits Jr.,Juho Koivunen,Ryder Halak the Second,Kellan Chamberlain,Ethan Carson,June Grumathan,Markus Kinnick,vagabond
Muerto,No Face,Snowpapi,Sconnie McHits Jr.,Emmanuelle Maximova,Markus Kinnick,Jagger Eriksson,Markus Kinnick,Bryan Hart,Sigge Holmvik,Spyro Kouris,skyrim
NJBadApple,No Face,Ryder Halak the Second,Sconnie McHits Jr.,June Grumathan,Snowpapi,Sartin Mont-Louis,Pyotr Mshvenieradze,Jagger Eriksson,Niklas Lundberg,Spyro Kouris,applepie
NaomiMannequeen,No Face,Snowpapi,Sconnie McHits Jr.,Ryder Halak the Second,Bryan Hart,Sigge Holmvik,Emmanuelle Maximova,Markus Kinnick,Pyotr Mshvenieradze,Sartin Mont-Louis,Kitsune
TipToasty,No Face,Snowpapi,Sconnie McHits Jr.,Emmanuelle Maximova,Markus Kinnick,Jagger Eriksson,Ryder Halak the Second,June Grumathan,Sartin Mont-Louis,Pyotr Mshvenieradze,Crawl
