team,season,sav,sht,cf,PDO
ATL,66,0.9046483909415971,0.10938654841093866,0.5987309813301441,101.40349393525358
ATL,67,0.9071353620146905,0.1186372745490982,0.5597937796947131,102.57726365637888
ATL,68,0.9213884635017866,0.1183585313174946,0.5522866297698805,103.97469948192813
ATL,69,0.8943965517241379,0.10731348768834988,0.5770525008984285,100.17100394124878
ATL,70,0.8941684665226782,0.12196007259528131,0.5814162234042554,101.61285391179595
ATL,71,0.8928934010152284,0.09518754423213022,0.5789963123296457,98.80809452473586
ATL,72,0.9014925373134328,0.09564621186150155,0.5789539775224462,99.71387491749344
ATL,73,0.8999714204058302,0.11257840871574777,0.5624066506974779,101.2549829121578
ATL,74,0.8984881209503239,0.1138377641445126,0.5513945993999333,101.23258850948365
ATL,75,0.8962620747585048,0.1008801624915369,0.5388541005765358,99.71422372500417
ATL,76,0.8942307692307693,0.09301456854688084,0.5124243438060768,98.72453377776502
ATL,77,0.9006908462867013,0.11004601226993865,0.5183629343629343,101.07368585566398
ATL,78,0.8927134555207867,0.10383912248628885,0.5213096971254032,99.65525780070756
ATL,79,0.891459074733096,0.10871212121212122,0.528173506272592,100.01711959452173
ATL,80,0.901,0.12237159600137884,0.5676347258891132,102.3371596001379
ATL,81,0.9103908484270734,0.10831792975970425,0.5474918416264765,101.87087781867777
BAP,66,0.8905222437137331,0.10611604809200209,0.4298148276579513,99.66382918057353
BAP,67,0.8796780684104628,0.10893371757925072,0.39103511364436,98.86117859897135
BAP,68,0.8890219560878243,0.09915966386554621,0.41972543352601155,98.81816199533705
BAP,69,0.8838526912181303,0.09364977549711354,0.39137040413248253,97.75024667152438
BAP,70,0.8977611940298508,0.09642682329907,0.45238646512089437,99.41880173289208
BAP,71,0.8843626806833115,0.11097899326198969,0.5162525686530918,99.53416739453012
BAP,72,0.8915410385259631,0.1065251572327044,0.4962759954860551,99.80661957586675
BAP,73,0.9013157894736842,0.10932235117933359,0.5022877039509654,101.06381406530178
BAP,74,0.9070663811563169,0.1148014440433213,0.5362038140643623,102.18678251996383
BAP,75,0.8996960486322189,0.1163375224416517,0.5371584382433138,101.60335710738705
BAP,76,0.9167429094236048,0.12454655380894801,0.5160086054163503,104.12894632325529
BAP,77,0.8896426956128448,0.11541501976284585,0.5136169050004554,100.50577153756906
BAP,78,0.8981769675411294,0.10556621880998081,0.5271815569008744,100.37431863511101
BAP,79,0.9008928571428572,0.10670482420278005,0.5018259741043672,100.75976813456373
BAP,80,0.896608091540662,0.10493571132310245,0.5009165489677555,100.15438028637644
BAP,81,0.9011857707509882,0.10653962754439152,0.49950938304918435,100.77253982953798
BUF,66,0.8945703742751713,0.11067657411028549,0.5650594127467348,100.52469483854567
BUF,67,0.8929815828770533,0.11752136752136752,0.5292637306580513,101.05029503984208
BUF,68,0.9026845637583892,0.10999641705481907,0.5555692307692308,101.26809808132083
BUF,69,0.9063613231552163,0.10201200141193081,0.5761301423431878,100.8373324567147
BUF,70,0.8961038961038961,0.1034850640113798,0.5598968724103005,99.95889601152759
BUF,71,0.9073377234242709,0.11004075583549462,0.5675848230572784,101.73784792597655
BUF,72,0.9021509911429777,0.10836024398995335,0.5417750526446179,101.0511235132931
BUF,73,0.9064748201438849,0.10539130434782609,0.5562242090784044,101.18661244917111
BUF,74,0.9108225108225109,0.11559888579387187,0.5560266864343959,102.64213966163827
BUF,75,0.9090522736931577,0.10689273866568375,0.5344863144869038,101.59450123588414
BUF,76,0.9058823529411765,0.10490266762797404,0.5343843132885832,101.07850205691504
BUF,77,0.908683245006115,0.10608365019011406,0.5163791832522483,101.4766895196229
BUF,78,0.8948176583493282,0.11132218844984802,0.5141188750035262,100.61398467991762
BUF,79,0.9082240762812872,0.09787928221859707,0.491971835135374,100.61033584998842
BUF,80,0.8983634797588286,0.10823529411764705,0.5142882551728226,100.65987738764757
BUF,81,0.905562224889956,0.10497017892644135,0.48636080077128113,101.05324038163974
CGY,66,0.8914414414414414,0.10379981464318813,0.45271256134765886,99.52412560846295
CGY,67,0.9034141958670261,0.13280888477556688,0.4516273419016561,103.6223080642593
CGY,68,0.8994657600777076,0.11842706904435299,0.4729440538061755,101.78928291220606
CGY,69,0.9017456359102244,0.11764705882352941,0.4871924673483851,101.93926947337538
CGY,70,0.9021526418786693,0.11911111111111111,0.4719529533410883,102.12637529897803
CGY,71,0.8892828999211978,0.10168625447112928,0.43307005494505496,99.09691543923272
CGY,72,0.90030518819938965,0.10368066355624676,0.40582207588392777,100.39858517556364
CGY,73,0.8950756356614097,0.09152389540126239,0.4128833161889405,98.65995310626721
CGY,74,0.8841107871720116,0.11456211812627291,0.4241774420688772,99.86729052982845
CGY,75,0.9006823351023503,0.10714285714285714,0.4240890688259109,100.78251922452075
CGY,76,0.887582659808964,0.09746274667740637,0.49052920542931217,98.50454064863705
CGY,77,0.8793576184880533,0.09794776119402986,0.4579273427162276,97.73053796820831
CGY,78,0.900574458683164,0.11543684925305568,0.49319672398603454,101.60113079362196
CGY,79,0.895464362850972,0.10752688172043011,0.503218729251465,100.2991244571402
CGY,80,0.9082641360221432,0.10583941605839416,0.4680261553806938,101.41035520805373
CGY,81,0.8920676202860858,0.11142625607779579,0.5103964834147893,100.34938763638817
CHI,66,0.9042443064182195,0.11225658648339061,0.5712324393358876,101.65008929016102
CHI,67,0.8898876404494382,0.10568031704095113,0.5439975603971131,99.55679574903894
CHI,68,0.8896631823461092,0.1110260336906585,0.5840036033717264,100.06892160367677
CHI,69,0.896551724137931,0.12215909090909091,0.5595950908068411,101.87108150470219
CHI,70,0.8916155419222904,0.11415730337078651,0.5365056673133871,100.5772845293077
CHI,71,0.8873239436619719,0.11604234527687296,0.5252071383046526,100.33662889388448
CHI,72,0.9026876737720111,0.1226696495152871,0.5499456268448035,102.53573232872981
CHI,73,0.8992053534086156,0.10436432637571158,0.5274579139843443,100.35696797843272
CHI,74,0.8992,0.1049808429118774,0.5165043122169138,100.41808429118775
CHI,75,0.8820754716981132,0.10438596491228071,0.4978161851874961,98.64614366103939
CHI,76,0.8964357767316745,0.09903076274757691,0.46352117565378387,99.54665394792515
CHI,77,0.8949336960217613,0.11529933481152993,0.4443753708779564,101.02330308332913
CHI,78,0.8896356561726212,0.0932077342588002,0.44116577799321377,98.28433904314214
CHI,79,0.8891304347826087,0.10334075723830735,0.44896520611289686,99.24711920209161
CHI,80,0.8942901234567902,0.08864628820960699,0.4750446415503059,98.29364116663972
CHI,81,0.8914488258750554,0.12262902514336127,0.49904991705625096,101.40778510184165
EDM,66,0.8650184711565786,0.0958904109589041,0.35665556597368164,96.09088821154828
EDM,67,0.9009937430990063,0.10168506682161534,0.41238180196253343,100.26788099206216
EDM,68,0.8967468175388967,0.10619469026548672,0.4778581990816406,100.29415078043836
EDM,69,0.8950221784130113,0.10582010582010581,0.5430816016218956,100.0842284233117
EDM,70,0.8887846081651807,0.10857805255023184,0.562863360291013,99.73626607154125
EDM,71,0.9047391096218286,0.11713977721882861,0.5744232824187567,102.18788868406573
EDM,72,0.9042407660738714,0.11129296235679215,0.5867554568997411,101.55337284306636
EDM,73,0.9090019569471625,0.12664315485732608,0.6123244465603428,103.56451118044885
EDM,74,0.9089099054255849,0.12444017914267434,0.6014109347442681,103.33500845682593
EDM,75,0.8987792472024415,0.12052667116812964,0.5952855032436252,101.93059183705711
EDM,76,0.8930261912275166,0.11378977820636452,0.4213915937384445,100.68159694338812
EDM,77,0.8814415628157629,0.09612555174104953,0.4189914986342571,97.75671145568124
EDM,78,0.8906815936779717,0.09067085953878407,0.40099594139489364,98.13524532167558
EDM,79,0.8851504367518602,0.10485701316386746,0.4535844762532191,99.00074499157276
EDM,80,0.8811881188118812,0.09289617486338798,0.4411403452065421,97.40842936752692
EDM,81,0.8842504743833017,0.10573122529644269,0.4522606555253271,98.99816996797443
HAM,66,0.8998618784530387,0.10680016687526074,0.47822031526909803,100.66620453282995
HAM,67,0.8772409601944697,0.09163591635916359,0.3584641344837467,96.88768765536334
HAM,68,0.8831417624521073,0.10286382232612508,0.37381116925000824,98.60055847782324
HAM,69,0.8825688073394495,0.0911983032873807,0.42700791379020037,97.37671106268301
HAM,70,0.8826901031715705,0.10176041219407471,0.4992996264674493,98.44505153656452
HAM,71,0.8839535814325731,0.11194340407823554,0.5091089764822789,99.58969855108086
HAM,72,0.8830914083954492,0.11681136543014996,0.5115562403697997,99.99027738255991
HAM,73,0.8914100486223663,0.11756061719324026,0.50895234857499,100.89706658156065
HAM,74,0.8870392390011891,0.11135057471264367,0.5237454170485792,99.83898137138327
HAM,75,0.9010132501948558,0.12234240954867587,0.5094318373782307,102.33556597435316
HAM,76,0.8859060402684564,0.10182207931404073,0.5361875936645999,98.77281195824972
HAM,77,0.8829287392325763,0.10105448154657294,0.47128635915219275,98.39832207791493
HAM,78,0.8931577021587999,0.11743286299499317,0.45271326979255805,101.0590565153793
HAM,79,0.8808087974459028,0.103125,0.4686048210372535,98.39337974459028
HAM,80,0.8829827915869981,0.11072961373390558,0.50884610381163,99.37124053209037
HAM,81,0.8753056234718827,0.09087466868610375,0.4843982586715349,96.61802921579864
LAP,66,0.9013641133263379,0.1182756079587325,0.5809009946044335,101.96397212850705
LAP,67,0.8899385923476618,0.10467521721141912,0.5372783321680544,99.4613809559081
LAP,68,0.8896293211162016,0.10025706940874037,0.4668114564951812,98.9886390524942
LAP,69,0.8952702702702703,0.09080257762155829,0.44673351088829705,98.60728478918286
LAP,70,0.884115523465704,0.09143881667413715,0.4650131551719041,97.55543401398411
LAP,71,0.8858947368421053,0.08969315499606609,0.5291671581927568,97.55878918381714
LAP,72,0.8968629136226901,0.09529276693455797,0.5488789778206364,99.21556805572482
LAP,73,0.90919452887538,0.10458240946045824,0.5160479177261683,101.37769383358382
LAP,74,0.9065134099616858,0.11627906976744186,0.5307383105751611,102.27924797291277
LAP,75,0.895716140199048,0.12085911903895158,0.5455803952755441,101.65752592379995
LAP,76,0.9115867845509539,0.11208862821766048,0.5659425123995707,102.36754127686143
LAP,77,0.903692614770459,0.1052823315118397,0.5794046210375537,100.89749462822988
LAP,78,0.904716073147257,0.1227810650887574,0.5648331273176761,102.74971382360143
LAP,79,0.9021688970927549,0.12179739850216792,0.5411379826948359,102.3966295594923
LAP,80,0.8925891181988743,0.10578512396694215,0.5298602287166455,99.83742421658165
LAP,81,0.9,0.11631799163179916,0.5149874981614944,101.63179916317992
MAN,66,0.9038912330051571,0.10726351351351351,0.5149918166939443,101.11547465186706
MAN,67,0.89891355692017,0.11174159755565255,0.5052446973958505,101.06551544758227
MAN,68,0.8885686839577329,0.11825298722702926,0.5336507527988675,100.68216711847622
MAN,69,0.9057459677419355,0.10961695191524043,0.5505856609602265,101.53629196571758
MAN,70,0.8726431874777659,0.1055579491598449,0.46347577683204105,97.82011366376109
MAN,71,0.880889669300556,0.09238152369526095,0.3437264648290405,97.3271192995817
MAN,72,0.8771462403789224,0.07529948659440959,0.3816559884736826,95.2445726973332
MAN,73,0.8726207906295754,0.09344845099035043,0.4042994042994043,96.6069241619926
MAN,74,0.8637806637806638,0.09280397022332507,0.3986401554108102,95.65846340039889
MAN,75,0.8868055555555555,0.09830361026533276,0.44877458566645095,98.51091658208883
MAN,76,0.9042671614100185,0.10526315789473684,0.4637935061901425,100.95303193047553
MAN,77,0.8790849673202614,0.11583924349881797,0.47061797042840897,99.49242108190795
MAN,78,0.8753943217665615,0.10477515067222995,0.4851390850274229,98.01694724387914
MAN,79,0.8875895888344021,0.108329540282203,0.46950694700602486,99.5919129116605
MAN,80,0.901760130986492,0.11378273937312151,0.5002283313544615,101.55428703596134
MAN,81,0.8986784140969163,0.10302197802197802,0.45358327325162223,100.17003921188943
MIN,66,0.8901503528689783,0.09667673716012085,0.36304949277589915,98.6827090029099
MIN,67,0.8959183673469387,0.07354001441961067,0.3372105027702261,96.94583817665495
MIN,68,0.8920222634508349,0.08378088077336197,0.41161072268796184,97.58031442241969
MIN,69,0.894572025052192,0.09045780474351903,0.39614922562420857,98.5029829795711
MIN,70,0.8900331004045605,0.10335195530726257,0.45200757693382604,99.33850557118231
MIN,71,0.896958174904943,0.10662680617837568,0.4337066531298582,100.35849810833186
MIN,72,0.8977144998126639,0.09962406015037593,0.45407973174366617,99.73385599630399
MIN,73,0.8940217391304348,0.09992962702322308,0.5355174694147471,99.39513661536579
MIN,74,0.8865647626709574,0.1028673835125448,0.5313323923406749,98.94321461835021
MIN,75,0.9004237288135594,0.11486486486486487,0.45659070309465233,101.52885936784241
MIN,76,0.8927272727272727,0.09288052373158756,0.5013013740088372,98.56077964588603
MIN,77,0.8985915492957747,0.1117339312406577,0.5197863419677216,101.03254805364324
MIN,78,0.8947368421052632,0.09644039735099338,0.4885731577278884,99.11772394562566
MIN,79,0.8960674157303371,0.09398496240601503,0.49649590672289756,99.00523781363522
MIN,80,0.8815887156644395,0.0899100899100899,0.4276710222905457,97.14988055745295
MIN,81,0.8670743482458964,0.09377344336084022,0.3596539957146258,96.08477916067366
MTL,66,0.9043126684636119,0.12505663797009514,0.49930986887508627,102.9369306433707
MTL,67,0.8949104618284637,0.12123855211513301,0.5184909490779902,101.61490139435966
MTL,68,0.8987667009249743,0.11538461538461539,0.5429461353556556,101.41513163095897
MTL,69,0.9099244875943905,0.12229038854805727,0.5558189300411522,103.22148761424477
MTL,70,0.9099318403115871,0.11298353121409421,0.5443749605204977,102.29153715256814
MTL,71,0.9169124877089478,0.12277227722772277,0.5353972374451175,103.96847649366707
MTL,72,0.912,0.1165644171779141,0.5342815693200454,102.85644171779143
MTL,73,0.8934252386002121,0.07202216066481995,0.37462930460570115,96.5447399265032
MTL,74,0.8798668032786885,0.07961783439490445,0.3036742174747272,95.9484637673593
MTL,75,0.8641221374045801,0.09297658862876254,0.2982363706949143,95.70987260333426
MTL,76,0.8826848826848827,0.09583571021106674,0.36768990787885925,97.85205928959493
MTL,77,0.8761290322580645,0.08600583090379009,0.4198589894242068,96.21348631618545
MTL,78,0.8895562228895563,0.09571558796718323,0.43246613387745847,98.52718108567396
MTL,79,0.8986686390532544,0.09728308501314636,0.4754064742932474,99.59517240664009
MTL,80,0.8902633679169992,0.09821816601477619,0.48825618341536353,98.84815339317754
MTL,81,0.9059903804110188,0.11045364891518737,0.5294117647058824,101.64440293262061
NEW,66,0.8962853990437661,0.10147883732789394,0.42102684695277287,99.776423637166
NEW,67,0.88558352402746,0.09804878048780488,0.4879553568333853,98.36323045152649
NEW,68,0.8869441816461684,0.11360691144708424,0.5266188503889282,100.05510930932526
NEW,69,0.9098488796248045,0.11265923566878981,0.5650185290288118,102.25081152935944
NEW,70,0.8963754646840149,0.11413651622528907,0.5327263779527559,101.0511980909304
NEW,71,0.9055075593952484,0.11873905429071804,0.5941031469091141,102.42466136859665
NEW,72,0.8972503617945007,0.12039800995024875,0.5760239630136095,101.76483717447495
NEW,73,0.9176011701608972,0.12779661016949154,0.5825506673257538,104.53977803303887
NEW,74,0.8976926425772747,0.10445775116433799,0.561794136579086,100.21503937416128
NEW,75,0.90199203187251,0.113873026536782,0.539970772894566,101.58650584092919
NEW,76,0.8982300884955752,0.10052539404553415,0.5401480476916991,99.87554825411094
NEW,77,0.903035413153457,0.1188118811881188,0.5565720393599296,102.18472943415757
NEW,78,0.9041420118343195,0.1076978677267799,0.532182562902282,101.18398795610995
NEW,79,0.9012010848508331,0.11394817073170732,0.5194212608657983,101.51492555825403
NEW,80,0.8864948056944979,0.10656753407682776,0.4892700035667578,99.30623397713256
NEW,81,0.9005016722408027,0.09544008483563096,0.5348063470397543,99.59417570764336
NOL,66,0.9019200830306175,0.10647359454855196,0.5137225467480339,100.83936775791696
NOL,67,0.8940116587175411,0.12299465240641712,0.498819266975059,101.70063111239583
NOL,68,0.9001568217459488,0.08548168249660787,0.4974180798163968,98.56385042425566
NOL,69,0.8939857288481141,0.1213218650973291,0.4885882784126878,101.53075939454432
NOL,70,0.9033795493934142,0.11514052583862194,0.4784006895865796,101.85200752320362
NOL,71,0.9088145896656535,0.11483253588516747,0.4643093410955279,102.36471255508211
NOL,72,0.8988679245283019,0.10044532409698169,0.42670107033639143,99.93132486252836
NOL,73,0.8923395445134575,0.09991158267020336,0.47543914680050187,99.22511271836609
NOL,74,0.8936261843238588,0.11365600691443388,0.4875834285370693,100.72821912382925
NOL,75,0.8940512375162831,0.107981220657277,0.50736512335452,100.20324581735602
NOL,76,0.9045553145336226,0.10947986577181208,0.5109617682198327,101.40351803054347
NOL,77,0.9028400597907325,0.1076923076923077,0.525556446143412,101.05323674830402
NOL,78,0.8861058601134215,0.10415808974886785,0.5169760202905234,99.02639498622894
NOL,79,0.8948339483394834,0.09878100042034468,0.5113616084706443,99.3614948759828
NOL,80,0.8985507246376812,0.10737439222042139,0.5496259041942194,100.59251168581025
NOL,81,0.8963210702341137,0.10466531440162272,0.5391208266141074,100.09863846357364
PHI,66,0.8961267605633803,0.09567198177676538,0.4971787465573991,99.17987423401456
PHI,67,0.9087992667277727,0.10721823554242296,0.5336825114471127,101.60175022701956
PHI,68,0.8984824699110413,0.11334622823984526,0.5723206455007893,101.18286981508867
PHI,69,0.897407611693326,0.10417397404419503,0.6022652225597676,100.1581585737521
PHI,70,0.9110884006131834,0.11996098829648895,0.5977300985111742,103.10493889096723
PHI,71,0.8966900702106319,0.1196694214876033,0.6023727755229472,101.63594916982352
PHI,72,0.9017114914425428,0.10730446024563671,0.6009155741023325,100.90159516881796
PHI,73,0.9007159904534606,0.11959370904325033,0.5903919852741483,102.03096994967109
PHI,74,0.9051197745420385,0.11281382458428432,0.5801852338796857,101.79335991263227
PHI,75,0.8983050847457628,0.1173419773095624,0.5834269743855707,101.5647062055325
PHI,76,0.8966019417475728,0.10509209100758396,0.5542072394708024,100.16940327551566
PHI,77,0.8983050847457628,0.1255731922398589,0.5790432209177534,102.38782769856216
PHI,78,0.9003481288076588,0.11260148252735616,0.5574354945918182,101.29496113350149
PHI,79,0.8862102217936355,0.12438748586505842,0.5545384496840807,101.05977076586939
PHI,80,0.8986058301647655,0.11688311688311688,0.5419049680032151,101.54889470478822
PHI,81,0.8961362692147902,0.11123470522803114,0.5253919413919413,100.73709744428214
SEA,66,0.8922742110990207,0.10385878489326765,0.5576712703404896,99.61329959922884
SEA,67,0.8931034482758621,0.10782808902532617,0.5908356150826378,100.09315373011883
SEA,68,0.903010033444816,0.13953488372093023,0.6041650508027612,104.25449171657462
SEA,69,0.9069920844327177,0.12531860662701785,0.6018589059881152,103.23106910597355
SEA,70,0.9010180995475113,0.11591695501730104,0.5608241396946008,101.69350545648123
SEA,71,0.8867562380038387,0.09891732283464567,0.5116791370731892,98.56735608384845
SEA,72,0.8921607640270592,0.10273224043715846,0.4295712463616444,99.48930044642177
SEA,73,0.8905454545454545,0.0903010033444816,0.3964833759590793,98.08464578899361
SEA,74,0.879395218002813,0.07594128908742821,0.3560876379764565,95.53365070902412
SEA,75,0.8645390070921986,0.0836098208360982,0.3639302919590029,94.81488279282968
SEA,76,0.8863471314451706,0.07988668555240794,0.39244484350949205,96.62338169975786
SEA,77,0.8905547226386806,0.12810155799192152,0.3907027164902436,101.86562806306021
SEA,78,0.8900195694716243,0.1054874800213106,0.4039163833270369,99.55070494929349
SEA,79,0.8892417626042081,0.10884353741496598,0.41790610355968216,99.8085300019174
SEA,80,0.9023809523809524,0.11784232365145228,0.47396901344269765,102.02232760324046
SEA,81,0.9026586620926244,0.10799220272904483,0.4958747068870683,101.06508648216692
SFP,66,0.8980957282552754,0.11143481427530955,0.5808174353275298,100.9530542530585
SFP,67,0.892530897367007,0.10458567980691874,0.5645295055821372,99.71165771739257
SFP,68,0.876803551609323,0.09982788296041308,0.41717964050793205,97.66314345697361
SFP,69,0.8799723279142165,0.10846707249584947,0.4095819163832767,98.8439400410066
SFP,70,0.8829659318637274,0.09577603143418467,0.45965973283711037,97.8741963297912
SFP,71,0.8888888888888888,0.11027332704995288,0.46115544206830517,99.91622159388417
SFP,72,0.8904795991410165,0.11153519932145886,0.43679479231246127,100.20147984624754
SFP,73,0.8791169019182048,0.10428147520135651,0.45232891487610344,98.33983771195614
SFP,74,0.8943488943488943,0.11621292157659488,0.48560867721020423,101.05618159254892
SFP,75,0.8839884947267498,0.11028500619578686,0.5113881194213604,99.42735009225366
SFP,76,0.9031639501438159,0.12166377816291161,0.5581981876301357,102.48277283067276
SFP,77,0.8935135135135135,0.11777003484320557,0.5832276708047062,101.12835483567191
SFP,78,0.8952051408798813,0.11350482315112541,0.6048771347502543,100.87099640310066
SFP,79,0.8983392048314042,0.12655449890270665,0.576319851806113,102.48937037341108
SFP,80,0.9061569016881827,0.11010709504685408,0.595733814030344,101.62639967350368
SFP,81,0.9190777576853526,0.11099932930918846,0.5781304829000998,103.0077086994541
TBB,66,0.8924636403702071,0.11786912751677853,0.5124466798242822,101.03327678869856
TBB,67,0.891358024691358,0.10378151260504202,0.5095283105162057,99.51395372964001
TBB,68,0.88470066518847,0.09231536926147704,0.4411495630776996,97.7016034449947
TBB,69,0.896026735982176,0.09228362877997914,0.4477038704764427,98.83103647621552
TBB,70,0.8862676056338028,0.0893595041322314,0.42236797115414504,97.56271097660341
TBB,71,0.8997537812170243,0.09862033725089422,0.4342866221798538,99.83741184679185
TBB,72,0.8999323867478025,0.1063046479521399,0.4435098952270081,100.62370346999425
TBB,73,0.8876798876798877,0.09470171047142262,0.47993165759295725,98.23815981513103
TBB,74,0.8956002982848621,0.11305317962067683,0.5101168185121011,100.8653477905539
TBB,75,0.9003705228489091,0.11620910116585183,0.5431696798332049,101.65796240147608
TBB,76,0.9061891786687427,0.1160677406030566,0.4878012890314606,102.22569192717994
TBB,77,0.9053803339517625,0.1163202122954445,0.5032650158401759,102.1700546247207
TBB,78,0.9072941176470588,0.1218568665377176,0.5399694189602446,102.91509841847764
TBB,79,0.8920345489443378,0.1096646942800789,0.5457287979067261,100.16992432244167
TBB,80,0.8975297346752058,0.1194141945174615,0.5337167849974537,101.69439291926675
TBB,81,0.884313725490196,0.10416666666666667,0.5425912025221438,98.84803921568627
TEX,66,0.9002320185614849,0.10074280408542247,0.4546012864854381,100.09748226469073
TEX,67,0.8883384146341463,0.10108108108108108,0.4365515124646182,98.94194957152274
TEX,68,0.8908620051794303,0.09264305177111716,0.4274300479379866,98.35050569505475
TEX,69,0.8924363359939187,0.09776391055642225,0.44329688132847306,99.0200246550341
TEX,70,0.8964285714285715,0.11326530612244898,0.45147734306284004,100.96938775510205
TEX,71,0.8948306595365418,0.10515970515970516,0.4535566464529791,99.9990364696247
TEX,72,0.9004608294930876,0.10264508487958941,0.5062124630588833,100.3105914372677
TEX,73,0.8886877828054298,0.10673038630027877,0.509092593164346,99.54181691057086
TEX,74,0.9010880316518298,0.1032258064516129,0.5365180650168146,100.43138381034427
TEX,75,0.9003690036900369,0.11102661596958174,0.5344884046321932,101.13956196596186
TEX,76,0.9004413928396273,0.11098779134295228,0.5440769693325316,101.14291841825795
TEX,77,0.8910323253388946,0.11351947097722263,0.5794366715758469,100.45517963161173
TEX,78,0.9023638232271326,0.10582010582010581,0.5642316602316603,100.81839290472385
TEX,79,0.8926048045219029,0.10845588235294118,0.5535210011592997,100.10606868748442
TEX,80,0.8963823135328272,0.1109775641025641,0.5229107203142743,100.73598776353911
TEX,81,0.8959965187119234,0.11611650485436893,0.5327494931290832,101.21130235662923
TOR,66,0.892128279883382,0.11458792419568092,0.5051148750628878,100.67162040790629
TOR,67,0.9077242094349404,0.10613598673300166,0.595748429150273,101.38601961679421
TOR,68,0.8920428106095859,0.12110481586402266,0.5597751784900501,101.31476264736085
TOR,69,0.8943472409152086,0.09784283513097072,0.28444360333081,99.21900760461793
TOR,70,0.8974430239021679,0.08925318761384335,0.3319393455706305,98.66962115160113
TOR,71,0.8862745098039215,0.08273972602739726,0.3571318093234757,96.90142358313187
TOR,72,0.8954189270644967,0.09504752376188094,0.3822565766453542,99.04664508263777
TOR,73,0.8917560321715817,0.1069364161849711,0.414014080269571,99.86924483565528
TOR,74,0.8932069510268562,0.11532192339038305,0.440839955216952,100.85288744172391
TOR,75,0.9,0.09886547811993517,0.4752729427031907,99.88654781199352
TOR,76,0.8939117754283631,0.1016949152542373,0.5020495303159692,99.56066906826004
TOR,77,0.893167701863354,0.10838709677419354,0.4900497512437811,100.15547986375475
TOR,78,0.9041649818034776,0.10364842454394693,0.4917228694052728,100.78134063474245
TOR,79,0.9056859205776173,0.11574279379157427,0.49059085073738923,102.14287143691917
TOR,80,0.8958720714020082,0.10187553282182438,0.46154796085332345,99.77476042238325
TOR,81,0.9028842643300474,0.10856619331195602,0.43894352659292896,101.14504576420033
WPG,66,0.8888888888888888,0.10618792971734148,0.5547875927174646,99.50768186062304
WPG,67,0.9003076923076923,0.11184723304754482,0.6140875713897199,101.21549253552371
WPG,68,0.9133996489174956,0.11794276875483373,0.5651479349019869,103.13424176723294
WPG,69,0.8926480156148341,0.11054545454545454,0.6177015269576156,100.31934701602887
WPG,70,0.8901098901098901,0.12966073228081962,0.5986335642802155,101.97706223907097
WPG,71,0.9025834230355221,0.12283737024221453,0.5782538659793814,102.54207932777366
WPG,72,0.886781929726715,0.11402925531914894,0.6153895914868842,100.08111850458639
WPG,73,0.9015228426395939,0.12220309810671257,0.5884589999057108,102.37259407463064
WPG,74,0.8940269749518305,0.10397897897897898,0.5587583840274528,99.80059539308095
WPG,75,0.8980245595301655,0.11411149825783973,0.5539877300613497,101.21360577880051
WPG,76,0.9051282051282051,0.10589651022864019,0.5263791931797122,101.10247153568453
WPG,77,0.8977724741447892,0.09749303621169916,0.46943135406848885,99.52655103564884
WPG,78,0.899770466717674,0.10239061795218764,0.4573461162677088,100.21610846698617
WPG,79,0.884742951907131,0.10614525139664804,0.46394904458598724,99.08882033037791
WPG,80,0.8913525498891353,0.11078286558345643,0.41843888759055853,100.21354154725917
WPG,81,0.8967116357504216,0.10922693266832918,0.4664704777409054,100.59385684187507
