id,name,position,league,team,season,gamesPlayed,timeOnIce,goals,assists,points,plusMinus,pim,ppGoals,ppAssists,ppPoints,ppTimeOnIce,shGoals,shAssists,shPoints,shTimeOnIce,gwg,faceoffs,faceoffWins,fights,fightWins,fightLosses,hits,giveaways,takeaways,shotsBlocked,shotsOnGoal,gameRating,offensiveGameRating,defensiveGameRating,advancedStats.PDO,advancedStats.GF60,advancedStats.GA60,advancedStats.SF60,advancedStats.SA60,advancedStats.CF,advancedStats.CA,advancedStats.CFPct,advancedStats.CFPctRel,advancedStats.FF,advancedStats.FA,advancedStats.FFPct,advancedStats.FFPctRel,pos,cum_shotsBlocked,label,rank,season_label
NA, ,NA,NA,ATL,NA,NA,NA,NA,NA,NA,NA,NA,NA,NA,NA,NA,NA,NA,NA,NA,NA,NA,NA,NA,NA,NA,NA,NA,NA,NA,NA,NA,NA,NA,NA,NA,NA,NA,NA,NA,NA,NA,NA,NA,NA,NA,NA,Forward,0, ,1,65
NA, ,NA,NA,ATL,NA,NA,NA,NA,NA,NA,NA,NA,NA,NA,NA,NA,NA,NA,NA,NA,NA,NA,NA,NA,NA,NA,NA,NA,NA,NA,NA,NA,NA,NA,NA,NA,NA,NA,NA,NA,NA,NA,NA,NA,NA,NA,NA,Forward,0, ,2,65
NA, ,NA,NA,ATL,NA,NA,NA,NA,NA,NA,NA,NA,NA,NA,NA,NA,NA,NA,NA,NA,NA,NA,NA,NA,NA,NA,NA,NA,NA,NA,NA,NA,NA,NA,NA,NA,NA,NA,NA,NA,NA,NA,NA,NA,NA,NA,NA,Forward,0, ,3,65
NA, ,NA,NA,ATL,NA,NA,NA,NA,NA,NA,NA,NA,NA,NA,NA,NA,NA,NA,NA,NA,NA,NA,NA,NA,NA,NA,NA,NA,NA,NA,NA,NA,NA,NA,NA,NA,NA,NA,NA,NA,NA,NA,NA,NA,NA,NA,NA,Forward,0, ,4,65
NA, ,NA,NA,ATL,NA,NA,NA,NA,NA,NA,NA,NA,NA,NA,NA,NA,NA,NA,NA,NA,NA,NA,NA,NA,NA,NA,NA,NA,NA,NA,NA,NA,NA,NA,NA,NA,NA,NA,NA,NA,NA,NA,NA,NA,NA,NA,NA,Forward,0, ,5,65
NA, ,NA,NA,ATL,NA,NA,NA,NA,NA,NA,NA,NA,NA,NA,NA,NA,NA,NA,NA,NA,NA,NA,NA,NA,NA,NA,NA,NA,NA,NA,NA,NA,NA,NA,NA,NA,NA,NA,NA,NA,NA,NA,NA,NA,NA,NA,NA,Forward,0, ,6,65
NA, ,NA,NA,ATL,NA,NA,NA,NA,NA,NA,NA,NA,NA,NA,NA,NA,NA,NA,NA,NA,NA,NA,NA,NA,NA,NA,NA,NA,NA,NA,NA,NA,NA,NA,NA,NA,NA,NA,NA,NA,NA,NA,NA,NA,NA,NA,NA,Forward,0, ,7,65
NA, ,NA,NA,ATL,NA,NA,NA,NA,NA,NA,NA,NA,NA,NA,NA,NA,NA,NA,NA,NA,NA,NA,NA,NA,NA,NA,NA,NA,NA,NA,NA,NA,NA,NA,NA,NA,NA,NA,NA,NA,NA,NA,NA,NA,NA,NA,NA,Forward,0, ,8,65
NA, ,NA,NA,ATL,NA,NA,NA,NA,NA,NA,NA,NA,NA,NA,NA,NA,NA,NA,NA,NA,NA,NA,NA,NA,NA,NA,NA,NA,NA,NA,NA,NA,NA,NA,NA,NA,NA,NA,NA,NA,NA,NA,NA,NA,NA,NA,NA,Forward,0, ,9,65
NA, ,NA,NA,ATL,NA,NA,NA,NA,NA,NA,NA,NA,NA,NA,NA,NA,NA,NA,NA,NA,NA,NA,NA,NA,NA,NA,NA,NA,NA,NA,NA,NA,NA,NA,NA,NA,NA,NA,NA,NA,NA,NA,NA,NA,NA,NA,NA,Forward,0, ,10,65
1246,Dee Centerman IV,LD,0,SEA,66,22,27538,3,1,4,-5,2,0,0,0,52,0,0,0,2219,0,0,0,0,0,0,17,4,13,81,33,62,51,76,98.4,2.3,3.1,25.6,29.8,295,394,42.8,-0.8,220,245,47.3,5.1,Defense,81,81,1,66
806,Michael Withecheck,RD,0,ATL,66,21,28364,2,15,17,18,8,0,2,2,2302,0,1,1,1544,1,0,0,0,0,0,31,6,18,57,57,71,64,78,105.4,4.6,1.8,35.1,23.2,370,311,54.3,-4.2,277,194,58.8,-1.8,Defense,57,57,2,66
1466,Pasta the Turtle,RD,0,CHI,66,14,16869,3,5,8,19,4,0,0,0,0,0,1,1,906,1,0,0,0,0,0,4,2,4,57,16,64,51,79,110.5,4.7,0.7,36.1,25.5,297,216,57.9,3.6,201,134,60,4.9,Defense,57,57,3,66
1968,Billy Brooks,RD,0,BUF,66,16,21504,2,4,6,3,4,0,0,0,565,0,0,0,1414,0,0,0,0,0,0,17,1,6,52,34,63,52,75,100.1,2.8,2.4,30.6,26.9,287,283,50.4,-0.2,200,181,52.5,2.5,Defense,52,52,4,66
1143,Angus McFife XVIII,RD,0,ATL,66,21,27470,2,5,7,3,0,0,0,0,539,0,0,0,827,0,0,0,0,0,0,22,0,19,47,51,65,58,71,96.3,3,2.9,36.3,24,432,311,58.1,1.6,309,208,59.8,-0.4,Defense,47,47,5,66
1892,Kermit Murphy,LD,0,SEA,66,22,31084,10,6,16,-2,2,8,2,10,3636,0,0,0,1283,1,0,0,0,0,0,33,2,23,45,58,69,61,76,101.3,2.2,2.6,24.9,34.5,323,404,44.4,1.6,217,291,42.7,-1.8,Defense,45,45,6,66
1295,Teddy Murphy,RD,0,SEA,66,22,26784,2,7,9,-8,15,0,0,0,123,0,1,1,1060,1,0,0,0,0,0,18,6,17,44,40,61,56,66,98.5,2.4,3.5,24.7,31.5,304,417,42.2,-1.9,221,263,45.7,2.7,Defense,44,44,7,66
1837,Bean Beanman,LD,0,BUF,66,16,22675,0,7,7,5,2,0,2,2,2174,0,2,2,1407,0,0,0,0,0,0,23,2,16,42,46,68,59,77,102.4,3.2,2.1,32.2,27.5,286,268,51.6,1.8,204,173,54.1,5,Defense,42,42,8,66
1864,Daryl Urquhart,RD,0,SEA,66,22,24106,2,6,8,-1,2,0,0,0,73,0,1,1,2372,1,0,0,0,0,0,30,4,13,41,29,69,56,79,100.4,2,2.3,24.4,30.1,255,322,44.2,1.1,170,217,43.9,0.1,Defense,41,41,9,66
1137,Jay Sink,LD,0,ATL,66,21,26221,3,6,9,20,4,0,0,0,484,1,0,1,897,2,0,0,0,0,0,17,2,12,37,49,64,57,70,106,4.2,1.4,34.6,23.8,372,312,54.4,-4.2,281,202,58.2,-2.8,Defense,37,37,10,66
1428,Vaseline Podcalzone,RW,0,SEA,66,22,30551,5,19,24,-3,10,1,6,7,3520,0,1,1,835,3,32,5,0,0,0,56,24,11,26,39,84,83,76,99.8,2.2,2.7,25.6,31.1,319,396,44.6,1.9,231,263,46.8,4.5,Forward,26,26,1,66
1367,Calvin Hobbes,C,0,SEA,66,22,31148,8,19,27,-6,10,2,9,11,3699,0,1,1,1951,0,507,286,0,0,0,24,23,17,22,49,75,71,77,98.8,2.5,3.5,25.7,31.8,316,367,46.3,4.4,216,251,46.3,3.6,Forward,22,22,2,66
2154,Greyson Cooper,LW,0,BUF,66,16,20396,8,7,15,2,2,0,0,0,600,1,0,1,1293,2,18,2,0,0,0,27,10,11,21,44,79,84,65,99.7,3.3,3.1,30.2,27.6,263,259,50.4,-0.1,191,171,52.8,2.8,Forward,21,21,3,66
934,Rhys Pritchard,RW,0,SEA,66,22,27300,2,9,11,3,4,0,1,1,885,0,1,1,845,0,22,3,0,0,0,53,20,15,20,43,79,80,73,102.4,3,2.7,27.2,31.5,318,380,45.6,3.3,221,257,46.2,3.6,Forward,20,20,4,66
1506,William Salming,LW,0,SEA,66,22,30783,8,11,19,1,4,4,3,7,3509,2,0,2,1969,2,28,12,0,0,0,63,22,19,19,49,80,77,80,100.6,2.1,2.3,25.9,29.9,309,378,45,2.4,228,248,47.9,6.1,Forward,19,19,5,66
1269,Theo Kondos,RW,0,CHI,66,14,18479,8,12,20,14,2,2,1,3,1261,0,0,0,1170,0,65,23,0,0,0,22,12,8,17,56,81,82,76,105.7,5.2,2.2,34.8,24.7,303,213,58.7,4.9,197,139,58.6,2.8,Forward,17,17,6,66
1286,Yngve Simonsson,LW,0,SEA,66,22,23854,5,5,10,-7,8,1,0,1,858,0,0,0,182,0,23,12,0,0,0,51,16,9,16,35,71,74,63,100.5,2.4,3.5,24,37.2,262,398,39.7,-5.5,179,284,38.7,-7.8,Forward,16,16,7,66
1890,Pavel Jeziak,LW,0,ATL,66,21,24829,5,14,19,7,4,0,0,0,427,0,1,1,1598,2,62,17,0,0,0,40,15,12,16,31,71,70,66,98.7,4.1,3.2,39.1,26.8,375,292,56.2,-1.4,279,203,57.9,-3.2,Forward,16,16,8,66
2536,Stephan Gill,RW,0,CHI,66,14,14429,2,7,9,5,0,0,0,0,14,1,0,1,1165,0,3,0,0,0,0,17,6,9,16,22,65,60,65,100.8,4.3,3.3,36.4,29.3,234,189,55.3,-0.4,169,125,57.5,1,Forward,16,16,9,66
1261,Liam Slate,LW,0,SEA,66,22,29651,7,13,20,-4,0,2,8,10,3579,0,0,0,299,1,36,14,0,0,0,65,18,14,15,38,79,84,69,100.3,2.7,3.2,24.6,30.6,314,369,46,3.9,205,244,45.7,2.6,Forward,15,15,10,66
2454,Wendolene Ramsbottom,LD,0,SEA,67,23,25568,3,5,8,18,8,0,0,0,16,0,1,1,2334,2,0,0,0,0,0,12,4,9,83,53,64,52,79,105.6,3.6,1.1,33.6,21.7,411,297,58.1,3.3,265,166,61.5,7.9,Defense,118,118,1,67
1327,Teylora Petrov,RD,0,MAN,67,27,36765,5,12,17,7,4,3,6,9,3777,0,2,2,2164,2,0,0,0,0,0,24,6,15,103,41,65,53,79,106.4,3.6,2.5,27.4,36.1,411,537,43.4,0,280,357,44,0.2,Defense,117,117,2,67
1892,Kermit Murphy,LD,0,SEA,67,23,30419,2,16,18,19,14,0,4,4,1863,0,2,2,2424,1,0,0,0,0,0,23,6,17,56,71,67,60,74,104.6,4.5,2.1,35,24.5,448,326,57.9,3.2,297,212,58.3,3.7,Defense,101,101,3,67
1246,Dee Centerman IV,LD,0,LAP,67,6,6834,0,1,1,0,0,0,0,0,0,0,0,0,542,0,0,0,0,0,0,6,0,4,19,4,62,52,74,100.6,2.9,3.4,25.2,32,101,102,49.8,-13.1,56,66,45.9,-13.3,Defense,100,100,4,67
883,Sean Gatez,RD,0,MAN,67,27,33615,0,10,10,2,6,0,0,0,1096,0,0,0,611,0,0,0,0,0,0,33,3,12,75,47,64,57,70,102.3,3.7,3.5,30.3,35.1,429,518,45.3,3,318,378,45.7,3,Defense,89,89,5,67
1820,Eero Makela,RD,0,CGY,67,12,15547,2,4,6,-5,6,1,0,1,2012,0,0,0,512,1,0,0,0,0,0,12,2,11,62,22,68,53,83,98.6,3.6,4.4,29.3,32.3,159,242,39.7,-1.1,118,140,45.7,2.1,Defense,89,89,6,67
1466,Pasta the Turtle,RD,0,CHI,67,7,8863,1,4,5,0,6,0,0,0,2,0,0,0,418,0,0,0,0,0,0,2,1,1,27,8,60,52,71,97.9,3,3,33.3,26.9,144,121,54.3,-0.6,93,73,56,2.5,Defense,84,84,7,67
582,Nikolaj Boyle,RD,0,NOL,67,11,15018,1,2,3,-5,4,1,0,1,209,0,0,0,217,0,0,0,0,0,0,15,2,8,49,36,72,66,80,96.7,2.2,3.5,31.3,33.3,208,264,44.1,0.7,142,161,46.9,3.3,Defense,78,78,8,67
1864,Daryl Urquhart,RD,0,SEA,67,23,28281,2,8,10,4,14,0,0,0,354,0,0,0,1227,0,0,0,0,0,0,30,4,24,32,42,62,54,69,100.9,3.2,2.8,32.1,30.9,407,377,51.9,-5.9,275,269,50.6,-8.5,Defense,73,73,9,67
732,Sven Svechnikov,LD,0,MAN,67,27,37847,8,11,19,7,6,4,3,7,3697,0,0,0,2289,2,0,0,0,0,0,33,5,13,63,55,66,60,72,107.6,4.2,3.1,26.7,37.6,406,567,41.7,-2.5,280,380,42.4,-2.1,Defense,71,71,10,67
934,Rhys Pritchard,RW,0,SEA,67,23,23757,8,8,16,10,6,0,0,0,6,1,0,1,32,0,2,0,0,0,0,31,18,11,22,50,76,77,71,103,2.7,1.4,33.7,26.6,409,318,56.3,0.7,254,210,54.7,-1.7,Forward,42,42,1,67
1428,Vaseline Podcalzone,RW,0,SEA,67,23,28338,10,18,28,10,4,3,2,5,1753,1,0,1,894,2,42,11,0,0,0,45,22,17,14,66,80,82,69,102.8,4.3,2.9,30.8,26.1,397,345,53.5,-3.4,272,219,55.4,-0.8,Forward,40,40,2,67
1063,Robert E O Speedwagon,RW,0,MAN,67,27,34284,6,25,31,3,14,1,5,6,3609,0,2,2,1983,0,19,5,0,0,0,61,12,17,31,58,77,75,76,104.5,3.9,3,29.7,35,376,505,42.7,-1,274,339,44.7,1.3,Forward,36,36,3,67
1367,Calvin Hobbes,C,0,SEA,67,23,26153,7,11,18,16,4,0,0,0,23,1,0,1,2585,1,318,173,0,0,0,18,12,16,14,45,71,69,70,104.7,3.8,1.5,33.6,23.1,417,284,59.5,5.4,261,178,59.5,5,Forward,36,36,4,67
1506,William Salming,LW,0,SEA,67,23,29409,4,17,21,16,6,0,0,0,437,0,0,0,2486,2,50,22,0,0,0,49,18,14,16,48,79,83,70,105,4.3,2.2,33.2,26.8,417,362,53.5,-3.4,291,241,54.7,-1.9,Forward,35,35,5,67
1817,Greg Davies,LW,0,MAN,67,27,29097,7,15,22,4,4,0,0,0,186,0,0,0,695,1,6,2,0,0,0,33,18,15,27,41,69,67,67,103.4,3.4,2.9,27.6,32.3,368,471,43.9,0.7,255,309,45.2,2,Forward,31,31,6,67
2433,Max Manning,LW,0,SEA,67,23,26555,8,16,24,13,10,0,0,0,322,0,1,1,1156,0,20,9,0,0,0,57,19,21,20,41,81,79,76,103,3.7,2.2,32.6,25.4,425,315,57.4,2.5,270,201,57.3,2.1,Forward,31,31,7,67
1948,Friedensreich Hundertwasser,C,0,NOL,67,11,15642,4,8,12,-6,2,1,3,4,1445,0,0,0,567,1,217,124,0,0,0,12,5,6,18,18,78,72,80,96.9,2.1,3.4,29.8,33.8,180,235,43.4,-0.4,130,153,45.9,1.7,Forward,30,30,8,67
558,Luukas Lilja,C,0,SEA,67,23,27659,19,19,38,23,12,2,4,6,1863,0,2,2,364,3,334,184,0,0,0,16,17,18,21,64,74,74,73,107.7,5.2,2.1,32.3,24.8,407,335,54.9,-1.4,281,213,56.9,1.4,Forward,28,28,9,67
645,Dwayne Gretzky,C,0,MTL,67,16,21074,6,11,17,5,6,1,5,6,1576,0,0,0,1101,1,255,130,0,0,0,15,13,15,21,44,74,71,74,103.6,3.1,1.8,34.6,32.3,288,277,51,5.7,210,197,51.6,8.1,Forward,28,28,10,67
2454,Wendolene Ramsbottom,LD,0,SEA,68,21,24664,3,4,7,12,2,0,0,0,23,0,0,0,2014,0,0,0,0,0,0,12,1,19,53,45,63,52,75,101.6,3.2,1.6,35,21.3,342,240,58.8,-1.3,255,153,62.5,4.3,Defense,171,171,1,68
883,Sean Gatez,RD,0,MAN,68,24,35254,5,6,11,5,14,2,1,3,3894,0,1,1,129,2,0,0,0,0,0,36,2,16,77,60,68,60,76,100.5,3.1,2.5,34.9,30.1,466,477,49.4,2.9,353,310,53.2,8.4,Defense,166,166,2,68
1466,Pasta the Turtle,RD,0,CHI,68,15,18620,0,3,3,5,4,0,0,0,95,0,0,0,1516,0,0,0,0,0,0,14,2,6,73,12,66,51,83,102.7,3,1.9,32.4,29.4,290,289,50.1,1.7,195,163,54.5,5.1,Defense,157,157,3,68
732,Sven Svechnikov,LD,0,MAN,68,24,36463,2,14,16,11,4,1,4,5,3956,0,0,0,646,1,0,0,0,0,0,24,3,16,68,75,67,60,75,103.5,3.8,2.6,33.3,32.3,466,497,48.4,1.2,348,339,50.7,4.4,Defense,139,139,4,68
1820,Eero Makela,RD,0,CGY,68,11,14263,0,2,2,-3,4,0,1,1,951,0,0,0,293,0,0,0,0,0,0,9,0,8,50,10,66,52,80,99.3,1.7,2.5,21.8,29.9,139,215,39.3,0.2,100,130,43.5,2.5,Defense,139,139,5,68
1327,Teylora Petrov,LD,0,TEX,68,5,7104,0,0,0,-1,4,0,0,0,142,0,0,0,386,0,0,0,0,0,0,2,0,5,15,9,66,56,78,103.2,2.2,2.7,21.9,40,83,122,40.5,0,51,89,36.4,1.4,Defense,132,132,6,68
1892,Kermit Murphy,LD,0,SEA,68,21,30688,3,18,21,24,8,1,5,6,2839,0,2,2,2653,1,0,0,0,0,0,20,1,21,25,73,68,63,73,108.2,4.4,1.3,31,21.3,380,243,61,2.1,259,172,60.1,0.8,Defense,126,126,7,68
1497,Archangelo Scaradog Jr,RD,0,MAN,68,24,29746,0,4,4,-1,4,0,0,0,0,0,0,0,2198,0,0,0,0,0,0,17,0,13,53,34,58,51,66,102.5,3.9,4.1,29.8,38.2,344,437,44,-5.3,254,340,42.8,-7.7,Defense,118,118,8,68
1968,Billy Brooks,RD,0,BUF,68,17,22295,3,8,11,7,4,0,0,0,891,0,0,0,1544,0,0,0,0,0,0,17,6,8,52,24,62,52,74,101,4.7,3.4,41.1,32.8,371,283,56.7,4.1,268,210,56.1,3.3,Defense,117,117,9,68
877,Adelie de Pengu,RD,0,CHI,68,15,20434,1,8,9,1,8,0,0,0,772,0,0,0,506,0,0,0,0,0,0,15,1,10,55,19,67,59,76,99.5,3.6,3.6,32.1,30.8,302,322,48.4,-0.9,198,192,50.8,-0.4,Defense,109,109,10,68
1506,William Salming,RW,0,SEA,68,21,28161,4,18,22,20,6,0,1,1,773,0,1,1,2901,1,18,7,0,0,0,39,14,10,19,29,78,80,71,107.7,4.7,1.9,30,23.8,353,273,56.4,-4.9,240,185,56.5,-4.6,Forward,54,54,1,68
1063,Robert E O Speedwagon,RW,0,MAN,68,24,34948,3,24,27,-2,2,0,5,5,3637,0,0,0,2289,0,14,8,0,0,0,51,22,19,15,43,76,76,71,99.1,3.1,3.2,33.5,31.6,417,421,49.8,3.2,311,307,50.3,3.7,Forward,51,51,2,68
1428,Vaseline Podcalzone,LW,0,SEA,68,21,28372,12,15,27,12,10,3,4,7,2787,0,0,0,1162,1,36,12,0,0,0,52,23,17,11,51,83,86,75,103.5,3.8,2.1,31,23.3,358,264,57.6,-3.2,245,179,57.8,-2.6,Forward,51,51,3,68
1817,Greg Davies,LW,0,MAN,68,24,28480,5,18,23,7,6,0,0,0,480,0,0,0,810,1,8,2,0,0,0,45,13,17,19,33,72,71,69,103.8,3.2,2.4,28.1,31.8,364,392,48.1,0.7,254,278,47.7,-0.2,Forward,50,50,4,68
1319,Jonathan Granstrom,C,0,MAN,68,24,33243,12,14,26,21,6,0,1,1,1060,0,0,0,2189,2,402,175,0,0,0,28,26,14,24,57,68,63,73,108.7,4,1.4,30,32,404,454,47.1,-0.9,291,316,47.9,0,Forward,49,49,5,68
2433,Max Manning,C,0,SEA,68,21,29334,18,14,32,16,2,3,3,6,2751,0,0,0,922,2,325,180,0,0,0,17,24,17,16,64,77,79,70,103.7,4.6,2.4,32.3,22.4,385,274,58.4,-1.9,273,184,59.7,0.3,Forward,47,47,6,68
934,Rhys Pritchard,C,0,CGY,68,11,13470,1,3,4,-7,2,0,0,0,142,0,0,0,674,1,156,76,0,0,0,6,7,13,3,17,67,60,72,92.7,1.4,3.4,27.9,27.6,148,170,46.5,10.7,114,112,50.4,12.6,Forward,45,45,7,68
2200,Lev Lebedev,C,0,MAN,68,24,35342,14,9,23,-6,10,3,1,4,3846,0,0,0,256,4,479,244,0,0,0,21,28,17,18,116,74,72,69,97.5,2.9,3.5,33.1,30.8,448,449,49.9,3.6,332,323,50.7,4.4,Forward,44,44,8,68
1367,Calvin Hobbes,C,0,SEA,68,21,24662,8,10,18,12,0,0,0,0,23,2,0,2,3104,1,287,145,0,0,0,14,24,8,7,50,69,69,66,102,3.2,1.5,33.6,20.1,322,190,62.9,4.5,231,141,62.1,3.6,Forward,43,43,9,68
558,Luukas Lilja,LW,0,SEA,68,21,26698,10,10,20,10,2,1,4,5,2603,0,0,0,162,2,12,4,0,0,0,59,16,10,12,69,82,87,67,102.4,3.3,1.8,31.7,22.4,359,249,59,-0.9,246,170,59.1,-0.6,Forward,40,40,10,68
2454,Wendolene Ramsbottom,LD,0,SEA,69,16,18404,0,3,3,8,4,0,0,0,420,0,0,0,953,0,0,0,0,0,0,12,3,3,45,29,60,51,71,104.4,3.8,2.3,27.3,24.3,203,212,48.9,-5.9,151,140,51.9,-2.7,Defense,216,216,1,69
883,Sean Gatez,RD,0,MAN,69,5,6637,0,0,0,-1,0,0,0,0,726,0,0,0,406,0,0,0,0,0,0,5,0,2,29,4,66,51,84,101.3,3.3,3.3,27.5,30.7,82,107,43.4,5.8,54,56,49.1,12,Defense,195,195,2,69
1466,Pasta the Turtle,RD,0,CHI,69,7,7364,0,2,2,-4,4,0,0,0,44,0,0,0,411,0,0,0,0,0,0,5,1,2,12,8,54,52,54,92.6,3.1,5.2,30.7,29.7,113,88,56.2,5.5,71,66,51.8,0.8,Defense,169,169,3,69
732,Sven Svechnikov,LD,0,MAN,69,5,7090,0,2,2,-5,0,0,1,1,756,0,0,0,463,0,0,0,0,0,0,6,2,4,19,18,68,57,79,92.6,0.6,3.1,28.2,31.9,91,119,43.3,6.1,57,65,46.7,9.1,Defense,158,158,4,69
1892,Kermit Murphy,LD,0,SEA,69,16,23323,2,9,11,-4,6,1,2,3,2451,0,1,1,1353,0,0,0,0,0,0,19,2,10,26,60,65,61,69,96,2.4,2.8,26.7,21.4,246,209,54.1,1.6,166,136,55,1.7,Defense,152,152,5,69
1820,Eero Makela,RD,0,CGY,69,4,5228,0,1,1,-4,2,0,1,1,891,0,0,0,227,0,0,0,0,0,0,4,1,4,6,7,60,52,71,91.9,1.8,5.3,22.8,33.3,38,67,36.2,-5.7,29,44,39.7,-7.1,Defense,145,145,6,69
582,Nikolaj Boyle,RD,0,NOL,69,14,16873,1,3,4,4,2,0,0,0,520,0,0,0,476,0,0,0,0,0,0,18,4,13,40,20,66,57,76,106.4,3.4,2.5,24,32.2,184,278,39.8,-7.1,118,170,41,-5.3,Defense,141,141,7,69
1246,Dee Centerman IV,LD,0,ATL,69,14,13892,1,3,4,-3,0,0,0,0,114,0,0,0,205,0,0,0,0,0,0,6,0,5,28,27,57,51,63,95.5,3.4,4.2,40.6,32.6,247,213,53.7,-2.1,170,139,55,-2.9,Defense,137,137,8,69
1327,Teylora Petrov,LD,0,TEX,69,4,4148,0,0,0,-6,0,0,0,0,0,0,0,0,502,0,0,0,0,0,0,3,1,4,4,1,54,50,60,90,1,6.9,16.8,43.4,38,65,36.9,3.2,18,48,27.3,-6.1,Defense,136,136,9,69
1701,Puddles O'Duck,LD,0,ATL,69,14,19214,6,9,15,-8,6,3,4,7,1913,0,1,1,1385,2,0,0,0,0,0,12,4,7,47,39,66,60,71,92.4,2.9,4.5,39.6,30.1,275,235,53.9,-1.8,206,154,57.2,0.3,Defense,136,136,10,69
1506,William Salming,RW,0,SEA,69,16,19747,3,8,11,6,2,0,0,0,452,0,0,0,1612,0,8,4,0,0,0,44,13,4,18,18,75,76,70,101.8,4.1,2.9,28.3,22.6,219,184,54.3,1.9,154,123,55.6,2.6,Forward,72,72,1,69
1428,Vaseline Podcalzone,LW,0,SEA,69,16,22096,6,16,22,9,10,1,1,2,2426,0,1,1,538,0,30,6,0,0,0,47,8,9,17,37,87,89,77,103.4,4.5,2.6,29.4,22,256,199,56.3,4.9,176,137,56.2,3.7,Forward,68,68,2,69
1817,Greg Davies,RW,0,MAN,69,5,5145,0,3,3,3,0,0,0,0,36,0,0,0,111,0,5,0,0,0,0,2,0,2,8,4,64,62,62,109.9,4.3,2.2,27.4,36.7,68,91,42.8,4.5,47,62,43.1,3.7,Forward,58,58,3,69
2433,Max Manning,C,0,SEA,69,16,22749,14,12,26,9,4,2,3,5,2458,1,0,1,448,4,277,125,0,0,0,15,16,20,10,58,77,80,71,102.2,4,2.4,30.3,21.6,262,199,56.8,5.8,186,134,58.1,6.6,Forward,57,57,4,69
1063,Robert E O Speedwagon,RW,0,MAN,69,5,5620,0,3,3,-6,0,0,0,0,205,0,0,0,115,0,0,0,0,0,0,3,4,0,5,8,69,80,50,91.4,2,6.1,30.6,40.1,78,112,41.1,2.3,55,69,44.4,5.7,Forward,56,56,5,69
2152,Gonzo Gobbledygook,LW,0,WPG,69,24,33492,10,19,29,9,8,1,5,6,3092,2,0,2,2582,1,9,3,0,0,0,51,23,13,25,65,87,92,75,101.1,3.9,2.7,30.8,23.6,393,304,56.4,-2.1,277,206,57.3,-2.1,Forward,56,56,6,69
1319,Jonathan Granstrom,C,0,MAN,69,5,5426,2,2,4,-5,2,0,0,0,130,0,0,0,0,0,64,28,0,0,0,1,7,1,4,11,57,55,55,96.2,3.4,6.8,29.9,44.9,74,125,37.2,-3.6,51,80,38.9,-2.3,Forward,53,53,7,69
1367,Calvin Hobbes,C,0,SEA,69,16,17897,3,9,12,3,6,0,0,0,0,0,0,0,1631,1,244,99,0,0,0,13,12,6,10,29,68,68,66,102.8,2.7,2,26.3,27.2,194,205,48.6,-6.2,136,147,48.1,-8.2,Forward,53,53,8,69
934,Rhys Pritchard,LW,0,CGY,69,4,3963,1,0,1,-2,0,0,0,0,0,0,0,0,0,0,2,0,0,0,0,7,1,3,3,11,68,65,68,93,0.9,2.7,27.2,26.3,44,55,44.4,6.3,35,33,51.5,9.9,Forward,48,48,9,69
2200,Lev Lebedev,C,0,MAN,69,5,6695,3,2,5,-7,2,0,1,1,780,0,0,0,404,0,91,58,0,0,0,6,7,2,4,15,66,66,58,96.1,3.9,7.8,30,46.4,79,118,40.1,0.9,57,80,41.6,1.8,Forward,48,48,10,69
2454,Wendolene Ramsbottom,LD,0,SEA,70,13,16997,1,8,9,4,4,0,0,0,670,0,0,0,1110,0,0,0,0,0,0,9,1,6,40,26,65,59,71,99.9,5,4,33.6,27,238,201,54.2,-0.5,169,133,56,1.9,Defense,256,256,1,70
732,Sven Svechnikov,LD,0,NEW,70,28,41375,2,13,15,12,6,1,2,3,4701,0,2,2,3800,0,0,0,0,0,0,35,4,16,86,55,67,58,77,103.8,3.7,2.4,34.6,34.8,549,609,47.4,-0.3,370,375,49.7,1.7,Defense,244,244,2,70
883,Sean Gatez,RD,0,MAN,70,4,5914,0,0,0,-6,2,0,0,0,831,0,0,0,386,0,0,0,0,0,0,8,1,2,23,5,65,57,75,98.2,3.1,7.7,24.5,53.6,61,116,34.5,0.5,40,78,33.9,1.6,Defense,218,218,3,70
1213,Cup Noodle,RD,0,NEW,70,28,39149,3,7,10,7,19,1,4,5,2495,0,0,0,3769,0,0,0,1,1,0,38,6,20,122,50,70,59,81,102.4,3.4,2.6,34.8,35.7,549,608,47.5,-0.3,376,375,50.1,2.3,Defense,197,197,4,70
1892,Kermit Murphy,LD,0,SEA,70,13,18918,2,3,5,2,4,1,1,2,1795,0,0,0,1740,0,0,0,0,0,0,15,2,6,38,30,68,60,78,100.5,2.8,2.1,30.9,24.6,238,187,56,2.2,159,129,55.2,0.7,Defense,190,190,5,70
1466,Pasta the Turtle,LD,0,CHI,70,13,16386,2,6,8,2,4,0,0,0,103,0,1,1,1416,0,0,0,0,0,0,14,1,6,16,19,59,54,61,101.5,3.1,2.9,28.6,30.5,226,208,52.1,0.6,134,148,47.5,-4.3,Defense,185,185,6,70
1820,Eero Makela,RD,0,CGY,70,9,11106,1,2,3,-2,2,0,0,0,646,0,0,0,702,0,0,0,0,0,0,4,1,8,27,21,64,52,79,98.7,1.5,2.2,24.3,30.3,127,165,43.5,6.7,83,104,44.4,4.6,Defense,172,172,7,70
877,Adelie de Pengu,RD,0,CHI,70,13,17777,3,5,8,7,6,1,1,2,1954,0,2,2,656,1,0,0,0,0,0,8,0,8,45,31,71,60,84,102.4,2.4,1.2,31.6,23.3,250,199,55.7,6.2,153,119,56.3,9,Defense,169,169,8,70
1701,Puddles O'Duck,LD,0,ATL,70,14,19549,2,4,6,-1,2,2,1,3,2583,0,0,0,1712,0,0,0,0,0,0,23,6,14,33,45,67,59,76,95.8,3.1,3.3,37.8,26.9,257,199,56.4,3.3,194,134,59.1,6,Defense,169,169,9,70
1194,Ethan Duncan,RD,0,WPG,70,22,23353,4,7,11,8,4,0,0,0,121,0,0,0,675,0,0,0,0,0,0,22,2,15,55,38,63,56,71,100.7,4.3,3,38.6,28.9,436,365,54.4,-3.3,273,214,56.1,-2.1,Defense,166,166,10,70
1506,William Salming,RW,0,SEA,70,13,16433,4,12,16,7,4,1,0,1,505,0,0,0,1934,1,11,0,0,0,0,24,12,7,9,30,74,78,66,103.5,5.1,3.3,32.4,27,229,177,56.4,2.8,152,126,54.7,-0.1,Forward,81,81,1,70
2152,Gonzo Gobbledygook,LW,0,WPG,70,22,24947,14,13,27,16,8,0,2,2,1409,0,0,0,810,3,14,2,0,0,0,46,17,8,18,94,80,81,71,104.1,5.5,2.7,40.9,28.5,432,319,57.5,1.3,304,212,58.9,2.1,Forward,74,74,2,70
1428,Vaseline Podcalzone,LW,0,SEA,70,13,16647,5,11,16,10,6,1,1,2,1895,0,0,0,525,1,24,7,0,0,0,28,11,8,5,31,83,87,71,107.6,5.1,2.3,33.4,30.1,227,198,53.4,-1.8,156,141,52.5,-3.4,Forward,73,73,3,70
1172,Burlok Sulfurgold,RW,0,NEW,70,28,30227,9,14,23,9,10,0,0,0,59,0,0,0,133,1,20,6,0,0,0,44,28,13,30,78,72,71,69,104.2,3.7,2.6,32.2,36.1,497,580,46.1,-2.2,320,363,46.9,-2.5,Forward,65,65,4,70
2652,Ivan Lacksamus,C,0,NEW,70,28,39094,10,20,30,5,14,1,5,6,4757,0,2,2,3799,1,568,308,0,0,0,24,23,25,42,76,74,71,77,102.4,2.9,2.4,34.3,37.8,523,589,47,-0.9,348,382,47.7,-1.4,Forward,65,65,5,70
2433,Max Manning,C,0,SEA,70,13,18124,11,10,21,0,6,2,2,4,1958,0,0,0,652,2,220,97,0,0,0,10,14,5,7,61,75,81,64,98.2,4.2,3.9,33.2,27.4,244,203,54.6,0.1,173,146,54.2,-0.8,Forward,64,64,6,70
1367,Calvin Hobbes,C,0,SEA,70,13,14114,1,4,5,0,4,0,0,0,12,0,0,0,2028,0,177,82,0,0,0,5,11,4,8,25,66,64,67,97.2,2.1,2.1,31.9,22.4,183,148,55.3,1,124,94,56.9,2.9,Forward,61,61,7,70
1319,Jonathan Granstrom,C,0,MAN,70,4,4439,1,2,3,-5,0,0,0,0,160,0,0,0,25,0,66,32,0,0,0,3,1,6,7,7,65,57,71,96,2.5,6.8,27.9,51.6,57,103,35.6,2.3,41,79,34.2,2,Forward,60,60,8,70
1817,Greg Davies,RW,0,MAN,70,4,3982,0,1,1,-7,0,0,0,0,0,0,0,0,64,0,0,0,0,0,0,3,1,3,2,2,54,57,47,91.9,0.9,7.3,18.4,56,34,94,26.6,-10.5,25,72,25.8,-9.9,Forward,60,60,9,70
91,Makrus The Tater Jager,C,0,NEW,70,28,35502,13,16,29,10,8,3,0,3,1009,0,1,1,1705,3,429,219,0,0,0,36,16,27,32,77,73,71,72,102.6,4.2,3.2,35.9,35.2,562,578,49.3,2.6,388,376,50.8,3.4,Forward,58,58,10,70
2454,Wendolene Ramsbottom,RD,0,SEA,71,7,10387,1,3,4,0,2,1,1,2,788,0,0,0,587,0,0,0,0,0,0,11,0,4,27,17,74,61,88,99.1,0.8,1.2,25.6,29.6,113,132,46.1,1.3,78,86,47.6,1.2,Defense,283,283,1,71
732,Sven Svechnikov,LD,0,NEW,71,9,12451,0,0,0,3,8,0,0,0,654,0,0,0,983,0,0,0,0,0,0,8,3,7,23,18,67,57,78,102.3,3.3,2,37,30,184,150,55.1,-1.4,132,103,56.2,-2,Defense,267,267,2,71
1213,Cup Noodle,RD,0,NEW,71,9,11796,1,3,4,2,6,0,0,0,120,0,0,0,985,0,0,0,0,0,0,6,2,7,25,24,65,58,75,99.7,3,2,40.7,26.3,195,143,57.7,2.6,146,91,61.6,6.4,Defense,222,222,3,71
883,Sean Gatez,RD,0,MAN,70,4,5914,0,0,0,-6,2,0,0,0,831,0,0,0,386,0,0,0,0,0,0,8,1,2,23,5,65,57,75,98.2,3.1,7.7,24.5,53.6,61,116,34.5,0.5,40,78,33.9,1.6,Defense,218,218,4,71
877,Adelie de Pengu,RD,0,CHI,71,12,17911,1,5,6,4,4,0,2,2,2002,0,0,0,667,0,0,0,0,0,0,22,2,18,41,29,72,60,83,103.5,3.5,2.6,30,31.2,228,250,47.7,-1.1,146,158,48,-0.9,Defense,210,210,5,71
1466,Pasta the Turtle,RD,0,LAP,71,12,16411,1,6,7,-5,4,0,0,0,424,0,0,0,1000,0,0,0,0,0,0,9,3,9,25,21,60,54,67,98.6,2.9,3.4,36.3,36,227,234,49.2,1.5,172,177,49.3,3,Defense,210,210,6,71
2228,Marcel Beck,RD,0,WPG,71,22,28756,7,15,22,5,6,0,1,1,554,0,1,1,1885,0,0,0,0,0,0,30,2,23,42,50,64,57,69,98.7,4.8,4.1,37.9,29.4,449,385,53.8,-0.9,321,265,54.8,0.2,Defense,206,206,7,71
2529,Christian Kinsinger,LD,0,WPG,71,22,31351,3,17,20,6,11,0,4,4,2611,0,1,1,2841,0,0,0,1,0,1,25,11,23,59,66,68,61,75,97.8,4.9,4.2,39.5,28.8,445,360,55.3,1.3,324,252,56.3,2.4,Defense,204,204,8,71
1892,Kermit Murphy,RD,0,SEA,71,7,10109,1,4,5,-3,4,0,0,0,235,0,1,1,286,0,0,0,0,0,0,4,1,4,13,15,64,61,67,97.8,2.6,3.8,30,34.2,115,147,43.9,-2.4,94,107,46.8,0,Defense,203,203,9,71
1194,Ethan Duncan,RD,0,WPG,71,22,24675,0,9,9,7,6,0,0,0,165,0,0,0,668,0,0,0,0,0,0,36,5,17,30,32,62,56,70,101.6,4.4,3.3,35.8,31.3,404,361,52.8,-2.3,271,248,52.2,-3.6,Defense,196,196,10,71
1506,William Salming,RW,0,SEA,71,7,9545,0,4,4,-3,4,0,1,1,764,0,0,0,524,0,18,7,0,0,0,16,5,2,8,5,76,76,70,97.2,2.6,3.9,30.1,34,120,123,49.4,6.5,87,88,49.7,4.7,Forward,89,89,1,71
2152,Gonzo Gobbledygook,LW,0,WPG,71,22,25843,13,13,26,15,6,0,1,1,762,0,0,0,487,1,21,6,0,0,0,34,22,6,5,79,77,83,63,103.8,4.5,2.3,38.2,29.1,422,341,55.3,1.4,304,241,55.8,1.7,Forward,79,79,2,71
1428,Vaseline Podcalzone,LW,0,SEA,71,7,9780,3,1,4,-2,2,0,0,0,848,2,0,2,357,0,9,0,0,0,0,15,6,6,5,21,81,85,71,95.5,1.7,3.4,33.2,35.3,129,126,50.6,8.7,97,92,51.3,7.6,Forward,78,78,3,71
2652,Ivan Lacksamus,C,0,NEW,71,9,12027,2,5,7,-1,6,0,2,2,615,0,0,0,1043,1,177,96,0,0,0,4,7,7,6,27,71,70,69,101.2,2.4,2.4,30.9,36.5,153,163,48.4,-11.4,104,126,45.2,-18.5,Forward,71,71,4,71
2433,Max Manning,C,0,SEA,71,7,10573,4,3,7,-1,2,1,1,2,767,0,0,0,727,0,122,70,0,0,0,9,6,6,3,31,78,83,68,99.4,2.4,2.8,30.1,32.5,127,126,50.2,8,94,93,50.3,5.8,Forward,67,67,5,71
1367,Calvin Hobbes,C,0,SEA,71,7,5987,1,3,4,-1,0,0,0,0,1,0,1,1,259,0,70,31,0,0,0,2,2,3,5,10,65,65,62,97.8,2.5,3.8,31.4,37.1,79,100,44.1,-1.6,59,71,45.4,-1.9,Forward,66,66,6,71
1917,Nike Kickz Jr,RW,0,CHI,71,12,14968,1,7,8,1,0,0,0,0,35,0,0,0,604,0,6,2,0,0,0,26,9,3,14,14,72,71,69,103.1,3.3,3,27.4,34.2,205,238,46.3,-3.2,136,160,45.9,-4.1,Forward,66,66,7,71
1172,Burlok Sulfurgold,RW,0,NEW,71,9,10978,1,6,7,6,0,0,0,0,0,0,0,0,1122,0,4,2,0,0,0,17,11,2,0,10,70,71,62,104.8,4.4,2.2,38,32.5,174,142,55.1,-1.4,116,107,52,-8.1,Forward,65,65,8,71
1319,Jonathan Granstrom,C,0,SFP,71,4,4638,1,1,2,-3,0,0,0,0,272,0,0,0,419,0,43,21,0,0,0,5,2,6,5,6,65,58,69,92.2,2.7,5.5,31,32.8,58,58,50,16.7,40,39,50.6,16.9,Forward,65,65,9,71
2892,Outdoor Truck,LW,0,NEW,71,9,10565,1,9,10,6,6,0,1,1,170,0,0,0,387,0,6,2,0,0,0,17,2,4,10,21,82,84,76,102.3,4,1.8,43.9,26.6,184,131,58.4,3.6,140,86,61.9,6.7,Forward,65,65,10,71
732,Sven Svechnikov,RD,0,NEW,72,21,28641,2,11,13,8,12,0,0,0,585,0,3,3,2773,0,0,0,0,0,0,24,4,10,58,40,65,59,70,101.5,3.7,2.8,36.2,32.7,458,389,54.1,2.8,318,263,54.7,3.2,Defense,325,325,1,72
2454,Wendolene Ramsbottom,RD,0,SEA,72,5,8270,0,3,3,-2,0,0,0,0,882,0,0,0,389,0,0,0,0,0,0,4,0,3,9,8,60,57,59,103.1,4.1,4.6,26.7,37.5,79,111,41.6,3.5,60,84,41.7,5.1,Defense,292,292,2,72
2529,Christian Kinsinger,LD,0,WPG,72,19,26206,3,10,13,16,10,1,3,4,3576,0,1,1,1870,0,0,0,0,0,0,23,3,16,48,57,69,60,78,103.4,5.2,2.3,46.6,29,414,314,56.9,-1.6,302,196,60.6,1.8,Defense,252,252,3,72
2228,Marcel Beck,RD,0,WPG,72,19,25371,4,7,11,20,12,0,0,0,963,0,1,1,2856,0,0,0,0,0,0,20,3,12,45,48,65,55,76,103.3,4.8,2,46.9,28.4,434,326,57.1,-1.3,312,201,60.8,2.1,Defense,251,251,4,72
877,Adelie de Pengu,RD,0,CHI,72,12,17083,1,4,5,-7,0,0,2,2,3086,0,0,0,489,0,0,0,0,0,0,16,1,15,30,27,69,63,74,98.2,3.5,4.8,30.6,36.5,217,226,49,0.6,129,157,45.1,-1,Defense,240,240,5,72
2976,Seamus O'Slapahan,LD,0,NEW,72,21,29206,2,11,13,17,8,2,2,4,2550,0,1,1,2759,0,0,0,0,0,0,24,5,15,62,36,67,59,76,105.2,4.7,2.1,40.1,32.7,443,358,55.3,4.6,324,239,57.5,7.4,Defense,239,239,6,72
2486,Jay O'Neil,RD,0,WPG,72,19,27577,7,10,17,4,10,4,2,6,3531,0,1,1,2859,3,0,0,0,0,0,26,2,11,50,62,69,63,74,96.7,3.9,3.2,42.6,26,404,270,59.9,3.1,289,181,61.5,3,Defense,229,229,7,72
1213,Cup Noodle,RD,0,NEW,71,9,11796,1,3,4,2,6,0,0,0,120,0,0,0,985,0,0,0,0,0,0,6,2,7,25,24,65,58,75,99.7,3,2,40.7,26.3,195,143,57.7,2.6,146,91,61.6,6.4,Defense,222,222,8,72
883,Sean Gatez,RD,0,MAN,70,4,5914,0,0,0,-6,2,0,0,0,831,0,0,0,386,0,0,0,0,0,0,8,1,2,23,5,65,57,75,98.2,3.1,7.7,24.5,53.6,61,116,34.5,0.5,40,78,33.9,1.6,Defense,218,218,9,72
1892,Kermit Murphy,RD,0,BAP,72,4,5741,1,0,1,-5,2,0,0,0,507,0,0,0,396,0,0,0,0,0,0,4,0,1,12,16,64,59,69,93.1,0.7,3.7,27.5,38.7,58,82,41.4,10.3,39,61,39,8.2,Defense,215,215,10,72
1506,William Salming,RW,0,SEA,72,5,7005,3,2,5,2,6,0,0,0,818,0,0,0,161,1,11,4,0,0,0,9,9,6,5,14,74,72,73,109.8,4.8,3.6,25.1,38.8,68,107,38.9,-1.1,49,79,38.3,-0.8,Forward,94,94,1,72
2152,Gonzo Gobbledygook,LW,0,WPG,72,19,20861,6,7,13,5,4,0,0,0,648,0,0,0,675,0,11,4,0,0,0,29,7,18,13,44,76,76,72,98.4,3.9,2.9,44.6,28.7,397,283,58.4,0.8,274,182,60.1,0.9,Forward,92,92,2,72
2652,Ivan Lacksamus,C,0,NEW,72,21,29241,13,23,36,24,12,2,3,5,2675,0,4,4,2879,2,430,226,0,0,0,22,25,7,19,83,77,75,76,107.2,5.2,2,40.1,34.7,445,375,54.3,3,317,263,54.7,3,Forward,90,90,3,72
2892,Outdoor Truck,RW,0,NEW,72,21,27468,12,19,31,15,12,1,4,5,2447,1,2,3,1200,0,5,1,0,0,0,36,21,15,17,79,82,85,75,106,4.1,2.1,34.9,36.9,392,393,49.9,-3.5,288,278,50.9,-2.7,Forward,82,82,4,72
1428,Vaseline Podcalzone,LW,0,SEA,72,5,7046,2,4,6,-2,6,0,0,0,654,0,0,0,274,0,17,6,0,0,0,3,5,5,3,20,68,69,62,102,4.1,4.7,25.3,32.9,72,93,43.6,6.4,51,68,42.9,6.3,Forward,81,81,5,72
91,Makrus The Tater Jager,C,0,NEW,72,21,25157,10,12,22,-1,8,0,0,0,542,2,0,2,1703,1,299,162,0,0,0,17,34,12,16,76,67,67,63,99.5,4.7,5,36.9,38,422,391,51.9,-0.6,297,271,52.3,-0.6,Forward,80,80,6,72
2433,Max Manning,C,0,WPG,72,19,22397,12,7,19,4,14,1,0,1,1014,1,0,1,1160,1,255,128,0,0,0,17,19,8,12,83,71,72,65,96.8,4.1,3.6,42,27.4,391,289,57.5,-0.6,271,186,59.3,-0.3,Forward,79,79,7,72
1917,Nike Kickz Jr,RW,0,CHI,72,12,13151,5,12,17,0,8,0,0,0,75,0,0,0,490,1,11,3,0,0,0,11,6,9,11,26,69,72,62,105.9,5.1,4.6,30,40.6,201,226,47.1,-2.3,124,158,44,-2.6,Forward,77,77,8,72
2207,Lias Ekholm-Gunnarsson,C,0,WPG,72,19,25538,16,16,32,11,12,2,4,6,3651,1,1,2,3023,1,399,222,0,0,0,17,24,18,22,96,77,75,78,101.1,5.5,3.4,45.8,31.3,366,281,56.6,-1.9,273,190,59,-0.8,Forward,77,77,9,72
1082,Melvin Majestik-Moose,RW,0,CHI,72,12,16687,6,9,15,5,2,2,1,3,3060,0,1,1,574,1,16,4,0,0,0,27,15,7,12,38,80,87,68,104.5,4.7,3.6,33.1,37.2,210,222,48.6,0.1,145,154,48.5,4.3,Forward,74,74,10,72
732,Sven Svechnikov,RD,0,NEW,73,17,20285,2,4,6,22,4,0,0,0,0,1,0,1,1935,0,0,0,0,0,0,16,2,8,30,27,63,53,74,106.5,5.5,1.6,46.7,29.6,383,261,59.5,3.1,275,175,61.1,4,Defense,355,355,1,73
2976,Seamus O'Slapahan,LD,0,NEW,73,17,23684,1,4,5,-1,8,1,0,1,2993,0,0,0,2145,0,1,0,0,0,0,22,6,18,69,38,69,58,81,98.3,3.5,2.9,44.8,30.7,396,303,56.7,-1.2,268,184,59.3,1.3,Defense,308,308,2,73
2228,Marcel Beck,RD,0,WPG,73,17,21194,4,5,9,1,8,0,0,0,815,0,1,1,1229,1,0,0,0,0,0,11,4,16,49,30,64,57,72,98.9,3.8,3.8,39.1,35.2,346,320,52,-1.9,254,221,53.5,0,Defense,300,300,3,73
2454,Wendolene Ramsbottom,RD,0,SEA,72,5,8270,0,3,3,-2,0,0,0,0,882,0,0,0,389,0,0,0,0,0,0,4,0,3,9,8,60,57,59,103.1,4.1,4.6,26.7,37.5,79,111,41.6,3.5,60,84,41.7,5.1,Defense,292,292,4,73
2529,Christian Kinsinger,LD,0,WPG,73,17,22137,4,6,10,15,6,0,1,1,658,0,2,2,2037,1,0,0,0,0,0,14,4,14,39,34,65,58,73,102.9,5.7,3.5,42.8,33.5,388,282,57.9,7.4,274,205,57.2,5.8,Defense,291,291,5,73
877,Adelie de Pengu,RD,0,CHI,73,11,14852,1,5,6,-3,2,0,0,0,1200,0,1,1,675,0,0,0,0,0,0,11,5,11,40,30,66,59,74,97.6,2.5,3.3,34.1,34.4,190,223,46,-1.4,141,139,50.4,5.9,Defense,280,280,6,73
1973,Luc Blouin,RD,0,PHI,73,22,24558,1,14,15,12,12,0,1,1,150,0,2,2,1318,0,3,0,0,0,0,17,4,10,41,25,61,56,66,102.8,4.4,3.3,35.7,34.8,402,364,52.5,0,280,254,52.4,-0.4,Defense,253,253,7,73
2486,Jay O'Neil,RD,0,WPG,73,17,23900,1,9,10,11,2,0,3,3,2211,0,2,2,2214,0,0,0,0,0,0,16,3,22,18,26,63,55,69,101.4,5.2,3.7,41,33.1,377,276,57.7,7,265,201,56.9,5.2,Defense,247,247,8,73
1701,Puddles O'Duck,LD,0,ATL,73,11,14930,2,4,6,-5,4,0,0,0,508,0,0,0,1046,0,0,0,0,0,0,8,1,14,27,16,62,58,64,93.3,4,5.4,40.9,32.6,257,221,53.8,2.8,177,137,56.4,3.2,Defense,238,238,9,73
2868,Luca Hunziker,LD,0,EDM,73,22,28042,0,9,9,12,10,0,0,0,259,0,2,2,3134,0,0,0,0,0,0,19,3,20,70,29,66,57,75,101.1,3.8,2.3,40.5,28.2,479,358,57.2,2.5,335,236,58.7,2.3,Defense,232,232,10,73
2433,Max Manning,C,0,WPG,73,17,19649,12,7,19,9,8,0,0,0,94,1,0,1,1107,0,263,139,0,0,0,16,27,6,21,68,68,68,66,103.1,5.5,3.9,40.8,38.1,349,319,52.2,-1.4,250,223,52.9,-1,Forward,100,100,1,73
2652,Ivan Lacksamus,C,0,NEW,73,17,23641,16,17,33,11,12,1,8,9,2925,1,1,2,2271,1,366,209,0,0,0,13,22,15,9,84,78,80,73,102.3,5.5,2.9,47.2,31.4,401,288,58.2,1.2,284,191,59.8,2.1,Forward,99,99,2,73
2892,Outdoor Truck,RW,0,NEW,73,17,23411,7,23,30,11,6,4,6,10,2830,1,2,3,2411,0,2,0,0,0,0,50,8,7,15,53,88,90,77,103.4,5,2.4,43,29.1,375,278,57.4,0,260,178,59.4,1.4,Forward,97,97,3,73
1014,Evil AllBran,LW,0,PHI,73,22,27676,8,19,27,13,4,0,1,1,1330,0,0,0,2208,0,21,9,0,0,0,33,26,9,22,64,80,82,74,104.3,4.9,3,38.2,34.8,449,397,53.1,0.9,313,285,52.3,-0.6,Forward,95,95,4,73
1506,William Salming,RW,0,SEA,72,5,7005,3,2,5,2,6,0,0,0,818,0,0,0,161,1,11,4,0,0,0,9,9,6,5,14,74,72,73,109.8,4.8,3.6,25.1,38.8,68,107,38.9,-1.1,49,79,38.3,-0.8,Forward,94,94,5,73
1923,Noel Blanchet,LW,0,WPG,73,17,19137,8,11,19,12,4,0,0,0,511,1,0,1,97,3,8,4,0,0,0,37,11,9,21,59,72,72,68,104.4,5.4,3.3,39.8,35.6,338,315,51.8,-2.1,243,213,53.3,-0.3,Forward,94,94,6,73
2152,Gonzo Gobbledygook,LW,0,WPG,72,19,20861,6,7,13,5,4,0,0,0,648,0,0,0,675,0,11,4,0,0,0,29,7,18,13,44,76,76,72,98.4,3.9,2.9,44.6,28.7,397,283,58.4,0.8,274,182,60.1,0.9,Forward,92,92,7,73
2207,Lias Ekholm-Gunnarsson,C,0,WPG,73,17,23347,19,8,27,3,6,5,0,5,2369,4,1,5,2457,1,315,173,0,0,0,17,19,11,15,92,75,75,74,98.5,4.1,4.3,38.5,35.2,320,275,53.8,0.9,236,203,53.8,0.4,Forward,92,92,8,73
2540,Spack Jarrow,RW,0,WPG,73,17,19779,7,8,15,2,8,0,0,0,539,0,0,0,181,0,10,5,0,0,0,24,16,10,18,60,74,80,62,99.7,3.6,3.2,39.7,34.4,342,301,53.2,0,241,215,52.9,-0.9,Forward,88,88,9,73
91,Makrus The Tater Jager,C,0,NEW,73,17,18511,11,10,21,13,15,0,0,0,165,1,0,1,283,1,247,134,0,0,0,14,20,10,5,69,68,70,61,102.7,5.4,3,44.4,31.7,354,274,56.4,-1.6,258,185,58.2,-0.3,Forward,85,85,10,73
732,Sven Svechnikov,LD,0,NEW,74,24,25134,0,6,6,1,10,0,0,0,221,0,0,0,708,0,1,1,0,0,0,15,4,16,44,38,58,52,63,99.2,4,3.9,37.9,33.9,460,365,55.8,5.8,301,274,52.3,0.9,Defense,399,399,1,74
2976,Seamus O'Slapahan,LD,0,NEW,74,24,33378,8,15,23,6,12,8,5,13,2805,0,1,1,2447,1,0,0,0,0,0,20,4,14,83,53,68,61,76,102.7,4.2,3.3,35.6,36.3,483,465,50.9,-1.2,320,325,49.6,-3.2,Defense,391,391,2,74
2228,Marcel Beck,RD,0,WPG,74,22,27926,2,5,7,5,4,0,1,1,1556,0,0,0,1639,1,0,0,0,0,0,11,3,23,43,41,65,56,73,99.5,3.2,2.8,35.7,29.3,403,343,54,-1.3,292,236,55.3,0.6,Defense,343,343,3,74
2529,Christian Kinsinger,LD,0,WPG,74,22,28426,0,4,4,1,4,0,1,1,3929,0,0,0,944,0,0,0,0,0,0,21,3,21,50,42,65,56,74,96.9,2.8,3.1,33.2,26.7,378,325,53.8,-1.6,261,213,55.1,0.2,Defense,341,341,4,74
877,Adelie de Pengu,RD,0,CHI,74,5,6274,0,0,0,0,2,0,0,0,329,0,0,0,515,0,0,0,0,0,0,6,3,1,17,8,66,53,81,99.9,1.3,1.3,34.5,33.8,76,92,45.2,5.8,61,61,50,10,Defense,297,297,5,74
2454,Wendolene Ramsbottom,RD,0,SEA,72,5,8270,0,3,3,-2,0,0,0,0,882,0,0,0,389,0,0,0,0,0,0,4,0,3,9,8,60,57,59,103.1,4.1,4.6,26.7,37.5,79,111,41.6,3.5,60,84,41.7,5.1,Defense,292,292,6,74
1973,Luc Blouin,RD,0,PHI,74,18,20216,1,1,2,-9,11,0,0,0,14,0,0,0,976,1,0,0,1,1,0,18,1,13,34,28,58,55,61,92.3,3.4,5.1,43.4,32.8,376,288,56.6,3,272,198,57.9,2.9,Defense,287,287,7,74
2486,Jay O'Neil,RD,0,WPG,74,22,30464,3,9,12,0,8,1,2,3,3849,1,2,3,2491,0,0,0,0,0,0,36,3,20,26,52,64,56,70,95.8,2.5,3,35.1,26.1,403,319,55.8,1.5,277,212,56.6,2.6,Defense,273,273,8,74
823,Lenny Hawk,RD,0,PHI,74,18,21751,3,1,4,1,6,0,0,0,0,0,0,0,1460,0,0,0,0,0,0,11,1,9,53,26,60,52,70,97.3,3.5,3.4,39.2,28.7,364,314,53.7,-1.5,257,200,56.2,0.4,Defense,269,269,9,74
2488,San-sam Emerson,LD,0,PHI,74,18,24584,3,8,11,13,4,1,3,4,2870,0,1,1,1421,0,0,0,0,0,0,10,6,17,38,47,67,61,74,104.2,4.3,2,40.3,30.5,373,328,53.2,-2.2,270,208,56.5,0.8,Defense,259,259,10,74
2892,Outdoor Truck,RW,0,NEW,74,24,31419,9,22,31,17,8,1,4,5,2676,0,1,1,3174,2,7,4,0,0,0,37,24,14,35,60,81,83,74,105,5.2,2.7,39.6,32.8,476,405,54,3.4,330,267,55.3,5.3,Forward,132,132,1,74
2652,Ivan Lacksamus,C,0,NEW,74,24,32306,12,20,32,11,12,1,7,8,2809,1,0,1,2942,2,487,252,0,0,0,26,29,17,15,102,73,75,67,103.7,4.7,3.1,38,35.2,470,426,52.5,1.1,325,293,52.6,1.3,Forward,114,114,2,74
1014,Evil AllBran,LW,0,PHI,74,18,22636,6,12,18,-4,6,0,0,0,666,0,0,0,501,0,12,6,0,0,0,25,13,11,18,59,75,77,68,93.4,3.7,4.4,39.6,27.3,405,308,56.8,3.4,281,198,58.7,4.2,Forward,113,113,3,74
2433,Max Manning,RW,0,BAP,74,12,14536,2,9,11,-1,2,0,0,0,464,0,0,0,276,0,7,3,0,0,0,22,12,5,10,36,68,69,62,100.6,4.7,4.7,36.5,38.4,232,237,49.5,3.4,164,178,48,3,Forward,110,110,4,74
2540,Spack Jarrow,RW,0,WPG,74,22,25332,6,13,19,7,4,0,1,1,921,0,0,0,189,3,17,3,0,0,0,43,20,16,21,59,76,83,64,100.7,4,3,33,25.9,409,318,56.3,2.1,276,205,57.4,3.6,Forward,109,109,5,74
2207,Lias Ekholm-Gunnarsson,C,0,WPG,74,22,29674,6,16,22,0,6,0,2,2,4167,0,3,3,1486,3,311,151,0,0,0,40,19,13,9,75,73,73,72,96,3,3.3,37.2,27.3,423,321,56.9,3.1,295,225,56.7,2.8,Forward,101,101,6,74
2620,Red Kirkby,RW,0,PHI,74,18,23333,5,13,18,-10,4,1,3,4,2893,0,0,0,196,0,15,5,0,0,0,31,10,8,15,57,76,83,58,91.6,2.8,4.4,39.1,28.5,378,296,56.1,2.2,257,193,57.1,1.7,Forward,99,99,7,74
1923,Noel Blanchet,LW,0,NOL,74,7,7472,2,4,6,4,0,0,0,0,0,0,0,0,0,0,3,0,0,0,0,6,3,3,4,12,68,68,65,107.6,3.9,1.9,29.4,35.2,118,140,45.7,2.1,74,85,46.5,5.9,Forward,98,98,8,74
2457,Mikko Rashford,LW,0,WPG,74,22,27523,10,5,15,-7,4,2,0,2,1357,2,0,2,1724,0,50,11,0,0,0,35,24,12,16,43,71,70,67,94.2,2.4,3.7,34.9,29.3,423,346,55,0.2,282,244,53.6,-2.1,Forward,95,95,9,74
1506,William Salming,RW,0,SEA,72,5,7005,3,2,5,2,6,0,0,0,818,0,0,0,161,1,11,4,0,0,0,9,9,6,5,14,74,72,73,109.8,4.8,3.6,25.1,38.8,68,107,38.9,-1.1,49,79,38.3,-0.8,Forward,94,94,10,74
2976,Seamus O'Slapahan,LD,0,NEW,75,23,32702,5,7,12,-4,6,3,2,5,3851,0,0,0,2078,0,0,0,0,0,0,25,3,29,69,60,66,56,76,98.2,3.6,4,39,36.3,460,489,48.5,-2.9,331,314,51.3,2,Defense,460,460,1,75
732,Sven Svechnikov,LD,0,NEW,75,23,23845,0,4,4,-2,6,0,0,0,28,0,0,0,596,0,0,0,0,0,0,23,3,19,42,20,60,53,67,100.8,3.6,4,38,47,412,433,48.8,-2.4,287,360,44.4,-8.3,Defense,441,441,2,75
3356,Sean Davies,RD,0,NEW,75,23,29017,2,5,7,-5,4,0,0,0,109,0,1,1,2112,0,0,0,0,0,0,18,4,13,117,41,64,52,78,97.6,3.8,4.4,39.9,37.5,466,510,47.7,-4.1,335,329,50.5,0.8,Defense,374,374,3,75
2228,Marcel Beck,RD,0,WPG,75,6,7722,1,0,1,-8,0,0,0,0,180,0,0,0,282,0,0,0,0,0,0,6,2,5,10,8,56,52,57,85.7,1.5,5.5,26.3,27.3,92,113,44.9,-6.6,65,71,47.8,-1.9,Defense,353,353,4,75
2529,Christian Kinsinger,LD,0,WPG,75,6,8209,0,4,4,2,6,0,3,3,661,0,0,0,181,0,0,0,0,0,0,4,0,3,10,15,66,57,78,102.2,2,1,36.2,30.3,119,112,51.5,3.3,81,75,51.9,4.5,Defense,351,351,5,75
823,Lenny Hawk,RD,0,PHI,75,16,17880,1,7,8,16,6,0,0,0,57,0,1,1,831,0,0,0,0,0,0,12,0,6,43,24,60,52,69,104.7,6.1,3.2,40.5,30.3,332,252,56.8,1.3,229,166,58,2.6,Defense,312,312,6,75
877,Adelie de Pengu,LD,0,MIN,75,6,7841,0,2,2,-2,8,0,0,0,118,0,0,0,301,0,0,0,0,0,0,4,1,3,13,9,54,53,56,101.9,3.9,4.9,28.6,41.7,99,148,40.1,-1.3,73,105,41,-0.3,Defense,310,310,7,75
1973,Luc Blouin,RD,0,EDM,75,11,12156,0,2,2,-10,2,0,0,0,16,0,1,1,1173,0,0,0,0,0,0,11,2,5,19,19,57,55,56,86.9,2,5.6,36.4,30.2,203,143,58.7,4.1,128,103,55.4,1.1,Defense,306,306,8,75
2488,San-sam Emerson,LD,0,PHI,75,16,21694,1,7,8,11,6,0,2,2,2346,0,1,1,1386,1,0,0,0,0,0,21,3,16,43,46,68,62,73,101.2,5.8,3.6,45.3,31.1,383,255,60,6.3,270,181,59.9,5.7,Defense,302,302,9,75
2454,Wendolene Ramsbottom,RD,0,SEA,72,5,8270,0,3,3,-2,0,0,0,0,882,0,0,0,389,0,0,0,0,0,0,4,0,3,9,8,60,57,59,103.1,4.1,4.6,26.7,37.5,79,111,41.6,3.5,60,84,41.7,5.1,Defense,292,292,10,75
2892,Outdoor Truck,RW,0,NEW,75,23,27660,13,11,24,-5,6,0,1,1,1173,0,0,0,302,2,29,16,0,0,0,30,22,4,10,111,73,80,59,98.5,3.4,4.1,41.4,41.9,460,486,48.6,-2.7,344,349,49.6,-0.5,Forward,142,142,1,75
2433,Max Manning,LW,0,BAP,75,12,13466,4,2,6,-5,2,0,0,0,198,0,0,0,447,2,5,1,0,0,0,19,15,8,14,27,69,66,67,98,2,3.4,28.9,38.5,194,232,45.5,-4,124,155,44.4,-5,Forward,124,124,2,75
1014,Evil AllBran,LW,0,PHI,75,16,17956,6,13,19,7,12,0,0,0,665,0,1,1,412,1,6,2,0,0,0,15,7,13,8,54,70,72,62,100.5,4.7,3.4,41.4,31.4,326,261,55.5,-0.7,226,179,55.8,-0.6,Forward,121,121,3,75
2540,Spack Jarrow,LW,0,WPG,75,6,7142,0,2,2,-8,0,0,1,1,215,0,0,0,12,0,3,0,0,0,0,10,6,7,7,10,71,72,67,89.5,1.6,5.7,31.2,37,107,132,44.8,-7.3,70,86,44.9,-6.6,Forward,116,116,4,75
2652,Ivan Lacksamus,C,0,NEW,75,23,30825,15,25,40,2,10,4,5,9,3650,1,1,2,1260,2,381,208,0,0,0,19,43,21,2,92,70,72,63,101.1,4.7,4.4,36.8,37.8,454,453,50.1,-0.5,311,327,48.7,-1.8,Forward,116,116,5,75
2620,Red Kirkby,RW,0,PHI,75,16,20097,9,15,24,11,2,0,0,0,558,0,2,2,1643,0,4,0,0,0,0,26,15,7,15,59,81,86,70,102.1,5.2,3.4,41.2,32.2,339,281,54.7,-2,236,192,55.1,-1.6,Forward,114,114,6,75
2207,Lias Ekholm-Gunnarsson,C,0,WPG,75,6,8348,5,2,7,-1,0,1,0,1,624,0,0,0,290,1,99,55,0,0,0,6,7,6,10,25,73,67,80,97,2.9,3.4,34.9,30,120,116,50.8,2.3,80,78,50.6,2.5,Forward,111,111,7,75
3029,Graj Virrok,C,0,PHI,75,16,21154,12,15,27,6,6,3,1,4,2279,1,0,1,1416,3,297,165,0,0,0,20,19,18,22,71,76,75,74,98,6,4.7,45.2,31.1,361,272,57,1.6,250,185,57.5,1.9,Forward,105,105,8,75
1923,Noel Blanchet,LW,0,NOL,75,11,11739,1,1,2,-3,2,0,0,0,0,0,0,0,242,0,10,4,0,0,0,9,9,4,5,18,64,60,65,98.5,1.6,2.5,25.4,32.6,157,180,46.6,-3.5,102,120,45.9,-2.1,Forward,103,103,9,75
3206,Nibbles The Squirrel,LW,0,PHI,75,16,17541,12,15,27,11,6,0,0,0,109,0,0,0,115,0,5,1,0,0,0,25,14,7,10,66,76,85,54,103.2,6.9,4.6,42.4,35.1,344,284,54.8,-1.8,239,193,55.3,-1.4,Forward,103,103,10,75
2976,Seamus O'Slapahan,LD,0,NEW,76,7,9732,1,4,5,1,2,1,2,3,1185,0,0,0,660,0,0,0,0,0,0,8,1,12,28,15,71,61,82,102.2,6.4,5.9,43.8,47.9,146,164,47.1,-2,109,122,47.2,-2.6,Defense,488,488,1,76
732,Sven Svechnikov,LD,0,NEW,75,23,23845,0,4,4,-2,6,0,0,0,28,0,0,0,596,0,0,0,0,0,0,23,3,19,42,20,60,53,67,100.8,3.6,4,38,47,412,433,48.8,-2.4,287,360,44.4,-8.3,Defense,441,441,2,76
2228,Marcel Beck,RD,0,WPG,76,15,18664,1,6,7,3,10,0,0,0,839,1,1,2,1199,1,0,0,0,0,0,9,2,8,59,29,64,53,75,101.9,2.6,2.6,29.4,37.5,264,313,45.8,-1.6,164,206,44.3,1.6,Defense,412,412,3,76
2529,Christian Kinsinger,LD,0,WPG,76,15,20093,4,1,5,2,8,1,0,1,2595,1,1,2,1144,2,0,0,0,0,0,15,4,17,41,25,67,61,75,102.7,4,4,27.1,33.2,233,261,47.2,0.6,144,177,44.9,2.2,Defense,392,392,4,76
3356,Sean Davies,RD,0,NEW,76,7,8732,3,2,5,3,4,1,0,1,293,0,0,0,696,0,0,0,0,0,0,6,0,4,18,12,63,55,72,103.8,5.6,4.2,42.3,44.6,145,156,48.2,-0.3,105,116,47.5,-2,Defense,392,392,5,76
2868,Luca Hunziker,RD,0,BAP,76,23,27275,2,3,5,5,4,0,0,0,69,0,0,0,1674,0,0,0,0,0,0,19,4,27,65,36,64,52,79,100.5,3.2,2.8,33.4,30.6,404,407,49.8,1.7,269,255,51.3,3,Defense,355,355,6,76
2488,San-sam Emerson,LD,0,PHI,76,13,17038,1,4,5,-1,8,1,0,1,1236,0,0,0,1180,1,0,0,0,0,0,5,4,11,30,21,61,53,71,98.9,3,3.4,35,36.2,235,250,48.5,-2.4,165,179,48,-3.2,Defense,332,332,7,76
823,Lenny Hawk,RD,0,PHI,76,13,13236,2,0,2,0,2,0,0,0,29,0,0,0,404,1,0,0,0,0,0,9,3,10,16,15,55,51,56,97.4,4.5,4.5,39.1,31.8,226,188,54.6,6.7,158,137,53.6,5.3,Defense,328,328,8,76
877,Adelie de Pengu,LD,0,MIN,76,7,8944,0,1,1,-2,4,0,0,0,0,0,0,0,532,0,0,0,0,0,0,3,0,10,15,7,62,53,70,100.7,2.6,3.4,27.4,39.4,132,159,45.4,-5.3,80,108,42.6,-8.9,Defense,325,325,9,76
3321,Hodor,RD,0,TEX,76,13,16910,2,3,5,0,6,0,0,0,47,0,0,0,1408,1,0,0,0,0,0,5,1,5,77,17,64,52,78,98,4,4.2,34.7,31.2,257,267,49,-4.1,180,157,53.4,0.8,Defense,307,307,10,76
2892,Outdoor Truck,RW,0,NEW,76,7,7559,1,9,10,2,4,0,0,0,260,0,0,0,61,0,6,2,0,0,0,5,7,3,1,11,70,75,59,102.5,5,4,41.3,41.8,134,140,48.9,0.7,97,102,48.7,-0.2,Forward,143,143,1,76
1014,Evil AllBran,LW,0,PHI,76,13,14270,6,4,10,3,4,1,0,1,848,0,0,0,158,2,7,3,0,0,0,15,7,0,10,34,69,70,60,102.2,3.3,2.4,33.7,32.6,206,204,50.2,0.4,144,139,50.9,1.4,Forward,131,131,2,76
2433,Max Manning,LW,0,BAP,76,23,24777,3,15,18,-5,6,0,0,0,522,1,0,1,679,0,9,3,0,0,0,24,13,7,6,43,67,71,57,100.7,3.4,4.1,29.8,39.1,354,425,45.4,-4.8,234,287,44.9,-6.4,Forward,130,130,3,76
2207,Lias Ekholm-Gunnarsson,C,0,WPG,76,15,19963,5,15,20,5,6,2,2,4,2329,1,4,5,2402,1,265,142,0,0,0,11,12,12,15,34,76,73,77,101.6,3.1,3.3,28.4,35.7,243,266,47.7,1.5,144,187,43.5,0.2,Forward,126,126,4,76
2540,Spack Jarrow,LW,0,WPG,76,15,17251,4,9,13,2,10,0,0,0,620,0,0,0,559,1,8,5,0,0,0,12,16,5,10,28,67,67,63,103.1,3.4,2.9,31.1,38.1,258,279,48,2,163,200,44.9,2.5,Forward,126,126,5,76
3206,Nibbles The Squirrel,LW,0,HAM,76,19,22328,7,15,22,-3,13,0,0,0,112,1,0,1,2062,2,49,21,0,0,0,28,14,8,18,80,71,74,62,97.2,4.1,4.8,43.6,39.5,408,366,52.7,3.3,298,261,53.3,6.2,Forward,121,121,6,76
2652,Ivan Lacksamus,C,0,NEW,76,7,8822,5,3,8,-2,2,0,2,2,1171,0,0,0,355,1,96,42,0,0,0,10,9,4,1,42,71,75,60,98.7,4.9,5.9,42.9,46.4,131,150,46.6,-2.6,97,107,47.5,-1.9,Forward,117,117,7,76
2620,Red Kirkby,RW,0,PHI,75,16,20097,9,15,24,11,2,0,0,0,558,0,2,2,1643,0,4,0,0,0,0,26,15,7,15,59,81,86,70,102.1,5.2,3.4,41.2,32.2,339,281,54.7,-2,236,192,55.1,-1.6,Forward,114,114,8,76
3029,Graj Virrok,C,0,PHI,76,13,16939,7,5,12,-5,6,0,2,2,2129,1,1,2,1617,0,264,121,0,0,0,12,10,19,9,31,69,64,72,96.5,3.8,5.7,34.4,39.3,226,239,48.6,-2.1,147,167,46.8,-4.8,Forward,114,114,9,76
1923,Noel Blanchet,C,0,WPG,76,15,15023,4,6,10,1,6,0,0,0,22,0,0,0,183,0,182,86,0,0,0,11,9,10,9,17,64,60,63,105.7,4.1,3.9,25.8,37.7,219,244,47.3,0.8,129,172,42.9,-0.7,Forward,112,112,10,76
2976,Seamus O'Slapahan,LD,0,NEW,77,25,36360,9,10,19,4,14,4,3,7,4501,0,1,1,3989,1,0,0,0,0,0,27,0,26,121,69,72,62,82,102.5,3.9,2.8,36.4,34.9,485,464,51.1,1,333,329,50.3,3.4,Defense,609,609,1,77
3356,Sean Davies,RD,0,NEW,77,25,32301,1,12,13,13,12,0,0,0,1258,0,1,1,2783,1,0,0,0,0,0,23,2,14,65,47,63,54,72,101.8,4.6,3.3,40.6,35,523,463,53,4,376,336,52.8,7.4,Defense,457,457,2,77
732,Sven Svechnikov,LD,0,NEW,75,23,23845,0,4,4,-2,6,0,0,0,28,0,0,0,596,0,0,0,0,0,0,23,3,19,42,20,60,53,67,100.8,3.6,4,38,47,412,433,48.8,-2.4,287,360,44.4,-8.3,Defense,441,441,3,77
2228,Marcel Beck,RD,0,WPG,77,5,6712,1,0,1,-5,7,0,0,0,949,0,0,0,338,0,0,0,0,0,0,5,2,4,19,11,64,57,72,96.9,1.3,4,19.2,39.8,65,103,38.7,2.2,34,73,31.8,0.2,Defense,431,431,4,77
3321,Hodor,RD,0,TEX,77,23,28916,3,11,14,22,12,0,0,0,129,0,1,1,3146,0,0,0,0,0,0,24,3,22,115,38,70,53,88,102.9,5.2,2.5,41.8,26.7,533,381,58.3,0.4,350,239,59.4,2.8,Defense,422,422,5,77
2529,Christian Kinsinger,RD,0,WPG,77,5,6446,0,1,1,-7,0,0,0,0,900,0,0,0,78,0,0,0,0,0,0,7,1,4,3,9,60,61,56,95.2,3.9,7.9,29.6,43.4,81,98,45.3,12.4,52,76,40.6,14.4,Defense,395,395,6,77
3697,Pork Tenderloin,RD,0,NEW,77,25,36585,2,8,10,-2,16,2,1,3,4229,0,1,1,3980,0,0,0,0,0,0,28,6,21,71,49,66,57,75,102.3,3.6,3.3,35.3,42.4,457,502,47.7,-4.3,313,392,44.4,-5.6,Defense,372,372,7,77
877,Adelie de Pengu,LD,0,MIN,77,12,14141,1,4,5,-1,0,0,0,0,73,0,0,0,458,0,0,0,0,0,0,7,1,6,45,14,58,51,66,103.7,4.8,5,29.9,41.3,219,302,42,-5.5,136,174,43.9,-6.4,Defense,370,370,8,77
2488,San-sam Emerson,LD,0,PHI,77,14,17592,0,10,10,12,6,0,0,0,484,0,2,2,1444,0,0,0,0,0,0,16,1,15,36,21,63,56,70,100.6,6.2,4.1,46.9,32.9,333,248,57.3,7.5,233,168,58.1,6.8,Defense,368,368,9,77
2868,Luca Hunziker,RD,0,BAP,77,6,7437,1,1,2,-4,2,0,0,0,0,0,0,0,486,0,0,0,0,0,0,3,0,2,12,18,53,54,51,95.1,4.1,6.2,40.4,40.9,137,111,55.2,3,94,86,52.2,0.5,Defense,367,367,10,77
2892,Outdoor Truck,RW,0,NEW,77,25,27048,4,12,16,2,8,0,0,0,284,0,0,0,282,0,6,2,0,0,0,48,22,17,4,70,70,70,66,100.3,3.4,3.1,37.2,35.5,470,426,52.5,3,325,318,50.5,3.7,Forward,147,147,1,77
2540,Spack Jarrow,C,0,MIN,77,12,11334,1,6,7,-10,4,0,0,0,431,0,0,0,40,0,128,26,0,0,0,9,9,7,15,24,62,59,64,93.7,2,5,33.1,40.4,182,241,43,-3.6,122,137,47.1,-1.2,Forward,141,141,2,77
1014,Evil AllBran,LW,0,PHI,76,13,14270,6,4,10,3,4,1,0,1,848,0,0,0,158,2,7,3,0,0,0,15,7,0,10,34,69,70,60,102.2,3.3,2.4,33.7,32.6,206,204,50.2,0.4,144,139,50.9,1.4,Forward,131,131,3,77
2207,Lias Ekholm-Gunnarsson,C,0,WPG,77,5,6629,1,3,4,-2,4,0,1,1,556,0,0,0,540,0,90,39,0,0,0,4,2,3,5,8,67,67,67,108,3.9,5.2,18.9,41,61,103,37.2,0,34,78,30.4,-1.9,Forward,131,131,4,77
2433,Max Manning,LW,0,BAP,77,6,6177,1,1,2,1,0,0,0,0,0,0,0,0,0,0,1,0,0,0,0,5,6,5,1,7,69,67,65,100.9,2.3,1.7,39,34.4,111,86,56.3,4.2,81,67,54.7,4.2,Forward,131,131,5,77
3029,Graj Virrok,LW,0,PHI,77,14,18456,6,13,19,2,6,1,3,4,2254,0,0,0,532,1,36,18,0,0,0,25,18,6,15,62,79,83,69,101.2,4.6,3.7,40.4,36.1,284,258,52.4,0,203,177,53.4,-0.3,Forward,129,129,6,77
3206,Nibbles The Squirrel,LW,0,HAM,76,19,22328,7,15,22,-3,13,0,0,0,112,1,0,1,2062,2,49,21,0,0,0,28,14,8,18,80,71,74,62,97.2,4.1,4.8,43.6,39.5,408,366,52.7,3.3,298,261,53.3,6.2,Forward,121,121,7,77
2652,Ivan Lacksamus,C,0,NEW,77,25,29929,18,15,33,14,16,0,0,0,1278,2,1,3,2266,2,393,200,0,0,0,26,34,17,3,99,71,73,68,103.4,5.3,3.8,39.8,38.2,496,426,53.8,5,343,330,51,4.4,Forward,120,120,8,77
2620,Red Kirkby,RW,0,PHI,75,16,20097,9,15,24,11,2,0,0,0,558,0,2,2,1643,0,4,0,0,0,0,26,15,7,15,59,81,86,70,102.1,5.2,3.4,41.2,32.2,339,281,54.7,-2,236,192,55.1,-1.6,Forward,114,114,9,77
1923,Noel Blanchet,LW,0,WPG,77,5,5198,1,2,3,-2,4,0,0,0,78,0,0,0,2,0,3,0,0,0,0,8,3,3,2,7,62,61,65,104.4,2.8,4.2,20.4,45,57,104,35.4,-2.7,33,75,30.6,-1.6,Forward,114,114,10,77
2976,Seamus O'Slapahan,LD,0,NEW,78,7,9287,2,3,5,-4,2,1,1,2,1012,0,0,0,427,0,0,0,0,0,0,4,1,6,18,22,65,59,71,97.7,3.2,4.6,35.3,40.4,129,141,47.8,-6.1,84,101,45.4,-6,Defense,627,627,1,78
3321,Hodor,LD,0,TEX,78,16,21410,1,7,8,18,4,0,0,0,166,0,0,0,1803,0,0,0,0,0,0,16,2,11,66,37,69,53,86,106.1,4.3,0.9,42.2,23.3,371,267,58.2,3.4,262,149,63.7,9.2,Defense,488,488,2,78
3356,Sean Davies,RD,0,NEW,78,7,8292,0,2,2,-3,0,0,0,0,0,0,0,0,241,0,0,0,0,0,0,3,3,2,22,13,57,51,63,97.9,3.6,4.9,34.4,39.3,133,149,47.2,-7.2,85,104,45,-6.6,Defense,479,479,3,78
732,Sven Svechnikov,LD,0,NEW,75,23,23845,0,4,4,-2,6,0,0,0,28,0,0,0,596,0,0,0,0,0,0,23,3,19,42,20,60,53,67,100.8,3.6,4,38,47,412,433,48.8,-2.4,287,360,44.4,-8.3,Defense,441,441,4,78
2228,Marcel Beck,LD,0,WPG,78,4,5335,0,0,0,-6,2,0,0,0,81,0,0,0,333,0,0,0,0,0,0,5,1,1,5,2,58,59,55,97.3,2.9,7.3,22.7,46.8,66,98,40.2,-0.6,43,75,36.4,-3.9,Defense,436,436,5,78
2529,Christian Kinsinger,LD,0,WPG,78,4,4875,0,3,3,-5,2,0,0,0,86,0,0,0,69,0,0,0,0,0,0,5,3,4,3,1,59,57,58,92.3,1.5,5.3,27.5,40.4,65,87,42.8,3.1,41,61,40.2,1.9,Defense,398,398,6,78
877,Adelie de Pengu,LD,0,MIN,78,5,6304,0,0,0,-4,0,0,0,0,0,0,0,0,238,0,0,0,0,0,0,3,3,3,26,10,64,48,80,95.2,1.2,3.6,26.7,38.6,91,128,41.6,-5.6,55,76,42,-3.7,Defense,396,396,7,78
2868,Luca Hunziker,RD,0,BAP,78,17,22280,0,4,4,-1,0,0,0,0,0,0,0,0,852,0,0,0,0,0,0,13,0,13,29,21,60,53,68,98.6,3.4,3.5,37.5,34.1,344,339,50.4,1.6,251,230,52.2,3.2,Defense,396,396,8,78
2488,San-sam Emerson,LD,0,PHI,78,6,7894,1,4,5,3,4,0,0,0,207,0,1,1,919,0,0,0,0,0,0,7,3,6,14,8,59,54,66,103.8,5.3,4.8,35.6,43.1,110,128,46.2,1,76,92,45.2,-0.6,Defense,382,382,9,78
3697,Pork Tenderloin,RD,0,NEW,78,7,9711,2,4,6,7,0,1,0,1,1014,0,0,0,441,0,0,0,0,0,0,8,0,5,9,15,66,60,71,107.4,6.5,3.1,40.1,34.4,149,129,53.6,2.4,101,90,52.9,5,Defense,381,381,10,78
2892,Outdoor Truck,RW,0,NEW,78,7,8146,1,2,3,0,2,0,0,0,25,0,0,0,49,0,2,1,0,0,0,8,5,0,1,11,70,77,59,98.7,2.7,2.7,39.7,33.4,147,125,54,3,102,87,54,6.6,Forward,148,148,1,78
2540,Spack Jarrow,RW,0,MIN,78,5,5753,3,0,3,-2,0,0,0,0,12,0,0,0,171,0,7,2,0,0,0,5,8,4,6,18,67,64,66,98.6,1.9,3.2,29.7,40.7,88,126,41.1,-6.2,53,68,43.8,-0.9,Forward,147,147,2,78
3029,Graj Virrok,LW,0,PHI,78,6,7157,2,2,4,-2,0,0,0,0,271,0,0,0,55,0,9,3,0,0,0,5,3,4,6,12,69,71,62,99.2,2.6,3.7,36.4,45.8,113,147,43.5,-3.2,77,105,42.3,-5.1,Forward,135,135,3,78
2457,Mikko Rashford,RW,0,LAP,78,24,21744,3,10,13,0,8,0,0,0,108,0,0,0,218,0,7,1,0,0,0,26,16,10,18,47,71,72,63,100.6,3,3,32.8,35.1,340,362,48.4,-2.3,230,247,48.2,-2.9,Forward,132,132,4,78
1014,Evil AllBran,LW,0,PHI,76,13,14270,6,4,10,3,4,1,0,1,848,0,0,0,158,2,7,3,0,0,0,15,7,0,10,34,69,70,60,102.2,3.3,2.4,33.7,32.6,206,204,50.2,0.4,144,139,50.9,1.4,Forward,131,131,5,78
2207,Lias Ekholm-Gunnarsson,C,0,WPG,77,5,6629,1,3,4,-2,4,0,1,1,556,0,0,0,540,0,90,39,0,0,0,4,2,3,5,8,67,67,67,108,3.9,5.2,18.9,41,61,103,37.2,0,34,78,30.4,-1.9,Forward,131,131,6,78
2433,Max Manning,LW,0,BAP,77,6,6177,1,1,2,1,0,0,0,0,0,0,0,0,0,0,1,0,0,0,0,5,6,5,1,7,69,67,65,100.9,2.3,1.7,39,34.4,111,86,56.3,4.2,81,67,54.7,4.2,Forward,131,131,7,78
3206,Nibbles The Squirrel,LW,0,HAM,76,19,22328,7,15,22,-3,13,0,0,0,112,1,0,1,2062,2,49,21,0,0,0,28,14,8,18,80,71,74,62,97.2,4.1,4.8,43.6,39.5,408,366,52.7,3.3,298,261,53.3,6.2,Forward,121,121,8,78
2652,Ivan Lacksamus,C,0,NEW,78,7,8505,2,4,6,-1,0,0,0,0,253,0,0,0,49,1,100,52,0,0,0,3,2,7,0,30,69,67,69,98.3,2.6,3.1,36.9,34.7,146,127,53.5,2.2,93,91,50.5,1.5,Forward,120,120,9,78
2886,Evan Winter,C,0,LAP,78,24,24196,6,6,12,-3,4,1,0,1,103,0,0,0,860,1,306,144,0,0,0,17,15,19,18,53,66,60,72,98.9,2.3,2.8,32.8,33.9,366,392,48.3,-2.6,237,256,48.1,-3.2,Forward,118,118,10,78
2976,Seamus O'Slapahan,LD,0,NEW,79,6,8201,0,1,1,-3,2,0,0,0,1022,0,0,0,901,0,0,0,0,0,0,2,2,8,25,17,71,55,88,99.3,1.1,2.3,25.2,43.6,87,146,37.3,-6.3,55,94,36.9,-7.8,Defense,652,652,1,79
3321,Hodor,LD,0,TEX,79,14,17696,1,6,7,10,6,0,0,0,145,0,2,2,1295,0,0,0,0,0,0,13,2,7,51,16,68,54,83,104.4,2.4,0.9,32.1,27.7,269,250,51.8,3.4,174,154,53,3.1,Defense,539,539,2,79
3356,Sean Davies,RD,0,NEW,79,6,7050,1,1,2,-3,4,0,0,0,0,0,0,0,543,0,0,0,0,0,0,4,0,4,21,6,63,54,72,100.3,2.8,4.4,26.6,43.7,91,149,37.9,-5.4,58,96,37.7,-6.7,Defense,500,500,3,79
2228,Marcel Beck,LD,0,WPG,79,4,5386,0,0,0,-4,0,0,0,0,210,0,0,0,274,0,0,0,0,0,0,2,2,5,11,5,59,52,67,95,0.7,3.7,24.2,45.5,53,107,33.1,-13.5,36,70,34,-12.3,Defense,447,447,4,79
732,Sven Svechnikov,LD,0,NEW,75,23,23845,0,4,4,-2,6,0,0,0,28,0,0,0,596,0,0,0,0,0,0,23,3,19,42,20,60,53,67,100.8,3.6,4,38,47,412,433,48.8,-2.4,287,360,44.4,-8.3,Defense,441,441,5,79
2488,San-sam Emerson,LD,0,PHI,79,23,26540,1,5,6,-1,6,0,0,0,169,0,1,1,1171,1,0,0,0,0,0,27,1,20,46,30,61,53,68,99.5,3.3,3.7,34,36.4,420,475,46.9,-2.1,293,308,48.8,-1.2,Defense,428,428,6,79
2868,Luca Hunziker,LD,0,SFP,79,21,21495,0,8,8,15,10,0,0,0,83,0,0,0,617,0,0,0,0,0,0,11,3,20,18,35,60,53,68,104.8,4.8,2.4,35.8,27.9,406,266,60.4,4,253,192,56.9,2.4,Defense,414,414,7,79
2529,Christian Kinsinger,LD,0,WPG,78,4,4875,0,3,3,-5,2,0,0,0,86,0,0,0,69,0,0,0,0,0,0,5,3,4,3,1,59,57,58,92.3,1.5,5.3,27.5,40.4,65,87,42.8,3.1,41,61,40.2,1.9,Defense,398,398,8,79
877,Adelie de Pengu,LD,0,MIN,78,5,6304,0,0,0,-4,0,0,0,0,0,0,0,0,238,0,0,0,0,0,0,3,3,3,26,10,64,48,80,95.2,1.2,3.6,26.7,38.6,91,128,41.6,-5.6,55,76,42,-3.7,Defense,396,396,9,79
3697,Pork Tenderloin,LD,0,NEW,79,6,8411,1,2,3,4,2,0,0,0,1050,0,0,0,1025,0,0,0,0,0,0,6,0,6,14,8,72,64,81,110.1,4.5,1.7,30.7,35.8,98,112,46.7,7.7,61,74,45.2,4.8,Defense,395,395,10,79
2540,Spack Jarrow,RW,0,MIN,79,10,10491,3,4,7,2,4,0,0,0,14,0,0,0,493,0,3,1,0,0,0,24,7,8,8,27,70,64,73,101.7,3.2,2.5,30.6,28.5,150,140,51.7,1,98,93,51.3,3.2,Forward,155,155,1,79
2892,Outdoor Truck,RW,0,NEW,79,6,6471,1,3,4,0,0,0,0,0,0,0,0,0,0,0,0,0,0,0,0,9,5,7,3,13,69,64,71,101.2,2.2,2.2,30.6,36.7,90,122,42.5,1.6,63,76,45.3,5,Forward,151,151,2,79
3029,Graj Virrok,LW,0,PHI,79,23,27859,8,11,19,-6,8,0,0,0,808,0,0,0,312,3,63,41,0,0,0,33,17,13,15,70,72,78,58,98.5,3.6,4.2,34.5,34.7,437,459,48.8,0.7,306,308,49.8,0.5,Forward,150,150,3,79
2457,Mikko Rashford,RW,0,LAP,79,5,5259,2,3,5,1,2,0,0,0,0,0,0,0,0,0,2,2,0,0,0,4,6,0,3,11,64,66,57,104,4.1,3.4,31.5,37.6,106,89,54.4,2.8,64,64,50,-2,Forward,135,135,4,79
1014,Evil AllBran,LW,0,PHI,76,13,14270,6,4,10,3,4,1,0,1,848,0,0,0,158,2,7,3,0,0,0,15,7,0,10,34,69,70,60,102.2,3.3,2.4,33.7,32.6,206,204,50.2,0.4,144,139,50.9,1.4,Forward,131,131,5,79
2207,Lias Ekholm-Gunnarsson,C,0,WPG,77,5,6629,1,3,4,-2,4,0,1,1,556,0,0,0,540,0,90,39,0,0,0,4,2,3,5,8,67,67,67,108,3.9,5.2,18.9,41,61,103,37.2,0,34,78,30.4,-1.9,Forward,131,131,6,79
2433,Max Manning,LW,0,BAP,77,6,6177,1,1,2,1,0,0,0,0,0,0,0,0,0,0,1,0,0,0,0,5,6,5,1,7,69,67,65,100.9,2.3,1.7,39,34.4,111,86,56.3,4.2,81,67,54.7,4.2,Forward,131,131,7,79
2652,Ivan Lacksamus,C,0,NEW,79,6,6628,2,2,4,0,4,0,0,0,0,0,0,0,0,0,72,35,0,0,0,2,6,2,7,19,62,55,70,102.1,2.2,2.2,28.2,38.6,90,137,39.6,-2.7,61,88,40.9,-1.6,Forward,127,127,8,79
3206,Nibbles The Squirrel,LW,0,HAM,76,19,22328,7,15,22,-3,13,0,0,0,112,1,0,1,2062,2,49,21,0,0,0,28,14,8,18,80,71,74,62,97.2,4.1,4.8,43.6,39.5,408,366,52.7,3.3,298,261,53.3,6.2,Forward,121,121,9,79
2886,Evan Winter,C,0,LAP,78,24,24196,6,6,12,-3,4,1,0,1,103,0,0,0,860,1,306,144,0,0,0,17,15,19,18,53,66,60,72,98.9,2.3,2.8,32.8,33.9,366,392,48.3,-2.6,237,256,48.1,-3.2,Forward,118,118,10,79
2976,Seamus O'Slapahan,LD,0,NEW,79,6,8201,0,1,1,-3,2,0,0,0,1022,0,0,0,901,0,0,0,0,0,0,2,2,8,25,17,71,55,88,99.3,1.1,2.3,25.2,43.6,87,146,37.3,-6.3,55,94,36.9,-7.8,Defense,652,652,1,80
3321,Hodor,RD,0,TEX,80,16,20524,2,3,5,1,10,0,0,0,24,0,0,0,1814,1,0,0,0,0,0,16,4,9,75,32,67,52,80,100.3,2.5,2.3,34.7,33.3,319,334,48.9,-1.6,211,204,50.8,-0.7,Defense,614,614,2,80
3356,Sean Davies,RD,0,NEW,79,6,7050,1,1,2,-3,4,0,0,0,0,0,0,0,543,0,0,0,0,0,0,4,0,4,21,6,63,54,72,100.3,2.8,4.4,26.6,43.7,91,149,37.9,-5.4,58,96,37.7,-6.7,Defense,500,500,3,80
2228,Marcel Beck,RD,0,WPG,80,4,5069,0,1,1,-5,0,0,0,0,318,0,0,0,437,0,0,0,0,0,0,4,0,3,13,5,63,58,67,97.2,3.3,7.5,30.9,55.1,69,115,37.5,1.4,43,77,35.8,1,Defense,460,460,4,80
732,Sven Svechnikov,LD,0,NEW,75,23,23845,0,4,4,-2,6,0,0,0,28,0,0,0,596,0,0,0,0,0,0,23,3,19,42,20,60,53,67,100.8,3.6,4,38,47,412,433,48.8,-2.4,287,360,44.4,-8.3,Defense,441,441,5,80
2488,San-sam Emerson,LD,0,PHI,80,13,14595,2,1,3,6,8,0,0,0,51,0,1,1,764,0,0,0,0,0,0,12,3,10,13,26,60,52,68,101.4,3.7,2.1,41,28,266,175,60.3,7.8,183,130,58.5,5.6,Defense,441,441,6,80
2868,Luca Hunziker,LD,0,SFP,79,21,21495,0,8,8,15,10,0,0,0,83,0,0,0,617,0,0,0,0,0,0,11,3,20,18,35,60,53,68,104.8,4.8,2.4,35.8,27.9,406,266,60.4,4,253,192,56.9,2.4,Defense,414,414,7,80
3395,Toasty,LD,0,SFP,80,22,29272,2,7,9,-4,8,0,1,1,1230,0,1,1,1612,0,0,0,0,0,0,22,3,28,63,52,64,54,76,95.5,3.1,3.8,43.6,32.6,561,412,57.7,1.9,382,269,58.7,2.6,Defense,414,414,8,80
3697,Pork Tenderloin,LD,0,NEW,80,5,8278,0,1,1,0,2,0,0,0,841,0,0,0,674,0,0,0,0,0,0,10,0,4,15,10,75,65,86,100.7,2.1,2.1,35.7,40.5,96,124,43.6,-10.1,77,89,46.4,-9.3,Defense,410,410,9,80
2529,Christian Kinsinger,LD,0,WPG,78,4,4875,0,3,3,-5,2,0,0,0,86,0,0,0,69,0,0,0,0,0,0,5,3,4,3,1,59,57,58,92.3,1.5,5.3,27.5,40.4,65,87,42.8,3.1,41,61,40.2,1.9,Defense,398,398,10,80
3029,Graj Virrok,RW,0,PHI,80,13,15917,9,8,17,8,6,0,1,1,280,0,0,0,53,2,28,17,0,0,0,14,19,3,6,45,73,81,59,105.5,5.1,2.5,38.8,33.3,294,264,52.7,-3.6,200,171,53.9,-1.1,Forward,156,156,1,80
2540,Spack Jarrow,RW,0,MIN,79,10,10491,3,4,7,2,4,0,0,0,14,0,0,0,493,0,3,1,0,0,0,24,7,8,8,27,70,64,73,101.7,3.2,2.5,30.6,28.5,150,140,51.7,1,98,93,51.3,3.2,Forward,155,155,2,80
2892,Outdoor Truck,C,0,TEX,80,16,17784,5,6,11,2,6,0,0,0,485,0,0,0,1160,2,248,139,0,0,0,9,15,8,4,30,65,61,67,100.6,3.1,2.7,34.1,31.5,294,285,50.8,1.2,180,179,50.1,-1.6,Forward,155,155,3,80
2457,Mikko Rashford,RW,0,LAP,80,7,6532,0,3,3,-4,0,0,0,0,0,0,0,0,40,0,0,0,0,0,0,7,4,5,4,6,65,63,60,98.1,1.7,3.9,18.9,36,88,108,44.9,-6.6,49,71,40.8,-6.1,Forward,139,139,4,80
1014,Evil AllBran,LW,0,PHI,76,13,14270,6,4,10,3,4,1,0,1,848,0,0,0,158,2,7,3,0,0,0,15,7,0,10,34,69,70,60,102.2,3.3,2.4,33.7,32.6,206,204,50.2,0.4,144,139,50.9,1.4,Forward,131,131,5,80
2207,Lias Ekholm-Gunnarsson,C,0,WPG,77,5,6629,1,3,4,-2,4,0,1,1,556,0,0,0,540,0,90,39,0,0,0,4,2,3,5,8,67,67,67,108,3.9,5.2,18.9,41,61,103,37.2,0,34,78,30.4,-1.9,Forward,131,131,6,80
2433,Max Manning,LW,0,BAP,77,6,6177,1,1,2,1,0,0,0,0,0,0,0,0,0,0,1,0,0,0,0,5,6,5,1,7,69,67,65,100.9,2.3,1.7,39,34.4,111,86,56.3,4.2,81,67,54.7,4.2,Forward,131,131,7,80
2652,Ivan Lacksamus,RW,0,NEW,80,5,6140,0,1,1,-5,0,0,0,0,16,0,0,0,42,0,6,4,0,0,0,4,6,1,4,11,68,70,61,91.8,1.2,4.1,32,34.9,88,91,49.2,-1.5,62,68,47.7,-6.5,Forward,131,131,8,80
2947,Rikkert Biemans,LW,0,TBB,80,23,28771,9,12,21,6,6,0,0,0,959,0,1,1,2437,1,12,3,0,0,0,38,21,10,29,68,78,77,73,102.1,3.5,2.7,35.8,34.3,448,451,49.8,-0.2,298,285,51.1,-0.6,Forward,128,128,9,80
3720,Gnabe Dabson,C,0,PHI,80,13,17654,9,16,25,6,2,2,3,5,1112,0,0,0,1370,1,200,112,0,0,0,19,15,12,13,44,78,75,79,101.7,5.2,3.8,38.7,32.3,285,249,53.4,-2.4,193,165,53.9,-1.1,Forward,127,127,10,80
2976,Seamus O'Slapahan,LD,0,NEW,79,6,8201,0,1,1,-3,2,0,0,0,1022,0,0,0,901,0,0,0,0,0,0,2,2,8,25,17,71,55,88,99.3,1.1,2.3,25.2,43.6,87,146,37.3,-6.3,55,94,36.9,-7.8,Defense,652,652,1,81
3321,Hodor,RD,0,TEX,81,6,7688,0,1,1,-3,0,0,0,0,67,0,0,0,375,0,0,0,0,0,0,5,0,7,31,8,66,52,84,93.3,3,4.5,33.8,28.8,151,125,54.7,-2.4,88,71,55.3,-0.4,Defense,645,645,2,81
3395,Toasty Soderberg-Snooks,LD,0,SFP,81,24,31428,3,9,12,10,18,0,1,1,1197,0,1,1,2470,1,0,0,0,0,0,13,6,18,100,42,64,53,79,101.9,4.5,3.6,37.1,35,540,506,51.6,-4.6,335,316,51.5,-2.4,Defense,514,514,3,81
3356,Sean Davies,RD,0,NEW,79,6,7050,1,1,2,-3,4,0,0,0,0,0,0,0,543,0,0,0,0,0,0,4,0,4,21,6,63,54,72,100.3,2.8,4.4,26.6,43.7,91,149,37.9,-5.4,58,96,37.7,-6.7,Defense,500,500,4,81
2228,Marcel Beck,RD,0,WPG,81,6,6238,0,1,1,-3,0,0,0,0,0,0,0,0,178,0,0,0,0,0,0,4,0,1,11,5,57,53,59,95.8,1.8,3.6,26.7,32.7,87,120,42,-1.7,55,62,47,7.2,Defense,471,471,5,81
3697,Pork Tenderloin,RD,0,NEW,81,19,27132,2,8,10,-9,8,1,1,2,2967,0,0,0,2247,0,2,1,0,0,0,24,4,10,52,46,65,58,71,96.9,3.9,5.1,38.4,38.1,384,426,47.4,-2.3,268,274,49.4,-3.8,Defense,462,462,6,81
2488,San-sam Emerson,LD,0,PHI,81,7,7842,2,3,5,0,0,0,0,0,18,0,0,0,489,0,0,0,0,0,0,3,1,4,6,5,58,54,59,105.1,3.4,3.4,25,39.8,113,128,46.9,0,60,100,37.5,-9.2,Defense,447,447,7,81
732,Sven Svechnikov,LD,0,NEW,75,23,23845,0,4,4,-2,6,0,0,0,28,0,0,0,596,0,0,0,0,0,0,23,3,19,42,20,60,53,67,100.8,3.6,4,38,47,412,433,48.8,-2.4,287,360,44.4,-8.3,Defense,441,441,8,81
2868,Luca Hunziker,LD,0,SFP,79,21,21495,0,8,8,15,10,0,0,0,83,0,0,0,617,0,0,0,0,0,0,11,3,20,18,35,60,53,68,104.8,4.8,2.4,35.8,27.9,406,266,60.4,4,253,192,56.9,2.4,Defense,414,414,9,81
3178,Philippe-Eko Eel,LD,0,ATL,81,10,11213,1,5,6,6,0,0,0,0,147,0,0,0,319,0,0,0,0,0,0,5,1,6,19,17,59,52,65,102.9,5,3,35.8,27.1,200,164,54.9,1.7,134,99,57.5,2.1,Defense,404,404,10,81
3029,Graj Virrok,RW,0,PHI,81,7,7024,2,3,5,2,0,0,0,0,59,0,0,0,47,0,4,1,0,0,0,7,5,2,7,20,74,79,59,106,3.1,2.1,28.6,42.7,112,125,47.3,0.6,65,94,40.9,-4.2,Forward,163,163,1,81
2540,Spack Jarrow,RW,0,MIN,79,10,10491,3,4,7,2,4,0,0,0,14,0,0,0,493,0,3,1,0,0,0,24,7,8,8,27,70,64,73,101.7,3.2,2.5,30.6,28.5,150,140,51.7,1,98,93,51.3,3.2,Forward,155,155,2,81
2892,Outdoor Truck,C,0,TEX,81,6,6811,1,5,6,-1,2,0,0,0,0,0,0,0,423,0,94,52,0,0,0,5,7,5,0,10,64,60,67,97.3,4.5,5.1,41.1,37.2,136,103,56.9,0.9,90,75,54.5,-1.6,Forward,155,155,3,81
2947,Rikkert Biemans,LW,0,TBB,81,26,30573,7,13,20,11,10,0,1,1,1554,0,0,0,1913,1,60,19,0,0,0,43,17,11,21,60,78,78,72,102.8,3.3,2,35.9,30.8,464,422,52.4,0.1,312,267,53.9,1,Forward,149,149,4,81
2457,Mikko Rashford,LW,0,WPG,81,6,6749,1,2,3,-3,6,0,0,0,180,0,0,0,0,0,1,0,0,0,0,15,3,3,4,13,70,69,64,97.5,3.3,4.9,28.5,35.1,93,116,44.5,1.9,56,77,42.1,0.4,Forward,143,143,5,81
3720,Gnabe Dabson,C,0,PHI,81,7,8661,1,2,3,-4,2,0,0,0,379,0,0,0,739,0,112,53,0,0,0,7,5,6,11,15,69,63,77,99.5,2.4,3.8,28.2,42.5,115,145,44.2,-4,68,99,40.7,-4.5,Forward,138,138,6,81
1014,Evil AllBran,LW,0,PHI,76,13,14270,6,4,10,3,4,1,0,1,848,0,0,0,158,2,7,3,0,0,0,15,7,0,10,34,69,70,60,102.2,3.3,2.4,33.7,32.6,206,204,50.2,0.4,144,139,50.9,1.4,Forward,131,131,7,81
2207,Lias Ekholm-Gunnarsson,C,0,WPG,77,5,6629,1,3,4,-2,4,0,1,1,556,0,0,0,540,0,90,39,0,0,0,4,2,3,5,8,67,67,67,108,3.9,5.2,18.9,41,61,103,37.2,0,34,78,30.4,-1.9,Forward,131,131,8,81
2433,Max Manning,LW,0,BAP,77,6,6177,1,1,2,1,0,0,0,0,0,0,0,0,0,0,1,0,0,0,0,5,6,5,1,7,69,67,65,100.9,2.3,1.7,39,34.4,111,86,56.3,4.2,81,67,54.7,4.2,Forward,131,131,9,81
2652,Ivan Lacksamus,RW,0,NEW,80,5,6140,0,1,1,-5,0,0,0,0,16,0,0,0,42,0,6,4,0,0,0,4,6,1,4,11,68,70,61,91.8,1.2,4.1,32,34.9,88,91,49.2,-1.5,62,68,47.7,-6.5,Forward,131,131,10,81
2976,Seamus O'Slapahan,LD,0,NEW,79,6,8201,0,1,1,-3,2,0,0,0,1022,0,0,0,901,0,0,0,0,0,0,2,2,8,25,17,71,55,88,99.3,1.1,2.3,25.2,43.6,87,146,37.3,-6.3,55,94,36.9,-7.8,Defense,652,652,1,82
3321,Hodor,RD,0,TEX,81,6,7688,0,1,1,-3,0,0,0,0,67,0,0,0,375,0,0,0,0,0,0,5,0,7,31,8,66,52,84,93.3,3,4.5,33.8,28.8,151,125,54.7,-2.4,88,71,55.3,-0.4,Defense,645,645,2,82
3395,Toasty Soderberg-Snooks,LD,0,SFP,81,24,31428,3,9,12,10,18,0,1,1,1197,0,1,1,2470,1,0,0,0,0,0,13,6,18,100,42,64,53,79,101.9,4.5,3.6,37.1,35,540,506,51.6,-4.6,335,316,51.5,-2.4,Defense,514,514,3,82
3356,Sean Davies,RD,0,NEW,79,6,7050,1,1,2,-3,4,0,0,0,0,0,0,0,543,0,0,0,0,0,0,4,0,4,21,6,63,54,72,100.3,2.8,4.4,26.6,43.7,91,149,37.9,-5.4,58,96,37.7,-6.7,Defense,500,500,4,82
2228,Marcel Beck,RD,0,WPG,81,6,6238,0,1,1,-3,0,0,0,0,0,0,0,0,178,0,0,0,0,0,0,4,0,1,11,5,57,53,59,95.8,1.8,3.6,26.7,32.7,87,120,42,-1.7,55,62,47,7.2,Defense,471,471,5,82
3697,Pork Tenderloin,RD,0,NEW,81,19,27132,2,8,10,-9,8,1,1,2,2967,0,0,0,2247,0,2,1,0,0,0,24,4,10,52,46,65,58,71,96.9,3.9,5.1,38.4,38.1,384,426,47.4,-2.3,268,274,49.4,-3.8,Defense,462,462,6,82
2488,San-sam Emerson,LD,0,PHI,81,7,7842,2,3,5,0,0,0,0,0,18,0,0,0,489,0,0,0,0,0,0,3,1,4,6,5,58,54,59,105.1,3.4,3.4,25,39.8,113,128,46.9,0,60,100,37.5,-9.2,Defense,447,447,7,82
732,Sven Svechnikov,LD,0,NEW,75,23,23845,0,4,4,-2,6,0,0,0,28,0,0,0,596,0,0,0,0,0,0,23,3,19,42,20,60,53,67,100.8,3.6,4,38,47,412,433,48.8,-2.4,287,360,44.4,-8.3,Defense,441,441,8,82
2868,Luca Hunziker,LD,0,SFP,79,21,21495,0,8,8,15,10,0,0,0,83,0,0,0,617,0,0,0,0,0,0,11,3,20,18,35,60,53,68,104.8,4.8,2.4,35.8,27.9,406,266,60.4,4,253,192,56.9,2.4,Defense,414,414,9,82
3178,Philippe-Eko Eel,LD,0,ATL,81,10,11213,1,5,6,6,0,0,0,0,147,0,0,0,319,0,0,0,0,0,0,5,1,6,19,17,59,52,65,102.9,5,3,35.8,27.1,200,164,54.9,1.7,134,99,57.5,2.1,Defense,404,404,10,82
3029,Graj Virrok,RW,0,PHI,81,7,7024,2,3,5,2,0,0,0,0,59,0,0,0,47,0,4,1,0,0,0,7,5,2,7,20,74,79,59,106,3.1,2.1,28.6,42.7,112,125,47.3,0.6,65,94,40.9,-4.2,Forward,163,163,1,82
2540,Spack Jarrow,RW,0,MIN,79,10,10491,3,4,7,2,4,0,0,0,14,0,0,0,493,0,3,1,0,0,0,24,7,8,8,27,70,64,73,101.7,3.2,2.5,30.6,28.5,150,140,51.7,1,98,93,51.3,3.2,Forward,155,155,2,82
2892,Outdoor Truck,C,0,TEX,81,6,6811,1,5,6,-1,2,0,0,0,0,0,0,0,423,0,94,52,0,0,0,5,7,5,0,10,64,60,67,97.3,4.5,5.1,41.1,37.2,136,103,56.9,0.9,90,75,54.5,-1.6,Forward,155,155,3,82
2947,Rikkert Biemans,LW,0,TBB,81,26,30573,7,13,20,11,10,0,1,1,1554,0,0,0,1913,1,60,19,0,0,0,43,17,11,21,60,78,78,72,102.8,3.3,2,35.9,30.8,464,422,52.4,0.1,312,267,53.9,1,Forward,149,149,4,82
2457,Mikko Rashford,LW,0,WPG,81,6,6749,1,2,3,-3,6,0,0,0,180,0,0,0,0,0,1,0,0,0,0,15,3,3,4,13,70,69,64,97.5,3.3,4.9,28.5,35.1,93,116,44.5,1.9,56,77,42.1,0.4,Forward,143,143,5,82
3720,Gnabe Dabson,C,0,PHI,81,7,8661,1,2,3,-4,2,0,0,0,379,0,0,0,739,0,112,53,0,0,0,7,5,6,11,15,69,63,77,99.5,2.4,3.8,28.2,42.5,115,145,44.2,-4,68,99,40.7,-4.5,Forward,138,138,6,82
1014,Evil AllBran,LW,0,PHI,76,13,14270,6,4,10,3,4,1,0,1,848,0,0,0,158,2,7,3,0,0,0,15,7,0,10,34,69,70,60,102.2,3.3,2.4,33.7,32.6,206,204,50.2,0.4,144,139,50.9,1.4,Forward,131,131,7,82
2207,Lias Ekholm-Gunnarsson,C,0,WPG,77,5,6629,1,3,4,-2,4,0,1,1,556,0,0,0,540,0,90,39,0,0,0,4,2,3,5,8,67,67,67,108,3.9,5.2,18.9,41,61,103,37.2,0,34,78,30.4,-1.9,Forward,131,131,8,82
2433,Max Manning,LW,0,BAP,77,6,6177,1,1,2,1,0,0,0,0,0,0,0,0,0,0,1,0,0,0,0,5,6,5,1,7,69,67,65,100.9,2.3,1.7,39,34.4,111,86,56.3,4.2,81,67,54.7,4.2,Forward,131,131,9,82
2652,Ivan Lacksamus,RW,0,NEW,80,5,6140,0,1,1,-5,0,0,0,0,16,0,0,0,42,0,6,4,0,0,0,4,6,1,4,11,68,70,61,91.8,1.2,4.1,32,34.9,88,91,49.2,-1.5,62,68,47.7,-6.5,Forward,131,131,10,82
2976,Seamus O'Slapahan,LD,0,NEW,79,6,8201,0,1,1,-3,2,0,0,0,1022,0,0,0,901,0,0,0,0,0,0,2,2,8,25,17,71,55,88,99.3,1.1,2.3,25.2,43.6,87,146,37.3,-6.3,55,94,36.9,-7.8,Defense,652,652,1,83
3321,Hodor,RD,0,TEX,81,6,7688,0,1,1,-3,0,0,0,0,67,0,0,0,375,0,0,0,0,0,0,5,0,7,31,8,66,52,84,93.3,3,4.5,33.8,28.8,151,125,54.7,-2.4,88,71,55.3,-0.4,Defense,645,645,2,83
3395,Toasty Soderberg-Snooks,LD,0,SFP,81,24,31428,3,9,12,10,18,0,1,1,1197,0,1,1,2470,1,0,0,0,0,0,13,6,18,100,42,64,53,79,101.9,4.5,3.6,37.1,35,540,506,51.6,-4.6,335,316,51.5,-2.4,Defense,514,514,3,83
3356,Sean Davies,RD,0,NEW,79,6,7050,1,1,2,-3,4,0,0,0,0,0,0,0,543,0,0,0,0,0,0,4,0,4,21,6,63,54,72,100.3,2.8,4.4,26.6,43.7,91,149,37.9,-5.4,58,96,37.7,-6.7,Defense,500,500,4,83
2228,Marcel Beck,RD,0,WPG,81,6,6238,0,1,1,-3,0,0,0,0,0,0,0,0,178,0,0,0,0,0,0,4,0,1,11,5,57,53,59,95.8,1.8,3.6,26.7,32.7,87,120,42,-1.7,55,62,47,7.2,Defense,471,471,5,83
3697,Pork Tenderloin,RD,0,NEW,81,19,27132,2,8,10,-9,8,1,1,2,2967,0,0,0,2247,0,2,1,0,0,0,24,4,10,52,46,65,58,71,96.9,3.9,5.1,38.4,38.1,384,426,47.4,-2.3,268,274,49.4,-3.8,Defense,462,462,6,83
2488,San-sam Emerson,LD,0,PHI,81,7,7842,2,3,5,0,0,0,0,0,18,0,0,0,489,0,0,0,0,0,0,3,1,4,6,5,58,54,59,105.1,3.4,3.4,25,39.8,113,128,46.9,0,60,100,37.5,-9.2,Defense,447,447,7,83
732,Sven Svechnikov,LD,0,NEW,75,23,23845,0,4,4,-2,6,0,0,0,28,0,0,0,596,0,0,0,0,0,0,23,3,19,42,20,60,53,67,100.8,3.6,4,38,47,412,433,48.8,-2.4,287,360,44.4,-8.3,Defense,441,441,8,83
2868,Luca Hunziker,LD,0,SFP,79,21,21495,0,8,8,15,10,0,0,0,83,0,0,0,617,0,0,0,0,0,0,11,3,20,18,35,60,53,68,104.8,4.8,2.4,35.8,27.9,406,266,60.4,4,253,192,56.9,2.4,Defense,414,414,9,83
3178,Philippe-Eko Eel,LD,0,ATL,81,10,11213,1,5,6,6,0,0,0,0,147,0,0,0,319,0,0,0,0,0,0,5,1,6,19,17,59,52,65,102.9,5,3,35.8,27.1,200,164,54.9,1.7,134,99,57.5,2.1,Defense,404,404,10,83
3029,Graj Virrok,RW,0,PHI,81,7,7024,2,3,5,2,0,0,0,0,59,0,0,0,47,0,4,1,0,0,0,7,5,2,7,20,74,79,59,106,3.1,2.1,28.6,42.7,112,125,47.3,0.6,65,94,40.9,-4.2,Forward,163,163,1,83
2540,Spack Jarrow,RW,0,MIN,79,10,10491,3,4,7,2,4,0,0,0,14,0,0,0,493,0,3,1,0,0,0,24,7,8,8,27,70,64,73,101.7,3.2,2.5,30.6,28.5,150,140,51.7,1,98,93,51.3,3.2,Forward,155,155,2,83
2892,Outdoor Truck,C,0,TEX,81,6,6811,1,5,6,-1,2,0,0,0,0,0,0,0,423,0,94,52,0,0,0,5,7,5,0,10,64,60,67,97.3,4.5,5.1,41.1,37.2,136,103,56.9,0.9,90,75,54.5,-1.6,Forward,155,155,3,83
2947,Rikkert Biemans,LW,0,TBB,81,26,30573,7,13,20,11,10,0,1,1,1554,0,0,0,1913,1,60,19,0,0,0,43,17,11,21,60,78,78,72,102.8,3.3,2,35.9,30.8,464,422,52.4,0.1,312,267,53.9,1,Forward,149,149,4,83
2457,Mikko Rashford,LW,0,WPG,81,6,6749,1,2,3,-3,6,0,0,0,180,0,0,0,0,0,1,0,0,0,0,15,3,3,4,13,70,69,64,97.5,3.3,4.9,28.5,35.1,93,116,44.5,1.9,56,77,42.1,0.4,Forward,143,143,5,83
3720,Gnabe Dabson,C,0,PHI,81,7,8661,1,2,3,-4,2,0,0,0,379,0,0,0,739,0,112,53,0,0,0,7,5,6,11,15,69,63,77,99.5,2.4,3.8,28.2,42.5,115,145,44.2,-4,68,99,40.7,-4.5,Forward,138,138,6,83
1014,Evil AllBran,LW,0,PHI,76,13,14270,6,4,10,3,4,1,0,1,848,0,0,0,158,2,7,3,0,0,0,15,7,0,10,34,69,70,60,102.2,3.3,2.4,33.7,32.6,206,204,50.2,0.4,144,139,50.9,1.4,Forward,131,131,7,83
2207,Lias Ekholm-Gunnarsson,C,0,WPG,77,5,6629,1,3,4,-2,4,0,1,1,556,0,0,0,540,0,90,39,0,0,0,4,2,3,5,8,67,67,67,108,3.9,5.2,18.9,41,61,103,37.2,0,34,78,30.4,-1.9,Forward,131,131,8,83
2433,Max Manning,LW,0,BAP,77,6,6177,1,1,2,1,0,0,0,0,0,0,0,0,0,0,1,0,0,0,0,5,6,5,1,7,69,67,65,100.9,2.3,1.7,39,34.4,111,86,56.3,4.2,81,67,54.7,4.2,Forward,131,131,9,83
2652,Ivan Lacksamus,RW,0,NEW,80,5,6140,0,1,1,-5,0,0,0,0,16,0,0,0,42,0,6,4,0,0,0,4,6,1,4,11,68,70,61,91.8,1.2,4.1,32,34.9,88,91,49.2,-1.5,62,68,47.7,-6.5,Forward,131,131,10,83
