id,name,position,league,team,season,gamesPlayed,timeOnIce,goals,assists,points,plusMinus,pim,ppGoals,ppAssists,ppPoints,ppTimeOnIce,shGoals,shAssists,shPoints,shTimeOnIce,gwg,faceoffs,faceoffWins,fights,fightWins,fightLosses,hits,giveaways,takeaways,shotsBlocked,shotsOnGoal,gameRating,offensiveGameRating,defensiveGameRating,advancedStats.PDO,advancedStats.GF60,advancedStats.GA60,advancedStats.SF60,advancedStats.SA60,advancedStats.CF,advancedStats.CA,advancedStats.CFPct,advancedStats.CFPctRel,advancedStats.FF,advancedStats.FA,advancedStats.FFPct,advancedStats.FFPctRel,pos,cum_takeaways,label,rank,season_label
NA, ,NA,NA,ATL,NA,NA,NA,NA,NA,NA,NA,NA,NA,NA,NA,NA,NA,NA,NA,NA,NA,NA,NA,NA,NA,NA,NA,NA,NA,NA,NA,NA,NA,NA,NA,NA,NA,NA,NA,NA,NA,NA,NA,NA,NA,NA,NA,Forward,0, ,1,65
NA, ,NA,NA,ATL,NA,NA,NA,NA,NA,NA,NA,NA,NA,NA,NA,NA,NA,NA,NA,NA,NA,NA,NA,NA,NA,NA,NA,NA,NA,NA,NA,NA,NA,NA,NA,NA,NA,NA,NA,NA,NA,NA,NA,NA,NA,NA,NA,Forward,0, ,2,65
NA, ,NA,NA,ATL,NA,NA,NA,NA,NA,NA,NA,NA,NA,NA,NA,NA,NA,NA,NA,NA,NA,NA,NA,NA,NA,NA,NA,NA,NA,NA,NA,NA,NA,NA,NA,NA,NA,NA,NA,NA,NA,NA,NA,NA,NA,NA,NA,Forward,0, ,3,65
NA, ,NA,NA,ATL,NA,NA,NA,NA,NA,NA,NA,NA,NA,NA,NA,NA,NA,NA,NA,NA,NA,NA,NA,NA,NA,NA,NA,NA,NA,NA,NA,NA,NA,NA,NA,NA,NA,NA,NA,NA,NA,NA,NA,NA,NA,NA,NA,Forward,0, ,4,65
NA, ,NA,NA,ATL,NA,NA,NA,NA,NA,NA,NA,NA,NA,NA,NA,NA,NA,NA,NA,NA,NA,NA,NA,NA,NA,NA,NA,NA,NA,NA,NA,NA,NA,NA,NA,NA,NA,NA,NA,NA,NA,NA,NA,NA,NA,NA,NA,Forward,0, ,5,65
NA, ,NA,NA,ATL,NA,NA,NA,NA,NA,NA,NA,NA,NA,NA,NA,NA,NA,NA,NA,NA,NA,NA,NA,NA,NA,NA,NA,NA,NA,NA,NA,NA,NA,NA,NA,NA,NA,NA,NA,NA,NA,NA,NA,NA,NA,NA,NA,Forward,0, ,6,65
NA, ,NA,NA,ATL,NA,NA,NA,NA,NA,NA,NA,NA,NA,NA,NA,NA,NA,NA,NA,NA,NA,NA,NA,NA,NA,NA,NA,NA,NA,NA,NA,NA,NA,NA,NA,NA,NA,NA,NA,NA,NA,NA,NA,NA,NA,NA,NA,Forward,0, ,7,65
NA, ,NA,NA,ATL,NA,NA,NA,NA,NA,NA,NA,NA,NA,NA,NA,NA,NA,NA,NA,NA,NA,NA,NA,NA,NA,NA,NA,NA,NA,NA,NA,NA,NA,NA,NA,NA,NA,NA,NA,NA,NA,NA,NA,NA,NA,NA,NA,Forward,0, ,8,65
NA, ,NA,NA,ATL,NA,NA,NA,NA,NA,NA,NA,NA,NA,NA,NA,NA,NA,NA,NA,NA,NA,NA,NA,NA,NA,NA,NA,NA,NA,NA,NA,NA,NA,NA,NA,NA,NA,NA,NA,NA,NA,NA,NA,NA,NA,NA,NA,Forward,0, ,9,65
NA, ,NA,NA,ATL,NA,NA,NA,NA,NA,NA,NA,NA,NA,NA,NA,NA,NA,NA,NA,NA,NA,NA,NA,NA,NA,NA,NA,NA,NA,NA,NA,NA,NA,NA,NA,NA,NA,NA,NA,NA,NA,NA,NA,NA,NA,NA,NA,Forward,0, ,10,65
1892,Kermit Murphy,LD,0,SEA,66,22,31084,10,6,16,-2,2,8,2,10,3636,0,0,0,1283,1,0,0,0,0,0,33,2,23,45,58,69,61,76,101.3,2.2,2.6,24.9,34.5,323,404,44.4,1.6,217,291,42.7,-1.8,Defense,23,23,1,66
373,Adam Barron,LD,0,ATL,66,21,22534,6,5,11,10,10,0,0,0,159,0,1,1,708,1,0,0,0,0,0,19,1,21,26,46,64,56,73,99.9,4.7,3.2,38.9,26.1,372,263,58.6,2.1,279,184,60.3,0.4,Defense,21,21,2,66
1143,Angus McFife XVIII,RD,0,ATL,66,21,27470,2,5,7,3,0,0,0,0,539,0,0,0,827,0,0,0,0,0,0,22,0,19,47,51,65,58,71,96.3,3,2.9,36.3,24,432,311,58.1,1.6,309,208,59.8,-0.4,Defense,19,19,3,66
1506,William Salming,LW,0,SEA,66,22,30783,8,11,19,1,4,4,3,7,3509,2,0,2,1969,2,28,12,0,0,0,63,22,19,19,49,80,77,80,100.6,2.1,2.3,25.9,29.9,309,378,45,2.4,228,248,47.9,6.1,Forward,19,19,1,66
1751,Pablo Salvatici,LW,0,ATL,66,21,27227,9,10,19,8,10,1,3,4,2358,0,1,1,721,1,103,56,0,0,0,54,31,19,15,64,77,80,70,97.9,3.4,2.4,35.3,20.1,386,276,58.3,1.7,286,165,63.4,4.9,Forward,19,19,2,66
806,Michael Withecheck,RD,0,ATL,66,21,28364,2,15,17,18,8,0,2,2,2302,0,1,1,1544,1,0,0,0,0,0,31,6,18,57,57,71,64,78,105.4,4.6,1.8,35.1,23.2,370,311,54.3,-4.2,277,194,58.8,-1.8,Defense,18,18,4,66
1867,KEKW Kekkonen,C,0,BUF,66,16,22073,11,9,20,3,4,4,0,4,2068,0,1,1,1311,2,351,206,0,0,0,13,11,18,13,49,74,69,77,102.5,3.3,2.3,31.8,29.5,276,264,51.1,1,198,176,52.9,3.2,Forward,18,18,3,66
1295,Teddy Murphy,RD,0,SEA,66,22,26784,2,7,9,-8,15,0,0,0,123,0,1,1,1060,1,0,0,0,0,0,18,6,17,44,40,61,56,66,98.5,2.4,3.5,24.7,31.5,304,417,42.2,-1.9,221,263,45.7,2.7,Defense,17,17,5,66
1367,Calvin Hobbes,C,0,SEA,66,22,31148,8,19,27,-6,10,2,9,11,3699,0,1,1,1951,0,507,286,0,0,0,24,23,17,22,49,75,71,77,98.8,2.5,3.5,25.7,31.8,316,367,46.3,4.4,216,251,46.3,3.6,Forward,17,17,4,66
1049,Edward Williams,C,0,SEA,66,22,24939,3,12,15,-3,4,0,2,2,858,1,0,1,1069,2,316,181,0,0,0,23,18,16,5,45,68,65,67,100.6,2.3,3,24.6,33.3,269,375,41.8,-2.4,184,259,41.5,-3.4,Forward,16,16,5,66
1775,Anton Mihailov,C,0,ATL,66,21,26554,13,11,24,11,6,2,2,4,2329,1,0,1,815,1,304,167,0,0,0,31,15,16,13,68,74,73,70,99.7,4,2.3,36,20.1,400,273,59.4,3.4,280,168,62.5,3.6,Forward,16,16,6,66
1837,Bean Beanman,LD,0,BUF,66,16,22675,0,7,7,5,2,0,2,2,2174,0,2,2,1407,0,0,0,0,0,0,23,2,16,42,46,68,59,77,102.4,3.2,2.1,32.2,27.5,286,268,51.6,1.8,204,173,54.1,5,Defense,16,16,6,66
934,Rhys Pritchard,RW,0,SEA,66,22,27300,2,9,11,3,4,0,1,1,885,0,1,1,845,0,22,3,0,0,0,53,20,15,20,43,79,80,73,102.4,3,2.7,27.2,31.5,318,380,45.6,3.3,221,257,46.2,3.6,Forward,15,15,7,66
1172,Burlok Sulfurgold,RW,0,ATL,66,21,24721,6,12,18,18,8,0,0,0,50,0,0,0,459,1,21,9,0,0,0,50,9,15,8,49,73,68,70,104.1,5.2,2.5,39.3,27.5,406,313,56.5,-1.1,312,217,59,-1.6,Forward,15,15,8,66
1376,Tanjiro Kamado,LD,0,CHI,66,14,15568,3,5,8,13,0,0,0,0,8,0,0,0,418,0,0,0,0,0,0,18,4,15,9,22,62,54,70,107.1,5.2,2.1,36.4,29.5,259,226,53.4,-3.3,189,155,54.9,-2.8,Defense,15,15,7,66
1917,Nike Kickz Jr,C,0,CHI,66,14,18191,10,10,20,13,2,0,0,0,1195,0,0,0,470,2,248,122,0,0,0,12,21,15,9,58,71,65,75,104.9,5.2,2.4,36.8,25.7,311,214,59.2,5.7,209,148,58.5,2.8,Forward,15,15,9,66
1945,Basil Sivart,RD,0,TOR,66,10,11400,2,4,6,5,6,0,0,0,0,0,1,1,449,1,0,0,0,0,0,15,3,15,12,13,63,52,74,103.2,3,2,32.2,32.9,169,164,50.8,3.3,119,127,48.4,-0.4,Defense,15,15,8,66
2433,Max Manning,C,0,SEA,66,22,27956,9,5,14,1,6,2,1,3,768,0,0,0,1020,2,357,181,0,0,0,29,31,15,11,57,68,65,70,102.6,2.2,2.1,24.1,31.8,303,410,42.5,-1.4,219,280,43.9,0,Forward,15,15,10,66
1246,Dee Centerman IV,LD,0,SEA,66,22,27538,3,1,4,-5,2,0,0,0,52,0,0,0,2219,0,0,0,0,0,0,17,4,13,81,33,62,51,76,98.4,2.3,3.1,25.6,29.8,295,394,42.8,-0.8,220,245,47.3,5.1,Defense,13,13,9,66
1864,Daryl Urquhart,RD,0,SEA,66,22,24106,2,6,8,-1,2,0,0,0,73,0,1,1,2372,1,0,0,0,0,0,30,4,13,41,29,69,56,79,100.4,2,2.3,24.4,30.1,255,322,44.2,1.1,170,217,43.9,0.1,Defense,13,13,10,66
1892,Kermit Murphy,LD,0,SEA,67,23,30419,2,16,18,19,14,0,4,4,1863,0,2,2,2424,1,0,0,0,0,0,23,6,17,56,71,67,60,74,104.6,4.5,2.1,35,24.5,448,326,57.9,3.2,297,212,58.3,3.7,Defense,40,40,1,67
1775,Anton Mihailov,C,0,SEA,67,23,27599,7,7,14,4,8,0,0,0,336,0,0,0,797,1,259,134,0,0,0,19,18,21,8,51,68,67,68,100.8,2.9,2.3,32,28.6,440,366,54.6,-1.8,274,251,52.2,-5.8,Forward,37,37,1,67
1864,Daryl Urquhart,RD,0,SEA,67,23,28281,2,8,10,4,14,0,0,0,354,0,0,0,1227,0,0,0,0,0,0,30,4,24,32,42,62,54,69,100.9,3.2,2.8,32.1,30.9,407,377,51.9,-5.9,275,269,50.6,-8.5,Defense,37,37,2,67
2433,Max Manning,LW,0,SEA,67,23,26555,8,16,24,13,10,0,0,0,322,0,1,1,1156,0,20,9,0,0,0,57,19,21,20,41,81,79,76,103,3.7,2.2,32.6,25.4,425,315,57.4,2.5,270,201,57.3,2.1,Forward,36,36,2,67
1319,Jonathan Granstrom,C,0,MAN,67,27,34232,13,6,19,7,8,0,0,0,1277,2,0,2,2083,0,387,183,0,0,0,39,26,26,21,82,68,61,76,103.3,2.9,2.3,28.2,33.4,409,487,45.6,3.4,291,336,46.4,3.9,Forward,33,33,3,67
1367,Calvin Hobbes,C,0,SEA,67,23,26153,7,11,18,16,4,0,0,0,23,1,0,1,2585,1,318,173,0,0,0,18,12,16,14,45,71,69,70,104.7,3.8,1.5,33.6,23.1,417,284,59.5,5.4,261,178,59.5,5,Forward,33,33,4,67
1506,William Salming,LW,0,SEA,67,23,29409,4,17,21,16,6,0,0,0,437,0,0,0,2486,2,50,22,0,0,0,49,18,14,16,48,79,83,70,105,4.3,2.2,33.2,26.8,417,362,53.5,-3.4,291,241,54.7,-1.9,Forward,33,33,5,67
558,Luukas Lilja,C,0,SEA,67,23,27659,19,19,38,23,12,2,4,6,1863,0,2,2,364,3,334,184,0,0,0,16,17,18,21,64,74,74,73,107.7,5.2,2.1,32.3,24.8,407,335,54.9,-1.4,281,213,56.9,1.4,Forward,32,32,6,67
1276,Jonas Kahnwald,LD,0,SEA,67,23,30256,3,7,10,12,4,2,2,4,1910,0,0,0,1316,0,0,0,0,0,0,30,4,21,49,51,67,59,75,105.1,3.6,2,30.2,29.4,407,373,52.2,-5.5,269,267,50.2,-9,Defense,31,31,3,67
1751,Pablo Salvatici,C,0,ATL,67,11,14531,7,8,15,11,4,2,1,3,1036,1,1,2,844,2,234,120,0,0,0,7,13,12,3,35,73,70,74,103.3,4.6,2,42.7,27,232,147,61.2,8.2,170,114,59.9,5.1,Forward,31,31,7,67
806,Michael Withecheck,RD,0,ATL,67,11,14885,2,3,5,-1,6,0,0,0,236,0,0,0,556,1,0,0,0,0,0,9,2,12,14,33,65,61,68,96.2,2,2.6,39.1,28.4,231,181,56.1,0.5,176,133,57,0.7,Defense,30,30,4,67
1295,Teddy Murphy,RD,0,SEA,67,23,23958,1,7,8,19,4,0,0,0,34,0,0,0,729,0,0,0,0,0,0,11,3,11,16,36,59,52,66,106,4.2,1.4,33.2,21.3,410,296,58.1,3.4,266,163,62,8.6,Defense,28,28,5,67
1428,Vaseline Podcalzone,RW,0,SEA,67,23,28338,10,18,28,10,4,3,2,5,1753,1,0,1,894,2,42,11,0,0,0,45,22,17,14,66,80,82,69,102.8,4.3,2.9,30.8,26.1,397,345,53.5,-3.4,272,219,55.4,-0.8,Forward,28,28,8,67
1143,Angus McFife XVIII,RD,0,ATL,67,11,16551,2,3,5,2,0,0,1,1,1064,0,1,1,853,0,0,0,0,0,0,14,3,8,17,38,66,60,69,98,3.2,3,36.9,27.8,229,190,54.7,-1.8,177,145,55,-2.5,Defense,27,27,6,67
934,Rhys Pritchard,RW,0,SEA,67,23,23757,8,8,16,10,6,0,0,0,6,1,0,1,32,0,2,0,0,0,0,31,18,11,22,50,76,77,71,103,2.7,1.4,33.7,26.6,409,318,56.3,0.7,254,210,54.7,-1.7,Forward,26,26,9,67
2371,Grogu Mandosson,C,0,CGY,67,12,15281,1,12,13,6,4,0,3,3,1981,0,0,0,35,0,233,130,0,0,0,13,10,18,6,18,74,65,80,110.9,4.9,2.7,24.2,29,158,232,40.5,0.2,107,127,45.7,2,Forward,26,26,10,67
373,Adam Barron,LD,0,SFP,67,4,4671,1,0,1,-3,2,0,0,0,0,0,0,0,63,0,0,0,0,0,0,2,0,3,7,4,57,51,66,94.9,1.6,3.9,25,34.4,68,73,48.2,-1,37,51,42,-6.8,Defense,24,24,7,67
1701,Puddles O'Duck,LD,0,ATL,67,11,15965,0,5,5,1,4,0,1,1,1025,0,1,1,754,0,0,0,0,0,0,6,1,12,24,44,67,58,76,97.9,2.3,2,40.6,26.1,225,174,56.4,1,175,128,57.8,2,Defense,24,24,8,67
1137,Jay Sink,LD,0,ATL,67,11,15490,1,2,3,-1,2,0,0,0,275,0,0,0,515,0,0,0,0,0,0,8,1,9,16,38,62,57,65,96.3,2.4,2.9,35.3,27.7,238,189,55.7,-0.1,181,143,55.9,-1,Defense,21,21,9,67
2340,Landon Fischermann,RD,0,SEA,67,23,28640,5,6,11,11,6,0,0,0,361,0,0,0,1071,2,0,0,0,0,0,17,4,14,36,52,62,57,67,102.2,4,2.5,32.7,25.4,456,346,56.9,1.7,291,231,55.7,-0.3,Defense,21,21,10,67
1892,Kermit Murphy,LD,0,SEA,68,21,30688,3,18,21,24,8,1,5,6,2839,0,2,2,2653,1,0,0,0,0,0,20,1,21,25,73,68,63,73,108.2,4.4,1.3,31,21.3,380,243,61,2.1,259,172,60.1,0.8,Defense,61,61,1,68
1864,Daryl Urquhart,RD,0,SEA,68,21,26678,1,7,8,9,8,0,0,0,812,0,0,0,591,0,0,0,0,0,0,22,1,18,22,50,59,55,63,101.6,3.8,2.7,31.8,25.8,374,282,57,-4.1,258,210,55.1,-7,Defense,55,55,2,68
1775,Anton Mihailov,C,0,SEA,68,21,26583,12,9,21,14,8,1,0,1,819,0,2,2,1083,5,262,144,0,0,0,29,17,17,7,55,73,74,67,103.5,3.4,1.6,31.8,22.6,379,258,59.5,-0.2,261,179,59.3,-0.3,Forward,54,54,1,68
2433,Max Manning,C,0,SEA,68,21,29334,18,14,32,16,2,3,3,6,2751,0,0,0,922,2,325,180,0,0,0,17,24,17,16,64,77,79,70,103.7,4.6,2.4,32.3,22.4,385,274,58.4,-1.9,273,184,59.7,0.3,Forward,53,53,2,68
1276,Jonas Kahnwald,LD,0,SEA,68,21,30255,2,14,16,2,6,1,3,4,2733,0,0,0,1904,1,0,0,0,0,0,26,4,20,20,51,66,62,67,98.7,3,2.7,30.2,24.2,375,265,58.6,-1.6,252,199,55.9,-5.7,Defense,51,51,3,68
1319,Jonathan Granstrom,C,0,MAN,68,24,33243,12,14,26,21,6,0,1,1,1060,0,0,0,2189,2,402,175,0,0,0,28,26,14,24,57,68,63,73,108.7,4,1.4,30,32,404,454,47.1,-0.9,291,316,47.9,0,Forward,47,47,3,68
1428,Vaseline Podcalzone,LW,0,SEA,68,21,28372,12,15,27,12,10,3,4,7,2787,0,0,0,1162,1,36,12,0,0,0,52,23,17,11,51,83,86,75,103.5,3.8,2.1,31,23.3,358,264,57.6,-3.2,245,179,57.8,-2.6,Forward,45,45,4,68
1751,Pablo Salvatici,C,0,ATL,68,12,15787,13,8,21,11,4,1,0,1,1558,0,2,2,1024,2,235,119,0,0,0,8,9,13,4,39,73,74,70,103.2,5.5,2.7,36.8,23.4,221,158,58.3,1.5,158,106,59.8,2.5,Forward,44,44,5,68
1506,William Salming,RW,0,SEA,68,21,28161,4,18,22,20,6,0,1,1,773,0,1,1,2901,1,18,7,0,0,0,39,14,10,19,29,78,80,71,107.7,4.7,1.9,30,23.8,353,273,56.4,-4.9,240,185,56.5,-4.6,Forward,43,43,6,68
1824,Tomas Lind,LW,0,MAN,68,24,33921,10,17,27,7,10,1,2,3,4127,0,0,0,174,1,36,11,0,0,0,51,18,26,12,73,79,84,67,102.8,3.6,2.7,33.3,32.7,410,446,47.9,0.4,319,328,49.3,2.2,Forward,43,43,7,68
558,Luukas Lilja,LW,0,SEA,68,21,26698,10,10,20,10,2,1,4,5,2603,0,0,0,162,2,12,4,0,0,0,59,16,10,12,69,82,87,67,102.4,3.3,1.8,31.7,22.4,359,249,59,-0.9,246,170,59.1,-0.6,Forward,42,42,8,68
806,Michael Withecheck,RD,0,ATL,68,12,15102,2,6,8,10,8,0,1,1,328,1,0,1,569,0,0,0,0,0,0,8,0,11,26,33,65,59,71,101.6,4.8,2.5,37.8,22.8,245,145,62.8,8.5,177,104,63,7.4,Defense,41,41,4,68
1367,Calvin Hobbes,C,0,SEA,68,21,24662,8,10,18,12,0,0,0,0,23,2,0,2,3104,1,287,145,0,0,0,14,24,8,7,50,69,69,66,102,3.2,1.5,33.6,20.1,322,190,62.9,4.5,231,141,62.1,3.6,Forward,41,41,9,68
2200,Lev Lebedev,C,0,MAN,68,24,35342,14,9,23,-6,10,3,1,4,3846,0,0,0,256,4,479,244,0,0,0,21,28,17,18,116,74,72,69,97.5,2.9,3.5,33.1,30.8,448,449,49.9,3.6,332,323,50.7,4.4,Forward,41,41,10,68
2340,Landon Fischermann,RD,0,SEA,68,21,29337,2,7,9,23,8,0,0,0,867,0,0,0,2602,0,0,0,0,0,0,24,3,19,34,51,67,60,76,108.1,4.3,1.1,31.6,19.9,392,240,62,3.7,271,167,61.9,3.5,Defense,40,40,5,68
2454,Wendolene Ramsbottom,LD,0,SEA,68,21,24664,3,4,7,12,2,0,0,0,23,0,0,0,2014,0,0,0,0,0,0,12,1,19,53,45,63,52,75,101.6,3.2,1.6,35,21.3,342,240,58.8,-1.3,255,153,62.5,4.3,Defense,39,39,6,68
2901,Chad Nickelback,LD,0,MAN,68,24,30367,1,8,9,6,10,0,0,0,1327,0,0,0,1187,1,0,0,0,0,0,21,2,15,30,35,62,57,66,103.8,3.6,2.8,30.9,35.8,356,410,46.5,-1.7,268,318,45.7,-3.2,Defense,36,36,7,68
1143,Angus McFife XVIII,RD,0,ATL,68,12,16555,5,3,8,-1,6,1,0,1,1414,0,0,0,915,1,0,0,0,0,0,13,0,8,17,40,64,61,65,95.9,3.3,3.5,35.9,26.8,230,186,55.3,-3.2,163,124,56.8,-2.2,Defense,35,35,8,68
1701,Puddles O'Duck,LD,0,ATL,68,12,16423,0,2,2,-2,0,0,2,2,1449,0,0,0,1006,0,0,0,0,0,0,7,1,9,30,22,62,57,65,95,3.4,3.9,35,26.5,220,182,54.7,-4,153,121,55.8,-3.6,Defense,33,33,9,68
2486,Jay O'Neil,RD,0,WPG,68,10,13455,1,3,4,2,2,0,0,0,345,0,0,0,672,0,0,0,0,0,0,13,0,12,14,27,62,54,69,97.7,3.8,3.2,44,29.2,260,177,59.5,7,173,118,59.5,3.7,Defense,33,33,10,68
2433,Max Manning,C,0,SEA,69,16,22749,14,12,26,9,4,2,3,5,2458,1,0,1,448,4,277,125,0,0,0,15,16,20,10,58,77,80,71,102.2,4,2.4,30.3,21.6,262,199,56.8,5.8,186,134,58.1,6.6,Forward,73,73,1,69
1892,Kermit Murphy,LD,0,SEA,69,16,23323,2,9,11,-4,6,1,2,3,2451,0,1,1,1353,0,0,0,0,0,0,19,2,10,26,60,65,61,69,96,2.4,2.8,26.7,21.4,246,209,54.1,1.6,166,136,55,1.7,Defense,71,71,1,69
1276,Jonas Kahnwald,LD,0,SEA,69,16,23058,5,9,14,11,4,2,2,4,2598,0,0,0,1039,1,0,0,0,0,0,10,2,18,16,55,66,62,70,105,4.6,2.4,32.8,26.5,280,217,56.3,5.3,198,159,55.5,2.7,Defense,69,69,2,69
1864,Daryl Urquhart,RD,0,SEA,69,16,20974,3,7,10,10,2,0,0,0,210,0,0,0,510,2,0,0,0,0,0,15,1,12,19,32,60,55,64,104.3,4.4,2.7,30.6,26,273,234,53.8,1.4,195,165,54.2,0.6,Defense,67,67,3,69
1775,Anton Mihailov,C,0,SEA,69,16,20227,15,6,21,5,6,1,1,2,559,0,0,0,648,1,263,135,0,0,0,17,12,12,13,52,73,74,68,101.3,4,2.8,29.9,23.7,260,223,53.8,1.3,186,147,55.9,3.2,Forward,66,66,2,69
1428,Vaseline Podcalzone,LW,0,SEA,69,16,22096,6,16,22,9,10,1,1,2,2426,0,1,1,538,0,30,6,0,0,0,47,8,9,17,37,87,89,77,103.4,4.5,2.6,29.4,22,256,199,56.3,4.9,176,137,56.2,3.7,Forward,54,54,3,69
1751,Pablo Salvatici,LW,0,ATL,69,14,16550,5,6,11,-7,4,1,1,2,677,0,0,0,525,0,7,1,0,0,0,27,12,9,8,43,74,81,55,89.9,3.3,4.9,42.7,27.7,303,199,60.4,8.2,206,129,61.5,6.8,Forward,53,53,4,69
1923,Noel Blanchet,C,0,WPG,69,24,31646,10,10,20,-2,12,0,1,1,960,1,0,1,1210,4,400,214,0,0,0,21,19,22,18,68,72,71,70,94.5,2.4,2.8,30.7,20.9,421,322,56.7,-1.7,295,205,59,0.4,Forward,52,52,5,69
2228,Marcel Beck,RD,0,WPG,69,24,33654,6,10,16,7,9,3,2,5,3309,0,1,1,2466,0,0,0,1,0,1,39,4,28,34,59,65,56,74,100.5,3.1,2.3,27.9,21.8,389,273,58.8,1.5,261,185,58.5,-0.3,Defense,51,51,4,69
1319,Jonathan Granstrom,C,0,MAN,69,5,5426,2,2,4,-5,2,0,0,0,130,0,0,0,0,0,64,28,0,0,0,1,7,1,4,11,57,55,55,96.2,3.4,6.8,29.9,44.9,74,125,37.2,-3.6,51,80,38.9,-2.3,Forward,48,48,6,69
806,Michael Withecheck,RD,0,ATL,69,14,17346,2,4,6,0,4,1,0,1,722,0,0,0,788,0,0,0,0,0,0,16,2,6,32,42,64,58,68,93.6,3.4,3.6,39.3,24.1,251,183,57.8,4,192,134,58.9,2.8,Defense,47,47,5,69
1367,Calvin Hobbes,C,0,SEA,69,16,17897,3,9,12,3,6,0,0,0,0,0,0,0,1631,1,244,99,0,0,0,13,12,6,10,29,68,68,66,102.8,2.7,2,26.3,27.2,194,205,48.6,-6.2,136,147,48.1,-8.2,Forward,47,47,7,69
1506,William Salming,RW,0,SEA,69,16,19747,3,8,11,6,2,0,0,0,452,0,0,0,1612,0,8,4,0,0,0,44,13,4,18,18,75,76,70,101.8,4.1,2.9,28.3,22.6,219,184,54.3,1.9,154,123,55.6,2.6,Forward,47,47,8,69
1824,Tomas Lind,LW,0,MAN,69,5,6641,0,4,4,-8,0,0,2,2,726,0,0,0,492,0,9,0,0,0,0,7,7,4,10,6,67,70,55,92.9,4,8.6,33.2,45.1,83,111,42.8,5,59,79,42.8,3.6,Forward,47,47,9,69
2340,Landon Fischermann,RD,0,SEA,69,16,21986,0,3,3,-6,10,0,0,0,505,0,0,0,1539,0,0,0,0,0,0,16,4,7,27,27,59,54,65,93.6,2.5,3.6,26.4,22.6,247,222,52.7,-0.5,169,147,53.5,-0.5,Defense,47,47,6,69
1143,Angus McFife XVIII,RD,0,ATL,69,14,19376,4,7,11,-8,2,2,3,5,1966,0,0,0,1377,1,0,0,0,0,0,13,3,11,33,47,63,59,65,92.6,3.1,4.7,39.1,30.5,286,238,54.6,-0.8,211,157,57.3,0.5,Defense,46,46,7,69
2486,Jay O'Neil,RD,0,WPG,69,24,32938,3,8,11,2,12,0,0,0,862,0,1,1,1481,0,0,0,0,0,0,25,3,13,41,71,63,59,64,96.4,3.4,3.2,33.1,22.8,475,342,58.1,0.6,324,230,58.5,-0.4,Defense,46,46,8,69
1261,Liam Slate,RW,0,SEA,69,16,19117,2,11,13,3,2,1,1,2,618,0,0,0,67,0,5,2,0,0,0,37,18,10,14,25,79,80,69,98.5,3.7,3.1,30.7,23,265,215,55.2,3.4,185,137,57.5,5.6,Forward,45,45,10,69
2529,Christian Kinsinger,LD,0,WPG,69,24,34164,5,9,14,12,4,2,2,4,3310,0,0,0,2388,0,0,0,0,0,0,27,1,19,37,72,67,61,73,101.7,3.9,2.1,33.9,21.8,449,319,58.5,1.1,311,207,60,2,Defense,43,43,9,69
2454,Wendolene Ramsbottom,LD,0,SEA,69,16,18404,0,3,3,8,4,0,0,0,420,0,0,0,953,0,0,0,0,0,0,12,3,3,45,29,60,51,71,104.4,3.8,2.3,27.3,24.3,203,212,48.9,-5.9,151,140,51.9,-2.7,Defense,42,42,10,69
1276,Jonas Kahnwald,RD,0,CHI,70,13,16778,0,3,3,-2,4,0,1,1,420,0,0,0,445,0,0,0,0,0,0,14,3,10,32,21,63,58,68,97.7,2.5,3.4,29.6,31.7,242,232,51.1,-1,150,160,48.4,-3.1,Defense,79,79,1,70
2433,Max Manning,C,0,SEA,70,13,18124,11,10,21,0,6,2,2,4,1958,0,0,0,652,2,220,97,0,0,0,10,14,5,7,61,75,81,64,98.2,4.2,3.9,33.2,27.4,244,203,54.6,0.1,173,146,54.2,-0.8,Forward,78,78,1,70
1892,Kermit Murphy,LD,0,SEA,70,13,18918,2,3,5,2,4,1,1,2,1795,0,0,0,1740,0,0,0,0,0,0,15,2,6,38,30,68,60,78,100.5,2.8,2.1,30.9,24.6,238,187,56,2.2,159,129,55.2,0.7,Defense,77,77,2,70
1864,Daryl Urquhart,RD,0,SEA,70,13,16180,1,7,8,3,10,0,1,1,722,0,0,0,324,0,0,0,0,0,0,14,2,9,25,23,59,54,62,99.4,4.8,4,34.3,27.8,238,204,53.8,-1.1,167,135,55.3,0.9,Defense,76,76,3,70
2228,Marcel Beck,RD,0,WPG,70,22,26986,1,8,9,0,8,0,0,0,1613,0,1,1,2226,0,0,0,0,0,0,26,1,23,50,38,64,58,71,97.6,4.2,4.2,39.3,32.2,416,350,54.3,-3.4,295,241,55,-3.7,Defense,74,74,4,70
1775,Anton Mihailov,C,0,SEA,70,13,15455,9,7,16,7,4,0,0,0,494,0,0,0,539,1,175,85,0,0,0,9,9,7,9,30,71,75,63,104.2,4.7,3,32.9,29.5,217,192,53.1,-2.3,154,135,53.3,-2.2,Forward,73,73,2,70
2486,Jay O'Neil,RD,0,WPG,70,22,30763,7,8,15,9,10,4,4,8,3877,1,1,2,2816,2,0,0,0,0,0,30,8,25,41,60,65,56,76,99.4,4.3,2.8,45.2,28,505,319,61.3,7.2,352,222,61.3,6,Defense,71,71,5,70
2529,Christian Kinsinger,LD,0,WPG,70,22,31125,5,13,18,9,10,4,5,9,4204,0,1,1,2754,1,0,0,0,0,0,38,9,27,50,74,70,61,80,100,4.2,2.7,41.9,27,482,320,60.1,5.3,336,213,61.2,5.7,Defense,70,70,6,70
1923,Noel Blanchet,C,0,WPG,70,22,24498,9,16,25,8,4,1,2,3,1262,0,0,0,1182,0,328,186,0,0,0,25,14,12,16,62,68,66,65,100.5,4.2,2.8,42,28.7,425,320,57,0.6,298,212,58.4,1.4,Forward,64,64,3,70
2207,Lias Ekholm-Gunnarsson,C,0,WPG,70,22,29757,9,22,31,6,14,2,9,11,4043,0,2,2,2813,1,479,250,0,0,0,27,18,33,18,68,75,70,81,98.3,4.6,3.8,41.7,29.9,458,347,56.9,0.4,314,215,59.4,2.8,Forward,63,63,4,70
1428,Vaseline Podcalzone,LW,0,SEA,70,13,16647,5,11,16,10,6,1,1,2,1895,0,0,0,525,1,24,7,0,0,0,28,11,8,5,31,83,87,71,107.6,5.1,2.3,33.4,30.1,227,198,53.4,-1.8,156,141,52.5,-3.4,Forward,62,62,5,70
806,Michael Withecheck,RD,0,ATL,70,14,18136,2,4,6,-4,8,1,0,1,1280,0,0,0,1021,0,0,0,0,0,0,19,0,14,30,29,67,60,75,96,2.3,3.2,35.2,30.5,260,234,52.6,-2.3,178,154,53.6,-2.4,Defense,61,61,7,70
1751,Pablo Salvatici,LW,0,ATL,70,14,16010,2,6,8,2,2,0,0,0,701,0,0,0,730,0,12,5,0,0,0,32,10,5,2,45,75,83,60,100.3,3.5,3,37.8,33.3,271,194,58.3,6.3,192,155,55.3,0.2,Forward,58,58,6,70
1143,Angus McFife XVIII,RD,0,ATL,70,14,20254,1,5,6,3,4,0,2,2,2599,0,0,0,1620,1,0,0,0,0,0,15,1,10,24,45,65,59,70,98.7,3.8,3.1,39.5,28.7,282,215,56.7,4.1,213,150,58.7,5.6,Defense,56,56,8,70
2652,Ivan Lacksamus,C,0,NEW,70,28,39094,10,20,30,5,14,1,5,6,4757,0,2,2,3799,1,568,308,0,0,0,24,23,25,42,76,74,71,77,102.4,2.9,2.4,34.3,37.8,523,589,47,-0.9,348,382,47.7,-1.4,Forward,56,56,7,70
1319,Jonathan Granstrom,C,0,MAN,70,4,4439,1,2,3,-5,0,0,0,0,160,0,0,0,25,0,66,32,0,0,0,3,1,6,7,7,65,57,71,96,2.5,6.8,27.9,51.6,57,103,35.6,2.3,41,79,34.2,2,Forward,54,54,8,70
1506,William Salming,RW,0,SEA,70,13,16433,4,12,16,7,4,1,0,1,505,0,0,0,1934,1,11,0,0,0,0,24,12,7,9,30,74,78,66,103.5,5.1,3.3,32.4,27,229,177,56.4,2.8,152,126,54.7,-0.1,Forward,54,54,9,70
1701,Puddles O'Duck,LD,0,ATL,70,14,19549,2,4,6,-1,2,2,1,3,2583,0,0,0,1712,0,0,0,0,0,0,23,6,14,33,45,67,59,76,95.8,3.1,3.3,37.8,26.9,257,199,56.4,3.3,194,134,59.1,6,Defense,54,54,9,70
2340,Landon Fischermann,RD,0,SEA,70,13,19301,2,6,8,1,4,0,2,2,1654,0,0,0,1912,1,0,0,0,0,0,12,0,7,15,34,62,56,67,99.9,2.7,2.3,30,24.7,230,188,55,0.7,158,134,54.1,-1,Defense,54,54,10,70
1367,Calvin Hobbes,C,0,SEA,70,13,14114,1,4,5,0,4,0,0,0,12,0,0,0,2028,0,177,82,0,0,0,5,11,4,8,25,66,64,67,97.2,2.1,2.1,31.9,22.4,183,148,55.3,1,124,94,56.9,2.9,Forward,51,51,10,70
2486,Jay O'Neil,RD,0,WPG,71,22,30828,5,12,17,20,10,2,4,6,2563,0,0,0,2825,1,0,0,0,0,0,32,5,27,46,60,69,57,82,104.7,4.4,1.8,39.3,28.7,459,343,57.2,4.3,320,239,57.2,3.9,Defense,98,98,1,71
2228,Marcel Beck,RD,0,WPG,71,22,28756,7,15,22,5,6,0,1,1,554,0,1,1,1885,0,0,0,0,0,0,30,2,23,42,50,64,57,69,98.7,4.8,4.1,37.9,29.4,449,385,53.8,-0.9,321,265,54.8,0.2,Defense,97,97,2,71
2529,Christian Kinsinger,LD,0,WPG,71,22,31351,3,17,20,6,11,0,4,4,2611,0,1,1,2841,0,0,0,1,0,1,25,11,23,59,66,68,61,75,97.8,4.9,4.2,39.5,28.8,445,360,55.3,1.3,324,252,56.3,2.4,Defense,93,93,3,71
1276,Jonas Kahnwald,LD,0,CHI,71,12,16951,1,5,6,7,0,0,0,0,555,0,0,0,1559,1,0,0,0,0,0,9,3,9,33,18,64,56,73,106.8,4.6,2.9,28.6,31.3,209,238,46.8,-2.5,138,153,47.4,-1.8,Defense,88,88,4,71
2207,Lias Ekholm-Gunnarsson,C,0,WPG,71,22,30689,13,22,35,10,22,5,5,10,2580,0,2,2,2905,2,461,274,0,0,0,33,17,22,12,74,78,76,77,101.1,4.3,3.1,37.6,30.4,447,359,55.5,1.6,299,247,54.8,0.1,Forward,85,85,1,71
2433,Max Manning,C,0,SEA,71,7,10573,4,3,7,-1,2,1,1,2,767,0,0,0,727,0,122,70,0,0,0,9,6,6,3,31,78,83,68,99.4,2.4,2.8,30.1,32.5,127,126,50.2,8,94,93,50.3,5.8,Forward,84,84,2,71
1864,Daryl Urquhart,LD,0,SEA,71,7,10054,2,1,3,-3,2,0,0,0,257,0,0,0,352,0,0,0,0,0,0,5,0,7,8,21,58,56,59,98.2,3.4,4.6,31.3,35.8,117,141,45.3,0.1,96,104,48,2.2,Defense,83,83,5,71
1892,Kermit Murphy,RD,0,SEA,71,7,10109,1,4,5,-3,4,0,0,0,235,0,1,1,286,0,0,0,0,0,0,4,1,4,13,15,64,61,67,97.8,2.6,3.8,30,34.2,115,147,43.9,-2.4,94,107,46.8,0,Defense,81,81,6,71
1923,Noel Blanchet,LW,0,WPG,71,22,27282,10,13,23,10,16,1,3,4,2288,0,0,0,247,3,20,11,0,0,0,31,28,12,13,59,72,73,69,101.2,4.4,2.9,40.3,30.1,462,353,56.7,3.5,313,240,56.6,2.9,Forward,76,76,3,71
1775,Anton Mihailov,C,0,SEA,70,13,15455,9,7,16,7,4,0,0,0,494,0,0,0,539,1,175,85,0,0,0,9,9,7,9,30,71,75,63,104.2,4.7,3,32.9,29.5,217,192,53.1,-2.3,154,135,53.3,-2.2,Forward,73,73,4,71
806,Michael Withecheck,RD,0,ATL,71,11,13839,1,6,7,8,6,0,0,0,688,0,1,1,952,1,0,0,0,0,0,15,1,9,25,32,66,59,73,103.9,4.4,2.4,39.8,32.8,214,183,53.9,-0.9,159,128,55.4,1,Defense,70,70,7,71
2488,San-sam Emerson,LD,0,PHI,71,18,24187,8,8,16,17,8,5,1,6,3703,0,1,1,854,1,0,0,0,0,0,19,3,15,39,63,69,64,75,105.6,5.9,2.6,42.2,30.8,367,292,55.7,1.2,263,202,56.6,1.8,Defense,69,69,8,71
1194,Ethan Duncan,RD,0,WPG,71,22,24675,0,9,9,7,6,0,0,0,165,0,0,0,668,0,0,0,0,0,0,36,5,17,30,32,62,56,70,101.6,4.4,3.3,35.8,31.3,404,361,52.8,-2.3,271,248,52.2,-3.6,Defense,68,68,9,71
1428,Vaseline Podcalzone,LW,0,SEA,71,7,9780,3,1,4,-2,2,0,0,0,848,2,0,2,357,0,9,0,0,0,0,15,6,6,5,21,81,85,71,95.5,1.7,3.4,33.2,35.3,129,126,50.6,8.7,97,92,51.3,7.6,Forward,68,68,5,71
1867,KEKW Kekkonen,C,0,BUF,71,21,26085,12,9,21,6,10,2,0,2,972,0,0,0,855,4,344,156,0,0,0,24,22,18,15,97,71,67,71,101.4,3.6,2.7,38,33.5,436,384,53.2,3.6,300,269,52.7,3.1,Forward,67,67,6,71
1676,Konstantin Selich,C,0,BUF,71,21,28609,14,7,21,2,10,3,2,5,3508,0,0,0,1865,1,393,176,0,0,0,21,29,21,22,122,74,67,80,100.4,3.1,2.6,40.9,36.9,404,379,51.6,1.2,305,277,52.4,2.6,Forward,65,65,7,71
1751,Pablo Salvatici,LW,0,ATL,71,11,12348,2,6,8,-1,0,0,0,0,422,0,0,0,17,0,7,2,0,0,0,29,13,5,4,26,74,76,65,97.9,3.9,4.2,36.9,33.3,212,167,55.9,2.3,148,122,54.8,0,Forward,63,63,8,71
2652,Ivan Lacksamus,C,0,NEW,71,9,12027,2,5,7,-1,6,0,2,2,615,0,0,0,1043,1,177,96,0,0,0,4,7,7,6,27,71,70,69,101.2,2.4,2.4,30.9,36.5,153,163,48.4,-11.4,104,126,45.2,-18.5,Forward,63,63,9,71
1143,Angus McFife XVIII,RD,0,ATL,71,11,16078,1,4,5,-3,6,1,1,2,1440,0,1,1,1546,0,0,0,0,0,0,15,3,6,18,25,66,64,67,94,1.9,3.3,27.8,25.6,185,151,55.1,0.9,119,104,53.4,-2.1,Defense,62,62,10,71
1859,Miguel Hefeweizen,C,0,WPG,71,22,27793,8,15,23,17,6,1,1,2,583,0,0,0,1535,1,349,197,0,0,0,29,23,12,16,60,69,69,63,103.9,5.2,2.8,38.8,29.6,455,353,56.3,2.9,320,252,55.9,2,Forward,62,62,10,71
2228,Marcel Beck,RD,0,WPG,72,19,25371,4,7,11,20,12,0,0,0,963,0,1,1,2856,0,0,0,0,0,0,20,3,12,45,48,65,55,76,103.3,4.8,2,46.9,28.4,434,326,57.1,-1.3,312,201,60.8,2.1,Defense,109,109,1,72
2486,Jay O'Neil,RD,0,WPG,72,19,27577,7,10,17,4,10,4,2,6,3531,0,1,1,2859,3,0,0,0,0,0,26,2,11,50,62,69,63,74,96.7,3.9,3.2,42.6,26,404,270,59.9,3.1,289,181,61.5,3,Defense,109,109,2,72
2529,Christian Kinsinger,LD,0,WPG,72,19,26206,3,10,13,16,10,1,3,4,3576,0,1,1,1870,0,0,0,0,0,0,23,3,16,48,57,69,60,78,103.4,5.2,2.3,46.6,29,414,314,56.9,-1.6,302,196,60.6,1.8,Defense,109,109,3,72
2207,Lias Ekholm-Gunnarsson,C,0,WPG,72,19,25538,16,16,32,11,12,2,4,6,3651,1,1,2,3023,1,399,222,0,0,0,17,24,18,22,96,77,75,78,101.1,5.5,3.4,45.8,31.3,366,281,56.6,-1.9,273,190,59,-0.8,Forward,103,103,1,72
1276,Jonas Kahnwald,LD,0,CHI,72,12,15590,0,5,5,0,0,0,0,0,908,0,0,0,1100,0,0,0,0,0,0,11,3,4,28,12,61,57,63,101.1,3.7,3.7,31.5,34.7,218,218,50,2.2,139,147,48.6,4.3,Defense,92,92,4,72
2433,Max Manning,C,0,WPG,72,19,22397,12,7,19,4,14,1,0,1,1014,1,0,1,1160,1,255,128,0,0,0,17,19,8,12,83,71,72,65,96.8,4.1,3.6,42,27.4,391,289,57.5,-0.6,271,186,59.3,-0.3,Forward,92,92,2,72
1864,Daryl Urquhart,LD,0,SEA,72,5,6680,0,0,0,-3,2,0,0,0,200,0,0,0,223,0,0,0,0,0,0,3,0,6,14,5,62,51,74,97.3,1.7,3.5,24.7,35.7,70,98,41.7,3.4,49,76,39.2,0.7,Defense,89,89,5,72
1923,Noel Blanchet,LW,0,WPG,72,19,19843,5,11,16,11,10,0,0,0,138,0,0,0,175,3,14,5,0,0,0,36,17,10,14,54,74,73,70,101.3,5,2.9,45.3,30.6,383,288,57.1,-1.2,278,198,58.4,-1.7,Forward,86,86,3,72
2488,San-sam Emerson,LD,0,PHI,72,17,22089,2,10,12,10,4,1,2,3,3541,0,0,0,703,0,0,0,0,0,0,22,1,14,35,41,69,64,74,103.2,5.6,2.8,39.1,25.2,323,259,55.5,-2,233,160,59.3,2.4,Defense,83,83,6,72
1892,Kermit Murphy,RD,0,BAP,72,4,5741,1,0,1,-5,2,0,0,0,507,0,0,0,396,0,0,0,0,0,0,4,0,1,12,16,64,59,69,93.1,0.7,3.7,27.5,38.7,58,82,41.4,10.3,39,61,39,8.2,Defense,82,82,7,72
1194,Ethan Duncan,RD,0,WPG,72,19,19898,1,9,10,8,6,0,0,0,11,0,1,1,977,0,0,0,0,0,0,21,2,10,14,22,58,53,60,99.8,4.4,3,40.7,27.8,360,243,59.7,2.6,241,172,58.4,-1.7,Defense,78,78,8,72
806,Michael Withecheck,RD,0,ATL,72,9,9677,1,2,3,-7,6,0,0,0,101,0,0,0,632,0,0,0,0,0,0,9,0,4,8,18,57,56,55,93.3,2.4,5.2,36.6,39.4,152,159,48.9,-4.1,101,111,47.6,-5.9,Defense,74,74,9,72
1775,Anton Mihailov,C,0,SEA,70,13,15455,9,7,16,7,4,0,0,0,494,0,0,0,539,1,175,85,0,0,0,9,9,7,9,30,71,75,63,104.2,4.7,3,32.9,29.5,217,192,53.1,-2.3,154,135,53.3,-2.2,Forward,73,73,4,72
1428,Vaseline Podcalzone,LW,0,SEA,72,5,7046,2,4,6,-2,6,0,0,0,654,0,0,0,274,0,17,6,0,0,0,3,5,5,3,20,68,69,62,102,4.1,4.7,25.3,32.9,72,93,43.6,6.4,51,68,42.9,6.3,Forward,73,73,5,72
1867,KEKW Kekkonen,C,0,BUF,72,5,6774,0,2,2,-4,4,0,0,0,122,0,0,0,475,0,81,46,0,0,0,7,9,4,3,25,64,61,61,93.2,1.7,4.1,39,36.1,120,108,52.6,3,79,70,53,5,Forward,71,71,6,72
1676,Konstantin Selich,C,0,BUF,72,5,7412,1,1,2,0,0,0,0,0,602,0,0,0,518,0,85,45,0,0,0,4,10,5,5,22,74,62,88,100.5,1.1,1.1,31.5,36.6,99,108,47.8,-4.4,69,74,48.3,-2.5,Forward,70,70,7,72
1859,Miguel Hefeweizen,RW,0,WPG,72,19,22000,4,9,13,4,12,0,1,1,795,1,0,1,1354,1,20,7,0,0,0,40,21,8,14,60,72,75,66,97.2,3.6,3.1,42.1,27,389,264,59.6,2.5,262,171,60.5,1.5,Forward,70,70,8,72
2457,Mikko Rashford,RW,0,WPG,72,19,25539,8,22,30,14,6,1,2,3,3616,1,2,3,3153,2,5,3,0,0,0,39,22,13,16,68,83,89,68,103.4,5.4,2.9,43,31.5,352,296,54.3,-5.3,257,201,56.1,-5.1,Forward,70,70,9,72
2652,Ivan Lacksamus,C,0,NEW,72,21,29241,13,23,36,24,12,2,3,5,2675,0,4,4,2879,2,430,226,0,0,0,22,25,7,19,83,77,75,76,107.2,5.2,2,40.1,34.7,445,375,54.3,3,317,263,54.7,3,Forward,70,70,10,72
2340,Landon Fischermann,LD,0,SEA,72,5,8098,1,2,3,0,4,0,0,0,909,0,0,0,250,0,0,0,0,0,0,6,2,8,13,18,69,61,78,106.6,4.7,4.2,25.9,36.3,76,112,40.4,1.5,60,83,42,5.5,Defense,69,69,10,72
2486,Jay O'Neil,RD,0,WPG,73,17,23900,1,9,10,11,2,0,3,3,2211,0,2,2,2214,0,0,0,0,0,0,16,3,22,18,26,63,55,69,101.4,5.2,3.7,41,33.1,377,276,57.7,7,265,201,56.9,5.2,Defense,131,131,1,73
2228,Marcel Beck,RD,0,WPG,73,17,21194,4,5,9,1,8,0,0,0,815,0,1,1,1229,1,0,0,0,0,0,11,4,16,49,30,64,57,72,98.9,3.8,3.8,39.1,35.2,346,320,52,-1.9,254,221,53.5,0,Defense,125,125,2,73
2529,Christian Kinsinger,LD,0,WPG,73,17,22137,4,6,10,15,6,0,1,1,658,0,2,2,2037,1,0,0,0,0,0,14,4,14,39,34,65,58,73,102.9,5.7,3.5,42.8,33.5,388,282,57.9,7.4,274,205,57.2,5.8,Defense,123,123,3,73
2207,Lias Ekholm-Gunnarsson,C,0,WPG,73,17,23347,19,8,27,3,6,5,0,5,2369,4,1,5,2457,1,315,173,0,0,0,17,19,11,15,92,75,75,74,98.5,4.1,4.3,38.5,35.2,320,275,53.8,0.9,236,203,53.8,0.4,Forward,114,114,1,73
2488,San-sam Emerson,LD,0,PHI,73,22,30092,4,6,10,-2,2,2,2,4,3942,0,1,1,1280,1,0,0,0,0,0,23,4,19,50,57,65,61,70,97.3,3.3,3.9,36.5,33,424,387,52.3,-0.3,303,273,52.6,-0.2,Defense,102,102,4,73
2433,Max Manning,C,0,WPG,73,17,19649,12,7,19,9,8,0,0,0,94,1,0,1,1107,0,263,139,0,0,0,16,27,6,21,68,68,68,66,103.1,5.5,3.9,40.8,38.1,349,319,52.2,-1.4,250,223,52.9,-1,Forward,98,98,2,73
1276,Jonas Kahnwald,LD,0,LAP,73,8,8564,0,5,5,1,2,0,0,0,0,0,0,0,224,0,0,0,0,0,0,5,2,4,18,5,63,56,72,102.4,3.9,3.5,29.8,32.4,120,139,46.3,-8.4,75,96,43.9,-8.3,Defense,96,96,5,73
1923,Noel Blanchet,LW,0,WPG,73,17,19137,8,11,19,12,4,0,0,0,511,1,0,1,97,3,8,4,0,0,0,37,11,9,21,59,72,72,68,104.4,5.4,3.3,39.8,35.6,338,315,51.8,-2.1,243,213,53.3,-0.3,Forward,95,95,3,73
1864,Daryl Urquhart,LD,0,SEA,72,5,6680,0,0,0,-3,2,0,0,0,200,0,0,0,223,0,0,0,0,0,0,3,0,6,14,5,62,51,74,97.3,1.7,3.5,24.7,35.7,70,98,41.7,3.4,49,76,39.2,0.7,Defense,89,89,6,73
2620,Red Kirkby,RW,0,PHI,73,22,28773,19,18,37,21,8,5,4,9,4122,1,1,2,1153,4,23,10,0,0,0,47,29,18,17,80,81,84,74,106.4,5.7,2.6,40.3,34,441,366,54.6,3.3,309,261,54.2,2.2,Forward,85,85,4,73
2652,Ivan Lacksamus,C,0,NEW,73,17,23641,16,17,33,11,12,1,8,9,2925,1,1,2,2271,1,366,209,0,0,0,13,22,15,9,84,78,80,73,102.3,5.5,2.9,47.2,31.4,401,288,58.2,1.2,284,191,59.8,2.1,Forward,85,85,5,73
1892,Kermit Murphy,RD,0,BAP,73,7,9974,0,4,4,5,2,0,0,0,336,0,0,0,730,0,0,0,0,0,0,7,1,1,10,9,64,59,69,109.9,4.4,2.4,29.1,44.9,135,169,44.4,-0.1,87,126,40.8,-0.6,Defense,83,83,7,73
1701,Puddles O'Duck,LD,0,ATL,73,11,14930,2,4,6,-5,4,0,0,0,508,0,0,0,1046,0,0,0,0,0,0,8,1,14,27,16,62,58,64,93.3,4,5.4,40.9,32.6,257,221,53.8,2.8,177,137,56.4,3.2,Defense,81,81,8,73
806,Michael Withecheck,RD,0,ATL,73,11,12015,1,3,4,1,6,0,0,0,0,0,0,0,1117,0,0,0,0,0,0,9,0,5,32,11,64,56,73,99.7,3.6,3.3,40.6,35.7,188,200,48.5,-5.2,146,134,52.1,-3.3,Defense,79,79,9,73
877,Adelie de Pengu,RD,0,CHI,73,11,14852,1,5,6,-3,2,0,0,0,1200,0,1,1,675,0,0,0,0,0,0,11,5,11,40,30,66,59,74,97.6,2.5,3.3,34.1,34.4,190,223,46,-1.4,141,139,50.4,5.9,Defense,79,79,10,73
1402,Lemo Pihl,RW,0,PHI,73,22,21326,6,14,20,-12,4,0,0,0,40,2,0,2,87,1,12,4,0,0,0,31,15,16,19,56,67,67,63,92.5,2.7,5.1,35.7,33.8,335,354,48.6,-5.5,239,233,50.6,-2.9,Forward,79,79,6,73
2457,Mikko Rashford,RW,0,WPG,73,17,22465,9,21,30,12,4,0,7,7,2314,1,4,5,2644,1,3,1,0,0,0,37,21,9,8,62,83,93,65,102.8,5.1,3.5,40.3,35,316,252,55.6,3.5,231,188,55.1,2.4,Forward,79,79,7,73
1014,Evil AllBran,LW,0,PHI,73,22,27676,8,19,27,13,4,0,1,1,1330,0,0,0,2208,0,21,9,0,0,0,33,26,9,22,64,80,82,74,104.3,4.9,3,38.2,34.8,449,397,53.1,0.9,313,285,52.3,-0.6,Forward,77,77,8,73
2371,Grogu Mandosson,C,0,WPG,73,17,19717,6,13,19,0,16,1,0,1,484,0,0,0,388,1,236,122,0,0,0,13,13,13,6,58,68,70,62,97.9,4.4,4.4,40.7,34,354,299,54.2,1.6,246,213,53.6,0.2,Forward,76,76,9,73
1676,Konstantin Selich,C,0,BUF,73,6,8729,2,1,3,-3,4,1,0,1,1058,0,1,1,780,1,134,72,0,0,0,5,9,5,8,31,75,69,79,94,1.6,3.7,43.4,38.1,146,115,55.9,8.3,103,84,55.1,7.9,Forward,75,75,10,73
2486,Jay O'Neil,RD,0,WPG,74,22,30464,3,9,12,0,8,1,2,3,3849,1,2,3,2491,0,0,0,0,0,0,36,3,20,26,52,64,56,70,95.8,2.5,3,35.1,26.1,403,319,55.8,1.5,277,212,56.6,2.6,Defense,151,151,1,74
2228,Marcel Beck,RD,0,WPG,74,22,27926,2,5,7,5,4,0,1,1,1556,0,0,0,1639,1,0,0,0,0,0,11,3,23,43,41,65,56,73,99.5,3.2,2.8,35.7,29.3,403,343,54,-1.3,292,236,55.3,0.6,Defense,148,148,2,74
2529,Christian Kinsinger,LD,0,WPG,74,22,28426,0,4,4,1,4,0,1,1,3929,0,0,0,944,0,0,0,0,0,0,21,3,21,50,42,65,56,74,96.9,2.8,3.1,33.2,26.7,378,325,53.8,-1.6,261,213,55.1,0.2,Defense,144,144,3,74
2207,Lias Ekholm-Gunnarsson,C,0,WPG,74,22,29674,6,16,22,0,6,0,2,2,4167,0,3,3,1486,3,311,151,0,0,0,40,19,13,9,75,73,73,72,96,3,3.3,37.2,27.3,423,321,56.9,3.1,295,225,56.7,2.8,Forward,127,127,1,74
2488,San-sam Emerson,LD,0,PHI,74,18,24584,3,8,11,13,4,1,3,4,2870,0,1,1,1421,0,0,0,0,0,0,10,6,17,38,47,67,61,74,104.2,4.3,2,40.3,30.5,373,328,53.2,-2.2,270,208,56.5,0.8,Defense,119,119,4,74
2433,Max Manning,RW,0,BAP,74,12,14536,2,9,11,-1,2,0,0,0,464,0,0,0,276,0,7,3,0,0,0,22,12,5,10,36,68,69,62,100.6,4.7,4.7,36.5,38.4,232,237,49.5,3.4,164,178,48,3,Forward,103,103,2,74
2652,Ivan Lacksamus,C,0,NEW,74,24,32306,12,20,32,11,12,1,7,8,2809,1,0,1,2942,2,487,252,0,0,0,26,29,17,15,102,73,75,67,103.7,4.7,3.1,38,35.2,470,426,52.5,1.1,325,293,52.6,1.3,Forward,102,102,3,74
1923,Noel Blanchet,LW,0,NOL,74,7,7472,2,4,6,4,0,0,0,0,0,0,0,0,0,0,3,0,0,0,0,6,3,3,4,12,68,68,65,107.6,3.9,1.9,29.4,35.2,118,140,45.7,2.1,74,85,46.5,5.9,Forward,98,98,4,74
1276,Jonas Kahnwald,LD,0,LAP,73,8,8564,0,5,5,1,2,0,0,0,0,0,0,0,224,0,0,0,0,0,0,5,2,4,18,5,63,56,72,102.4,3.9,3.5,29.8,32.4,120,139,46.3,-8.4,75,96,43.9,-8.3,Defense,96,96,5,74
1892,Kermit Murphy,LD,0,BAP,74,12,14412,0,3,3,-6,2,0,0,0,103,0,0,0,776,0,0,0,0,0,0,11,0,12,20,7,60,56,59,95.3,2.7,4.3,33.8,33.8,207,215,49.1,2.6,149,155,49,4.4,Defense,95,95,6,74
2620,Red Kirkby,RW,0,PHI,74,18,23333,5,13,18,-10,4,1,3,4,2893,0,0,0,196,0,15,5,0,0,0,31,10,8,15,57,76,83,58,91.6,2.8,4.4,39.1,28.5,378,296,56.1,2.2,257,193,57.1,1.7,Forward,93,93,5,74
732,Sven Svechnikov,LD,0,NEW,74,24,25134,0,6,6,1,10,0,0,0,221,0,0,0,708,0,1,1,0,0,0,15,4,16,44,38,58,52,63,99.2,4,3.9,37.9,33.9,460,365,55.8,5.8,301,274,52.3,0.9,Defense,92,92,7,74
2371,Grogu Mandosson,LW,0,WPG,74,22,27218,6,20,26,10,22,1,2,3,993,0,4,4,2377,0,79,47,0,0,0,25,17,16,20,46,72,70,70,97.2,4.4,3.5,34.6,22.5,403,291,58.1,4.8,282,185,60.4,8,Forward,92,92,6,74
2457,Mikko Rashford,LW,0,WPG,74,22,27523,10,5,15,-7,4,2,0,2,1357,2,0,2,1724,0,50,11,0,0,0,35,24,12,16,43,71,70,67,94.2,2.4,3.7,34.9,29.3,423,346,55,0.2,282,244,53.6,-2.1,Forward,91,91,7,74
1864,Daryl Urquhart,LD,0,SEA,72,5,6680,0,0,0,-3,2,0,0,0,200,0,0,0,223,0,0,0,0,0,0,3,0,6,14,5,62,51,74,97.3,1.7,3.5,24.7,35.7,70,98,41.7,3.4,49,76,39.2,0.7,Defense,89,89,8,74
1867,KEKW Kekkonen,RW,0,WPG,74,22,21360,3,4,7,-2,0,0,0,0,52,0,0,0,9,1,14,9,0,0,0,15,14,15,10,37,69,69,63,98.7,2.2,2.5,29.2,28.7,304,295,50.8,-5.7,210,203,50.8,-5.7,Forward,89,89,8,74
1014,Evil AllBran,LW,0,PHI,74,18,22636,6,12,18,-4,6,0,0,0,666,0,0,0,501,0,12,6,0,0,0,25,13,11,18,59,75,77,68,93.4,3.7,4.4,39.6,27.3,405,308,56.8,3.4,281,198,58.7,4.2,Forward,88,88,9,74
2886,Evan Winter,C,0,EDM,74,10,13500,6,4,10,3,4,2,1,3,1674,0,0,0,521,0,185,106,0,0,0,11,10,13,3,41,73,71,75,100.6,3.2,1.9,40.4,26.4,211,129,62.1,7.3,141,100,58.5,3.9,Forward,87,87,10,74
2370,Borje Samuelsson,RD,0,NEW,74,24,24489,6,7,13,8,6,3,0,3,2641,0,0,0,193,1,0,0,0,0,0,23,2,11,6,46,61,60,59,103.5,5.5,3.8,39.4,36.6,415,342,54.8,4.3,279,258,52,0.4,Defense,86,86,9,74
1701,Puddles O'Duck,LD,0,ATL,74,6,7880,1,1,2,1,0,0,0,0,37,0,0,0,510,0,0,0,0,0,0,5,0,3,10,9,66,58,75,101.6,2.5,2,40.3,43.2,133,125,51.6,4.2,95,105,47.5,-2.7,Defense,84,84,10,74
2486,Jay O'Neil,RD,0,WPG,75,6,8465,1,0,1,1,6,1,0,1,685,0,0,0,421,0,0,0,0,0,0,4,2,4,9,18,64,53,77,101.2,1.5,1,33.8,31.3,118,111,51.5,3.3,75,75,50,1.4,Defense,155,155,1,75
2228,Marcel Beck,RD,0,WPG,75,6,7722,1,0,1,-8,0,0,0,0,180,0,0,0,282,0,0,0,0,0,0,6,2,5,10,8,56,52,57,85.7,1.5,5.5,26.3,27.3,92,113,44.9,-6.6,65,71,47.8,-1.9,Defense,153,153,2,75
2529,Christian Kinsinger,LD,0,WPG,75,6,8209,0,4,4,2,6,0,3,3,661,0,0,0,181,0,0,0,0,0,0,4,0,3,10,15,66,57,78,102.2,2,1,36.2,30.3,119,112,51.5,3.3,81,75,51.9,4.5,Defense,147,147,3,75
2488,San-sam Emerson,LD,0,PHI,75,16,21694,1,7,8,11,6,0,2,2,2346,0,1,1,1386,1,0,0,0,0,0,21,3,16,43,46,68,62,73,101.2,5.8,3.6,45.3,31.1,383,255,60,6.3,270,181,59.9,5.7,Defense,135,135,4,75
2207,Lias Ekholm-Gunnarsson,C,0,WPG,75,6,8348,5,2,7,-1,0,1,0,1,624,0,0,0,290,1,99,55,0,0,0,6,7,6,10,25,73,67,80,97,2.9,3.4,34.9,30,120,116,50.8,2.3,80,78,50.6,2.5,Forward,133,133,1,75
2652,Ivan Lacksamus,C,0,NEW,75,23,30825,15,25,40,2,10,4,5,9,3650,1,1,2,1260,2,381,208,0,0,0,19,43,21,2,92,70,72,63,101.1,4.7,4.4,36.8,37.8,454,453,50.1,-0.5,311,327,48.7,-1.8,Forward,123,123,2,75
732,Sven Svechnikov,LD,0,NEW,75,23,23845,0,4,4,-2,6,0,0,0,28,0,0,0,596,0,0,0,0,0,0,23,3,19,42,20,60,53,67,100.8,3.6,4,38,47,412,433,48.8,-2.4,287,360,44.4,-8.3,Defense,111,111,5,75
2433,Max Manning,LW,0,BAP,75,12,13466,4,2,6,-5,2,0,0,0,198,0,0,0,447,2,5,1,0,0,0,19,15,8,14,27,69,66,67,98,2,3.4,28.9,38.5,194,232,45.5,-4,124,155,44.4,-5,Forward,111,111,3,75
2976,Seamus O'Slapahan,LD,0,NEW,75,23,32702,5,7,12,-4,6,3,2,5,3851,0,0,0,2078,0,0,0,0,0,0,25,3,29,69,60,66,56,76,98.2,3.6,4,39,36.3,460,489,48.5,-2.9,331,314,51.3,2,Defense,107,107,6,75
1923,Noel Blanchet,LW,0,NOL,75,11,11739,1,1,2,-3,2,0,0,0,0,0,0,0,242,0,10,4,0,0,0,9,9,4,5,18,64,60,65,98.5,1.6,2.5,25.4,32.6,157,180,46.6,-3.5,102,120,45.9,-2.1,Forward,102,102,4,75
1014,Evil AllBran,LW,0,PHI,75,16,17956,6,13,19,7,12,0,0,0,665,0,1,1,412,1,6,2,0,0,0,15,7,13,8,54,70,72,62,100.5,4.7,3.4,41.4,31.4,326,261,55.5,-0.7,226,179,55.8,-0.6,Forward,101,101,5,75
2620,Red Kirkby,RW,0,PHI,75,16,20097,9,15,24,11,2,0,0,0,558,0,2,2,1643,0,4,0,0,0,0,26,15,7,15,59,81,86,70,102.1,5.2,3.4,41.2,32.2,339,281,54.7,-2,236,192,55.1,-1.6,Forward,100,100,6,75
2457,Mikko Rashford,LW,0,WPG,75,6,7988,0,3,3,-2,2,0,0,0,689,0,0,0,192,0,5,0,0,0,0,7,3,6,5,14,77,83,62,94.7,2.5,3.5,36.5,28.9,114,99,53.5,6.2,79,73,52,4.5,Forward,97,97,7,75
2886,Evan Winter,C,0,EDM,75,11,14309,5,10,15,3,4,0,0,0,428,1,1,2,420,1,179,98,0,0,0,19,15,10,4,46,71,69,70,98.8,4,3.5,42,32.4,261,201,56.5,1.3,179,146,55.1,0.8,Forward,97,97,8,75
3029,Graj Virrok,C,0,PHI,75,16,21154,12,15,27,6,6,3,1,4,2279,1,0,1,1416,3,297,165,0,0,0,20,19,18,22,71,76,75,74,98,6,4.7,45.2,31.1,361,272,57,1.6,250,185,57.5,1.9,Forward,97,97,9,75
1276,Jonas Kahnwald,LD,0,LAP,73,8,8564,0,5,5,1,2,0,0,0,0,0,0,0,224,0,0,0,0,0,0,5,2,4,18,5,63,56,72,102.4,3.9,3.5,29.8,32.4,120,139,46.3,-8.4,75,96,43.9,-8.3,Defense,96,96,7,75
2370,Borje Samuelsson,RD,0,NEW,75,23,23757,1,3,4,-1,8,0,0,0,707,0,0,0,102,0,0,0,0,0,0,12,2,10,11,24,57,54,59,102.1,4.1,4.1,38.7,48.5,418,422,49.8,-0.9,294,362,44.8,-7.7,Defense,96,96,8,75
1892,Kermit Murphy,LD,0,BAP,74,12,14412,0,3,3,-6,2,0,0,0,103,0,0,0,776,0,0,0,0,0,0,11,0,12,20,7,60,56,59,95.3,2.7,4.3,33.8,33.8,207,215,49.1,2.6,149,155,49,4.4,Defense,95,95,9,75
2371,Grogu Mandosson,RW,0,WPG,75,6,6236,1,0,1,0,2,0,0,0,5,0,0,0,6,0,5,3,0,0,0,9,7,1,4,15,68,66,66,99.9,1.2,1.2,32.4,31.2,100,91,52.4,4.2,69,64,51.9,4.1,Forward,93,93,10,75
1864,Daryl Urquhart,LD,0,SEA,72,5,6680,0,0,0,-3,2,0,0,0,200,0,0,0,223,0,0,0,0,0,0,3,0,6,14,5,62,51,74,97.3,1.7,3.5,24.7,35.7,70,98,41.7,3.4,49,76,39.2,0.7,Defense,89,89,10,75
2486,Jay O'Neil,RD,0,WPG,76,15,21308,3,7,10,12,4,2,2,4,2390,0,3,3,2253,1,0,0,0,0,0,18,4,15,22,21,64,55,75,108.1,4.8,3,26.8,31.3,247,252,49.5,4.1,149,179,45.4,3.1,Defense,170,170,1,76
2529,Christian Kinsinger,LD,0,WPG,76,15,20093,4,1,5,2,8,1,0,1,2595,1,1,2,1144,2,0,0,0,0,0,15,4,17,41,25,67,61,75,102.7,4,4,27.1,33.2,233,261,47.2,0.6,144,177,44.9,2.2,Defense,164,164,2,76
2228,Marcel Beck,RD,0,WPG,76,15,18664,1,6,7,3,10,0,0,0,839,1,1,2,1199,1,0,0,0,0,0,9,2,8,59,29,64,53,75,101.9,2.6,2.6,29.4,37.5,264,313,45.8,-1.6,164,206,44.3,1.6,Defense,161,161,3,76
2488,San-sam Emerson,LD,0,PHI,76,13,17038,1,4,5,-1,8,1,0,1,1236,0,0,0,1180,1,0,0,0,0,0,5,4,11,30,21,61,53,71,98.9,3,3.4,35,36.2,235,250,48.5,-2.4,165,179,48,-3.2,Defense,146,146,4,76
2207,Lias Ekholm-Gunnarsson,C,0,WPG,76,15,19963,5,15,20,5,6,2,2,4,2329,1,4,5,2402,1,265,142,0,0,0,11,12,12,15,34,76,73,77,101.6,3.1,3.3,28.4,35.7,243,266,47.7,1.5,144,187,43.5,0.2,Forward,145,145,1,76
2652,Ivan Lacksamus,C,0,NEW,76,7,8822,5,3,8,-2,2,0,2,2,1171,0,0,0,355,1,96,42,0,0,0,10,9,4,1,42,71,75,60,98.7,4.9,5.9,42.9,46.4,131,150,46.6,-2.6,97,107,47.5,-1.9,Forward,127,127,2,76
2976,Seamus O'Slapahan,LD,0,NEW,76,7,9732,1,4,5,1,2,1,2,3,1185,0,0,0,660,0,0,0,0,0,0,8,1,12,28,15,71,61,82,102.2,6.4,5.9,43.8,47.9,146,164,47.1,-2,109,122,47.2,-2.6,Defense,119,119,5,76
2433,Max Manning,LW,0,BAP,76,23,24777,3,15,18,-5,6,0,0,0,522,1,0,1,679,0,9,3,0,0,0,24,13,7,6,43,67,71,57,100.7,3.4,4.1,29.8,39.1,354,425,45.4,-4.8,234,287,44.9,-6.4,Forward,118,118,3,76
2868,Luca Hunziker,RD,0,BAP,76,23,27275,2,3,5,5,4,0,0,0,69,0,0,0,1674,0,0,0,0,0,0,19,4,27,65,36,64,52,79,100.5,3.2,2.8,33.4,30.6,404,407,49.8,1.7,269,255,51.3,3,Defense,116,116,6,76
3029,Graj Virrok,C,0,PHI,76,13,16939,7,5,12,-5,6,0,2,2,2129,1,1,2,1617,0,264,121,0,0,0,12,10,19,9,31,69,64,72,96.5,3.8,5.7,34.4,39.3,226,239,48.6,-2.1,147,167,46.8,-4.8,Forward,116,116,4,76
1923,Noel Blanchet,C,0,WPG,76,15,15023,4,6,10,1,6,0,0,0,22,0,0,0,183,0,182,86,0,0,0,11,9,10,9,17,64,60,63,105.7,4.1,3.9,25.8,37.7,219,244,47.3,0.8,129,172,42.9,-0.7,Forward,112,112,5,76
732,Sven Svechnikov,LD,0,NEW,75,23,23845,0,4,4,-2,6,0,0,0,28,0,0,0,596,0,0,0,0,0,0,23,3,19,42,20,60,53,67,100.8,3.6,4,38,47,412,433,48.8,-2.4,287,360,44.4,-8.3,Defense,111,111,7,76
3237,Antonio Flusso,RD,0,PHI,76,13,17028,2,4,6,1,10,2,0,2,1786,0,0,0,1039,0,0,0,0,0,0,6,2,20,28,18,64,56,72,98.5,3.5,3.8,36.5,34,238,231,50.7,1.2,168,155,52,3.2,Defense,109,109,8,76
2457,Mikko Rashford,RW,0,WPG,76,15,18956,6,11,17,2,9,1,5,6,2337,1,0,1,825,0,4,1,0,0,0,33,15,9,12,31,81,86,70,103.3,2.7,2.5,26.4,35.8,242,273,47,0.4,143,190,42.9,-0.6,Forward,106,106,6,76
2370,Borje Samuelsson,RD,0,WPG,76,15,13909,0,3,3,-6,6,0,0,0,9,0,0,0,310,0,0,0,0,0,0,12,1,8,2,14,59,56,61,100.5,2.4,4,25.7,45,184,252,42.2,-6.4,112,191,37,-9.2,Defense,104,104,9,76
2886,Evan Winter,LW,0,LAP,76,12,14101,5,9,14,6,0,0,0,0,226,0,1,1,633,1,60,33,0,0,0,24,8,5,10,42,75,78,63,98.7,4.6,3.3,42.7,26.9,254,185,57.9,3.5,184,121,60.3,4.2,Forward,102,102,7,76
1014,Evil AllBran,LW,0,PHI,76,13,14270,6,4,10,3,4,1,0,1,848,0,0,0,158,2,7,3,0,0,0,15,7,0,10,34,69,70,60,102.2,3.3,2.4,33.7,32.6,206,204,50.2,0.4,144,139,50.9,1.4,Forward,101,101,8,76
2620,Red Kirkby,RW,0,PHI,75,16,20097,9,15,24,11,2,0,0,0,558,0,2,2,1643,0,4,0,0,0,0,26,15,7,15,59,81,86,70,102.1,5.2,3.4,41.2,32.2,339,281,54.7,-2,236,192,55.1,-1.6,Forward,100,100,9,76
823,Lenny Hawk,RD,0,PHI,76,13,13236,2,0,2,0,2,0,0,0,29,0,0,0,404,1,0,0,0,0,0,9,3,10,16,15,55,51,56,97.4,4.5,4.5,39.1,31.8,226,188,54.6,6.7,158,137,53.6,5.3,Defense,97,97,10,76
2540,Spack Jarrow,LW,0,WPG,76,15,17251,4,9,13,2,10,0,0,0,620,0,0,0,559,1,8,5,0,0,0,12,16,5,10,28,67,67,63,103.1,3.4,2.9,31.1,38.1,258,279,48,2,163,200,44.9,2.5,Forward,97,97,10,76
2486,Jay O'Neil,RD,0,MIN,77,12,12778,0,2,2,-6,0,0,0,0,532,0,1,1,1239,0,0,0,0,0,0,14,1,10,35,10,64,55,72,92.4,2.3,4.6,35.6,32.7,195,189,50.8,7.2,122,119,50.6,3.8,Defense,180,180,1,77
2529,Christian Kinsinger,RD,0,WPG,77,5,6446,0,1,1,-7,0,0,0,0,900,0,0,0,78,0,0,0,0,0,0,7,1,4,3,9,60,61,56,95.2,3.9,7.9,29.6,43.4,81,98,45.3,12.4,52,76,40.6,14.4,Defense,168,168,2,77
2228,Marcel Beck,RD,0,WPG,77,5,6712,1,0,1,-5,7,0,0,0,949,0,0,0,338,0,0,0,0,0,0,5,2,4,19,11,64,57,72,96.9,1.3,4,19.2,39.8,65,103,38.7,2.2,34,73,31.8,0.2,Defense,165,165,3,77
2488,San-sam Emerson,LD,0,PHI,77,14,17592,0,10,10,12,6,0,0,0,484,0,2,2,1444,0,0,0,0,0,0,16,1,15,36,21,63,56,70,100.6,6.2,4.1,46.9,32.9,333,248,57.3,7.5,233,168,58.1,6.8,Defense,161,161,4,77
2207,Lias Ekholm-Gunnarsson,C,0,WPG,77,5,6629,1,3,4,-2,4,0,1,1,556,0,0,0,540,0,90,39,0,0,0,4,2,3,5,8,67,67,67,108,3.9,5.2,18.9,41,61,103,37.2,0,34,78,30.4,-1.9,Forward,148,148,1,77
2976,Seamus O'Slapahan,LD,0,NEW,77,25,36360,9,10,19,4,14,4,3,7,4501,0,1,1,3989,1,0,0,0,0,0,27,0,26,121,69,72,62,82,102.5,3.9,2.8,36.4,34.9,485,464,51.1,1,333,329,50.3,3.4,Defense,145,145,5,77
2652,Ivan Lacksamus,C,0,NEW,77,25,29929,18,15,33,14,16,0,0,0,1278,2,1,3,2266,2,393,200,0,0,0,26,34,17,3,99,71,73,68,103.4,5.3,3.8,39.8,38.2,496,426,53.8,5,343,330,51,4.4,Forward,144,144,2,77
3237,Antonio Flusso,RD,0,PHI,77,14,18700,5,12,17,12,4,2,3,5,2309,0,0,0,406,1,0,0,0,0,0,21,4,16,33,39,68,62,75,103.6,6.3,3.2,49.8,34.7,353,248,58.7,9.9,257,174,59.6,9.6,Defense,125,125,6,77
2433,Max Manning,LW,0,BAP,77,6,6177,1,1,2,1,0,0,0,0,0,0,0,0,0,0,1,0,0,0,0,5,6,5,1,7,69,67,65,100.9,2.3,1.7,39,34.4,111,86,56.3,4.2,81,67,54.7,4.2,Forward,123,123,3,77
3029,Graj Virrok,LW,0,PHI,77,14,18456,6,13,19,2,6,1,3,4,2254,0,0,0,532,1,36,18,0,0,0,25,18,6,15,62,79,83,69,101.2,4.6,3.7,40.4,36.1,284,258,52.4,0,203,177,53.4,-0.3,Forward,122,122,4,77
2868,Luca Hunziker,RD,0,BAP,77,6,7437,1,1,2,-4,2,0,0,0,0,0,0,0,486,0,0,0,0,0,0,3,0,2,12,18,53,54,51,95.1,4.1,6.2,40.4,40.9,137,111,55.2,3,94,86,52.2,0.5,Defense,118,118,7,77
1923,Noel Blanchet,LW,0,WPG,77,5,5198,1,2,3,-2,4,0,0,0,78,0,0,0,2,0,3,0,0,0,0,8,3,3,2,7,62,61,65,104.4,2.8,4.2,20.4,45,57,104,35.4,-2.7,33,75,30.6,-1.6,Forward,115,115,5,77
732,Sven Svechnikov,LD,0,NEW,75,23,23845,0,4,4,-2,6,0,0,0,28,0,0,0,596,0,0,0,0,0,0,23,3,19,42,20,60,53,67,100.8,3.6,4,38,47,412,433,48.8,-2.4,287,360,44.4,-8.3,Defense,111,111,8,77
2457,Mikko Rashford,LW,0,WPG,77,5,6096,4,0,4,-3,4,1,0,1,491,0,0,0,505,1,2,0,0,0,0,8,3,4,2,13,76,82,64,105.1,4.2,6.4,22.6,46.6,60,99,37.7,0.7,38,77,33,2.1,Forward,110,110,6,77
2886,Evan Winter,C,0,LAP,77,13,14339,8,8,16,-1,4,0,1,1,608,0,1,1,1047,2,162,82,0,0,0,9,9,6,7,40,65,66,58,96,4.8,5.4,37.2,31.8,235,191,55.2,1.1,160,121,56.9,3.2,Forward,108,108,7,77
2370,Borje Samuelsson,RD,0,WPG,76,15,13909,0,3,3,-6,6,0,0,0,9,0,0,0,310,0,0,0,0,0,0,12,1,8,2,14,59,56,61,100.5,2.4,4,25.7,45,184,252,42.2,-6.4,112,191,37,-9.2,Defense,104,104,9,77
2540,Spack Jarrow,C,0,MIN,77,12,11334,1,6,7,-10,4,0,0,0,431,0,0,0,40,0,128,26,0,0,0,9,9,7,15,24,62,59,64,93.7,2,5,33.1,40.4,182,241,43,-3.6,122,137,47.1,-1.2,Forward,104,104,8,77
2564,Shoyo Hinata,C,0,ATL,77,11,13838,3,6,9,-7,2,0,0,0,704,0,0,0,221,0,163,87,0,0,0,7,16,17,4,54,69,67,69,94,2.5,4.5,40.1,36.5,235,219,51.8,0.2,166,146,53.2,0.8,Forward,102,102,9,77
3356,Sean Davies,RD,0,NEW,77,25,32301,1,12,13,13,12,0,0,0,1258,0,1,1,2783,1,0,0,0,0,0,23,2,14,65,47,63,54,72,101.8,4.6,3.3,40.6,35,523,463,53,4,376,336,52.8,7.4,Defense,102,102,10,77
1014,Evil AllBran,LW,0,PHI,76,13,14270,6,4,10,3,4,1,0,1,848,0,0,0,158,2,7,3,0,0,0,15,7,0,10,34,69,70,60,102.2,3.3,2.4,33.7,32.6,206,204,50.2,0.4,144,139,50.9,1.4,Forward,101,101,10,77
2486,Jay O'Neil,RD,0,WPG,78,4,5442,0,0,0,-3,8,0,0,0,664,0,0,0,183,0,0,0,0,0,0,8,0,4,12,6,65,58,71,96.1,2.3,4.7,29.8,39.9,69,88,43.9,5,43,59,42.2,4.8,Defense,184,184,1,78
2529,Christian Kinsinger,LD,0,WPG,78,4,4875,0,3,3,-5,2,0,0,0,86,0,0,0,69,0,0,0,0,0,0,5,3,4,3,1,59,57,58,92.3,1.5,5.3,27.5,40.4,65,87,42.8,3.1,41,61,40.2,1.9,Defense,172,172,2,78
2488,San-sam Emerson,LD,0,PHI,78,6,7894,1,4,5,3,4,0,0,0,207,0,1,1,919,0,0,0,0,0,0,7,3,6,14,8,59,54,66,103.8,5.3,4.8,35.6,43.1,110,128,46.2,1,76,92,45.2,-0.6,Defense,167,167,3,78
2228,Marcel Beck,LD,0,WPG,78,4,5335,0,0,0,-6,2,0,0,0,81,0,0,0,333,0,0,0,0,0,0,5,1,1,5,2,58,59,55,97.3,2.9,7.3,22.7,46.8,66,98,40.2,-0.6,43,75,36.4,-3.9,Defense,166,166,4,78
2652,Ivan Lacksamus,C,0,NEW,78,7,8505,2,4,6,-1,0,0,0,0,253,0,0,0,49,1,100,52,0,0,0,3,2,7,0,30,69,67,69,98.3,2.6,3.1,36.9,34.7,146,127,53.5,2.2,93,91,50.5,1.5,Forward,151,151,1,78
2976,Seamus O'Slapahan,LD,0,NEW,78,7,9287,2,3,5,-4,2,1,1,2,1012,0,0,0,427,0,0,0,0,0,0,4,1,6,18,22,65,59,71,97.7,3.2,4.6,35.3,40.4,129,141,47.8,-6.1,84,101,45.4,-6,Defense,151,151,5,78
2207,Lias Ekholm-Gunnarsson,C,0,WPG,77,5,6629,1,3,4,-2,4,0,1,1,556,0,0,0,540,0,90,39,0,0,0,4,2,3,5,8,67,67,67,108,3.9,5.2,18.9,41,61,103,37.2,0,34,78,30.4,-1.9,Forward,148,148,2,78
3237,Antonio Flusso,RD,0,PHI,78,6,7786,0,2,2,0,0,0,0,0,977,0,0,0,277,0,0,0,0,0,0,6,0,7,9,9,66,58,75,100.1,3.3,3.3,39.7,40.2,113,117,49.1,5.2,78,85,47.9,3.3,Defense,132,132,6,78
2868,Luca Hunziker,RD,0,BAP,78,17,22280,0,4,4,-1,0,0,0,0,0,0,0,0,852,0,0,0,0,0,0,13,0,13,29,21,60,53,68,98.6,3.4,3.5,37.5,34.1,344,339,50.4,1.6,251,230,52.2,3.2,Defense,131,131,7,78
2886,Evan Winter,C,0,LAP,78,24,24196,6,6,12,-3,4,1,0,1,103,0,0,0,860,1,306,144,0,0,0,17,15,19,18,53,66,60,72,98.9,2.3,2.8,32.8,33.9,366,392,48.3,-2.6,237,256,48.1,-3.2,Forward,127,127,3,78
3029,Graj Virrok,LW,0,PHI,78,6,7157,2,2,4,-2,0,0,0,0,271,0,0,0,55,0,9,3,0,0,0,5,3,4,6,12,69,71,62,99.2,2.6,3.7,36.4,45.8,113,147,43.5,-3.2,77,105,42.3,-5.1,Forward,126,126,4,78
2433,Max Manning,LW,0,BAP,77,6,6177,1,1,2,1,0,0,0,0,0,0,0,0,0,0,1,0,0,0,0,5,6,5,1,7,69,67,65,100.9,2.3,1.7,39,34.4,111,86,56.3,4.2,81,67,54.7,4.2,Forward,123,123,5,78
2457,Mikko Rashford,RW,0,LAP,78,24,21744,3,10,13,0,8,0,0,0,108,0,0,0,218,0,7,1,0,0,0,26,16,10,18,47,71,72,63,100.6,3,3,32.8,35.1,340,362,48.4,-2.3,230,247,48.2,-2.9,Forward,120,120,6,78
1923,Noel Blanchet,LW,0,WPG,77,5,5198,1,2,3,-2,4,0,0,0,78,0,0,0,2,0,3,0,0,0,0,8,3,3,2,7,62,61,65,104.4,2.8,4.2,20.4,45,57,104,35.4,-2.7,33,75,30.6,-1.6,Forward,115,115,7,78
1676,Konstantin Selich,C,0,BUF,78,12,14096,3,5,8,3,2,0,0,0,0,1,0,1,146,0,163,63,0,0,0,8,18,12,5,52,65,58,73,101.5,2.8,2.3,37.2,37.9,222,248,47.2,-4.1,163,172,48.7,-2.9,Forward,113,113,8,78
732,Sven Svechnikov,LD,0,NEW,75,23,23845,0,4,4,-2,6,0,0,0,28,0,0,0,596,0,0,0,0,0,0,23,3,19,42,20,60,53,67,100.8,3.6,4,38,47,412,433,48.8,-2.4,287,360,44.4,-8.3,Defense,111,111,8,78
3021,Pass Forfeit,LD,0,LAP,78,24,30504,0,8,8,15,12,0,0,0,1077,0,0,0,1588,0,0,0,0,0,0,24,5,19,56,34,67,60,75,104.4,4.3,2.5,37.8,35.4,478,492,49.3,-1.3,328,323,50.4,0,Defense,109,109,9,78
2540,Spack Jarrow,RW,0,MIN,78,5,5753,3,0,3,-2,0,0,0,0,12,0,0,0,171,0,7,2,0,0,0,5,8,4,6,18,67,64,66,98.6,1.9,3.2,29.7,40.7,88,126,41.1,-6.2,53,68,43.8,-0.9,Forward,108,108,9,78
2564,Shoyo Hinata,RW,0,ATL,78,10,11394,0,4,4,-3,4,0,0,0,119,0,0,0,462,0,6,4,0,0,0,20,11,5,10,28,74,74,69,97.8,2,3,36,38.6,185,198,48.3,-4.2,127,136,48.3,-5.6,Forward,107,107,10,78
2370,Borje Samuelsson,RD,0,WPG,76,15,13909,0,3,3,-6,6,0,0,0,9,0,0,0,310,0,0,0,0,0,0,12,1,8,2,14,59,56,61,100.5,2.4,4,25.7,45,184,252,42.2,-6.4,112,191,37,-9.2,Defense,104,104,10,78
2488,San-sam Emerson,LD,0,PHI,79,23,26540,1,5,6,-1,6,0,0,0,169,0,1,1,1171,1,0,0,0,0,0,27,1,20,46,30,61,53,68,99.5,3.3,3.7,34,36.4,420,475,46.9,-2.1,293,308,48.8,-1.2,Defense,187,187,1,79
2486,Jay O'Neil,RD,0,WPG,78,4,5442,0,0,0,-3,8,0,0,0,664,0,0,0,183,0,0,0,0,0,0,8,0,4,12,6,65,58,71,96.1,2.3,4.7,29.8,39.9,69,88,43.9,5,43,59,42.2,4.8,Defense,184,184,2,79
2529,Christian Kinsinger,LD,0,WPG,78,4,4875,0,3,3,-5,2,0,0,0,86,0,0,0,69,0,0,0,0,0,0,5,3,4,3,1,59,57,58,92.3,1.5,5.3,27.5,40.4,65,87,42.8,3.1,41,61,40.2,1.9,Defense,172,172,3,79
2228,Marcel Beck,LD,0,WPG,79,4,5386,0,0,0,-4,0,0,0,0,210,0,0,0,274,0,0,0,0,0,0,2,2,5,11,5,59,52,67,95,0.7,3.7,24.2,45.5,53,107,33.1,-13.5,36,70,34,-12.3,Defense,171,171,4,79
2976,Seamus O'Slapahan,LD,0,NEW,79,6,8201,0,1,1,-3,2,0,0,0,1022,0,0,0,901,0,0,0,0,0,0,2,2,8,25,17,71,55,88,99.3,1.1,2.3,25.2,43.6,87,146,37.3,-6.3,55,94,36.9,-7.8,Defense,159,159,5,79
2652,Ivan Lacksamus,C,0,NEW,79,6,6628,2,2,4,0,4,0,0,0,0,0,0,0,0,0,72,35,0,0,0,2,6,2,7,19,62,55,70,102.1,2.2,2.2,28.2,38.6,90,137,39.6,-2.7,61,88,40.9,-1.6,Forward,153,153,1,79
3237,Antonio Flusso,LD,0,PHI,79,23,27537,0,9,9,-6,6,0,0,0,906,0,0,0,1580,0,0,0,0,0,0,23,1,20,35,31,58,53,62,95.6,3.7,4.6,39.1,32.9,434,388,52.8,6.6,311,268,53.7,6.3,Defense,152,152,6,79
2868,Luca Hunziker,LD,0,SFP,79,21,21495,0,8,8,15,10,0,0,0,83,0,0,0,617,0,0,0,0,0,0,11,3,20,18,35,60,53,68,104.8,4.8,2.4,35.8,27.9,406,266,60.4,4,253,192,56.9,2.4,Defense,151,151,7,79
2207,Lias Ekholm-Gunnarsson,C,0,WPG,77,5,6629,1,3,4,-2,4,0,1,1,556,0,0,0,540,0,90,39,0,0,0,4,2,3,5,8,67,67,67,108,3.9,5.2,18.9,41,61,103,37.2,0,34,78,30.4,-1.9,Forward,148,148,2,79
3029,Graj Virrok,LW,0,PHI,79,23,27859,8,11,19,-6,8,0,0,0,808,0,0,0,312,3,63,41,0,0,0,33,17,13,15,70,72,78,58,98.5,3.6,4.2,34.5,34.7,437,459,48.8,0.7,306,308,49.8,0.5,Forward,139,139,3,79
2886,Evan Winter,C,0,LAP,78,24,24196,6,6,12,-3,4,1,0,1,103,0,0,0,860,1,306,144,0,0,0,17,15,19,18,53,66,60,72,98.9,2.3,2.8,32.8,33.9,366,392,48.3,-2.6,237,256,48.1,-3.2,Forward,127,127,4,79
2433,Max Manning,LW,0,BAP,77,6,6177,1,1,2,1,0,0,0,0,0,0,0,0,0,0,1,0,0,0,0,5,6,5,1,7,69,67,65,100.9,2.3,1.7,39,34.4,111,86,56.3,4.2,81,67,54.7,4.2,Forward,123,123,5,79
2457,Mikko Rashford,RW,0,LAP,79,5,5259,2,3,5,1,2,0,0,0,0,0,0,0,0,0,2,2,0,0,0,4,6,0,3,11,64,66,57,104,4.1,3.4,31.5,37.6,106,89,54.4,2.8,64,64,50,-2,Forward,120,120,6,79
2440,Dirty Boots,LD,0,TEX,79,14,16198,1,3,4,1,0,0,0,0,5,0,2,2,1624,0,0,0,0,0,0,8,0,14,27,13,62,52,71,100.3,2.2,2.5,29.2,33.9,205,241,46,-5.2,144,164,46.8,-6.1,Defense,118,118,8,79
1676,Konstantin Selich,LW,0,BUF,79,10,10112,0,4,4,-5,2,0,0,0,0,0,0,0,51,0,6,2,0,0,0,12,12,3,8,16,59,55,62,98.5,2.5,4.3,29.3,42.9,158,197,44.5,-11.2,101,144,41.2,-12,Forward,116,116,7,79
2540,Spack Jarrow,RW,0,MIN,79,10,10491,3,4,7,2,4,0,0,0,14,0,0,0,493,0,3,1,0,0,0,24,7,8,8,27,70,64,73,101.7,3.2,2.5,30.6,28.5,150,140,51.7,1,98,93,51.3,3.2,Forward,116,116,8,79
1923,Noel Blanchet,LW,0,WPG,77,5,5198,1,2,3,-2,4,0,0,0,78,0,0,0,2,0,3,0,0,0,0,8,3,3,2,7,62,61,65,104.4,2.8,4.2,20.4,45,57,104,35.4,-2.7,33,75,30.6,-1.6,Forward,115,115,9,79
2564,Shoyo Hinata,RW,0,ATL,79,16,17725,1,6,7,-6,7,0,0,0,41,0,0,0,377,1,13,5,0,0,0,28,12,7,11,31,63,61,63,94.8,2.1,3.3,34.7,29.7,321,243,56.9,3,204,168,54.8,-1.5,Forward,114,114,10,79
732,Sven Svechnikov,LD,0,NEW,75,23,23845,0,4,4,-2,6,0,0,0,28,0,0,0,596,0,0,0,0,0,0,23,3,19,42,20,60,53,67,100.8,3.6,4,38,47,412,433,48.8,-2.4,287,360,44.4,-8.3,Defense,111,111,9,79
3021,Pass Forfeit,RD,0,LAP,79,5,5968,0,1,1,1,0,0,0,0,273,0,0,0,307,0,0,0,0,0,0,5,1,1,2,6,60,54,63,102.1,2.7,2,29.4,28.7,90,74,54.9,3.3,58,50,53.7,3.5,Defense,110,110,10,79
2488,San-sam Emerson,LD,0,PHI,80,13,14595,2,1,3,6,8,0,0,0,51,0,1,1,764,0,0,0,0,0,0,12,3,10,13,26,60,52,68,101.4,3.7,2.1,41,28,266,175,60.3,7.8,183,130,58.5,5.6,Defense,197,197,1,80
2486,Jay O'Neil,RD,0,WPG,78,4,5442,0,0,0,-3,8,0,0,0,664,0,0,0,183,0,0,0,0,0,0,8,0,4,12,6,65,58,71,96.1,2.3,4.7,29.8,39.9,69,88,43.9,5,43,59,42.2,4.8,Defense,184,184,2,80
2228,Marcel Beck,RD,0,WPG,80,4,5069,0,1,1,-5,0,0,0,0,318,0,0,0,437,0,0,0,0,0,0,4,0,3,13,5,63,58,67,97.2,3.3,7.5,30.9,55.1,69,115,37.5,1.4,43,77,35.8,1,Defense,174,174,3,80
2529,Christian Kinsinger,LD,0,WPG,78,4,4875,0,3,3,-5,2,0,0,0,86,0,0,0,69,0,0,0,0,0,0,5,3,4,3,1,59,57,58,92.3,1.5,5.3,27.5,40.4,65,87,42.8,3.1,41,61,40.2,1.9,Defense,172,172,4,80
2976,Seamus O'Slapahan,LD,0,NEW,79,6,8201,0,1,1,-3,2,0,0,0,1022,0,0,0,901,0,0,0,0,0,0,2,2,8,25,17,71,55,88,99.3,1.1,2.3,25.2,43.6,87,146,37.3,-6.3,55,94,36.9,-7.8,Defense,159,159,5,80
3237,Antonio Flusso,LD,0,PHI,80,13,16053,2,6,8,8,6,0,0,0,244,0,0,0,802,0,0,0,0,0,0,9,4,4,40,27,63,53,75,104.5,4.3,2.4,36,31.9,297,246,54.7,-0.3,189,160,54.2,-0.7,Defense,156,156,6,80
2652,Ivan Lacksamus,RW,0,NEW,80,5,6140,0,1,1,-5,0,0,0,0,16,0,0,0,42,0,6,4,0,0,0,4,6,1,4,11,68,70,61,91.8,1.2,4.1,32,34.9,88,91,49.2,-1.5,62,68,47.7,-6.5,Forward,154,154,1,80
2868,Luca Hunziker,LD,0,SFP,79,21,21495,0,8,8,15,10,0,0,0,83,0,0,0,617,0,0,0,0,0,0,11,3,20,18,35,60,53,68,104.8,4.8,2.4,35.8,27.9,406,266,60.4,4,253,192,56.9,2.4,Defense,151,151,7,80
2207,Lias Ekholm-Gunnarsson,C,0,WPG,77,5,6629,1,3,4,-2,4,0,1,1,556,0,0,0,540,0,90,39,0,0,0,4,2,3,5,8,67,67,67,108,3.9,5.2,18.9,41,61,103,37.2,0,34,78,30.4,-1.9,Forward,148,148,2,80
3029,Graj Virrok,RW,0,PHI,80,13,15917,9,8,17,8,6,0,1,1,280,0,0,0,53,2,28,17,0,0,0,14,19,3,6,45,73,81,59,105.5,5.1,2.5,38.8,33.3,294,264,52.7,-3.6,200,171,53.9,-1.1,Forward,142,142,3,80
2440,Dirty Boots,LD,0,TEX,80,16,18656,1,2,3,0,4,0,0,0,100,0,0,0,1805,0,0,0,0,0,0,13,2,10,28,29,60,53,68,99.7,3,3,35.5,34.2,301,302,49.9,0,190,196,49.2,-3,Defense,128,128,8,80
2886,Evan Winter,C,0,LAP,78,24,24196,6,6,12,-3,4,1,0,1,103,0,0,0,860,1,306,144,0,0,0,17,15,19,18,53,66,60,72,98.9,2.3,2.8,32.8,33.9,366,392,48.3,-2.6,237,256,48.1,-3.2,Forward,127,127,4,80
2457,Mikko Rashford,RW,0,LAP,80,7,6532,0,3,3,-4,0,0,0,0,0,0,0,0,40,0,0,0,0,0,0,7,4,5,4,6,65,63,60,98.1,1.7,3.9,18.9,36,88,108,44.9,-6.6,49,71,40.8,-6.1,Forward,125,125,5,80
2433,Max Manning,LW,0,BAP,77,6,6177,1,1,2,1,0,0,0,0,0,0,0,0,0,0,1,0,0,0,0,5,6,5,1,7,69,67,65,100.9,2.3,1.7,39,34.4,111,86,56.3,4.2,81,67,54.7,4.2,Forward,123,123,6,80
3810,Sydney Shaw,RD,0,SFP,80,22,32497,8,17,25,20,8,6,3,9,3814,0,1,1,1772,1,0,0,0,0,0,27,4,18,65,83,71,61,80,104.3,4.5,1.9,42.9,29.7,588,425,58,2.5,369,282,56.7,-0.5,Defense,121,121,9,80
2564,Shoyo Hinata,RW,0,ATL,80,12,12007,1,5,6,-5,6,0,0,0,15,0,0,0,0,1,7,2,0,0,0,19,6,5,8,15,66,66,59,92.8,3.3,4.8,39.6,30.9,250,184,57.6,0.5,163,117,58.2,-0.3,Forward,119,119,7,80
3287,Jack St. Clair,C,0,TEX,80,16,22001,5,11,16,1,6,0,0,0,1005,0,0,0,1689,1,260,135,0,0,0,23,18,15,16,52,74,73,73,100.1,3.7,3.4,36.5,33.2,347,337,50.7,1.3,238,207,53.5,3.5,Forward,119,119,8,80
1676,Konstantin Selich,LW,0,BUF,79,10,10112,0,4,4,-5,2,0,0,0,0,0,0,0,51,0,6,2,0,0,0,12,12,3,8,16,59,55,62,98.5,2.5,4.3,29.3,42.9,158,197,44.5,-11.2,101,144,41.2,-12,Forward,116,116,9,80
2540,Spack Jarrow,RW,0,MIN,79,10,10491,3,4,7,2,4,0,0,0,14,0,0,0,493,0,3,1,0,0,0,24,7,8,8,27,70,64,73,101.7,3.2,2.5,30.6,28.5,150,140,51.7,1,98,93,51.3,3.2,Forward,116,116,10,80
3412,Nathaniel Barca,RD,0,PHI,80,13,16323,3,10,13,7,10,2,2,4,1243,0,0,0,353,0,0,0,0,0,0,16,4,5,37,32,69,64,75,103,4.2,2.4,38.9,31.8,292,248,54.1,-1.3,190,155,55.1,0.7,Defense,115,115,10,80
2488,San-sam Emerson,LD,0,PHI,81,7,7842,2,3,5,0,0,0,0,0,18,0,0,0,489,0,0,0,0,0,0,3,1,4,6,5,58,54,59,105.1,3.4,3.4,25,39.8,113,128,46.9,0,60,100,37.5,-9.2,Defense,201,201,1,81
2486,Jay O'Neil,RD,0,WPG,78,4,5442,0,0,0,-3,8,0,0,0,664,0,0,0,183,0,0,0,0,0,0,8,0,4,12,6,65,58,71,96.1,2.3,4.7,29.8,39.9,69,88,43.9,5,43,59,42.2,4.8,Defense,184,184,2,81
2228,Marcel Beck,RD,0,WPG,81,6,6238,0,1,1,-3,0,0,0,0,0,0,0,0,178,0,0,0,0,0,0,4,0,1,11,5,57,53,59,95.8,1.8,3.6,26.7,32.7,87,120,42,-1.7,55,62,47,7.2,Defense,175,175,3,81
2529,Christian Kinsinger,LD,0,WPG,78,4,4875,0,3,3,-5,2,0,0,0,86,0,0,0,69,0,0,0,0,0,0,5,3,4,3,1,59,57,58,92.3,1.5,5.3,27.5,40.4,65,87,42.8,3.1,41,61,40.2,1.9,Defense,172,172,4,81
3237,Antonio Flusso,LD,0,PHI,81,7,8729,0,3,3,-1,0,0,0,0,402,0,0,0,687,0,0,0,0,0,0,5,1,6,24,7,65,52,79,99.4,2.4,2.4,31.1,28.7,113,133,45.9,-1.4,83,76,52.2,12.7,Defense,162,162,5,81
2976,Seamus O'Slapahan,LD,0,NEW,79,6,8201,0,1,1,-3,2,0,0,0,1022,0,0,0,901,0,0,0,0,0,0,2,2,8,25,17,71,55,88,99.3,1.1,2.3,25.2,43.6,87,146,37.3,-6.3,55,94,36.9,-7.8,Defense,159,159,6,81
2652,Ivan Lacksamus,RW,0,NEW,80,5,6140,0,1,1,-5,0,0,0,0,16,0,0,0,42,0,6,4,0,0,0,4,6,1,4,11,68,70,61,91.8,1.2,4.1,32,34.9,88,91,49.2,-1.5,62,68,47.7,-6.5,Forward,154,154,1,81
2868,Luca Hunziker,LD,0,SFP,79,21,21495,0,8,8,15,10,0,0,0,83,0,0,0,617,0,0,0,0,0,0,11,3,20,18,35,60,53,68,104.8,4.8,2.4,35.8,27.9,406,266,60.4,4,253,192,56.9,2.4,Defense,151,151,7,81
3810,Sydney Shaw,RD,0,SFP,81,24,32621,4,13,17,-7,18,2,4,6,3791,0,0,0,1600,1,1,0,0,0,0,20,6,29,68,78,66,59,73,96.5,3.4,4,36.6,30.8,518,435,54.4,-0.2,331,274,54.7,2.6,Defense,150,150,8,81
2207,Lias Ekholm-Gunnarsson,C,0,WPG,77,5,6629,1,3,4,-2,4,0,1,1,556,0,0,0,540,0,90,39,0,0,0,4,2,3,5,8,67,67,67,108,3.9,5.2,18.9,41,61,103,37.2,0,34,78,30.4,-1.9,Forward,148,148,2,81
3029,Graj Virrok,RW,0,PHI,81,7,7024,2,3,5,2,0,0,0,0,59,0,0,0,47,0,4,1,0,0,0,7,5,2,7,20,74,79,59,106,3.1,2.1,28.6,42.7,112,125,47.3,0.6,65,94,40.9,-4.2,Forward,144,144,3,81
2440,Dirty Boots,LD,0,BAP,81,6,3430,0,0,0,-3,0,0,0,0,0,0,0,0,309,0,0,0,0,0,0,1,0,1,16,3,54,50,60,87.1,3.5,6.9,48.4,34.6,63,58,52.1,8.4,48,32,60,15.9,Defense,129,129,9,81
2457,Mikko Rashford,LW,0,WPG,81,6,6749,1,2,3,-3,6,0,0,0,180,0,0,0,0,0,1,0,0,0,0,15,3,3,4,13,70,69,64,97.5,3.3,4.9,28.5,35.1,93,116,44.5,1.9,56,77,42.1,0.4,Forward,128,128,4,81
2886,Evan Winter,C,0,LAP,78,24,24196,6,6,12,-3,4,1,0,1,103,0,0,0,860,1,306,144,0,0,0,17,15,19,18,53,66,60,72,98.9,2.3,2.8,32.8,33.9,366,392,48.3,-2.6,237,256,48.1,-3.2,Forward,127,127,5,81
3287,Jack St. Clair,C,0,TEX,81,6,8412,3,4,7,-1,2,0,3,3,813,0,0,0,312,0,121,68,0,0,0,7,2,8,7,16,73,72,73,95.8,4,4.4,45.4,34.6,177,121,59.4,5,115,79,59.3,5.7,Forward,127,127,6,81
3524,Viktor Hargreeves,C,0,SFP,81,24,29904,10,15,25,8,8,0,0,0,855,1,1,2,3029,0,373,196,0,0,0,15,11,19,8,52,70,70,68,102.4,5.1,4.3,36.1,36.4,482,456,51.4,-4.7,314,314,50,-4.7,Forward,126,126,7,81
2564,Shoyo Hinata,RW,0,ATL,81,10,9716,0,2,2,-3,0,0,0,0,0,0,0,0,0,0,3,2,0,0,0,8,9,5,10,20,65,63,65,94.2,1.9,3,35.2,26.7,171,158,52,-2.5,109,95,53.4,-3.6,Forward,124,124,8,81
2433,Max Manning,LW,0,BAP,77,6,6177,1,1,2,1,0,0,0,0,0,0,0,0,0,0,1,0,0,0,0,5,6,5,1,7,69,67,65,100.9,2.3,1.7,39,34.4,111,86,56.3,4.2,81,67,54.7,4.2,Forward,123,123,9,81
3395,Toasty Soderberg-Snooks,LD,0,SFP,81,24,31428,3,9,12,10,18,0,1,1,1197,0,1,1,2470,1,0,0,0,0,0,13,6,18,100,42,64,53,79,101.9,4.5,3.6,37.1,35,540,506,51.6,-4.6,335,316,51.5,-2.4,Defense,121,121,10,81
1676,Konstantin Selich,LW,0,BUF,79,10,10112,0,4,4,-5,2,0,0,0,0,0,0,0,51,0,6,2,0,0,0,12,12,3,8,16,59,55,62,98.5,2.5,4.3,29.3,42.9,158,197,44.5,-11.2,101,144,41.2,-12,Forward,116,116,10,81
2488,San-sam Emerson,LD,0,PHI,81,7,7842,2,3,5,0,0,0,0,0,18,0,0,0,489,0,0,0,0,0,0,3,1,4,6,5,58,54,59,105.1,3.4,3.4,25,39.8,113,128,46.9,0,60,100,37.5,-9.2,Defense,201,201,1,82
2486,Jay O'Neil,RD,0,WPG,78,4,5442,0,0,0,-3,8,0,0,0,664,0,0,0,183,0,0,0,0,0,0,8,0,4,12,6,65,58,71,96.1,2.3,4.7,29.8,39.9,69,88,43.9,5,43,59,42.2,4.8,Defense,184,184,2,82
2228,Marcel Beck,RD,0,WPG,81,6,6238,0,1,1,-3,0,0,0,0,0,0,0,0,178,0,0,0,0,0,0,4,0,1,11,5,57,53,59,95.8,1.8,3.6,26.7,32.7,87,120,42,-1.7,55,62,47,7.2,Defense,175,175,3,82
2529,Christian Kinsinger,LD,0,WPG,78,4,4875,0,3,3,-5,2,0,0,0,86,0,0,0,69,0,0,0,0,0,0,5,3,4,3,1,59,57,58,92.3,1.5,5.3,27.5,40.4,65,87,42.8,3.1,41,61,40.2,1.9,Defense,172,172,4,82
3237,Antonio Flusso,LD,0,PHI,81,7,8729,0,3,3,-1,0,0,0,0,402,0,0,0,687,0,0,0,0,0,0,5,1,6,24,7,65,52,79,99.4,2.4,2.4,31.1,28.7,113,133,45.9,-1.4,83,76,52.2,12.7,Defense,162,162,5,82
2976,Seamus O'Slapahan,LD,0,NEW,79,6,8201,0,1,1,-3,2,0,0,0,1022,0,0,0,901,0,0,0,0,0,0,2,2,8,25,17,71,55,88,99.3,1.1,2.3,25.2,43.6,87,146,37.3,-6.3,55,94,36.9,-7.8,Defense,159,159,6,82
2652,Ivan Lacksamus,RW,0,NEW,80,5,6140,0,1,1,-5,0,0,0,0,16,0,0,0,42,0,6,4,0,0,0,4,6,1,4,11,68,70,61,91.8,1.2,4.1,32,34.9,88,91,49.2,-1.5,62,68,47.7,-6.5,Forward,154,154,1,82
2868,Luca Hunziker,LD,0,SFP,79,21,21495,0,8,8,15,10,0,0,0,83,0,0,0,617,0,0,0,0,0,0,11,3,20,18,35,60,53,68,104.8,4.8,2.4,35.8,27.9,406,266,60.4,4,253,192,56.9,2.4,Defense,151,151,7,82
3810,Sydney Shaw,RD,0,SFP,81,24,32621,4,13,17,-7,18,2,4,6,3791,0,0,0,1600,1,1,0,0,0,0,20,6,29,68,78,66,59,73,96.5,3.4,4,36.6,30.8,518,435,54.4,-0.2,331,274,54.7,2.6,Defense,150,150,8,82
2207,Lias Ekholm-Gunnarsson,C,0,WPG,77,5,6629,1,3,4,-2,4,0,1,1,556,0,0,0,540,0,90,39,0,0,0,4,2,3,5,8,67,67,67,108,3.9,5.2,18.9,41,61,103,37.2,0,34,78,30.4,-1.9,Forward,148,148,2,82
3029,Graj Virrok,RW,0,PHI,81,7,7024,2,3,5,2,0,0,0,0,59,0,0,0,47,0,4,1,0,0,0,7,5,2,7,20,74,79,59,106,3.1,2.1,28.6,42.7,112,125,47.3,0.6,65,94,40.9,-4.2,Forward,144,144,3,82
2440,Dirty Boots,LD,0,BAP,81,6,3430,0,0,0,-3,0,0,0,0,0,0,0,0,309,0,0,0,0,0,0,1,0,1,16,3,54,50,60,87.1,3.5,6.9,48.4,34.6,63,58,52.1,8.4,48,32,60,15.9,Defense,129,129,9,82
2457,Mikko Rashford,LW,0,WPG,81,6,6749,1,2,3,-3,6,0,0,0,180,0,0,0,0,0,1,0,0,0,0,15,3,3,4,13,70,69,64,97.5,3.3,4.9,28.5,35.1,93,116,44.5,1.9,56,77,42.1,0.4,Forward,128,128,4,82
2886,Evan Winter,C,0,LAP,78,24,24196,6,6,12,-3,4,1,0,1,103,0,0,0,860,1,306,144,0,0,0,17,15,19,18,53,66,60,72,98.9,2.3,2.8,32.8,33.9,366,392,48.3,-2.6,237,256,48.1,-3.2,Forward,127,127,5,82
3287,Jack St. Clair,C,0,TEX,81,6,8412,3,4,7,-1,2,0,3,3,813,0,0,0,312,0,121,68,0,0,0,7,2,8,7,16,73,72,73,95.8,4,4.4,45.4,34.6,177,121,59.4,5,115,79,59.3,5.7,Forward,127,127,6,82
3524,Viktor Hargreeves,C,0,SFP,81,24,29904,10,15,25,8,8,0,0,0,855,1,1,2,3029,0,373,196,0,0,0,15,11,19,8,52,70,70,68,102.4,5.1,4.3,36.1,36.4,482,456,51.4,-4.7,314,314,50,-4.7,Forward,126,126,7,82
2564,Shoyo Hinata,RW,0,ATL,81,10,9716,0,2,2,-3,0,0,0,0,0,0,0,0,0,0,3,2,0,0,0,8,9,5,10,20,65,63,65,94.2,1.9,3,35.2,26.7,171,158,52,-2.5,109,95,53.4,-3.6,Forward,124,124,8,82
2433,Max Manning,LW,0,BAP,77,6,6177,1,1,2,1,0,0,0,0,0,0,0,0,0,0,1,0,0,0,0,5,6,5,1,7,69,67,65,100.9,2.3,1.7,39,34.4,111,86,56.3,4.2,81,67,54.7,4.2,Forward,123,123,9,82
3395,Toasty Soderberg-Snooks,LD,0,SFP,81,24,31428,3,9,12,10,18,0,1,1,1197,0,1,1,2470,1,0,0,0,0,0,13,6,18,100,42,64,53,79,101.9,4.5,3.6,37.1,35,540,506,51.6,-4.6,335,316,51.5,-2.4,Defense,121,121,10,82
1676,Konstantin Selich,LW,0,BUF,79,10,10112,0,4,4,-5,2,0,0,0,0,0,0,0,51,0,6,2,0,0,0,12,12,3,8,16,59,55,62,98.5,2.5,4.3,29.3,42.9,158,197,44.5,-11.2,101,144,41.2,-12,Forward,116,116,10,82
2488,San-sam Emerson,LD,0,PHI,81,7,7842,2,3,5,0,0,0,0,0,18,0,0,0,489,0,0,0,0,0,0,3,1,4,6,5,58,54,59,105.1,3.4,3.4,25,39.8,113,128,46.9,0,60,100,37.5,-9.2,Defense,201,201,1,83
2486,Jay O'Neil,RD,0,WPG,78,4,5442,0,0,0,-3,8,0,0,0,664,0,0,0,183,0,0,0,0,0,0,8,0,4,12,6,65,58,71,96.1,2.3,4.7,29.8,39.9,69,88,43.9,5,43,59,42.2,4.8,Defense,184,184,2,83
2228,Marcel Beck,RD,0,WPG,81,6,6238,0,1,1,-3,0,0,0,0,0,0,0,0,178,0,0,0,0,0,0,4,0,1,11,5,57,53,59,95.8,1.8,3.6,26.7,32.7,87,120,42,-1.7,55,62,47,7.2,Defense,175,175,3,83
2529,Christian Kinsinger,LD,0,WPG,78,4,4875,0,3,3,-5,2,0,0,0,86,0,0,0,69,0,0,0,0,0,0,5,3,4,3,1,59,57,58,92.3,1.5,5.3,27.5,40.4,65,87,42.8,3.1,41,61,40.2,1.9,Defense,172,172,4,83
3237,Antonio Flusso,LD,0,PHI,81,7,8729,0,3,3,-1,0,0,0,0,402,0,0,0,687,0,0,0,0,0,0,5,1,6,24,7,65,52,79,99.4,2.4,2.4,31.1,28.7,113,133,45.9,-1.4,83,76,52.2,12.7,Defense,162,162,5,83
2976,Seamus O'Slapahan,LD,0,NEW,79,6,8201,0,1,1,-3,2,0,0,0,1022,0,0,0,901,0,0,0,0,0,0,2,2,8,25,17,71,55,88,99.3,1.1,2.3,25.2,43.6,87,146,37.3,-6.3,55,94,36.9,-7.8,Defense,159,159,6,83
2652,Ivan Lacksamus,RW,0,NEW,80,5,6140,0,1,1,-5,0,0,0,0,16,0,0,0,42,0,6,4,0,0,0,4,6,1,4,11,68,70,61,91.8,1.2,4.1,32,34.9,88,91,49.2,-1.5,62,68,47.7,-6.5,Forward,154,154,1,83
2868,Luca Hunziker,LD,0,SFP,79,21,21495,0,8,8,15,10,0,0,0,83,0,0,0,617,0,0,0,0,0,0,11,3,20,18,35,60,53,68,104.8,4.8,2.4,35.8,27.9,406,266,60.4,4,253,192,56.9,2.4,Defense,151,151,7,83
3810,Sydney Shaw,RD,0,SFP,81,24,32621,4,13,17,-7,18,2,4,6,3791,0,0,0,1600,1,1,0,0,0,0,20,6,29,68,78,66,59,73,96.5,3.4,4,36.6,30.8,518,435,54.4,-0.2,331,274,54.7,2.6,Defense,150,150,8,83
2207,Lias Ekholm-Gunnarsson,C,0,WPG,77,5,6629,1,3,4,-2,4,0,1,1,556,0,0,0,540,0,90,39,0,0,0,4,2,3,5,8,67,67,67,108,3.9,5.2,18.9,41,61,103,37.2,0,34,78,30.4,-1.9,Forward,148,148,2,83
3029,Graj Virrok,RW,0,PHI,81,7,7024,2,3,5,2,0,0,0,0,59,0,0,0,47,0,4,1,0,0,0,7,5,2,7,20,74,79,59,106,3.1,2.1,28.6,42.7,112,125,47.3,0.6,65,94,40.9,-4.2,Forward,144,144,3,83
2440,Dirty Boots,LD,0,BAP,81,6,3430,0,0,0,-3,0,0,0,0,0,0,0,0,309,0,0,0,0,0,0,1,0,1,16,3,54,50,60,87.1,3.5,6.9,48.4,34.6,63,58,52.1,8.4,48,32,60,15.9,Defense,129,129,9,83
2457,Mikko Rashford,LW,0,WPG,81,6,6749,1,2,3,-3,6,0,0,0,180,0,0,0,0,0,1,0,0,0,0,15,3,3,4,13,70,69,64,97.5,3.3,4.9,28.5,35.1,93,116,44.5,1.9,56,77,42.1,0.4,Forward,128,128,4,83
2886,Evan Winter,C,0,LAP,78,24,24196,6,6,12,-3,4,1,0,1,103,0,0,0,860,1,306,144,0,0,0,17,15,19,18,53,66,60,72,98.9,2.3,2.8,32.8,33.9,366,392,48.3,-2.6,237,256,48.1,-3.2,Forward,127,127,5,83
3287,Jack St. Clair,C,0,TEX,81,6,8412,3,4,7,-1,2,0,3,3,813,0,0,0,312,0,121,68,0,0,0,7,2,8,7,16,73,72,73,95.8,4,4.4,45.4,34.6,177,121,59.4,5,115,79,59.3,5.7,Forward,127,127,6,83
3524,Viktor Hargreeves,C,0,SFP,81,24,29904,10,15,25,8,8,0,0,0,855,1,1,2,3029,0,373,196,0,0,0,15,11,19,8,52,70,70,68,102.4,5.1,4.3,36.1,36.4,482,456,51.4,-4.7,314,314,50,-4.7,Forward,126,126,7,83
2564,Shoyo Hinata,RW,0,ATL,81,10,9716,0,2,2,-3,0,0,0,0,0,0,0,0,0,0,3,2,0,0,0,8,9,5,10,20,65,63,65,94.2,1.9,3,35.2,26.7,171,158,52,-2.5,109,95,53.4,-3.6,Forward,124,124,8,83
2433,Max Manning,LW,0,BAP,77,6,6177,1,1,2,1,0,0,0,0,0,0,0,0,0,0,1,0,0,0,0,5,6,5,1,7,69,67,65,100.9,2.3,1.7,39,34.4,111,86,56.3,4.2,81,67,54.7,4.2,Forward,123,123,9,83
3395,Toasty Soderberg-Snooks,LD,0,SFP,81,24,31428,3,9,12,10,18,0,1,1,1197,0,1,1,2470,1,0,0,0,0,0,13,6,18,100,42,64,53,79,101.9,4.5,3.6,37.1,35,540,506,51.6,-4.6,335,316,51.5,-2.4,Defense,121,121,10,83
1676,Konstantin Selich,LW,0,BUF,79,10,10112,0,4,4,-5,2,0,0,0,0,0,0,0,51,0,6,2,0,0,0,12,12,3,8,16,59,55,62,98.5,2.5,4.3,29.3,42.9,158,197,44.5,-11.2,101,144,41.2,-12,Forward,116,116,10,83
