id,name,position,league,team,season,gamesPlayed,timeOnIce,goals,assists,points,plusMinus,pim,ppGoals,ppAssists,ppPoints,ppTimeOnIce,shGoals,shAssists,shPoints,shTimeOnIce,gwg,faceoffs,faceoffWins,fights,fightWins,fightLosses,hits,giveaways,takeaways,shotsBlocked,shotsOnGoal,gameRating,offensiveGameRating,defensiveGameRating,advancedStats.PDO,advancedStats.GF60,advancedStats.GA60,advancedStats.SF60,advancedStats.SA60,advancedStats.CF,advancedStats.CA,advancedStats.CFPct,advancedStats.CFPctRel,advancedStats.FF,advancedStats.FA,advancedStats.FFPct,advancedStats.FFPctRel,pos,cum_points,label,rank,season_label
NA, ,NA,NA,ATL,NA,NA,NA,NA,NA,NA,NA,NA,NA,NA,NA,NA,NA,NA,NA,NA,NA,NA,NA,NA,NA,NA,NA,NA,NA,NA,NA,NA,NA,NA,NA,NA,NA,NA,NA,NA,NA,NA,NA,NA,NA,NA,NA,Forward,0, ,1,65
NA, ,NA,NA,ATL,NA,NA,NA,NA,NA,NA,NA,NA,NA,NA,NA,NA,NA,NA,NA,NA,NA,NA,NA,NA,NA,NA,NA,NA,NA,NA,NA,NA,NA,NA,NA,NA,NA,NA,NA,NA,NA,NA,NA,NA,NA,NA,NA,Forward,0, ,2,65
NA, ,NA,NA,ATL,NA,NA,NA,NA,NA,NA,NA,NA,NA,NA,NA,NA,NA,NA,NA,NA,NA,NA,NA,NA,NA,NA,NA,NA,NA,NA,NA,NA,NA,NA,NA,NA,NA,NA,NA,NA,NA,NA,NA,NA,NA,NA,NA,Forward,0, ,3,65
NA, ,NA,NA,ATL,NA,NA,NA,NA,NA,NA,NA,NA,NA,NA,NA,NA,NA,NA,NA,NA,NA,NA,NA,NA,NA,NA,NA,NA,NA,NA,NA,NA,NA,NA,NA,NA,NA,NA,NA,NA,NA,NA,NA,NA,NA,NA,NA,Forward,0, ,4,65
NA, ,NA,NA,ATL,NA,NA,NA,NA,NA,NA,NA,NA,NA,NA,NA,NA,NA,NA,NA,NA,NA,NA,NA,NA,NA,NA,NA,NA,NA,NA,NA,NA,NA,NA,NA,NA,NA,NA,NA,NA,NA,NA,NA,NA,NA,NA,NA,Forward,0, ,5,65
NA, ,NA,NA,ATL,NA,NA,NA,NA,NA,NA,NA,NA,NA,NA,NA,NA,NA,NA,NA,NA,NA,NA,NA,NA,NA,NA,NA,NA,NA,NA,NA,NA,NA,NA,NA,NA,NA,NA,NA,NA,NA,NA,NA,NA,NA,NA,NA,Forward,0, ,6,65
NA, ,NA,NA,ATL,NA,NA,NA,NA,NA,NA,NA,NA,NA,NA,NA,NA,NA,NA,NA,NA,NA,NA,NA,NA,NA,NA,NA,NA,NA,NA,NA,NA,NA,NA,NA,NA,NA,NA,NA,NA,NA,NA,NA,NA,NA,NA,NA,Forward,0, ,7,65
NA, ,NA,NA,ATL,NA,NA,NA,NA,NA,NA,NA,NA,NA,NA,NA,NA,NA,NA,NA,NA,NA,NA,NA,NA,NA,NA,NA,NA,NA,NA,NA,NA,NA,NA,NA,NA,NA,NA,NA,NA,NA,NA,NA,NA,NA,NA,NA,Forward,0, ,8,65
NA, ,NA,NA,ATL,NA,NA,NA,NA,NA,NA,NA,NA,NA,NA,NA,NA,NA,NA,NA,NA,NA,NA,NA,NA,NA,NA,NA,NA,NA,NA,NA,NA,NA,NA,NA,NA,NA,NA,NA,NA,NA,NA,NA,NA,NA,NA,NA,Forward,0, ,9,65
NA, ,NA,NA,ATL,NA,NA,NA,NA,NA,NA,NA,NA,NA,NA,NA,NA,NA,NA,NA,NA,NA,NA,NA,NA,NA,NA,NA,NA,NA,NA,NA,NA,NA,NA,NA,NA,NA,NA,NA,NA,NA,NA,NA,NA,NA,NA,NA,Forward,0, ,10,65
1367,Calvin Hobbes,C,0,SEA,66,22,31148,8,19,27,-6,10,2,9,11,3699,0,1,1,1951,0,507,286,0,0,0,24,23,17,22,49,75,71,77,98.8,2.5,3.5,25.7,31.8,316,367,46.3,4.4,216,251,46.3,3.6,Forward,27,27,1,66
1428,Vaseline Podcalzone,RW,0,SEA,66,22,30551,5,19,24,-3,10,1,6,7,3520,0,1,1,835,3,32,5,0,0,0,56,24,11,26,39,84,83,76,99.8,2.2,2.7,25.6,31.1,319,396,44.6,1.9,231,263,46.8,4.5,Forward,24,24,2,66
1775,Anton Mihailov,C,0,ATL,66,21,26554,13,11,24,11,6,2,2,4,2329,1,0,1,815,1,304,167,0,0,0,31,15,16,13,68,74,73,70,99.7,4,2.3,36,20.1,400,273,59.4,3.4,280,168,62.5,3.6,Forward,24,24,3,66
1831,Paul Binder,LW,0,ATL,66,21,25339,9,14,23,21,4,0,0,0,555,0,0,0,450,1,11,2,0,0,0,49,21,13,6,60,77,84,61,105.7,5.6,2.5,37.1,26.8,388,305,56,-1.8,296,210,58.5,-2.3,Forward,23,23,4,66
1970,Salzberger Lillehammersson,RW,0,ATL,66,21,25548,4,18,22,10,2,0,5,5,2232,0,0,0,186,0,24,13,0,0,0,57,15,10,14,45,83,83,76,100.2,3.4,1.7,37,19,392,263,59.8,4,284,152,65.1,7.3,Forward,22,22,5,66
583,Ryan Shepard,C,0,CHI,66,14,16887,10,11,21,13,2,0,1,1,607,0,0,0,65,0,229,106,0,0,0,9,17,4,6,37,66,62,70,108.8,4.9,1.6,33.5,27.1,247,225,52.3,-4.8,178,146,54.9,-2.7,Forward,21,21,6,66
1701,Puddles O'Duck,LD,0,ATL,66,21,29152,9,12,21,5,8,5,3,8,2390,0,0,0,1341,2,0,0,0,0,0,24,1,12,35,85,66,63,69,97.4,3.5,2.8,37.7,23.6,423,301,58.4,2,307,198,60.8,1.2,Defense,21,21,1,66
2455,Viktor Krunk,C,0,ATL,66,21,24766,13,8,21,11,2,0,0,0,0,1,0,1,1613,3,362,163,0,0,0,23,25,13,10,53,60,55,64,101.3,4.4,3,35.8,27.2,358,304,54.1,-4.6,276,203,57.6,-3.6,Forward,21,21,7,66
1261,Liam Slate,LW,0,SEA,66,22,29651,7,13,20,-4,0,2,8,10,3579,0,0,0,299,1,36,14,0,0,0,65,18,14,15,38,79,84,69,100.3,2.7,3.2,24.6,30.6,314,369,46,3.9,205,244,45.7,2.6,Forward,20,20,8,66
1269,Theo Kondos,RW,0,CHI,66,14,18479,8,12,20,14,2,2,1,3,1261,0,0,0,1170,0,65,23,0,0,0,22,12,8,17,56,81,82,76,105.7,5.2,2.2,34.8,24.7,303,213,58.7,4.9,197,139,58.6,2.8,Forward,20,20,9,66
1867,KEKW Kekkonen,C,0,BUF,66,16,22073,11,9,20,3,4,4,0,4,2068,0,1,1,1311,2,351,206,0,0,0,13,11,18,13,49,74,69,77,102.5,3.3,2.3,31.8,29.5,276,264,51.1,1,198,176,52.9,3.2,Forward,20,20,10,66
806,Michael Withecheck,RD,0,ATL,66,21,28364,2,15,17,18,8,0,2,2,2302,0,1,1,1544,1,0,0,0,0,0,31,6,18,57,57,71,64,78,105.4,4.6,1.8,35.1,23.2,370,311,54.3,-4.2,277,194,58.8,-1.8,Defense,17,17,2,66
1892,Kermit Murphy,LD,0,SEA,66,22,31084,10,6,16,-2,2,8,2,10,3636,0,0,0,1283,1,0,0,0,0,0,33,2,23,45,58,69,61,76,101.3,2.2,2.6,24.9,34.5,323,404,44.4,1.6,217,291,42.7,-1.8,Defense,16,16,3,66
1969,Shion Okamoto,LD,0,CHI,66,14,17756,2,10,12,15,10,1,2,3,1557,0,0,0,368,1,0,0,0,0,0,15,2,9,17,35,66,59,73,108.9,5,1.1,36.6,23.9,287,208,58,3.6,200,124,61.7,7.4,Defense,12,12,4,66
373,Adam Barron,LD,0,ATL,66,21,22534,6,5,11,10,10,0,0,0,159,0,1,1,708,1,0,0,0,0,0,19,1,21,26,46,64,56,73,99.9,4.7,3.2,38.9,26.1,372,263,58.6,2.1,279,184,60.3,0.4,Defense,11,11,5,66
774,Jack Nishimori,RD,0,ATL,66,21,21563,1,9,10,10,6,0,0,0,18,0,0,0,583,0,0,0,0,0,0,16,2,6,33,45,57,52,63,99.5,4.8,3.3,41.2,26.8,364,261,58.2,1.6,285,182,61,1.5,Defense,10,10,6,66
941,Ethan Bouchard,LD,0,TBB,66,10,12814,2,7,9,5,0,0,3,3,888,0,0,0,226,0,0,0,0,0,0,4,4,7,17,22,63,57,66,104.7,4.6,2.8,36.6,35.1,205,182,53,3.8,147,138,51.6,3.6,Defense,9,9,7,66
1137,Jay Sink,LD,0,ATL,66,21,26221,3,6,9,20,4,0,0,0,484,1,0,1,897,2,0,0,0,0,0,17,2,12,37,49,64,57,70,106,4.2,1.4,34.6,23.8,372,312,54.4,-4.2,281,202,58.2,-2.8,Defense,9,9,8,66
1295,Teddy Murphy,RD,0,SEA,66,22,26784,2,7,9,-8,15,0,0,0,123,0,1,1,1060,1,0,0,0,0,0,18,6,17,44,40,61,56,66,98.5,2.4,3.5,24.7,31.5,304,417,42.2,-1.9,221,263,45.7,2.7,Defense,9,9,9,66
1376,Tanjiro Kamado,LD,0,CHI,66,14,15568,3,5,8,13,0,0,0,0,8,0,0,0,418,0,0,0,0,0,0,18,4,15,9,22,62,54,70,107.1,5.2,2.1,36.4,29.5,259,226,53.4,-3.3,189,155,54.9,-2.8,Defense,8,8,10,66
1428,Vaseline Podcalzone,RW,0,SEA,67,23,28338,10,18,28,10,4,3,2,5,1753,1,0,1,894,2,42,11,0,0,0,45,22,17,14,66,80,82,69,102.8,4.3,2.9,30.8,26.1,397,345,53.5,-3.4,272,219,55.4,-0.8,Forward,52,52,1,67
2200,Lev Lebedev,C,0,MAN,67,27,35059,22,21,43,6,4,5,7,12,3384,1,0,1,368,3,453,218,0,0,0,23,33,21,24,97,71,69,71,105.9,4.4,3.2,29.3,35.6,416,560,42.6,-1.1,298,374,44.3,0.8,Forward,48,48,2,67
558,Luukas Lilja,C,0,SEA,67,23,27659,19,19,38,23,12,2,4,6,1863,0,2,2,364,3,334,184,0,0,0,16,17,18,21,64,74,74,73,107.7,5.2,2.1,32.3,24.8,407,335,54.9,-1.4,281,213,56.9,1.4,Forward,45,45,3,67
1261,Liam Slate,LW,0,SEA,67,23,27990,10,15,25,17,12,1,2,3,1766,1,0,1,131,1,24,6,0,0,0,59,20,11,6,51,78,83,66,105.4,3.9,1.5,33.5,25,447,348,56.2,0.7,285,221,56.3,0.6,Forward,45,45,4,67
1367,Calvin Hobbes,C,0,SEA,67,23,26153,7,11,18,16,4,0,0,0,23,1,0,1,2585,1,318,173,0,0,0,18,12,16,14,45,71,69,70,104.7,3.8,1.5,33.6,23.1,417,284,59.5,5.4,261,178,59.5,5,Forward,45,45,5,67
1506,William Salming,LW,0,SEA,67,23,29409,4,17,21,16,6,0,0,0,437,0,0,0,2486,2,50,22,0,0,0,49,18,14,16,48,79,83,70,105,4.3,2.2,33.2,26.8,417,362,53.5,-3.4,291,241,54.7,-1.9,Forward,40,40,6,67
1775,Anton Mihailov,C,0,SEA,67,23,27599,7,7,14,4,8,0,0,0,336,0,0,0,797,1,259,134,0,0,0,19,18,21,8,51,68,67,68,100.8,2.9,2.3,32,28.6,440,366,54.6,-1.8,274,251,52.2,-5.8,Forward,38,38,7,67
2433,Max Manning,LW,0,SEA,67,23,26555,8,16,24,13,10,0,0,0,322,0,1,1,1156,0,20,9,0,0,0,57,19,21,20,41,81,79,76,103,3.7,2.2,32.6,25.4,425,315,57.4,2.5,270,201,57.3,2.1,Forward,38,38,8,67
1824,Tomas Lind,LW,0,MAN,67,27,34165,7,27,34,7,4,2,8,10,3747,0,0,0,173,0,40,15,0,0,0,73,33,17,16,80,78,82,64,106.3,4.4,3,30.4,36.4,425,527,44.6,2,302,363,45.4,2.5,Forward,37,37,9,67
1063,Robert E O Speedwagon,RW,0,MAN,67,27,34284,6,25,31,3,14,1,5,6,3609,0,2,2,1983,0,19,5,0,0,0,61,12,17,31,58,77,75,76,104.5,3.9,3,29.7,35,376,505,42.7,-1,274,339,44.7,1.3,Forward,36,36,10,67
1892,Kermit Murphy,LD,0,SEA,67,23,30419,2,16,18,19,14,0,4,4,1863,0,2,2,2424,1,0,0,0,0,0,23,6,17,56,71,67,60,74,104.6,4.5,2.1,35,24.5,448,326,57.9,3.2,297,212,58.3,3.7,Defense,34,34,1,67
1701,Puddles O'Duck,LD,0,ATL,67,11,15965,0,5,5,1,4,0,1,1,1025,0,1,1,754,0,0,0,0,0,0,6,1,12,24,44,67,58,76,97.9,2.3,2,40.6,26.1,225,174,56.4,1,175,128,57.8,2,Defense,26,26,2,67
806,Michael Withecheck,RD,0,ATL,67,11,14885,2,3,5,-1,6,0,0,0,236,0,0,0,556,1,0,0,0,0,0,9,2,12,14,33,65,61,68,96.2,2,2.6,39.1,28.4,231,181,56.1,0.5,176,133,57,0.7,Defense,22,22,3,67
732,Sven Svechnikov,LD,0,MAN,67,27,37847,8,11,19,7,6,4,3,7,3697,0,0,0,2289,2,0,0,0,0,0,33,5,13,63,55,66,60,72,107.6,4.2,3.1,26.7,37.6,406,567,41.7,-2.5,280,380,42.4,-2.1,Defense,21,21,4,67
1327,Teylora Petrov,RD,0,MAN,67,27,36765,5,12,17,7,4,3,6,9,3777,0,2,2,2164,2,0,0,0,0,0,24,6,15,103,41,65,53,79,106.4,3.6,2.5,27.4,36.1,411,537,43.4,0,280,357,44,0.2,Defense,19,19,5,67
2340,Landon Fischermann,RD,0,SEA,67,23,28640,5,6,11,11,6,0,0,0,361,0,0,0,1071,2,0,0,0,0,0,17,4,14,36,52,62,57,67,102.2,4,2.5,32.7,25.4,456,346,56.9,1.7,291,231,55.7,-0.3,Defense,19,19,6,67
1864,Daryl Urquhart,RD,0,SEA,67,23,28281,2,8,10,4,14,0,0,0,354,0,0,0,1227,0,0,0,0,0,0,30,4,24,32,42,62,54,69,100.9,3.2,2.8,32.1,30.9,407,377,51.9,-5.9,275,269,50.6,-8.5,Defense,18,18,7,67
1295,Teddy Murphy,RD,0,SEA,67,23,23958,1,7,8,19,4,0,0,0,34,0,0,0,729,0,0,0,0,0,0,11,3,11,16,36,59,52,66,106,4.2,1.4,33.2,21.3,410,296,58.1,3.4,266,163,62,8.6,Defense,17,17,8,67
774,Jack Nishimori,LD,0,MTL,67,16,21397,1,5,6,-7,4,0,1,1,416,0,0,0,1367,0,0,0,0,0,0,12,0,8,26,28,64,58,67,98.7,2.2,3.5,28.4,38.5,272,324,45.6,-2.4,181,251,41.9,-6.8,Defense,16,16,9,67
2251,Jonathon Hagan,RD,0,MTL,67,16,22221,6,9,15,8,2,1,2,3,1490,0,0,0,731,2,0,0,0,0,0,16,1,16,32,41,67,61,73,103.2,4,2.3,36.2,30.2,319,307,51,6,232,209,52.6,10.1,Defense,15,15,10,67
1428,Vaseline Podcalzone,LW,0,SEA,68,21,28372,12,15,27,12,10,3,4,7,2787,0,0,0,1162,1,36,12,0,0,0,52,23,17,11,51,83,86,75,103.5,3.8,2.1,31,23.3,358,264,57.6,-3.2,245,179,57.8,-2.6,Forward,79,79,1,68
2200,Lev Lebedev,C,0,MAN,68,24,35342,14,9,23,-6,10,3,1,4,3846,0,0,0,256,4,479,244,0,0,0,21,28,17,18,116,74,72,69,97.5,2.9,3.5,33.1,30.8,448,449,49.9,3.6,332,323,50.7,4.4,Forward,71,71,2,68
2433,Max Manning,C,0,SEA,68,21,29334,18,14,32,16,2,3,3,6,2751,0,0,0,922,2,325,180,0,0,0,17,24,17,16,64,77,79,70,103.7,4.6,2.4,32.3,22.4,385,274,58.4,-1.9,273,184,59.7,0.3,Forward,70,70,3,68
558,Luukas Lilja,LW,0,SEA,68,21,26698,10,10,20,10,2,1,4,5,2603,0,0,0,162,2,12,4,0,0,0,59,16,10,12,69,82,87,67,102.4,3.3,1.8,31.7,22.4,359,249,59,-0.9,246,170,59.1,-0.6,Forward,65,65,4,68
1824,Tomas Lind,LW,0,MAN,68,24,33921,10,17,27,7,10,1,2,3,4127,0,0,0,174,1,36,11,0,0,0,51,18,26,12,73,79,84,67,102.8,3.6,2.7,33.3,32.7,410,446,47.9,0.4,319,328,49.3,2.2,Forward,64,64,5,68
1063,Robert E O Speedwagon,RW,0,MAN,68,24,34948,3,24,27,-2,2,0,5,5,3637,0,0,0,2289,0,14,8,0,0,0,51,22,19,15,43,76,76,71,99.1,3.1,3.2,33.5,31.6,417,421,49.8,3.2,311,307,50.3,3.7,Forward,63,63,6,68
1367,Calvin Hobbes,C,0,SEA,68,21,24662,8,10,18,12,0,0,0,0,23,2,0,2,3104,1,287,145,0,0,0,14,24,8,7,50,69,69,66,102,3.2,1.5,33.6,20.1,322,190,62.9,4.5,231,141,62.1,3.6,Forward,63,63,7,68
1506,William Salming,RW,0,SEA,68,21,28161,4,18,22,20,6,0,1,1,773,0,1,1,2901,1,18,7,0,0,0,39,14,10,19,29,78,80,71,107.7,4.7,1.9,30,23.8,353,273,56.4,-4.9,240,185,56.5,-4.6,Forward,62,62,8,68
1775,Anton Mihailov,C,0,SEA,68,21,26583,12,9,21,14,8,1,0,1,819,0,2,2,1083,5,262,144,0,0,0,29,17,17,7,55,73,74,67,103.5,3.4,1.6,31.8,22.6,379,258,59.5,-0.2,261,179,59.3,-0.3,Forward,59,59,9,68
1970,Salzberger Lillehammersson,RW,0,ATL,68,12,16246,8,15,23,10,0,1,3,4,1588,2,0,2,997,1,9,3,0,0,0,26,11,11,8,54,85,91,69,100.8,5.3,2.9,37.9,22.1,229,159,59,2.6,165,99,62.5,6.4,Forward,59,59,10,68
1892,Kermit Murphy,LD,0,SEA,68,21,30688,3,18,21,24,8,1,5,6,2839,0,2,2,2653,1,0,0,0,0,0,20,1,21,25,73,68,63,73,108.2,4.4,1.3,31,21.3,380,243,61,2.1,259,172,60.1,0.8,Defense,55,55,1,68
732,Sven Svechnikov,LD,0,MAN,68,24,36463,2,14,16,11,4,1,4,5,3956,0,0,0,646,1,0,0,0,0,0,24,3,16,68,75,67,60,75,103.5,3.8,2.6,33.3,32.3,466,497,48.4,1.2,348,339,50.7,4.4,Defense,37,37,2,68
806,Michael Withecheck,RD,0,ATL,68,12,15102,2,6,8,10,8,0,1,1,328,1,0,1,569,0,0,0,0,0,0,8,0,11,26,33,65,59,71,101.6,4.8,2.5,37.8,22.8,245,145,62.8,8.5,177,104,63,7.4,Defense,30,30,3,68
1276,Jonas Kahnwald,LD,0,SEA,68,21,30255,2,14,16,2,6,1,3,4,2733,0,0,0,1904,1,0,0,0,0,0,26,4,20,20,51,66,62,67,98.7,3,2.7,30.2,24.2,375,265,58.6,-1.6,252,199,55.9,-5.7,Defense,29,29,4,68
1701,Puddles O'Duck,LD,0,ATL,68,12,16423,0,2,2,-2,0,0,2,2,1449,0,0,0,1006,0,0,0,0,0,0,7,1,9,30,22,62,57,65,95,3.4,3.9,35,26.5,220,182,54.7,-4,153,121,55.8,-3.6,Defense,28,28,5,68
2340,Landon Fischermann,RD,0,SEA,68,21,29337,2,7,9,23,8,0,0,0,867,0,0,0,2602,0,0,0,0,0,0,24,3,19,34,51,67,60,76,108.1,4.3,1.1,31.6,19.9,392,240,62,3.7,271,167,61.9,3.5,Defense,28,28,6,68
1864,Daryl Urquhart,RD,0,SEA,68,21,26678,1,7,8,9,8,0,0,0,812,0,0,0,591,0,0,0,0,0,0,22,1,18,22,50,59,55,63,101.6,3.8,2.7,31.8,25.8,374,282,57,-4.1,258,210,55.1,-7,Defense,26,26,7,68
883,Sean Gatez,RD,0,MAN,68,24,35254,5,6,11,5,14,2,1,3,3894,0,1,1,129,2,0,0,0,0,0,36,2,16,77,60,68,60,76,100.5,3.1,2.5,34.9,30.1,466,477,49.4,2.9,353,310,53.2,8.4,Defense,25,25,8,68
1837,Bean Beanman,LD,0,BUF,68,17,24069,6,12,18,6,12,2,4,6,3098,0,0,0,1357,0,0,0,0,0,0,14,2,12,41,41,66,62,69,102.8,5.7,4.2,37.4,34.1,355,294,54.7,1.1,247,214,53.6,-0.5,Defense,25,25,9,68
1969,Shion Okamoto,LD,0,CHI,68,15,19934,3,4,7,4,2,2,2,4,2147,0,0,0,439,0,0,0,0,0,0,18,3,13,38,30,69,62,77,102.2,2.9,1.9,31.7,27,294,280,51.2,3.4,196,156,55.7,6.8,Defense,21,21,10,68
1428,Vaseline Podcalzone,LW,0,SEA,69,16,22096,6,16,22,9,10,1,1,2,2426,0,1,1,538,0,30,6,0,0,0,47,8,9,17,37,87,89,77,103.4,4.5,2.6,29.4,22,256,199,56.3,4.9,176,137,56.2,3.7,Forward,101,101,1,69
2433,Max Manning,C,0,SEA,69,16,22749,14,12,26,9,4,2,3,5,2458,1,0,1,448,4,277,125,0,0,0,15,16,20,10,58,77,80,71,102.2,4,2.4,30.3,21.6,262,199,56.8,5.8,186,134,58.1,6.6,Forward,96,96,2,69
1775,Anton Mihailov,C,0,SEA,69,16,20227,15,6,21,5,6,1,1,2,559,0,0,0,648,1,263,135,0,0,0,17,12,12,13,52,73,74,68,101.3,4,2.8,29.9,23.7,260,223,53.8,1.3,186,147,55.9,3.2,Forward,80,80,3,69
2200,Lev Lebedev,C,0,MAN,69,5,6695,3,2,5,-7,2,0,1,1,780,0,0,0,404,0,91,58,0,0,0,6,7,2,4,15,66,66,58,96.1,3.9,7.8,30,46.4,79,118,40.1,0.9,57,80,41.6,1.8,Forward,76,76,4,69
1367,Calvin Hobbes,C,0,SEA,69,16,17897,3,9,12,3,6,0,0,0,0,0,0,0,1631,1,244,99,0,0,0,13,12,6,10,29,68,68,66,102.8,2.7,2,26.3,27.2,194,205,48.6,-6.2,136,147,48.1,-8.2,Forward,75,75,5,69
1506,William Salming,RW,0,SEA,69,16,19747,3,8,11,6,2,0,0,0,452,0,0,0,1612,0,8,4,0,0,0,44,13,4,18,18,75,76,70,101.8,4.1,2.9,28.3,22.6,219,184,54.3,1.9,154,123,55.6,2.6,Forward,73,73,6,69
1970,Salzberger Lillehammersson,RW,0,ATL,69,14,18094,5,8,13,-3,8,2,3,5,1996,0,0,0,486,1,21,5,0,0,0,27,16,8,9,59,79,85,62,94.1,2.8,3.2,43.4,26.3,316,209,60.2,8.2,212,131,61.8,7.4,Forward,72,72,7,69
1261,Liam Slate,RW,0,SEA,69,16,19117,2,11,13,3,2,1,1,2,618,0,0,0,67,0,5,2,0,0,0,37,18,10,14,25,79,80,69,98.5,3.7,3.1,30.7,23,265,215,55.2,3.4,185,137,57.5,5.6,Forward,70,70,8,69
1824,Tomas Lind,LW,0,MAN,69,5,6641,0,4,4,-8,0,0,2,2,726,0,0,0,492,0,9,0,0,0,0,7,7,4,10,6,67,70,55,92.9,4,8.6,33.2,45.1,83,111,42.8,5,59,79,42.8,3.6,Forward,68,68,9,69
2457,Mikko Rashford,RW,0,WPG,69,24,31812,7,29,36,10,8,2,7,9,3458,0,0,0,377,1,10,1,0,0,0,45,18,15,13,67,81,89,64,102.1,4.2,2.7,33.3,25.5,433,317,57.7,0,303,225,57.4,-2.2,Forward,67,67,10,69
1892,Kermit Murphy,LD,0,SEA,69,16,23323,2,9,11,-4,6,1,2,3,2451,0,1,1,1353,0,0,0,0,0,0,19,2,10,26,60,65,61,69,96,2.4,2.8,26.7,21.4,246,209,54.1,1.6,166,136,55,1.7,Defense,66,66,1,69
1276,Jonas Kahnwald,LD,0,SEA,69,16,23058,5,9,14,11,4,2,2,4,2598,0,0,0,1039,1,0,0,0,0,0,10,2,18,16,55,66,62,70,105,4.6,2.4,32.8,26.5,280,217,56.3,5.3,198,159,55.5,2.7,Defense,43,43,2,69
1701,Puddles O'Duck,LD,0,ATL,69,14,19214,6,9,15,-8,6,3,4,7,1913,0,1,1,1385,2,0,0,0,0,0,12,4,7,47,39,66,60,71,92.4,2.9,4.5,39.6,30.1,275,235,53.9,-1.8,206,154,57.2,0.3,Defense,43,43,3,69
732,Sven Svechnikov,LD,0,MAN,69,5,7090,0,2,2,-5,0,0,1,1,756,0,0,0,463,0,0,0,0,0,0,6,2,4,19,18,68,57,79,92.6,0.6,3.1,28.2,31.9,91,119,43.3,6.1,57,65,46.7,9.1,Defense,39,39,4,69
806,Michael Withecheck,RD,0,ATL,69,14,17346,2,4,6,0,4,1,0,1,722,0,0,0,788,0,0,0,0,0,0,16,2,6,32,42,64,58,68,93.6,3.4,3.6,39.3,24.1,251,183,57.8,4,192,134,58.9,2.8,Defense,36,36,5,69
1864,Daryl Urquhart,RD,0,SEA,69,16,20974,3,7,10,10,2,0,0,0,210,0,0,0,510,2,0,0,0,0,0,15,1,12,19,32,60,55,64,104.3,4.4,2.7,30.6,26,273,234,53.8,1.4,195,165,54.2,0.6,Defense,36,36,6,69
2228,Marcel Beck,RD,0,WPG,69,24,33654,6,10,16,7,9,3,2,5,3309,0,1,1,2466,0,0,0,1,0,1,39,4,28,34,59,65,56,74,100.5,3.1,2.3,27.9,21.8,389,273,58.8,1.5,261,185,58.5,-0.3,Defense,33,33,7,69
1143,Angus McFife XVIII,RD,0,ATL,69,14,19376,4,7,11,-8,2,2,3,5,1966,0,0,0,1377,1,0,0,0,0,0,13,3,11,33,47,63,59,65,92.6,3.1,4.7,39.1,30.5,286,238,54.6,-0.8,211,157,57.3,0.5,Defense,31,31,8,69
2340,Landon Fischermann,RD,0,SEA,69,16,21986,0,3,3,-6,10,0,0,0,505,0,0,0,1539,0,0,0,0,0,0,16,4,7,27,27,59,54,65,93.6,2.5,3.6,26.4,22.6,247,222,52.7,-0.5,169,147,53.5,-0.5,Defense,31,31,9,69
1194,Ethan Duncan,RD,0,WPG,69,24,27751,2,7,9,6,10,0,0,0,149,0,0,0,1166,0,0,0,0,0,0,20,3,14,25,59,58,53,64,98.4,3,2.5,32.3,22.5,385,297,56.5,-1.9,279,195,58.9,0.2,Defense,29,29,10,69
1428,Vaseline Podcalzone,LW,0,SEA,70,13,16647,5,11,16,10,6,1,1,2,1895,0,0,0,525,1,24,7,0,0,0,28,11,8,5,31,83,87,71,107.6,5.1,2.3,33.4,30.1,227,198,53.4,-1.8,156,141,52.5,-3.4,Forward,117,117,1,70
2433,Max Manning,C,0,SEA,70,13,18124,11,10,21,0,6,2,2,4,1958,0,0,0,652,2,220,97,0,0,0,10,14,5,7,61,75,81,64,98.2,4.2,3.9,33.2,27.4,244,203,54.6,0.1,173,146,54.2,-0.8,Forward,117,117,2,70
1775,Anton Mihailov,C,0,SEA,70,13,15455,9,7,16,7,4,0,0,0,494,0,0,0,539,1,175,85,0,0,0,9,9,7,9,30,71,75,63,104.2,4.7,3,32.9,29.5,217,192,53.1,-2.3,154,135,53.3,-2.2,Forward,96,96,3,70
2457,Mikko Rashford,RW,0,WPG,70,22,29787,13,14,27,3,12,1,5,6,3913,2,1,3,3007,2,6,3,0,0,0,34,19,13,16,108,81,89,64,98,3.8,3.5,41.6,31.2,447,341,56.7,0.2,308,225,57.8,0.4,Forward,94,94,4,70
1970,Salzberger Lillehammersson,RW,0,ATL,70,14,18233,6,13,19,9,2,1,2,3,3045,0,0,0,395,0,27,9,0,0,0,47,19,9,11,43,83,88,73,103.9,4.9,2.7,37.2,29.2,242,219,52.5,-2.4,170,142,54.5,-1.1,Forward,91,91,5,70
1506,William Salming,RW,0,SEA,70,13,16433,4,12,16,7,4,1,0,1,505,0,0,0,1934,1,11,0,0,0,0,24,12,7,9,30,74,78,66,103.5,5.1,3.3,32.4,27,229,177,56.4,2.8,152,126,54.7,-0.1,Forward,89,89,6,70
1923,Noel Blanchet,C,0,WPG,70,22,24498,9,16,25,8,4,1,2,3,1262,0,0,0,1182,0,328,186,0,0,0,25,14,12,16,62,68,66,65,100.5,4.2,2.8,42,28.7,425,320,57,0.6,298,212,58.4,1.4,Forward,85,85,7,70
2152,Gonzo Gobbledygook,LW,0,WPG,70,22,24947,14,13,27,16,8,0,2,2,1409,0,0,0,810,3,14,2,0,0,0,46,17,8,18,94,80,81,71,104.1,5.5,2.7,40.9,28.5,432,319,57.5,1.3,304,212,58.9,2.1,Forward,84,84,8,70
1014,Evil AllBran,C,0,PHI,70,18,25104,17,19,36,13,2,4,5,9,3757,0,0,0,1138,3,297,160,0,0,0,18,21,18,19,94,77,77,73,104.1,5.2,2.9,41.5,34,390,332,54,-0.9,272,226,54.6,0.9,Forward,83,83,9,70
1367,Calvin Hobbes,C,0,SEA,70,13,14114,1,4,5,0,4,0,0,0,12,0,0,0,2028,0,177,82,0,0,0,5,11,4,8,25,66,64,67,97.2,2.1,2.1,31.9,22.4,183,148,55.3,1,124,94,56.9,2.9,Forward,80,80,10,70
1892,Kermit Murphy,LD,0,SEA,70,13,18918,2,3,5,2,4,1,1,2,1795,0,0,0,1740,0,0,0,0,0,0,15,2,6,38,30,68,60,78,100.5,2.8,2.1,30.9,24.6,238,187,56,2.2,159,129,55.2,0.7,Defense,71,71,1,70
732,Sven Svechnikov,LD,0,NEW,70,28,41375,2,13,15,12,6,1,2,3,4701,0,2,2,3800,0,0,0,0,0,0,35,4,16,86,55,67,58,77,103.8,3.7,2.4,34.6,34.8,549,609,47.4,-0.3,370,375,49.7,1.7,Defense,54,54,2,70
1701,Puddles O'Duck,LD,0,ATL,70,14,19549,2,4,6,-1,2,2,1,3,2583,0,0,0,1712,0,0,0,0,0,0,23,6,14,33,45,67,59,76,95.8,3.1,3.3,37.8,26.9,257,199,56.4,3.3,194,134,59.1,6,Defense,49,49,3,70
1276,Jonas Kahnwald,RD,0,CHI,70,13,16778,0,3,3,-2,4,0,1,1,420,0,0,0,445,0,0,0,0,0,0,14,3,10,32,21,63,58,68,97.7,2.5,3.4,29.6,31.7,242,232,51.1,-1,150,160,48.4,-3.1,Defense,46,46,4,70
1864,Daryl Urquhart,RD,0,SEA,70,13,16180,1,7,8,3,10,0,1,1,722,0,0,0,324,0,0,0,0,0,0,14,2,9,25,23,59,54,62,99.4,4.8,4,34.3,27.8,238,204,53.8,-1.1,167,135,55.3,0.9,Defense,44,44,5,70
2529,Christian Kinsinger,LD,0,WPG,70,22,31125,5,13,18,9,10,4,5,9,4204,0,1,1,2754,1,0,0,0,0,0,38,9,27,50,74,70,61,80,100,4.2,2.7,41.9,27,482,320,60.1,5.3,336,213,61.2,5.7,Defense,44,44,6,70
806,Michael Withecheck,RD,0,ATL,70,14,18136,2,4,6,-4,8,1,0,1,1280,0,0,0,1021,0,0,0,0,0,0,19,0,14,30,29,67,60,75,96,2.3,3.2,35.2,30.5,260,234,52.6,-2.3,178,154,53.6,-2.4,Defense,42,42,7,70
2228,Marcel Beck,RD,0,WPG,70,22,26986,1,8,9,0,8,0,0,0,1613,0,1,1,2226,0,0,0,0,0,0,26,1,23,50,38,64,58,71,97.6,4.2,4.2,39.3,32.2,416,350,54.3,-3.4,295,241,55,-3.7,Defense,42,42,8,70
1194,Ethan Duncan,RD,0,WPG,70,22,23353,4,7,11,8,4,0,0,0,121,0,0,0,675,0,0,0,0,0,0,22,2,15,55,38,63,56,71,100.7,4.3,3,38.6,28.9,436,365,54.4,-3.3,273,214,56.1,-2.1,Defense,40,40,9,70
2340,Landon Fischermann,RD,0,SEA,70,13,19301,2,6,8,1,4,0,2,2,1654,0,0,0,1912,1,0,0,0,0,0,12,0,7,15,34,62,56,67,99.9,2.7,2.3,30,24.7,230,188,55,0.7,158,134,54.1,-1,Defense,39,39,10,70
2457,Mikko Rashford,RW,0,WPG,71,22,30922,16,17,33,9,14,4,5,9,2506,2,0,2,2992,2,11,1,0,0,0,33,28,15,13,108,81,90,64,99.5,4.1,3.1,39.1,28.2,451,357,55.8,2.2,318,243,56.7,3.1,Forward,127,127,1,71
2433,Max Manning,C,0,SEA,71,7,10573,4,3,7,-1,2,1,1,2,767,0,0,0,727,0,122,70,0,0,0,9,6,6,3,31,78,83,68,99.4,2.4,2.8,30.1,32.5,127,126,50.2,8,94,93,50.3,5.8,Forward,124,124,2,71
1428,Vaseline Podcalzone,LW,0,SEA,71,7,9780,3,1,4,-2,2,0,0,0,848,2,0,2,357,0,9,0,0,0,0,15,6,6,5,21,81,85,71,95.5,1.7,3.4,33.2,35.3,129,126,50.6,8.7,97,92,51.3,7.6,Forward,121,121,3,71
1014,Evil AllBran,C,0,PHI,71,18,25562,10,17,27,9,10,1,5,6,3460,0,1,1,1901,3,261,138,0,0,0,33,23,15,16,79,79,79,75,102.4,4.5,2.7,41.9,32.3,383,297,56.3,2.2,273,206,57,2.5,Forward,110,110,4,71
2152,Gonzo Gobbledygook,LW,0,WPG,71,22,25843,13,13,26,15,6,0,1,1,762,0,0,0,487,1,21,6,0,0,0,34,22,6,5,79,77,83,63,103.8,4.5,2.3,38.2,29.1,422,341,55.3,1.4,304,241,55.8,1.7,Forward,110,110,5,71
1923,Noel Blanchet,LW,0,WPG,71,22,27282,10,13,23,10,16,1,3,4,2288,0,0,0,247,3,20,11,0,0,0,31,28,12,13,59,72,73,69,101.2,4.4,2.9,40.3,30.1,462,353,56.7,3.5,313,240,56.6,2.9,Forward,108,108,6,71
2207,Lias Ekholm-Gunnarsson,C,0,WPG,71,22,30689,13,22,35,10,22,5,5,10,2580,0,2,2,2905,2,461,274,0,0,0,33,17,22,12,74,78,76,77,101.1,4.3,3.1,37.6,30.4,447,359,55.5,1.6,299,247,54.8,0.1,Forward,104,104,7,71
1970,Salzberger Lillehammersson,RW,0,ATL,71,11,13269,4,8,12,-1,6,1,0,1,454,0,1,1,490,0,31,10,0,0,0,15,11,6,11,17,73,82,55,99.4,3.8,4.4,31.5,34.8,196,184,51.6,-4.6,134,135,49.8,-7.9,Forward,103,103,8,71
2620,Red Kirkby,C,0,PHI,71,18,26477,14,10,24,5,10,1,4,5,3515,1,1,2,2231,3,345,189,0,0,0,25,23,13,23,76,77,76,74,100.9,3.8,3,42.5,36.6,410,326,55.7,1.3,286,243,54.1,-2,Forward,99,99,9,71
1775,Anton Mihailov,C,0,SEA,70,13,15455,9,7,16,7,4,0,0,0,494,0,0,0,539,1,175,85,0,0,0,9,9,7,9,30,71,75,63,104.2,4.7,3,32.9,29.5,217,192,53.1,-2.3,154,135,53.3,-2.2,Forward,96,96,10,71
1892,Kermit Murphy,RD,0,SEA,71,7,10109,1,4,5,-3,4,0,0,0,235,0,1,1,286,0,0,0,0,0,0,4,1,4,13,15,64,61,67,97.8,2.6,3.8,30,34.2,115,147,43.9,-2.4,94,107,46.8,0,Defense,76,76,1,71
2228,Marcel Beck,RD,0,WPG,71,22,28756,7,15,22,5,6,0,1,1,554,0,1,1,1885,0,0,0,0,0,0,30,2,23,42,50,64,57,69,98.7,4.8,4.1,37.9,29.4,449,385,53.8,-0.9,321,265,54.8,0.2,Defense,64,64,2,71
2529,Christian Kinsinger,LD,0,WPG,71,22,31351,3,17,20,6,11,0,4,4,2611,0,1,1,2841,0,0,0,1,0,1,25,11,23,59,66,68,61,75,97.8,4.9,4.2,39.5,28.8,445,360,55.3,1.3,324,252,56.3,2.4,Defense,64,64,3,71
1701,Puddles O'Duck,LD,0,ATL,71,11,15302,4,8,12,8,6,1,2,3,1459,0,2,2,1451,1,0,0,0,0,0,12,1,8,19,22,66,61,70,103.2,4.4,2.9,32,27.9,196,153,56.2,2.6,131,109,54.6,-0.3,Defense,61,61,4,71
732,Sven Svechnikov,LD,0,NEW,71,9,12451,0,0,0,3,8,0,0,0,654,0,0,0,983,0,0,0,0,0,0,8,3,7,23,18,67,57,78,102.3,3.3,2,37,30,184,150,55.1,-1.4,132,103,56.2,-2,Defense,54,54,5,71
2486,Jay O'Neil,RD,0,WPG,71,22,30828,5,12,17,20,10,2,4,6,2563,0,0,0,2825,1,0,0,0,0,0,32,5,27,46,60,69,57,82,104.7,4.4,1.8,39.3,28.7,459,343,57.2,4.3,320,239,57.2,3.9,Defense,54,54,6,71
1276,Jonas Kahnwald,LD,0,CHI,71,12,16951,1,5,6,7,0,0,0,0,555,0,0,0,1559,1,0,0,0,0,0,9,3,9,33,18,64,56,73,106.8,4.6,2.9,28.6,31.3,209,238,46.8,-2.5,138,153,47.4,-1.8,Defense,52,52,7,71
806,Michael Withecheck,RD,0,ATL,71,11,13839,1,6,7,8,6,0,0,0,688,0,1,1,952,1,0,0,0,0,0,15,1,9,25,32,66,59,73,103.9,4.4,2.4,39.8,32.8,214,183,53.9,-0.9,159,128,55.4,1,Defense,49,49,8,71
1194,Ethan Duncan,RD,0,WPG,71,22,24675,0,9,9,7,6,0,0,0,165,0,0,0,668,0,0,0,0,0,0,36,5,17,30,32,62,56,70,101.6,4.4,3.3,35.8,31.3,404,361,52.8,-2.3,271,248,52.2,-3.6,Defense,49,49,9,71
2488,San-sam Emerson,LD,0,PHI,71,18,24187,8,8,16,17,8,5,1,6,3703,0,1,1,854,1,0,0,0,0,0,19,3,15,39,63,69,64,75,105.6,5.9,2.6,42.2,30.8,367,292,55.7,1.2,263,202,56.6,1.8,Defense,48,48,10,71
2457,Mikko Rashford,RW,0,WPG,72,19,25539,8,22,30,14,6,1,2,3,3616,1,2,3,3153,2,5,3,0,0,0,39,22,13,16,68,83,89,68,103.4,5.4,2.9,43,31.5,352,296,54.3,-5.3,257,201,56.1,-5.1,Forward,157,157,1,72
1014,Evil AllBran,C,0,PHI,72,17,22804,19,17,36,16,8,3,6,9,3601,0,0,0,269,4,299,162,0,0,0,17,21,12,15,87,76,77,70,105.5,6.5,2.7,43.3,28.3,365,277,56.9,0,260,189,57.9,0.4,Forward,146,146,2,72
2433,Max Manning,C,0,WPG,72,19,22397,12,7,19,4,14,1,0,1,1014,1,0,1,1160,1,255,128,0,0,0,17,19,8,12,83,71,72,65,96.8,4.1,3.6,42,27.4,391,289,57.5,-0.6,271,186,59.3,-0.3,Forward,143,143,3,72
2207,Lias Ekholm-Gunnarsson,C,0,WPG,72,19,25538,16,16,32,11,12,2,4,6,3651,1,1,2,3023,1,399,222,0,0,0,17,24,18,22,96,77,75,78,101.1,5.5,3.4,45.8,31.3,366,281,56.6,-1.9,273,190,59,-0.8,Forward,136,136,4,72
1428,Vaseline Podcalzone,LW,0,SEA,72,5,7046,2,4,6,-2,6,0,0,0,654,0,0,0,274,0,17,6,0,0,0,3,5,5,3,20,68,69,62,102,4.1,4.7,25.3,32.9,72,93,43.6,6.4,51,68,42.9,6.3,Forward,127,127,5,72
1923,Noel Blanchet,LW,0,WPG,72,19,19843,5,11,16,11,10,0,0,0,138,0,0,0,175,3,14,5,0,0,0,36,17,10,14,54,74,73,70,101.3,5,2.9,45.3,30.6,383,288,57.1,-1.2,278,198,58.4,-1.7,Forward,124,124,6,72
2620,Red Kirkby,RW,0,PHI,72,17,21936,8,17,25,15,13,1,3,4,3661,0,0,0,276,2,19,8,0,0,0,35,11,8,6,63,80,86,66,105,6.8,3,46,30.6,364,280,56.5,-0.5,261,200,56.6,-1.6,Forward,124,124,7,72
2152,Gonzo Gobbledygook,LW,0,WPG,72,19,20861,6,7,13,5,4,0,0,0,648,0,0,0,675,0,11,4,0,0,0,29,7,18,13,44,76,76,72,98.4,3.9,2.9,44.6,28.7,397,283,58.4,0.8,274,182,60.1,0.9,Forward,123,123,8,72
1402,Lemo Pihl,LW,0,PHI,72,17,17850,11,14,25,23,12,0,0,0,0,1,0,1,1662,1,6,2,0,0,0,36,11,13,17,54,78,78,76,107.6,7.1,2.2,44.9,26.9,324,235,58,1.6,228,157,59.2,2.3,Forward,111,111,9,72
1970,Salzberger Lillehammersson,RW,0,ATL,72,9,11477,1,6,7,-4,2,0,0,0,523,1,1,2,436,0,29,12,0,0,0,15,8,7,4,32,75,84,57,92.8,2.4,4.4,35.6,31.8,198,161,55.2,5.5,128,108,54.2,3.9,Forward,110,110,10,72
1892,Kermit Murphy,RD,0,BAP,72,4,5741,1,0,1,-5,2,0,0,0,507,0,0,0,396,0,0,0,0,0,0,4,0,1,12,16,64,59,69,93.1,0.7,3.7,27.5,38.7,58,82,41.4,10.3,39,61,39,8.2,Defense,77,77,1,72
2529,Christian Kinsinger,LD,0,WPG,72,19,26206,3,10,13,16,10,1,3,4,3576,0,1,1,1870,0,0,0,0,0,0,23,3,16,48,57,69,60,78,103.4,5.2,2.3,46.6,29,414,314,56.9,-1.6,302,196,60.6,1.8,Defense,77,77,2,72
2228,Marcel Beck,RD,0,WPG,72,19,25371,4,7,11,20,12,0,0,0,963,0,1,1,2856,0,0,0,0,0,0,20,3,12,45,48,65,55,76,103.3,4.8,2,46.9,28.4,434,326,57.1,-1.3,312,201,60.8,2.1,Defense,75,75,3,72
2486,Jay O'Neil,RD,0,WPG,72,19,27577,7,10,17,4,10,4,2,6,3531,0,1,1,2859,3,0,0,0,0,0,26,2,11,50,62,69,63,74,96.7,3.9,3.2,42.6,26,404,270,59.9,3.1,289,181,61.5,3,Defense,71,71,4,72
732,Sven Svechnikov,RD,0,NEW,72,21,28641,2,11,13,8,12,0,0,0,585,0,3,3,2773,0,0,0,0,0,0,24,4,10,58,40,65,59,70,101.5,3.7,2.8,36.2,32.7,458,389,54.1,2.8,318,263,54.7,3.2,Defense,67,67,5,72
1701,Puddles O'Duck,LD,0,ATL,72,9,11583,1,2,3,1,4,1,2,3,1583,0,0,0,695,0,0,0,0,0,0,12,1,5,23,18,66,58,76,99.6,3.1,2.7,36,30.2,178,152,53.9,3.4,116,98,54.2,3.7,Defense,64,64,6,72
2488,San-sam Emerson,LD,0,PHI,72,17,22089,2,10,12,10,4,1,2,3,3541,0,0,0,703,0,0,0,0,0,0,22,1,14,35,41,69,64,74,103.2,5.6,2.8,39.1,25.2,323,259,55.5,-2,233,160,59.3,2.4,Defense,60,60,7,72
1194,Ethan Duncan,RD,0,WPG,72,19,19898,1,9,10,8,6,0,0,0,11,0,1,1,977,0,0,0,0,0,0,21,2,10,14,22,58,53,60,99.8,4.4,3,40.7,27.8,360,243,59.7,2.6,241,172,58.4,-1.7,Defense,59,59,8,72
1276,Jonas Kahnwald,LD,0,CHI,72,12,15590,0,5,5,0,0,0,0,0,908,0,0,0,1100,0,0,0,0,0,0,11,3,4,28,12,61,57,63,101.1,3.7,3.7,31.5,34.7,218,218,50,2.2,139,147,48.6,4.3,Defense,57,57,9,72
806,Michael Withecheck,RD,0,ATL,72,9,9677,1,2,3,-7,6,0,0,0,101,0,0,0,632,0,0,0,0,0,0,9,0,4,8,18,57,56,55,93.3,2.4,5.2,36.6,39.4,152,159,48.9,-4.1,101,111,47.6,-5.9,Defense,52,52,10,72
2457,Mikko Rashford,RW,0,WPG,73,17,22465,9,21,30,12,4,0,7,7,2314,1,4,5,2644,1,3,1,0,0,0,37,21,9,8,62,83,93,65,102.8,5.1,3.5,40.3,35,316,252,55.6,3.5,231,188,55.1,2.4,Forward,187,187,1,73
1014,Evil AllBran,LW,0,PHI,73,22,27676,8,19,27,13,4,0,1,1,1330,0,0,0,2208,0,21,9,0,0,0,33,26,9,22,64,80,82,74,104.3,4.9,3,38.2,34.8,449,397,53.1,0.9,313,285,52.3,-0.6,Forward,173,173,2,73
2207,Lias Ekholm-Gunnarsson,C,0,WPG,73,17,23347,19,8,27,3,6,5,0,5,2369,4,1,5,2457,1,315,173,0,0,0,17,19,11,15,92,75,75,74,98.5,4.1,4.3,38.5,35.2,320,275,53.8,0.9,236,203,53.8,0.4,Forward,163,163,3,73
2433,Max Manning,C,0,WPG,73,17,19649,12,7,19,9,8,0,0,0,94,1,0,1,1107,0,263,139,0,0,0,16,27,6,21,68,68,68,66,103.1,5.5,3.9,40.8,38.1,349,319,52.2,-1.4,250,223,52.9,-1,Forward,162,162,4,73
2620,Red Kirkby,RW,0,PHI,73,22,28773,19,18,37,21,8,5,4,9,4122,1,1,2,1153,4,23,10,0,0,0,47,29,18,17,80,81,84,74,106.4,5.7,2.6,40.3,34,441,366,54.6,3.3,309,261,54.2,2.2,Forward,161,161,5,73
1923,Noel Blanchet,LW,0,WPG,73,17,19137,8,11,19,12,4,0,0,0,511,1,0,1,97,3,8,4,0,0,0,37,11,9,21,59,72,72,68,104.4,5.4,3.3,39.8,35.6,338,315,51.8,-2.1,243,213,53.3,-0.3,Forward,143,143,6,73
2652,Ivan Lacksamus,C,0,NEW,73,17,23641,16,17,33,11,12,1,8,9,2925,1,1,2,2271,1,366,209,0,0,0,13,22,15,9,84,78,80,73,102.3,5.5,2.9,47.2,31.4,401,288,58.2,1.2,284,191,59.8,2.1,Forward,134,134,7,73
1402,Lemo Pihl,RW,0,PHI,73,22,21326,6,14,20,-12,4,0,0,0,40,2,0,2,87,1,12,4,0,0,0,31,15,16,19,56,67,67,63,92.5,2.7,5.1,35.7,33.8,335,354,48.6,-5.5,239,233,50.6,-2.9,Forward,131,131,8,73
2404,Petr Svoboda,LW,0,NEW,73,17,21270,12,17,29,4,6,3,3,6,2933,0,1,1,229,2,16,8,0,0,0,33,11,13,6,66,79,87,63,100.1,4.8,3.2,45.7,30.8,378,292,56.4,-1.6,274,185,59.7,1.9,Forward,129,129,9,73
1428,Vaseline Podcalzone,LW,0,SEA,72,5,7046,2,4,6,-2,6,0,0,0,654,0,0,0,274,0,17,6,0,0,0,3,5,5,3,20,68,69,62,102,4.1,4.7,25.3,32.9,72,93,43.6,6.4,51,68,42.9,6.3,Forward,127,127,10,73
2529,Christian Kinsinger,LD,0,WPG,73,17,22137,4,6,10,15,6,0,1,1,658,0,2,2,2037,1,0,0,0,0,0,14,4,14,39,34,65,58,73,102.9,5.7,3.5,42.8,33.5,388,282,57.9,7.4,274,205,57.2,5.8,Defense,87,87,1,73
2228,Marcel Beck,RD,0,WPG,73,17,21194,4,5,9,1,8,0,0,0,815,0,1,1,1229,1,0,0,0,0,0,11,4,16,49,30,64,57,72,98.9,3.8,3.8,39.1,35.2,346,320,52,-1.9,254,221,53.5,0,Defense,84,84,2,73
1892,Kermit Murphy,RD,0,BAP,73,7,9974,0,4,4,5,2,0,0,0,336,0,0,0,730,0,0,0,0,0,0,7,1,1,10,9,64,59,69,109.9,4.4,2.4,29.1,44.9,135,169,44.4,-0.1,87,126,40.8,-0.6,Defense,81,81,3,73
2486,Jay O'Neil,RD,0,WPG,73,17,23900,1,9,10,11,2,0,3,3,2211,0,2,2,2214,0,0,0,0,0,0,16,3,22,18,26,63,55,69,101.4,5.2,3.7,41,33.1,377,276,57.7,7,265,201,56.9,5.2,Defense,81,81,4,73
732,Sven Svechnikov,RD,0,NEW,73,17,20285,2,4,6,22,4,0,0,0,0,1,0,1,1935,0,0,0,0,0,0,16,2,8,30,27,63,53,74,106.5,5.5,1.6,46.7,29.6,383,261,59.5,3.1,275,175,61.1,4,Defense,73,73,5,73
1701,Puddles O'Duck,LD,0,ATL,73,11,14930,2,4,6,-5,4,0,0,0,508,0,0,0,1046,0,0,0,0,0,0,8,1,14,27,16,62,58,64,93.3,4,5.4,40.9,32.6,257,221,53.8,2.8,177,137,56.4,3.2,Defense,70,70,6,73
2488,San-sam Emerson,LD,0,PHI,73,22,30092,4,6,10,-2,2,2,2,4,3942,0,1,1,1280,1,0,0,0,0,0,23,4,19,50,57,65,61,70,97.3,3.3,3.9,36.5,33,424,387,52.3,-0.3,303,273,52.6,-0.2,Defense,70,70,7,73
1276,Jonas Kahnwald,LD,0,LAP,73,8,8564,0,5,5,1,2,0,0,0,0,0,0,0,224,0,0,0,0,0,0,5,2,4,18,5,63,56,72,102.4,3.9,3.5,29.8,32.4,120,139,46.3,-8.4,75,96,43.9,-8.3,Defense,62,62,8,73
1973,Luc Blouin,RD,0,PHI,73,22,24558,1,14,15,12,12,0,1,1,150,0,2,2,1318,0,3,0,0,0,0,17,4,10,41,25,61,56,66,102.8,4.4,3.3,35.7,34.8,402,364,52.5,0,280,254,52.4,-0.4,Defense,62,62,9,73
1194,Ethan Duncan,RD,0,WPG,72,19,19898,1,9,10,8,6,0,0,0,11,0,1,1,977,0,0,0,0,0,0,21,2,10,14,22,58,53,60,99.8,4.4,3,40.7,27.8,360,243,59.7,2.6,241,172,58.4,-1.7,Defense,59,59,10,73
2457,Mikko Rashford,LW,0,WPG,74,22,27523,10,5,15,-7,4,2,0,2,1357,2,0,2,1724,0,50,11,0,0,0,35,24,12,16,43,71,70,67,94.2,2.4,3.7,34.9,29.3,423,346,55,0.2,282,244,53.6,-2.1,Forward,202,202,1,74
1014,Evil AllBran,LW,0,PHI,74,18,22636,6,12,18,-4,6,0,0,0,666,0,0,0,501,0,12,6,0,0,0,25,13,11,18,59,75,77,68,93.4,3.7,4.4,39.6,27.3,405,308,56.8,3.4,281,198,58.7,4.2,Forward,191,191,2,74
2207,Lias Ekholm-Gunnarsson,C,0,WPG,74,22,29674,6,16,22,0,6,0,2,2,4167,0,3,3,1486,3,311,151,0,0,0,40,19,13,9,75,73,73,72,96,3,3.3,37.2,27.3,423,321,56.9,3.1,295,225,56.7,2.8,Forward,185,185,3,74
2620,Red Kirkby,RW,0,PHI,74,18,23333,5,13,18,-10,4,1,3,4,2893,0,0,0,196,0,15,5,0,0,0,31,10,8,15,57,76,83,58,91.6,2.8,4.4,39.1,28.5,378,296,56.1,2.2,257,193,57.1,1.7,Forward,179,179,4,74
2433,Max Manning,RW,0,BAP,74,12,14536,2,9,11,-1,2,0,0,0,464,0,0,0,276,0,7,3,0,0,0,22,12,5,10,36,68,69,62,100.6,4.7,4.7,36.5,38.4,232,237,49.5,3.4,164,178,48,3,Forward,173,173,5,74
2652,Ivan Lacksamus,C,0,NEW,74,24,32306,12,20,32,11,12,1,7,8,2809,1,0,1,2942,2,487,252,0,0,0,26,29,17,15,102,73,75,67,103.7,4.7,3.1,38,35.2,470,426,52.5,1.1,325,293,52.6,1.3,Forward,166,166,6,74
1923,Noel Blanchet,LW,0,NOL,74,7,7472,2,4,6,4,0,0,0,0,0,0,0,0,0,0,3,0,0,0,0,6,3,3,4,12,68,68,65,107.6,3.9,1.9,29.4,35.2,118,140,45.7,2.1,74,85,46.5,5.9,Forward,149,149,7,74
2892,Outdoor Truck,RW,0,NEW,74,24,31419,9,22,31,17,8,1,4,5,2676,0,1,1,3174,2,7,4,0,0,0,37,24,14,35,60,81,83,74,105,5.2,2.7,39.6,32.8,476,405,54,3.4,330,267,55.3,5.3,Forward,148,148,8,74
2792,Ricky Koivu,C,0,PHI,74,18,25335,10,10,20,-3,8,1,2,3,2916,1,0,1,2096,0,304,153,0,0,0,12,20,14,10,79,72,76,66,94.9,3.5,4.3,40.2,30.6,384,293,56.7,3.2,270,202,57.2,1.9,Forward,145,145,9,74
2540,Spack Jarrow,RW,0,WPG,74,22,25332,6,13,19,7,4,0,1,1,921,0,0,0,189,3,17,3,0,0,0,43,20,16,21,59,76,83,64,100.7,4,3,33,25.9,409,318,56.3,2.1,276,205,57.4,3.6,Forward,143,143,10,74
2486,Jay O'Neil,RD,0,WPG,74,22,30464,3,9,12,0,8,1,2,3,3849,1,2,3,2491,0,0,0,0,0,0,36,3,20,26,52,64,56,70,95.8,2.5,3,35.1,26.1,403,319,55.8,1.5,277,212,56.6,2.6,Defense,93,93,1,74
2228,Marcel Beck,RD,0,WPG,74,22,27926,2,5,7,5,4,0,1,1,1556,0,0,0,1639,1,0,0,0,0,0,11,3,23,43,41,65,56,73,99.5,3.2,2.8,35.7,29.3,403,343,54,-1.3,292,236,55.3,0.6,Defense,91,91,2,74
2529,Christian Kinsinger,LD,0,WPG,74,22,28426,0,4,4,1,4,0,1,1,3929,0,0,0,944,0,0,0,0,0,0,21,3,21,50,42,65,56,74,96.9,2.8,3.1,33.2,26.7,378,325,53.8,-1.6,261,213,55.1,0.2,Defense,91,91,3,74
1892,Kermit Murphy,LD,0,BAP,74,12,14412,0,3,3,-6,2,0,0,0,103,0,0,0,776,0,0,0,0,0,0,11,0,12,20,7,60,56,59,95.3,2.7,4.3,33.8,33.8,207,215,49.1,2.6,149,155,49,4.4,Defense,84,84,4,74
2488,San-sam Emerson,LD,0,PHI,74,18,24584,3,8,11,13,4,1,3,4,2870,0,1,1,1421,0,0,0,0,0,0,10,6,17,38,47,67,61,74,104.2,4.3,2,40.3,30.5,373,328,53.2,-2.2,270,208,56.5,0.8,Defense,81,81,5,74
732,Sven Svechnikov,LD,0,NEW,74,24,25134,0,6,6,1,10,0,0,0,221,0,0,0,708,0,1,1,0,0,0,15,4,16,44,38,58,52,63,99.2,4,3.9,37.9,33.9,460,365,55.8,5.8,301,274,52.3,0.9,Defense,79,79,6,74
1701,Puddles O'Duck,LD,0,ATL,74,6,7880,1,1,2,1,0,0,0,0,37,0,0,0,510,0,0,0,0,0,0,5,0,3,10,9,66,58,75,101.6,2.5,2,40.3,43.2,133,125,51.6,4.2,95,105,47.5,-2.7,Defense,72,72,7,74
1973,Luc Blouin,RD,0,PHI,74,18,20216,1,1,2,-9,11,0,0,0,14,0,0,0,976,1,0,0,1,1,0,18,1,13,34,28,58,55,61,92.3,3.4,5.1,43.4,32.8,376,288,56.6,3,272,198,57.9,2.9,Defense,64,64,8,74
2841,Louise St. Martin,RD,0,EDM,74,10,12932,2,3,5,0,4,1,1,2,1678,0,0,0,82,0,0,0,0,0,0,8,0,3,8,27,63,61,61,100.6,3.2,2.6,35.4,30.3,179,152,54.1,-4.5,125,114,52.3,-5.2,Defense,64,64,9,74
2976,Seamus O'Slapahan,LD,0,NEW,74,24,33378,8,15,23,6,12,8,5,13,2805,0,1,1,2447,1,0,0,0,0,0,20,4,14,83,53,68,61,76,102.7,4.2,3.3,35.6,36.3,483,465,50.9,-1.2,320,325,49.6,-3.2,Defense,64,64,10,74
1014,Evil AllBran,LW,0,PHI,75,16,17956,6,13,19,7,12,0,0,0,665,0,1,1,412,1,6,2,0,0,0,15,7,13,8,54,70,72,62,100.5,4.7,3.4,41.4,31.4,326,261,55.5,-0.7,226,179,55.8,-0.6,Forward,210,210,1,75
2652,Ivan Lacksamus,C,0,NEW,75,23,30825,15,25,40,2,10,4,5,9,3650,1,1,2,1260,2,381,208,0,0,0,19,43,21,2,92,70,72,63,101.1,4.7,4.4,36.8,37.8,454,453,50.1,-0.5,311,327,48.7,-1.8,Forward,206,206,2,75
2457,Mikko Rashford,LW,0,WPG,75,6,7988,0,3,3,-2,2,0,0,0,689,0,0,0,192,0,5,0,0,0,0,7,3,6,5,14,77,83,62,94.7,2.5,3.5,36.5,28.9,114,99,53.5,6.2,79,73,52,4.5,Forward,205,205,3,75
2620,Red Kirkby,RW,0,PHI,75,16,20097,9,15,24,11,2,0,0,0,558,0,2,2,1643,0,4,0,0,0,0,26,15,7,15,59,81,86,70,102.1,5.2,3.4,41.2,32.2,339,281,54.7,-2,236,192,55.1,-1.6,Forward,203,203,4,75
2207,Lias Ekholm-Gunnarsson,C,0,WPG,75,6,8348,5,2,7,-1,0,1,0,1,624,0,0,0,290,1,99,55,0,0,0,6,7,6,10,25,73,67,80,97,2.9,3.4,34.9,30,120,116,50.8,2.3,80,78,50.6,2.5,Forward,192,192,5,75
2433,Max Manning,LW,0,BAP,75,12,13466,4,2,6,-5,2,0,0,0,198,0,0,0,447,2,5,1,0,0,0,19,15,8,14,27,69,66,67,98,2,3.4,28.9,38.5,194,232,45.5,-4,124,155,44.4,-5,Forward,179,179,6,75
2892,Outdoor Truck,RW,0,NEW,75,23,27660,13,11,24,-5,6,0,1,1,1173,0,0,0,302,2,29,16,0,0,0,30,22,4,10,111,73,80,59,98.5,3.4,4.1,41.4,41.9,460,486,48.6,-2.7,344,349,49.6,-0.5,Forward,172,172,7,75
2792,Ricky Koivu,C,0,PHI,75,16,20329,9,14,23,5,6,3,2,5,2354,0,0,0,240,0,226,124,0,0,0,19,19,15,13,60,71,71,67,100.3,4.3,3,42.6,31.5,342,277,55.3,-1.1,249,185,57.4,1.8,Forward,168,168,8,75
1923,Noel Blanchet,LW,0,NOL,75,11,11739,1,1,2,-3,2,0,0,0,0,0,0,0,242,0,10,4,0,0,0,9,9,4,5,18,64,60,65,98.5,1.6,2.5,25.4,32.6,157,180,46.6,-3.5,102,120,45.9,-2.1,Forward,151,151,9,75
2404,Petr Svoboda,LW,0,TEX,75,14,16825,4,6,10,4,4,0,2,2,2666,0,0,0,11,1,12,3,0,0,0,18,8,7,0,53,75,79,67,104.2,2.8,1.5,33.1,35.6,227,253,47.3,-4.1,166,161,50.8,-6.6,Forward,150,150,10,75
2529,Christian Kinsinger,LD,0,WPG,75,6,8209,0,4,4,2,6,0,3,3,661,0,0,0,181,0,0,0,0,0,0,4,0,3,10,15,66,57,78,102.2,2,1,36.2,30.3,119,112,51.5,3.3,81,75,51.9,4.5,Defense,95,95,1,75
2486,Jay O'Neil,RD,0,WPG,75,6,8465,1,0,1,1,6,1,0,1,685,0,0,0,421,0,0,0,0,0,0,4,2,4,9,18,64,53,77,101.2,1.5,1,33.8,31.3,118,111,51.5,3.3,75,75,50,1.4,Defense,94,94,2,75
2228,Marcel Beck,RD,0,WPG,75,6,7722,1,0,1,-8,0,0,0,0,180,0,0,0,282,0,0,0,0,0,0,6,2,5,10,8,56,52,57,85.7,1.5,5.5,26.3,27.3,92,113,44.9,-6.6,65,71,47.8,-1.9,Defense,92,92,3,75
2488,San-sam Emerson,LD,0,PHI,75,16,21694,1,7,8,11,6,0,2,2,2346,0,1,1,1386,1,0,0,0,0,0,21,3,16,43,46,68,62,73,101.2,5.8,3.6,45.3,31.1,383,255,60,6.3,270,181,59.9,5.7,Defense,89,89,4,75
1892,Kermit Murphy,LD,0,BAP,74,12,14412,0,3,3,-6,2,0,0,0,103,0,0,0,776,0,0,0,0,0,0,11,0,12,20,7,60,56,59,95.3,2.7,4.3,33.8,33.8,207,215,49.1,2.6,149,155,49,4.4,Defense,84,84,5,75
732,Sven Svechnikov,LD,0,NEW,75,23,23845,0,4,4,-2,6,0,0,0,28,0,0,0,596,0,0,0,0,0,0,23,3,19,42,20,60,53,67,100.8,3.6,4,38,47,412,433,48.8,-2.4,287,360,44.4,-8.3,Defense,83,83,6,75
2976,Seamus O'Slapahan,LD,0,NEW,75,23,32702,5,7,12,-4,6,3,2,5,3851,0,0,0,2078,0,0,0,0,0,0,25,3,29,69,60,66,56,76,98.2,3.6,4,39,36.3,460,489,48.5,-2.9,331,314,51.3,2,Defense,76,76,7,75
1701,Puddles O'Duck,LD,0,ATL,75,6,7344,0,0,0,-4,0,0,0,0,256,0,0,0,504,0,0,0,0,0,0,5,0,0,14,6,61,56,66,94.2,0.5,2.7,30.1,36.1,92,107,46.2,0.1,60,80,42.9,-6.8,Defense,72,72,8,75
1973,Luc Blouin,RD,0,EDM,75,11,12156,0,2,2,-10,2,0,0,0,16,0,1,1,1173,0,0,0,0,0,0,11,2,5,19,19,57,55,56,86.9,2,5.6,36.4,30.2,203,143,58.7,4.1,128,103,55.4,1.1,Defense,66,66,9,75
2370,Borje Samuelsson,RD,0,NEW,75,23,23757,1,3,4,-1,8,0,0,0,707,0,0,0,102,0,0,0,0,0,0,12,2,10,11,24,57,54,59,102.1,4.1,4.1,38.7,48.5,418,422,49.8,-0.9,294,362,44.8,-7.7,Defense,66,66,10,75
2457,Mikko Rashford,RW,0,WPG,76,15,18956,6,11,17,2,9,1,5,6,2337,1,0,1,825,0,4,1,0,0,0,33,15,9,12,31,81,86,70,103.3,2.7,2.5,26.4,35.8,242,273,47,0.4,143,190,42.9,-0.6,Forward,222,222,1,76
1014,Evil AllBran,LW,0,PHI,76,13,14270,6,4,10,3,4,1,0,1,848,0,0,0,158,2,7,3,0,0,0,15,7,0,10,34,69,70,60,102.2,3.3,2.4,33.7,32.6,206,204,50.2,0.4,144,139,50.9,1.4,Forward,220,220,2,76
2652,Ivan Lacksamus,C,0,NEW,76,7,8822,5,3,8,-2,2,0,2,2,1171,0,0,0,355,1,96,42,0,0,0,10,9,4,1,42,71,75,60,98.7,4.9,5.9,42.9,46.4,131,150,46.6,-2.6,97,107,47.5,-1.9,Forward,214,214,3,76
2207,Lias Ekholm-Gunnarsson,C,0,WPG,76,15,19963,5,15,20,5,6,2,2,4,2329,1,4,5,2402,1,265,142,0,0,0,11,12,12,15,34,76,73,77,101.6,3.1,3.3,28.4,35.7,243,266,47.7,1.5,144,187,43.5,0.2,Forward,212,212,4,76
2620,Red Kirkby,RW,0,PHI,75,16,20097,9,15,24,11,2,0,0,0,558,0,2,2,1643,0,4,0,0,0,0,26,15,7,15,59,81,86,70,102.1,5.2,3.4,41.2,32.2,339,281,54.7,-2,236,192,55.1,-1.6,Forward,203,203,5,76
2433,Max Manning,LW,0,BAP,76,23,24777,3,15,18,-5,6,0,0,0,522,1,0,1,679,0,9,3,0,0,0,24,13,7,6,43,67,71,57,100.7,3.4,4.1,29.8,39.1,354,425,45.4,-4.8,234,287,44.9,-6.4,Forward,197,197,6,76
2892,Outdoor Truck,RW,0,NEW,76,7,7559,1,9,10,2,4,0,0,0,260,0,0,0,61,0,6,2,0,0,0,5,7,3,1,11,70,75,59,102.5,5,4,41.3,41.8,134,140,48.9,0.7,97,102,48.7,-0.2,Forward,182,182,7,76
2792,Ricky Koivu,RW,0,PHI,76,13,16188,2,5,7,-7,8,0,2,2,1958,0,1,1,568,0,27,16,0,0,0,21,7,4,1,39,74,77,65,95.4,1.8,4,31.1,37.7,213,241,46.9,-4.6,139,170,45,-7.5,Forward,175,175,8,76
1923,Noel Blanchet,C,0,WPG,76,15,15023,4,6,10,1,6,0,0,0,22,0,0,0,183,0,182,86,0,0,0,11,9,10,9,17,64,60,63,105.7,4.1,3.9,25.8,37.7,219,244,47.3,0.8,129,172,42.9,-0.7,Forward,161,161,9,76
2404,Petr Svoboda,LW,0,TEX,76,13,13572,5,4,9,5,0,0,0,0,461,0,0,0,0,0,4,3,0,0,0,18,8,2,2,37,67,67,62,105.3,3.3,1.9,31.3,36.5,218,218,50,-2.3,135,155,46.6,-9.3,Forward,159,159,10,76
2486,Jay O'Neil,RD,0,WPG,76,15,21308,3,7,10,12,4,2,2,4,2390,0,3,3,2253,1,0,0,0,0,0,18,4,15,22,21,64,55,75,108.1,4.8,3,26.8,31.3,247,252,49.5,4.1,149,179,45.4,3.1,Defense,104,104,1,76
2529,Christian Kinsinger,LD,0,WPG,76,15,20093,4,1,5,2,8,1,0,1,2595,1,1,2,1144,2,0,0,0,0,0,15,4,17,41,25,67,61,75,102.7,4,4,27.1,33.2,233,261,47.2,0.6,144,177,44.9,2.2,Defense,100,100,2,76
2228,Marcel Beck,RD,0,WPG,76,15,18664,1,6,7,3,10,0,0,0,839,1,1,2,1199,1,0,0,0,0,0,9,2,8,59,29,64,53,75,101.9,2.6,2.6,29.4,37.5,264,313,45.8,-1.6,164,206,44.3,1.6,Defense,99,99,3,76
2488,San-sam Emerson,LD,0,PHI,76,13,17038,1,4,5,-1,8,1,0,1,1236,0,0,0,1180,1,0,0,0,0,0,5,4,11,30,21,61,53,71,98.9,3,3.4,35,36.2,235,250,48.5,-2.4,165,179,48,-3.2,Defense,94,94,4,76
1892,Kermit Murphy,LD,0,BAP,74,12,14412,0,3,3,-6,2,0,0,0,103,0,0,0,776,0,0,0,0,0,0,11,0,12,20,7,60,56,59,95.3,2.7,4.3,33.8,33.8,207,215,49.1,2.6,149,155,49,4.4,Defense,84,84,5,76
732,Sven Svechnikov,LD,0,NEW,75,23,23845,0,4,4,-2,6,0,0,0,28,0,0,0,596,0,0,0,0,0,0,23,3,19,42,20,60,53,67,100.8,3.6,4,38,47,412,433,48.8,-2.4,287,360,44.4,-8.3,Defense,83,83,6,76
2976,Seamus O'Slapahan,LD,0,NEW,76,7,9732,1,4,5,1,2,1,2,3,1185,0,0,0,660,0,0,0,0,0,0,8,1,12,28,15,71,61,82,102.2,6.4,5.9,43.8,47.9,146,164,47.1,-2,109,122,47.2,-2.6,Defense,81,81,7,76
1701,Puddles O'Duck,RD,0,ATL,76,6,6216,1,3,4,-2,8,0,0,0,18,0,0,0,97,1,0,0,0,0,0,3,2,6,8,10,55,52,57,96.3,5.3,6.5,37.8,36.6,106,94,53,4.2,73,73,50,0.9,Defense,76,76,8,76
2370,Borje Samuelsson,RD,0,WPG,76,15,13909,0,3,3,-6,6,0,0,0,9,0,0,0,310,0,0,0,0,0,0,12,1,8,2,14,59,56,61,100.5,2.4,4,25.7,45,184,252,42.2,-6.4,112,191,37,-9.2,Defense,69,69,9,76
1973,Luc Blouin,RD,0,EDM,75,11,12156,0,2,2,-10,2,0,0,0,16,0,1,1,1173,0,0,0,0,0,0,11,2,5,19,19,57,55,56,86.9,2,5.6,36.4,30.2,203,143,58.7,4.1,128,103,55.4,1.1,Defense,66,66,10,76
2652,Ivan Lacksamus,C,0,NEW,77,25,29929,18,15,33,14,16,0,0,0,1278,2,1,3,2266,2,393,200,0,0,0,26,34,17,3,99,71,73,68,103.4,5.3,3.8,39.8,38.2,496,426,53.8,5,343,330,51,4.4,Forward,247,247,1,77
2457,Mikko Rashford,LW,0,WPG,77,5,6096,4,0,4,-3,4,1,0,1,491,0,0,0,505,1,2,0,0,0,0,8,3,4,2,13,76,82,64,105.1,4.2,6.4,22.6,46.6,60,99,37.7,0.7,38,77,33,2.1,Forward,226,226,2,77
1014,Evil AllBran,LW,0,PHI,76,13,14270,6,4,10,3,4,1,0,1,848,0,0,0,158,2,7,3,0,0,0,15,7,0,10,34,69,70,60,102.2,3.3,2.4,33.7,32.6,206,204,50.2,0.4,144,139,50.9,1.4,Forward,220,220,3,77
2207,Lias Ekholm-Gunnarsson,C,0,WPG,77,5,6629,1,3,4,-2,4,0,1,1,556,0,0,0,540,0,90,39,0,0,0,4,2,3,5,8,67,67,67,108,3.9,5.2,18.9,41,61,103,37.2,0,34,78,30.4,-1.9,Forward,216,216,4,77
2620,Red Kirkby,RW,0,PHI,75,16,20097,9,15,24,11,2,0,0,0,558,0,2,2,1643,0,4,0,0,0,0,26,15,7,15,59,81,86,70,102.1,5.2,3.4,41.2,32.2,339,281,54.7,-2,236,192,55.1,-1.6,Forward,203,203,5,77
2433,Max Manning,LW,0,BAP,77,6,6177,1,1,2,1,0,0,0,0,0,0,0,0,0,0,1,0,0,0,0,5,6,5,1,7,69,67,65,100.9,2.3,1.7,39,34.4,111,86,56.3,4.2,81,67,54.7,4.2,Forward,199,199,6,77
2892,Outdoor Truck,RW,0,NEW,77,25,27048,4,12,16,2,8,0,0,0,284,0,0,0,282,0,6,2,0,0,0,48,22,17,4,70,70,70,66,100.3,3.4,3.1,37.2,35.5,470,426,52.5,3,325,318,50.5,3.7,Forward,198,198,7,77
2792,Ricky Koivu,RW,0,PHI,77,14,16379,6,7,13,4,13,0,0,0,362,0,0,0,259,0,19,5,0,0,0,21,8,9,6,50,76,83,63,100.1,3.9,3,43.9,34,309,259,54.4,3,221,170,56.5,4.4,Forward,188,188,8,77
2404,Petr Svoboda,LW,0,TEX,77,23,24543,9,10,19,13,9,0,0,0,1065,0,0,0,82,2,9,3,1,0,1,36,11,10,2,85,72,78,60,104.3,4.8,2.6,38.5,32.5,457,376,54.9,-4.7,300,255,54.1,-5.2,Forward,178,178,9,77
2540,Spack Jarrow,C,0,MIN,77,12,11334,1,6,7,-10,4,0,0,0,431,0,0,0,40,0,128,26,0,0,0,9,9,7,15,24,62,59,64,93.7,2,5,33.1,40.4,182,241,43,-3.6,122,137,47.1,-1.2,Forward,165,165,10,77
2486,Jay O'Neil,RD,0,MIN,77,12,12778,0,2,2,-6,0,0,0,0,532,0,1,1,1239,0,0,0,0,0,0,14,1,10,35,10,64,55,72,92.4,2.3,4.6,35.6,32.7,195,189,50.8,7.2,122,119,50.6,3.8,Defense,106,106,1,77
2488,San-sam Emerson,LD,0,PHI,77,14,17592,0,10,10,12,6,0,0,0,484,0,2,2,1444,0,0,0,0,0,0,16,1,15,36,21,63,56,70,100.6,6.2,4.1,46.9,32.9,333,248,57.3,7.5,233,168,58.1,6.8,Defense,104,104,2,77
2529,Christian Kinsinger,RD,0,WPG,77,5,6446,0,1,1,-7,0,0,0,0,900,0,0,0,78,0,0,0,0,0,0,7,1,4,3,9,60,61,56,95.2,3.9,7.9,29.6,43.4,81,98,45.3,12.4,52,76,40.6,14.4,Defense,101,101,3,77
2228,Marcel Beck,RD,0,WPG,77,5,6712,1,0,1,-5,7,0,0,0,949,0,0,0,338,0,0,0,0,0,0,5,2,4,19,11,64,57,72,96.9,1.3,4,19.2,39.8,65,103,38.7,2.2,34,73,31.8,0.2,Defense,100,100,4,77
2976,Seamus O'Slapahan,LD,0,NEW,77,25,36360,9,10,19,4,14,4,3,7,4501,0,1,1,3989,1,0,0,0,0,0,27,0,26,121,69,72,62,82,102.5,3.9,2.8,36.4,34.9,485,464,51.1,1,333,329,50.3,3.4,Defense,100,100,5,77
1892,Kermit Murphy,LD,0,BAP,74,12,14412,0,3,3,-6,2,0,0,0,103,0,0,0,776,0,0,0,0,0,0,11,0,12,20,7,60,56,59,95.3,2.7,4.3,33.8,33.8,207,215,49.1,2.6,149,155,49,4.4,Defense,84,84,6,77
732,Sven Svechnikov,LD,0,NEW,75,23,23845,0,4,4,-2,6,0,0,0,28,0,0,0,596,0,0,0,0,0,0,23,3,19,42,20,60,53,67,100.8,3.6,4,38,47,412,433,48.8,-2.4,287,360,44.4,-8.3,Defense,83,83,7,77
3237,Antonio Flusso,RD,0,PHI,77,14,18700,5,12,17,12,4,2,3,5,2309,0,0,0,406,1,0,0,0,0,0,21,4,16,33,39,68,62,75,103.6,6.3,3.2,49.8,34.7,353,248,58.7,9.9,257,174,59.6,9.6,Defense,79,79,8,77
1701,Puddles O'Duck,RD,0,ATL,77,11,11610,1,1,2,-3,0,0,0,0,0,0,0,0,177,0,0,0,0,0,0,3,1,9,10,9,57,51,60,99,2.8,3.8,33.7,40,194,211,47.9,-5.4,122,146,45.5,-10.3,Defense,78,78,9,77
2370,Borje Samuelsson,RD,0,WPG,76,15,13909,0,3,3,-6,6,0,0,0,9,0,0,0,310,0,0,0,0,0,0,12,1,8,2,14,59,56,61,100.5,2.4,4,25.7,45,184,252,42.2,-6.4,112,191,37,-9.2,Defense,69,69,10,77
2652,Ivan Lacksamus,C,0,NEW,78,7,8505,2,4,6,-1,0,0,0,0,253,0,0,0,49,1,100,52,0,0,0,3,2,7,0,30,69,67,69,98.3,2.6,3.1,36.9,34.7,146,127,53.5,2.2,93,91,50.5,1.5,Forward,253,253,1,78
2457,Mikko Rashford,RW,0,LAP,78,24,21744,3,10,13,0,8,0,0,0,108,0,0,0,218,0,7,1,0,0,0,26,16,10,18,47,71,72,63,100.6,3,3,32.8,35.1,340,362,48.4,-2.3,230,247,48.2,-2.9,Forward,239,239,2,78
1014,Evil AllBran,LW,0,PHI,76,13,14270,6,4,10,3,4,1,0,1,848,0,0,0,158,2,7,3,0,0,0,15,7,0,10,34,69,70,60,102.2,3.3,2.4,33.7,32.6,206,204,50.2,0.4,144,139,50.9,1.4,Forward,220,220,3,78
2207,Lias Ekholm-Gunnarsson,C,0,WPG,77,5,6629,1,3,4,-2,4,0,1,1,556,0,0,0,540,0,90,39,0,0,0,4,2,3,5,8,67,67,67,108,3.9,5.2,18.9,41,61,103,37.2,0,34,78,30.4,-1.9,Forward,216,216,4,78
2620,Red Kirkby,RW,0,PHI,75,16,20097,9,15,24,11,2,0,0,0,558,0,2,2,1643,0,4,0,0,0,0,26,15,7,15,59,81,86,70,102.1,5.2,3.4,41.2,32.2,339,281,54.7,-2,236,192,55.1,-1.6,Forward,203,203,5,78
2892,Outdoor Truck,RW,0,NEW,78,7,8146,1,2,3,0,2,0,0,0,25,0,0,0,49,0,2,1,0,0,0,8,5,0,1,11,70,77,59,98.7,2.7,2.7,39.7,33.4,147,125,54,3,102,87,54,6.6,Forward,201,201,6,78
2433,Max Manning,LW,0,BAP,77,6,6177,1,1,2,1,0,0,0,0,0,0,0,0,0,0,1,0,0,0,0,5,6,5,1,7,69,67,65,100.9,2.3,1.7,39,34.4,111,86,56.3,4.2,81,67,54.7,4.2,Forward,199,199,7,78
2404,Petr Svoboda,LW,0,TEX,78,16,15503,8,9,17,10,2,0,0,0,22,0,0,0,62,1,3,1,0,0,0,25,9,8,1,48,72,77,59,104.8,4.7,2.3,37.1,29.9,285,237,54.6,-1.9,187,158,54.2,-4.8,Forward,195,195,8,78
2792,Ricky Koivu,RW,0,PHI,78,6,6966,1,1,2,-1,2,0,0,0,86,0,0,0,394,0,6,2,0,0,0,6,2,0,0,23,61,64,50,100.4,2.8,2.8,39.4,41.6,116,125,48.1,3.9,82,92,47.1,2.3,Forward,190,190,9,78
2886,Evan Winter,C,0,LAP,78,24,24196,6,6,12,-3,4,1,0,1,103,0,0,0,860,1,306,144,0,0,0,17,15,19,18,53,66,60,72,98.9,2.3,2.8,32.8,33.9,366,392,48.3,-2.6,237,256,48.1,-3.2,Forward,174,174,10,78
2488,San-sam Emerson,LD,0,PHI,78,6,7894,1,4,5,3,4,0,0,0,207,0,1,1,919,0,0,0,0,0,0,7,3,6,14,8,59,54,66,103.8,5.3,4.8,35.6,43.1,110,128,46.2,1,76,92,45.2,-0.6,Defense,109,109,1,78
2486,Jay O'Neil,RD,0,WPG,78,4,5442,0,0,0,-3,8,0,0,0,664,0,0,0,183,0,0,0,0,0,0,8,0,4,12,6,65,58,71,96.1,2.3,4.7,29.8,39.9,69,88,43.9,5,43,59,42.2,4.8,Defense,106,106,2,78
2976,Seamus O'Slapahan,LD,0,NEW,78,7,9287,2,3,5,-4,2,1,1,2,1012,0,0,0,427,0,0,0,0,0,0,4,1,6,18,22,65,59,71,97.7,3.2,4.6,35.3,40.4,129,141,47.8,-6.1,84,101,45.4,-6,Defense,105,105,3,78
2529,Christian Kinsinger,LD,0,WPG,78,4,4875,0,3,3,-5,2,0,0,0,86,0,0,0,69,0,0,0,0,0,0,5,3,4,3,1,59,57,58,92.3,1.5,5.3,27.5,40.4,65,87,42.8,3.1,41,61,40.2,1.9,Defense,104,104,4,78
2228,Marcel Beck,LD,0,WPG,78,4,5335,0,0,0,-6,2,0,0,0,81,0,0,0,333,0,0,0,0,0,0,5,1,1,5,2,58,59,55,97.3,2.9,7.3,22.7,46.8,66,98,40.2,-0.6,43,75,36.4,-3.9,Defense,100,100,5,78
1892,Kermit Murphy,LD,0,BAP,74,12,14412,0,3,3,-6,2,0,0,0,103,0,0,0,776,0,0,0,0,0,0,11,0,12,20,7,60,56,59,95.3,2.7,4.3,33.8,33.8,207,215,49.1,2.6,149,155,49,4.4,Defense,84,84,6,78
732,Sven Svechnikov,LD,0,NEW,75,23,23845,0,4,4,-2,6,0,0,0,28,0,0,0,596,0,0,0,0,0,0,23,3,19,42,20,60,53,67,100.8,3.6,4,38,47,412,433,48.8,-2.4,287,360,44.4,-8.3,Defense,83,83,7,78
3237,Antonio Flusso,RD,0,PHI,78,6,7786,0,2,2,0,0,0,0,0,977,0,0,0,277,0,0,0,0,0,0,6,0,7,9,9,66,58,75,100.1,3.3,3.3,39.7,40.2,113,117,49.1,5.2,78,85,47.9,3.3,Defense,81,81,8,78
1701,Puddles O'Duck,RD,0,ATL,77,11,11610,1,1,2,-3,0,0,0,0,0,0,0,0,177,0,0,0,0,0,0,3,1,9,10,9,57,51,60,99,2.8,3.8,33.7,40,194,211,47.9,-5.4,122,146,45.5,-10.3,Defense,78,78,9,78
3356,Sean Davies,RD,0,NEW,78,7,8292,0,2,2,-3,0,0,0,0,0,0,0,0,241,0,0,0,0,0,0,3,3,2,22,13,57,51,63,97.9,3.6,4.9,34.4,39.3,133,149,47.2,-7.2,85,104,45,-6.6,Defense,71,71,10,78
2652,Ivan Lacksamus,C,0,NEW,79,6,6628,2,2,4,0,4,0,0,0,0,0,0,0,0,0,72,35,0,0,0,2,6,2,7,19,62,55,70,102.1,2.2,2.2,28.2,38.6,90,137,39.6,-2.7,61,88,40.9,-1.6,Forward,257,257,1,79
2457,Mikko Rashford,RW,0,LAP,79,5,5259,2,3,5,1,2,0,0,0,0,0,0,0,0,0,2,2,0,0,0,4,6,0,3,11,64,66,57,104,4.1,3.4,31.5,37.6,106,89,54.4,2.8,64,64,50,-2,Forward,244,244,2,79
1014,Evil AllBran,LW,0,PHI,76,13,14270,6,4,10,3,4,1,0,1,848,0,0,0,158,2,7,3,0,0,0,15,7,0,10,34,69,70,60,102.2,3.3,2.4,33.7,32.6,206,204,50.2,0.4,144,139,50.9,1.4,Forward,220,220,3,79
2207,Lias Ekholm-Gunnarsson,C,0,WPG,77,5,6629,1,3,4,-2,4,0,1,1,556,0,0,0,540,0,90,39,0,0,0,4,2,3,5,8,67,67,67,108,3.9,5.2,18.9,41,61,103,37.2,0,34,78,30.4,-1.9,Forward,216,216,4,79
2404,Petr Svoboda,LW,0,TEX,79,14,14737,4,6,10,3,0,0,0,0,18,0,0,0,324,2,14,2,0,0,0,18,9,3,1,41,72,80,56,101.6,3,2.5,32,32,233,240,49.3,-0.5,156,158,49.7,-1.9,Forward,205,205,5,79
2892,Outdoor Truck,RW,0,NEW,79,6,6471,1,3,4,0,0,0,0,0,0,0,0,0,0,0,0,0,0,0,0,9,5,7,3,13,69,64,71,101.2,2.2,2.2,30.6,36.7,90,122,42.5,1.6,63,76,45.3,5,Forward,205,205,6,79
2620,Red Kirkby,RW,0,PHI,75,16,20097,9,15,24,11,2,0,0,0,558,0,2,2,1643,0,4,0,0,0,0,26,15,7,15,59,81,86,70,102.1,5.2,3.4,41.2,32.2,339,281,54.7,-2,236,192,55.1,-1.6,Forward,203,203,7,79
2433,Max Manning,LW,0,BAP,77,6,6177,1,1,2,1,0,0,0,0,0,0,0,0,0,0,1,0,0,0,0,5,6,5,1,7,69,67,65,100.9,2.3,1.7,39,34.4,111,86,56.3,4.2,81,67,54.7,4.2,Forward,199,199,8,79
2792,Ricky Koivu,RW,0,PHI,78,6,6966,1,1,2,-1,2,0,0,0,86,0,0,0,394,0,6,2,0,0,0,6,2,0,0,23,61,64,50,100.4,2.8,2.8,39.4,41.6,116,125,48.1,3.9,82,92,47.1,2.3,Forward,190,190,9,79
3029,Graj Virrok,LW,0,PHI,79,23,27859,8,11,19,-6,8,0,0,0,808,0,0,0,312,3,63,41,0,0,0,33,17,13,15,70,72,78,58,98.5,3.6,4.2,34.5,34.7,437,459,48.8,0.7,306,308,49.8,0.5,Forward,187,187,10,79
2488,San-sam Emerson,LD,0,PHI,79,23,26540,1,5,6,-1,6,0,0,0,169,0,1,1,1171,1,0,0,0,0,0,27,1,20,46,30,61,53,68,99.5,3.3,3.7,34,36.4,420,475,46.9,-2.1,293,308,48.8,-1.2,Defense,115,115,1,79
2486,Jay O'Neil,RD,0,WPG,78,4,5442,0,0,0,-3,8,0,0,0,664,0,0,0,183,0,0,0,0,0,0,8,0,4,12,6,65,58,71,96.1,2.3,4.7,29.8,39.9,69,88,43.9,5,43,59,42.2,4.8,Defense,106,106,2,79
2976,Seamus O'Slapahan,LD,0,NEW,79,6,8201,0,1,1,-3,2,0,0,0,1022,0,0,0,901,0,0,0,0,0,0,2,2,8,25,17,71,55,88,99.3,1.1,2.3,25.2,43.6,87,146,37.3,-6.3,55,94,36.9,-7.8,Defense,106,106,3,79
2529,Christian Kinsinger,LD,0,WPG,78,4,4875,0,3,3,-5,2,0,0,0,86,0,0,0,69,0,0,0,0,0,0,5,3,4,3,1,59,57,58,92.3,1.5,5.3,27.5,40.4,65,87,42.8,3.1,41,61,40.2,1.9,Defense,104,104,4,79
2228,Marcel Beck,LD,0,WPG,79,4,5386,0,0,0,-4,0,0,0,0,210,0,0,0,274,0,0,0,0,0,0,2,2,5,11,5,59,52,67,95,0.7,3.7,24.2,45.5,53,107,33.1,-13.5,36,70,34,-12.3,Defense,100,100,5,79
3237,Antonio Flusso,LD,0,PHI,79,23,27537,0,9,9,-6,6,0,0,0,906,0,0,0,1580,0,0,0,0,0,0,23,1,20,35,31,58,53,62,95.6,3.7,4.6,39.1,32.9,434,388,52.8,6.6,311,268,53.7,6.3,Defense,90,90,6,79
1892,Kermit Murphy,LD,0,BAP,74,12,14412,0,3,3,-6,2,0,0,0,103,0,0,0,776,0,0,0,0,0,0,11,0,12,20,7,60,56,59,95.3,2.7,4.3,33.8,33.8,207,215,49.1,2.6,149,155,49,4.4,Defense,84,84,7,79
732,Sven Svechnikov,LD,0,NEW,75,23,23845,0,4,4,-2,6,0,0,0,28,0,0,0,596,0,0,0,0,0,0,23,3,19,42,20,60,53,67,100.8,3.6,4,38,47,412,433,48.8,-2.4,287,360,44.4,-8.3,Defense,83,83,8,79
1701,Puddles O'Duck,RD,0,ATL,77,11,11610,1,1,2,-3,0,0,0,0,0,0,0,0,177,0,0,0,0,0,0,3,1,9,10,9,57,51,60,99,2.8,3.8,33.7,40,194,211,47.9,-5.4,122,146,45.5,-10.3,Defense,78,78,9,79
2868,Luca Hunziker,LD,0,SFP,79,21,21495,0,8,8,15,10,0,0,0,83,0,0,0,617,0,0,0,0,0,0,11,3,20,18,35,60,53,68,104.8,4.8,2.4,35.8,27.9,406,266,60.4,4,253,192,56.9,2.4,Defense,75,75,10,79
2652,Ivan Lacksamus,RW,0,NEW,80,5,6140,0,1,1,-5,0,0,0,0,16,0,0,0,42,0,6,4,0,0,0,4,6,1,4,11,68,70,61,91.8,1.2,4.1,32,34.9,88,91,49.2,-1.5,62,68,47.7,-6.5,Forward,258,258,1,80
2457,Mikko Rashford,RW,0,LAP,80,7,6532,0,3,3,-4,0,0,0,0,0,0,0,0,40,0,0,0,0,0,0,7,4,5,4,6,65,63,60,98.1,1.7,3.9,18.9,36,88,108,44.9,-6.6,49,71,40.8,-6.1,Forward,247,247,2,80
1014,Evil AllBran,LW,0,PHI,76,13,14270,6,4,10,3,4,1,0,1,848,0,0,0,158,2,7,3,0,0,0,15,7,0,10,34,69,70,60,102.2,3.3,2.4,33.7,32.6,206,204,50.2,0.4,144,139,50.9,1.4,Forward,220,220,3,80
2207,Lias Ekholm-Gunnarsson,C,0,WPG,77,5,6629,1,3,4,-2,4,0,1,1,556,0,0,0,540,0,90,39,0,0,0,4,2,3,5,8,67,67,67,108,3.9,5.2,18.9,41,61,103,37.2,0,34,78,30.4,-1.9,Forward,216,216,4,80
2892,Outdoor Truck,C,0,TEX,80,16,17784,5,6,11,2,6,0,0,0,485,0,0,0,1160,2,248,139,0,0,0,9,15,8,4,30,65,61,67,100.6,3.1,2.7,34.1,31.5,294,285,50.8,1.2,180,179,50.1,-1.6,Forward,216,216,5,80
2404,Petr Svoboda,LW,0,TEX,79,14,14737,4,6,10,3,0,0,0,0,18,0,0,0,324,2,14,2,0,0,0,18,9,3,1,41,72,80,56,101.6,3,2.5,32,32,233,240,49.3,-0.5,156,158,49.7,-1.9,Forward,205,205,6,80
3029,Graj Virrok,RW,0,PHI,80,13,15917,9,8,17,8,6,0,1,1,280,0,0,0,53,2,28,17,0,0,0,14,19,3,6,45,73,81,59,105.5,5.1,2.5,38.8,33.3,294,264,52.7,-3.6,200,171,53.9,-1.1,Forward,204,204,7,80
2620,Red Kirkby,RW,0,PHI,75,16,20097,9,15,24,11,2,0,0,0,558,0,2,2,1643,0,4,0,0,0,0,26,15,7,15,59,81,86,70,102.1,5.2,3.4,41.2,32.2,339,281,54.7,-2,236,192,55.1,-1.6,Forward,203,203,8,80
2433,Max Manning,LW,0,BAP,77,6,6177,1,1,2,1,0,0,0,0,0,0,0,0,0,0,1,0,0,0,0,5,6,5,1,7,69,67,65,100.9,2.3,1.7,39,34.4,111,86,56.3,4.2,81,67,54.7,4.2,Forward,199,199,9,80
2792,Ricky Koivu,RW,0,PHI,78,6,6966,1,1,2,-1,2,0,0,0,86,0,0,0,394,0,6,2,0,0,0,6,2,0,0,23,61,64,50,100.4,2.8,2.8,39.4,41.6,116,125,48.1,3.9,82,92,47.1,2.3,Forward,190,190,10,80
2488,San-sam Emerson,LD,0,PHI,80,13,14595,2,1,3,6,8,0,0,0,51,0,1,1,764,0,0,0,0,0,0,12,3,10,13,26,60,52,68,101.4,3.7,2.1,41,28,266,175,60.3,7.8,183,130,58.5,5.6,Defense,118,118,1,80
2486,Jay O'Neil,RD,0,WPG,78,4,5442,0,0,0,-3,8,0,0,0,664,0,0,0,183,0,0,0,0,0,0,8,0,4,12,6,65,58,71,96.1,2.3,4.7,29.8,39.9,69,88,43.9,5,43,59,42.2,4.8,Defense,106,106,2,80
2976,Seamus O'Slapahan,LD,0,NEW,79,6,8201,0,1,1,-3,2,0,0,0,1022,0,0,0,901,0,0,0,0,0,0,2,2,8,25,17,71,55,88,99.3,1.1,2.3,25.2,43.6,87,146,37.3,-6.3,55,94,36.9,-7.8,Defense,106,106,3,80
2529,Christian Kinsinger,LD,0,WPG,78,4,4875,0,3,3,-5,2,0,0,0,86,0,0,0,69,0,0,0,0,0,0,5,3,4,3,1,59,57,58,92.3,1.5,5.3,27.5,40.4,65,87,42.8,3.1,41,61,40.2,1.9,Defense,104,104,4,80
2228,Marcel Beck,RD,0,WPG,80,4,5069,0,1,1,-5,0,0,0,0,318,0,0,0,437,0,0,0,0,0,0,4,0,3,13,5,63,58,67,97.2,3.3,7.5,30.9,55.1,69,115,37.5,1.4,43,77,35.8,1,Defense,101,101,5,80
3237,Antonio Flusso,LD,0,PHI,80,13,16053,2,6,8,8,6,0,0,0,244,0,0,0,802,0,0,0,0,0,0,9,4,4,40,27,63,53,75,104.5,4.3,2.4,36,31.9,297,246,54.7,-0.3,189,160,54.2,-0.7,Defense,98,98,6,80
1892,Kermit Murphy,LD,0,BAP,74,12,14412,0,3,3,-6,2,0,0,0,103,0,0,0,776,0,0,0,0,0,0,11,0,12,20,7,60,56,59,95.3,2.7,4.3,33.8,33.8,207,215,49.1,2.6,149,155,49,4.4,Defense,84,84,7,80
732,Sven Svechnikov,LD,0,NEW,75,23,23845,0,4,4,-2,6,0,0,0,28,0,0,0,596,0,0,0,0,0,0,23,3,19,42,20,60,53,67,100.8,3.6,4,38,47,412,433,48.8,-2.4,287,360,44.4,-8.3,Defense,83,83,8,80
1701,Puddles O'Duck,RD,0,ATL,77,11,11610,1,1,2,-3,0,0,0,0,0,0,0,0,177,0,0,0,0,0,0,3,1,9,10,9,57,51,60,99,2.8,3.8,33.7,40,194,211,47.9,-5.4,122,146,45.5,-10.3,Defense,78,78,9,80
2868,Luca Hunziker,LD,0,SFP,79,21,21495,0,8,8,15,10,0,0,0,83,0,0,0,617,0,0,0,0,0,0,11,3,20,18,35,60,53,68,104.8,4.8,2.4,35.8,27.9,406,266,60.4,4,253,192,56.9,2.4,Defense,75,75,10,80
2652,Ivan Lacksamus,RW,0,NEW,80,5,6140,0,1,1,-5,0,0,0,0,16,0,0,0,42,0,6,4,0,0,0,4,6,1,4,11,68,70,61,91.8,1.2,4.1,32,34.9,88,91,49.2,-1.5,62,68,47.7,-6.5,Forward,258,258,1,81
2457,Mikko Rashford,LW,0,WPG,81,6,6749,1,2,3,-3,6,0,0,0,180,0,0,0,0,0,1,0,0,0,0,15,3,3,4,13,70,69,64,97.5,3.3,4.9,28.5,35.1,93,116,44.5,1.9,56,77,42.1,0.4,Forward,250,250,2,81
2892,Outdoor Truck,C,0,TEX,81,6,6811,1,5,6,-1,2,0,0,0,0,0,0,0,423,0,94,52,0,0,0,5,7,5,0,10,64,60,67,97.3,4.5,5.1,41.1,37.2,136,103,56.9,0.9,90,75,54.5,-1.6,Forward,222,222,3,81
1014,Evil AllBran,LW,0,PHI,76,13,14270,6,4,10,3,4,1,0,1,848,0,0,0,158,2,7,3,0,0,0,15,7,0,10,34,69,70,60,102.2,3.3,2.4,33.7,32.6,206,204,50.2,0.4,144,139,50.9,1.4,Forward,220,220,4,81
2207,Lias Ekholm-Gunnarsson,C,0,WPG,77,5,6629,1,3,4,-2,4,0,1,1,556,0,0,0,540,0,90,39,0,0,0,4,2,3,5,8,67,67,67,108,3.9,5.2,18.9,41,61,103,37.2,0,34,78,30.4,-1.9,Forward,216,216,5,81
3029,Graj Virrok,RW,0,PHI,81,7,7024,2,3,5,2,0,0,0,0,59,0,0,0,47,0,4,1,0,0,0,7,5,2,7,20,74,79,59,106,3.1,2.1,28.6,42.7,112,125,47.3,0.6,65,94,40.9,-4.2,Forward,209,209,6,81
2404,Petr Svoboda,LW,0,TEX,79,14,14737,4,6,10,3,0,0,0,0,18,0,0,0,324,2,14,2,0,0,0,18,9,3,1,41,72,80,56,101.6,3,2.5,32,32,233,240,49.3,-0.5,156,158,49.7,-1.9,Forward,205,205,7,81
2620,Red Kirkby,RW,0,PHI,75,16,20097,9,15,24,11,2,0,0,0,558,0,2,2,1643,0,4,0,0,0,0,26,15,7,15,59,81,86,70,102.1,5.2,3.4,41.2,32.2,339,281,54.7,-2,236,192,55.1,-1.6,Forward,203,203,8,81
2433,Max Manning,LW,0,BAP,77,6,6177,1,1,2,1,0,0,0,0,0,0,0,0,0,0,1,0,0,0,0,5,6,5,1,7,69,67,65,100.9,2.3,1.7,39,34.4,111,86,56.3,4.2,81,67,54.7,4.2,Forward,199,199,9,81
3524,Viktor Hargreeves,C,0,SFP,81,24,29904,10,15,25,8,8,0,0,0,855,1,1,2,3029,0,373,196,0,0,0,15,11,19,8,52,70,70,68,102.4,5.1,4.3,36.1,36.4,482,456,51.4,-4.7,314,314,50,-4.7,Forward,192,192,10,81
2488,San-sam Emerson,LD,0,PHI,81,7,7842,2,3,5,0,0,0,0,0,18,0,0,0,489,0,0,0,0,0,0,3,1,4,6,5,58,54,59,105.1,3.4,3.4,25,39.8,113,128,46.9,0,60,100,37.5,-9.2,Defense,123,123,1,81
2486,Jay O'Neil,RD,0,WPG,78,4,5442,0,0,0,-3,8,0,0,0,664,0,0,0,183,0,0,0,0,0,0,8,0,4,12,6,65,58,71,96.1,2.3,4.7,29.8,39.9,69,88,43.9,5,43,59,42.2,4.8,Defense,106,106,2,81
2976,Seamus O'Slapahan,LD,0,NEW,79,6,8201,0,1,1,-3,2,0,0,0,1022,0,0,0,901,0,0,0,0,0,0,2,2,8,25,17,71,55,88,99.3,1.1,2.3,25.2,43.6,87,146,37.3,-6.3,55,94,36.9,-7.8,Defense,106,106,3,81
2529,Christian Kinsinger,LD,0,WPG,78,4,4875,0,3,3,-5,2,0,0,0,86,0,0,0,69,0,0,0,0,0,0,5,3,4,3,1,59,57,58,92.3,1.5,5.3,27.5,40.4,65,87,42.8,3.1,41,61,40.2,1.9,Defense,104,104,4,81
2228,Marcel Beck,RD,0,WPG,81,6,6238,0,1,1,-3,0,0,0,0,0,0,0,0,178,0,0,0,0,0,0,4,0,1,11,5,57,53,59,95.8,1.8,3.6,26.7,32.7,87,120,42,-1.7,55,62,47,7.2,Defense,102,102,5,81
3237,Antonio Flusso,LD,0,PHI,81,7,8729,0,3,3,-1,0,0,0,0,402,0,0,0,687,0,0,0,0,0,0,5,1,6,24,7,65,52,79,99.4,2.4,2.4,31.1,28.7,113,133,45.9,-1.4,83,76,52.2,12.7,Defense,101,101,6,81
3810,Sydney Shaw,RD,0,SFP,81,24,32621,4,13,17,-7,18,2,4,6,3791,0,0,0,1600,1,1,0,0,0,0,20,6,29,68,78,66,59,73,96.5,3.4,4,36.6,30.8,518,435,54.4,-0.2,331,274,54.7,2.6,Defense,90,90,7,81
1892,Kermit Murphy,LD,0,BAP,74,12,14412,0,3,3,-6,2,0,0,0,103,0,0,0,776,0,0,0,0,0,0,11,0,12,20,7,60,56,59,95.3,2.7,4.3,33.8,33.8,207,215,49.1,2.6,149,155,49,4.4,Defense,84,84,8,81
732,Sven Svechnikov,LD,0,NEW,75,23,23845,0,4,4,-2,6,0,0,0,28,0,0,0,596,0,0,0,0,0,0,23,3,19,42,20,60,53,67,100.8,3.6,4,38,47,412,433,48.8,-2.4,287,360,44.4,-8.3,Defense,83,83,9,81
3395,Toasty Soderberg-Snooks,LD,0,SFP,81,24,31428,3,9,12,10,18,0,1,1,1197,0,1,1,2470,1,0,0,0,0,0,13,6,18,100,42,64,53,79,101.9,4.5,3.6,37.1,35,540,506,51.6,-4.6,335,316,51.5,-2.4,Defense,81,81,10,81
2652,Ivan Lacksamus,RW,0,NEW,80,5,6140,0,1,1,-5,0,0,0,0,16,0,0,0,42,0,6,4,0,0,0,4,6,1,4,11,68,70,61,91.8,1.2,4.1,32,34.9,88,91,49.2,-1.5,62,68,47.7,-6.5,Forward,258,258,1,82
2457,Mikko Rashford,LW,0,WPG,81,6,6749,1,2,3,-3,6,0,0,0,180,0,0,0,0,0,1,0,0,0,0,15,3,3,4,13,70,69,64,97.5,3.3,4.9,28.5,35.1,93,116,44.5,1.9,56,77,42.1,0.4,Forward,250,250,2,82
2892,Outdoor Truck,C,0,TEX,81,6,6811,1,5,6,-1,2,0,0,0,0,0,0,0,423,0,94,52,0,0,0,5,7,5,0,10,64,60,67,97.3,4.5,5.1,41.1,37.2,136,103,56.9,0.9,90,75,54.5,-1.6,Forward,222,222,3,82
1014,Evil AllBran,LW,0,PHI,76,13,14270,6,4,10,3,4,1,0,1,848,0,0,0,158,2,7,3,0,0,0,15,7,0,10,34,69,70,60,102.2,3.3,2.4,33.7,32.6,206,204,50.2,0.4,144,139,50.9,1.4,Forward,220,220,4,82
2207,Lias Ekholm-Gunnarsson,C,0,WPG,77,5,6629,1,3,4,-2,4,0,1,1,556,0,0,0,540,0,90,39,0,0,0,4,2,3,5,8,67,67,67,108,3.9,5.2,18.9,41,61,103,37.2,0,34,78,30.4,-1.9,Forward,216,216,5,82
3029,Graj Virrok,RW,0,PHI,81,7,7024,2,3,5,2,0,0,0,0,59,0,0,0,47,0,4,1,0,0,0,7,5,2,7,20,74,79,59,106,3.1,2.1,28.6,42.7,112,125,47.3,0.6,65,94,40.9,-4.2,Forward,209,209,6,82
2404,Petr Svoboda,LW,0,TEX,79,14,14737,4,6,10,3,0,0,0,0,18,0,0,0,324,2,14,2,0,0,0,18,9,3,1,41,72,80,56,101.6,3,2.5,32,32,233,240,49.3,-0.5,156,158,49.7,-1.9,Forward,205,205,7,82
2620,Red Kirkby,RW,0,PHI,75,16,20097,9,15,24,11,2,0,0,0,558,0,2,2,1643,0,4,0,0,0,0,26,15,7,15,59,81,86,70,102.1,5.2,3.4,41.2,32.2,339,281,54.7,-2,236,192,55.1,-1.6,Forward,203,203,8,82
2433,Max Manning,LW,0,BAP,77,6,6177,1,1,2,1,0,0,0,0,0,0,0,0,0,0,1,0,0,0,0,5,6,5,1,7,69,67,65,100.9,2.3,1.7,39,34.4,111,86,56.3,4.2,81,67,54.7,4.2,Forward,199,199,9,82
3524,Viktor Hargreeves,C,0,SFP,81,24,29904,10,15,25,8,8,0,0,0,855,1,1,2,3029,0,373,196,0,0,0,15,11,19,8,52,70,70,68,102.4,5.1,4.3,36.1,36.4,482,456,51.4,-4.7,314,314,50,-4.7,Forward,192,192,10,82
2488,San-sam Emerson,LD,0,PHI,81,7,7842,2,3,5,0,0,0,0,0,18,0,0,0,489,0,0,0,0,0,0,3,1,4,6,5,58,54,59,105.1,3.4,3.4,25,39.8,113,128,46.9,0,60,100,37.5,-9.2,Defense,123,123,1,82
2486,Jay O'Neil,RD,0,WPG,78,4,5442,0,0,0,-3,8,0,0,0,664,0,0,0,183,0,0,0,0,0,0,8,0,4,12,6,65,58,71,96.1,2.3,4.7,29.8,39.9,69,88,43.9,5,43,59,42.2,4.8,Defense,106,106,2,82
2976,Seamus O'Slapahan,LD,0,NEW,79,6,8201,0,1,1,-3,2,0,0,0,1022,0,0,0,901,0,0,0,0,0,0,2,2,8,25,17,71,55,88,99.3,1.1,2.3,25.2,43.6,87,146,37.3,-6.3,55,94,36.9,-7.8,Defense,106,106,3,82
2529,Christian Kinsinger,LD,0,WPG,78,4,4875,0,3,3,-5,2,0,0,0,86,0,0,0,69,0,0,0,0,0,0,5,3,4,3,1,59,57,58,92.3,1.5,5.3,27.5,40.4,65,87,42.8,3.1,41,61,40.2,1.9,Defense,104,104,4,82
2228,Marcel Beck,RD,0,WPG,81,6,6238,0,1,1,-3,0,0,0,0,0,0,0,0,178,0,0,0,0,0,0,4,0,1,11,5,57,53,59,95.8,1.8,3.6,26.7,32.7,87,120,42,-1.7,55,62,47,7.2,Defense,102,102,5,82
3237,Antonio Flusso,LD,0,PHI,81,7,8729,0,3,3,-1,0,0,0,0,402,0,0,0,687,0,0,0,0,0,0,5,1,6,24,7,65,52,79,99.4,2.4,2.4,31.1,28.7,113,133,45.9,-1.4,83,76,52.2,12.7,Defense,101,101,6,82
3810,Sydney Shaw,RD,0,SFP,81,24,32621,4,13,17,-7,18,2,4,6,3791,0,0,0,1600,1,1,0,0,0,0,20,6,29,68,78,66,59,73,96.5,3.4,4,36.6,30.8,518,435,54.4,-0.2,331,274,54.7,2.6,Defense,90,90,7,82
1892,Kermit Murphy,LD,0,BAP,74,12,14412,0,3,3,-6,2,0,0,0,103,0,0,0,776,0,0,0,0,0,0,11,0,12,20,7,60,56,59,95.3,2.7,4.3,33.8,33.8,207,215,49.1,2.6,149,155,49,4.4,Defense,84,84,8,82
732,Sven Svechnikov,LD,0,NEW,75,23,23845,0,4,4,-2,6,0,0,0,28,0,0,0,596,0,0,0,0,0,0,23,3,19,42,20,60,53,67,100.8,3.6,4,38,47,412,433,48.8,-2.4,287,360,44.4,-8.3,Defense,83,83,9,82
3395,Toasty Soderberg-Snooks,LD,0,SFP,81,24,31428,3,9,12,10,18,0,1,1,1197,0,1,1,2470,1,0,0,0,0,0,13,6,18,100,42,64,53,79,101.9,4.5,3.6,37.1,35,540,506,51.6,-4.6,335,316,51.5,-2.4,Defense,81,81,10,82
2652,Ivan Lacksamus,RW,0,NEW,80,5,6140,0,1,1,-5,0,0,0,0,16,0,0,0,42,0,6,4,0,0,0,4,6,1,4,11,68,70,61,91.8,1.2,4.1,32,34.9,88,91,49.2,-1.5,62,68,47.7,-6.5,Forward,258,258,1,83
2457,Mikko Rashford,LW,0,WPG,81,6,6749,1,2,3,-3,6,0,0,0,180,0,0,0,0,0,1,0,0,0,0,15,3,3,4,13,70,69,64,97.5,3.3,4.9,28.5,35.1,93,116,44.5,1.9,56,77,42.1,0.4,Forward,250,250,2,83
2892,Outdoor Truck,C,0,TEX,81,6,6811,1,5,6,-1,2,0,0,0,0,0,0,0,423,0,94,52,0,0,0,5,7,5,0,10,64,60,67,97.3,4.5,5.1,41.1,37.2,136,103,56.9,0.9,90,75,54.5,-1.6,Forward,222,222,3,83
1014,Evil AllBran,LW,0,PHI,76,13,14270,6,4,10,3,4,1,0,1,848,0,0,0,158,2,7,3,0,0,0,15,7,0,10,34,69,70,60,102.2,3.3,2.4,33.7,32.6,206,204,50.2,0.4,144,139,50.9,1.4,Forward,220,220,4,83
2207,Lias Ekholm-Gunnarsson,C,0,WPG,77,5,6629,1,3,4,-2,4,0,1,1,556,0,0,0,540,0,90,39,0,0,0,4,2,3,5,8,67,67,67,108,3.9,5.2,18.9,41,61,103,37.2,0,34,78,30.4,-1.9,Forward,216,216,5,83
3029,Graj Virrok,RW,0,PHI,81,7,7024,2,3,5,2,0,0,0,0,59,0,0,0,47,0,4,1,0,0,0,7,5,2,7,20,74,79,59,106,3.1,2.1,28.6,42.7,112,125,47.3,0.6,65,94,40.9,-4.2,Forward,209,209,6,83
2404,Petr Svoboda,LW,0,TEX,79,14,14737,4,6,10,3,0,0,0,0,18,0,0,0,324,2,14,2,0,0,0,18,9,3,1,41,72,80,56,101.6,3,2.5,32,32,233,240,49.3,-0.5,156,158,49.7,-1.9,Forward,205,205,7,83
2620,Red Kirkby,RW,0,PHI,75,16,20097,9,15,24,11,2,0,0,0,558,0,2,2,1643,0,4,0,0,0,0,26,15,7,15,59,81,86,70,102.1,5.2,3.4,41.2,32.2,339,281,54.7,-2,236,192,55.1,-1.6,Forward,203,203,8,83
2433,Max Manning,LW,0,BAP,77,6,6177,1,1,2,1,0,0,0,0,0,0,0,0,0,0,1,0,0,0,0,5,6,5,1,7,69,67,65,100.9,2.3,1.7,39,34.4,111,86,56.3,4.2,81,67,54.7,4.2,Forward,199,199,9,83
3524,Viktor Hargreeves,C,0,SFP,81,24,29904,10,15,25,8,8,0,0,0,855,1,1,2,3029,0,373,196,0,0,0,15,11,19,8,52,70,70,68,102.4,5.1,4.3,36.1,36.4,482,456,51.4,-4.7,314,314,50,-4.7,Forward,192,192,10,83
2488,San-sam Emerson,LD,0,PHI,81,7,7842,2,3,5,0,0,0,0,0,18,0,0,0,489,0,0,0,0,0,0,3,1,4,6,5,58,54,59,105.1,3.4,3.4,25,39.8,113,128,46.9,0,60,100,37.5,-9.2,Defense,123,123,1,83
2486,Jay O'Neil,RD,0,WPG,78,4,5442,0,0,0,-3,8,0,0,0,664,0,0,0,183,0,0,0,0,0,0,8,0,4,12,6,65,58,71,96.1,2.3,4.7,29.8,39.9,69,88,43.9,5,43,59,42.2,4.8,Defense,106,106,2,83
2976,Seamus O'Slapahan,LD,0,NEW,79,6,8201,0,1,1,-3,2,0,0,0,1022,0,0,0,901,0,0,0,0,0,0,2,2,8,25,17,71,55,88,99.3,1.1,2.3,25.2,43.6,87,146,37.3,-6.3,55,94,36.9,-7.8,Defense,106,106,3,83
2529,Christian Kinsinger,LD,0,WPG,78,4,4875,0,3,3,-5,2,0,0,0,86,0,0,0,69,0,0,0,0,0,0,5,3,4,3,1,59,57,58,92.3,1.5,5.3,27.5,40.4,65,87,42.8,3.1,41,61,40.2,1.9,Defense,104,104,4,83
2228,Marcel Beck,RD,0,WPG,81,6,6238,0,1,1,-3,0,0,0,0,0,0,0,0,178,0,0,0,0,0,0,4,0,1,11,5,57,53,59,95.8,1.8,3.6,26.7,32.7,87,120,42,-1.7,55,62,47,7.2,Defense,102,102,5,83
3237,Antonio Flusso,LD,0,PHI,81,7,8729,0,3,3,-1,0,0,0,0,402,0,0,0,687,0,0,0,0,0,0,5,1,6,24,7,65,52,79,99.4,2.4,2.4,31.1,28.7,113,133,45.9,-1.4,83,76,52.2,12.7,Defense,101,101,6,83
3810,Sydney Shaw,RD,0,SFP,81,24,32621,4,13,17,-7,18,2,4,6,3791,0,0,0,1600,1,1,0,0,0,0,20,6,29,68,78,66,59,73,96.5,3.4,4,36.6,30.8,518,435,54.4,-0.2,331,274,54.7,2.6,Defense,90,90,7,83
1892,Kermit Murphy,LD,0,BAP,74,12,14412,0,3,3,-6,2,0,0,0,103,0,0,0,776,0,0,0,0,0,0,11,0,12,20,7,60,56,59,95.3,2.7,4.3,33.8,33.8,207,215,49.1,2.6,149,155,49,4.4,Defense,84,84,8,83
732,Sven Svechnikov,LD,0,NEW,75,23,23845,0,4,4,-2,6,0,0,0,28,0,0,0,596,0,0,0,0,0,0,23,3,19,42,20,60,53,67,100.8,3.6,4,38,47,412,433,48.8,-2.4,287,360,44.4,-8.3,Defense,83,83,9,83
3395,Toasty Soderberg-Snooks,LD,0,SFP,81,24,31428,3,9,12,10,18,0,1,1,1197,0,1,1,2470,1,0,0,0,0,0,13,6,18,100,42,64,53,79,101.9,4.5,3.6,37.1,35,540,506,51.6,-4.6,335,316,51.5,-2.4,Defense,81,81,10,83
