id,name,position,league,team,season,gamesPlayed,timeOnIce,goals,assists,points,plusMinus,pim,ppGoals,ppAssists,ppPoints,ppTimeOnIce,shGoals,shAssists,shPoints,shTimeOnIce,gwg,faceoffs,faceoffWins,fights,fightWins,fightLosses,hits,giveaways,takeaways,shotsBlocked,shotsOnGoal,gameRating,offensiveGameRating,defensiveGameRating,advancedStats.PDO,advancedStats.GF60,advancedStats.GA60,advancedStats.SF60,advancedStats.SA60,advancedStats.CF,advancedStats.CA,advancedStats.CFPct,advancedStats.CFPctRel,advancedStats.FF,advancedStats.FA,advancedStats.FFPct,advancedStats.FFPctRel,pos,cum_assists,label,rank,season_label
NA, ,NA,NA,ATL,NA,NA,NA,NA,NA,NA,NA,NA,NA,NA,NA,NA,NA,NA,NA,NA,NA,NA,NA,NA,NA,NA,NA,NA,NA,NA,NA,NA,NA,NA,NA,NA,NA,NA,NA,NA,NA,NA,NA,NA,NA,NA,NA,Forward,0, ,1,65
NA, ,NA,NA,ATL,NA,NA,NA,NA,NA,NA,NA,NA,NA,NA,NA,NA,NA,NA,NA,NA,NA,NA,NA,NA,NA,NA,NA,NA,NA,NA,NA,NA,NA,NA,NA,NA,NA,NA,NA,NA,NA,NA,NA,NA,NA,NA,NA,Forward,0, ,2,65
NA, ,NA,NA,ATL,NA,NA,NA,NA,NA,NA,NA,NA,NA,NA,NA,NA,NA,NA,NA,NA,NA,NA,NA,NA,NA,NA,NA,NA,NA,NA,NA,NA,NA,NA,NA,NA,NA,NA,NA,NA,NA,NA,NA,NA,NA,NA,NA,Forward,0, ,3,65
NA, ,NA,NA,ATL,NA,NA,NA,NA,NA,NA,NA,NA,NA,NA,NA,NA,NA,NA,NA,NA,NA,NA,NA,NA,NA,NA,NA,NA,NA,NA,NA,NA,NA,NA,NA,NA,NA,NA,NA,NA,NA,NA,NA,NA,NA,NA,NA,Forward,0, ,4,65
NA, ,NA,NA,ATL,NA,NA,NA,NA,NA,NA,NA,NA,NA,NA,NA,NA,NA,NA,NA,NA,NA,NA,NA,NA,NA,NA,NA,NA,NA,NA,NA,NA,NA,NA,NA,NA,NA,NA,NA,NA,NA,NA,NA,NA,NA,NA,NA,Forward,0, ,5,65
NA, ,NA,NA,ATL,NA,NA,NA,NA,NA,NA,NA,NA,NA,NA,NA,NA,NA,NA,NA,NA,NA,NA,NA,NA,NA,NA,NA,NA,NA,NA,NA,NA,NA,NA,NA,NA,NA,NA,NA,NA,NA,NA,NA,NA,NA,NA,NA,Forward,0, ,6,65
NA, ,NA,NA,ATL,NA,NA,NA,NA,NA,NA,NA,NA,NA,NA,NA,NA,NA,NA,NA,NA,NA,NA,NA,NA,NA,NA,NA,NA,NA,NA,NA,NA,NA,NA,NA,NA,NA,NA,NA,NA,NA,NA,NA,NA,NA,NA,NA,Forward,0, ,7,65
NA, ,NA,NA,ATL,NA,NA,NA,NA,NA,NA,NA,NA,NA,NA,NA,NA,NA,NA,NA,NA,NA,NA,NA,NA,NA,NA,NA,NA,NA,NA,NA,NA,NA,NA,NA,NA,NA,NA,NA,NA,NA,NA,NA,NA,NA,NA,NA,Forward,0, ,8,65
NA, ,NA,NA,ATL,NA,NA,NA,NA,NA,NA,NA,NA,NA,NA,NA,NA,NA,NA,NA,NA,NA,NA,NA,NA,NA,NA,NA,NA,NA,NA,NA,NA,NA,NA,NA,NA,NA,NA,NA,NA,NA,NA,NA,NA,NA,NA,NA,Forward,0, ,9,65
NA, ,NA,NA,ATL,NA,NA,NA,NA,NA,NA,NA,NA,NA,NA,NA,NA,NA,NA,NA,NA,NA,NA,NA,NA,NA,NA,NA,NA,NA,NA,NA,NA,NA,NA,NA,NA,NA,NA,NA,NA,NA,NA,NA,NA,NA,NA,NA,Forward,0, ,10,65
1367,Calvin Hobbes,C,0,SEA,66,22,31148,8,19,27,-6,10,2,9,11,3699,0,1,1,1951,0,507,286,0,0,0,24,23,17,22,49,75,71,77,98.8,2.5,3.5,25.7,31.8,316,367,46.3,4.4,216,251,46.3,3.6,Forward,19,19,1,66
1428,Vaseline Podcalzone,RW,0,SEA,66,22,30551,5,19,24,-3,10,1,6,7,3520,0,1,1,835,3,32,5,0,0,0,56,24,11,26,39,84,83,76,99.8,2.2,2.7,25.6,31.1,319,396,44.6,1.9,231,263,46.8,4.5,Forward,19,19,2,66
1970,Salzberger Lillehammersson,RW,0,ATL,66,21,25548,4,18,22,10,2,0,5,5,2232,0,0,0,186,0,24,13,0,0,0,57,15,10,14,45,83,83,76,100.2,3.4,1.7,37,19,392,263,59.8,4,284,152,65.1,7.3,Forward,18,18,3,66
806,Michael Withecheck,RD,0,ATL,66,21,28364,2,15,17,18,8,0,2,2,2302,0,1,1,1544,1,0,0,0,0,0,31,6,18,57,57,71,64,78,105.4,4.6,1.8,35.1,23.2,370,311,54.3,-4.2,277,194,58.8,-1.8,Defense,15,15,1,66
1831,Paul Binder,LW,0,ATL,66,21,25339,9,14,23,21,4,0,0,0,555,0,0,0,450,1,11,2,0,0,0,49,21,13,6,60,77,84,61,105.7,5.6,2.5,37.1,26.8,388,305,56,-1.8,296,210,58.5,-2.3,Forward,14,14,4,66
1890,Pavel Jeziak,LW,0,ATL,66,21,24829,5,14,19,7,4,0,0,0,427,0,1,1,1598,2,62,17,0,0,0,40,15,12,16,31,71,70,66,98.7,4.1,3.2,39.1,26.8,375,292,56.2,-1.4,279,203,57.9,-3.2,Forward,14,14,5,66
933,Jukka Timonen,LW,0,CHI,66,14,16300,4,13,17,3,4,1,0,1,738,0,0,0,420,1,18,1,0,0,0,41,8,7,8,37,75,67,75,101.8,3.6,2.4,34,27.3,235,211,52.7,-4.2,174,135,56.3,-0.7,Forward,13,13,6,66
1261,Liam Slate,LW,0,SEA,66,22,29651,7,13,20,-4,0,2,8,10,3579,0,0,0,299,1,36,14,0,0,0,65,18,14,15,38,79,84,69,100.3,2.7,3.2,24.6,30.6,314,369,46,3.9,205,244,45.7,2.6,Forward,13,13,7,66
157,Mats Marner,LW,0,CHI,66,14,17696,5,12,17,13,6,0,2,2,1328,0,0,0,31,2,7,5,0,0,0,39,13,9,6,38,80,85,66,106.3,5.3,2.4,35,27.5,312,220,58.6,4.9,200,152,56.8,0.1,Forward,12,12,8,66
1049,Edward Williams,C,0,SEA,66,22,24939,3,12,15,-3,4,0,2,2,858,1,0,1,1069,2,316,181,0,0,0,23,18,16,5,45,68,65,67,100.6,2.3,3,24.6,33.3,269,375,41.8,-2.4,184,259,41.5,-3.4,Forward,12,12,9,66
1172,Burlok Sulfurgold,RW,0,ATL,66,21,24721,6,12,18,18,8,0,0,0,50,0,0,0,459,1,21,9,0,0,0,50,9,15,8,49,73,68,70,104.1,5.2,2.5,39.3,27.5,406,313,56.5,-1.1,312,217,59,-1.6,Forward,12,12,10,66
1701,Puddles O'Duck,LD,0,ATL,66,21,29152,9,12,21,5,8,5,3,8,2390,0,0,0,1341,2,0,0,0,0,0,24,1,12,35,85,66,63,69,97.4,3.5,2.8,37.7,23.6,423,301,58.4,2,307,198,60.8,1.2,Defense,12,12,2,66
1969,Shion Okamoto,LD,0,CHI,66,14,17756,2,10,12,15,10,1,2,3,1557,0,0,0,368,1,0,0,0,0,0,15,2,9,17,35,66,59,73,108.9,5,1.1,36.6,23.9,287,208,58,3.6,200,124,61.7,7.4,Defense,10,10,3,66
774,Jack Nishimori,RD,0,ATL,66,21,21563,1,9,10,10,6,0,0,0,18,0,0,0,583,0,0,0,0,0,0,16,2,6,33,45,57,52,63,99.5,4.8,3.3,41.2,26.8,364,261,58.2,1.6,285,182,61,1.5,Defense,9,9,4,66
941,Ethan Bouchard,LD,0,TBB,66,10,12814,2,7,9,5,0,0,3,3,888,0,0,0,226,0,0,0,0,0,0,4,4,7,17,22,63,57,66,104.7,4.6,2.8,36.6,35.1,205,182,53,3.8,147,138,51.6,3.6,Defense,7,7,5,66
1295,Teddy Murphy,RD,0,SEA,66,22,26784,2,7,9,-8,15,0,0,0,123,0,1,1,1060,1,0,0,0,0,0,18,6,17,44,40,61,56,66,98.5,2.4,3.5,24.7,31.5,304,417,42.2,-1.9,221,263,45.7,2.7,Defense,7,7,6,66
1837,Bean Beanman,LD,0,BUF,66,16,22675,0,7,7,5,2,0,2,2,2174,0,2,2,1407,0,0,0,0,0,0,23,2,16,42,46,68,59,77,102.4,3.2,2.1,32.2,27.5,286,268,51.6,1.8,204,173,54.1,5,Defense,7,7,7,66
703,Akira Ren,LD,0,CHI,66,14,17118,1,6,7,1,2,0,0,0,416,0,1,1,994,0,0,0,0,0,0,19,1,7,8,17,60,58,59,98.9,3.2,3.2,32.3,29.1,254,209,54.9,-1.1,173,151,53.4,-5,Defense,6,6,8,66
742,Finn von Murphenstein,RD,0,TBB,66,10,12654,0,6,6,7,2,0,0,0,124,0,0,0,734,0,0,0,0,0,0,5,1,4,9,17,57,51,61,106.2,4.9,2.7,35.7,36.6,196,192,50.5,-0.1,142,147,49.1,-0.3,Defense,6,6,9,66
877,Adelie de Pengu,RD,0,CHI,66,14,16445,0,6,6,7,6,0,0,0,85,0,0,0,400,0,0,0,0,0,0,10,2,11,30,13,59,53,66,102.9,5.2,3.6,35.2,30.4,271,219,55.3,-0.4,195,158,55.2,-2.4,Defense,6,6,10,66
1428,Vaseline Podcalzone,RW,0,SEA,67,23,28338,10,18,28,10,4,3,2,5,1753,1,0,1,894,2,42,11,0,0,0,45,22,17,14,66,80,82,69,102.8,4.3,2.9,30.8,26.1,397,345,53.5,-3.4,272,219,55.4,-0.8,Forward,37,37,1,67
1367,Calvin Hobbes,C,0,SEA,67,23,26153,7,11,18,16,4,0,0,0,23,1,0,1,2585,1,318,173,0,0,0,18,12,16,14,45,71,69,70,104.7,3.8,1.5,33.6,23.1,417,284,59.5,5.4,261,178,59.5,5,Forward,30,30,2,67
1063,Robert E O Speedwagon,RW,0,MAN,67,27,34284,6,25,31,3,14,1,5,6,3609,0,2,2,1983,0,19,5,0,0,0,61,12,17,31,58,77,75,76,104.5,3.9,3,29.7,35,376,505,42.7,-1,274,339,44.7,1.3,Forward,29,29,3,67
1261,Liam Slate,LW,0,SEA,67,23,27990,10,15,25,17,12,1,2,3,1766,1,0,1,131,1,24,6,0,0,0,59,20,11,6,51,78,83,66,105.4,3.9,1.5,33.5,25,447,348,56.2,0.7,285,221,56.3,0.6,Forward,28,28,4,67
1506,William Salming,LW,0,SEA,67,23,29409,4,17,21,16,6,0,0,0,437,0,0,0,2486,2,50,22,0,0,0,49,18,14,16,48,79,83,70,105,4.3,2.2,33.2,26.8,417,362,53.5,-3.4,291,241,54.7,-1.9,Forward,28,28,5,67
1824,Tomas Lind,LW,0,MAN,67,27,34165,7,27,34,7,4,2,8,10,3747,0,0,0,173,0,40,15,0,0,0,73,33,17,16,80,78,82,64,106.3,4.4,3,30.4,36.4,425,527,44.6,2,302,363,45.4,2.5,Forward,28,28,6,67
1970,Salzberger Lillehammersson,RW,0,ATL,67,11,15383,8,6,14,9,4,2,0,2,1075,1,1,2,885,2,8,4,0,0,0,34,10,8,5,44,81,89,67,101.2,4,2.1,41,24.9,245,158,60.8,7.8,180,118,60.4,6.1,Forward,24,24,7,67
2200,Lev Lebedev,C,0,MAN,67,27,35059,22,21,43,6,4,5,7,12,3384,1,0,1,368,3,453,218,0,0,0,23,33,21,24,97,71,69,71,105.9,4.4,3.2,29.3,35.6,416,560,42.6,-1.1,298,374,44.3,0.8,Forward,24,24,8,67
558,Luukas Lilja,C,0,SEA,67,23,27659,19,19,38,23,12,2,4,6,1863,0,2,2,364,3,334,184,0,0,0,16,17,18,21,64,74,74,73,107.7,5.2,2.1,32.3,24.8,407,335,54.9,-1.4,281,213,56.9,1.4,Forward,22,22,9,67
1892,Kermit Murphy,LD,0,SEA,67,23,30419,2,16,18,19,14,0,4,4,1863,0,2,2,2424,1,0,0,0,0,0,23,6,17,56,71,67,60,74,104.6,4.5,2.1,35,24.5,448,326,57.9,3.2,297,212,58.3,3.7,Defense,22,22,1,67
1831,Paul Binder,LW,0,ATL,67,11,14439,1,7,8,7,2,0,2,2,1033,0,0,0,553,0,19,2,0,0,0,26,3,10,7,24,83,82,78,101.1,4.2,2.2,40.9,24.4,230,151,60.4,6.9,170,111,60.5,6,Forward,21,21,10,67
806,Michael Withecheck,RD,0,ATL,67,11,14885,2,3,5,-1,6,0,0,0,236,0,0,0,556,1,0,0,0,0,0,9,2,12,14,33,65,61,68,96.2,2,2.6,39.1,28.4,231,181,56.1,0.5,176,133,57,0.7,Defense,18,18,2,67
1701,Puddles O'Duck,LD,0,ATL,67,11,15965,0,5,5,1,4,0,1,1,1025,0,1,1,754,0,0,0,0,0,0,6,1,12,24,44,67,58,76,97.9,2.3,2,40.6,26.1,225,174,56.4,1,175,128,57.8,2,Defense,17,17,3,67
774,Jack Nishimori,LD,0,MTL,67,16,21397,1,5,6,-7,4,0,1,1,416,0,0,0,1367,0,0,0,0,0,0,12,0,8,26,28,64,58,67,98.7,2.2,3.5,28.4,38.5,272,324,45.6,-2.4,181,251,41.9,-6.8,Defense,14,14,4,67
883,Sean Gatez,RD,0,MAN,67,27,33615,0,10,10,2,6,0,0,0,1096,0,0,0,611,0,0,0,0,0,0,33,3,12,75,47,64,57,70,102.3,3.7,3.5,30.3,35.1,429,518,45.3,3,318,378,45.7,3,Defense,14,14,5,67
1295,Teddy Murphy,RD,0,SEA,67,23,23958,1,7,8,19,4,0,0,0,34,0,0,0,729,0,0,0,0,0,0,11,3,11,16,36,59,52,66,106,4.2,1.4,33.2,21.3,410,296,58.1,3.4,266,163,62,8.6,Defense,14,14,6,67
1864,Daryl Urquhart,RD,0,SEA,67,23,28281,2,8,10,4,14,0,0,0,354,0,0,0,1227,0,0,0,0,0,0,30,4,24,32,42,62,54,69,100.9,3.2,2.8,32.1,30.9,407,377,51.9,-5.9,275,269,50.6,-8.5,Defense,14,14,7,67
1327,Teylora Petrov,RD,0,MAN,67,27,36765,5,12,17,7,4,3,6,9,3777,0,2,2,2164,2,0,0,0,0,0,24,6,15,103,41,65,53,79,106.4,3.6,2.5,27.4,36.1,411,537,43.4,0,280,357,44,0.2,Defense,13,13,8,67
732,Sven Svechnikov,LD,0,MAN,67,27,37847,8,11,19,7,6,4,3,7,3697,0,0,0,2289,2,0,0,0,0,0,33,5,13,63,55,66,60,72,107.6,4.2,3.1,26.7,37.6,406,567,41.7,-2.5,280,380,42.4,-2.1,Defense,12,12,9,67
1969,Shion Okamoto,LD,0,CHI,67,7,9077,0,2,2,-3,4,0,0,0,226,0,0,0,118,0,0,0,0,0,0,9,2,7,17,5,66,59,74,94.8,1.2,2.5,28.9,26,140,105,57.1,3.7,87,71,55.1,1,Defense,12,12,10,67
1063,Robert E O Speedwagon,RW,0,MAN,68,24,34948,3,24,27,-2,2,0,5,5,3637,0,0,0,2289,0,14,8,0,0,0,51,22,19,15,43,76,76,71,99.1,3.1,3.2,33.5,31.6,417,421,49.8,3.2,311,307,50.3,3.7,Forward,53,53,1,68
1428,Vaseline Podcalzone,LW,0,SEA,68,21,28372,12,15,27,12,10,3,4,7,2787,0,0,0,1162,1,36,12,0,0,0,52,23,17,11,51,83,86,75,103.5,3.8,2.1,31,23.3,358,264,57.6,-3.2,245,179,57.8,-2.6,Forward,52,52,2,68
1506,William Salming,RW,0,SEA,68,21,28161,4,18,22,20,6,0,1,1,773,0,1,1,2901,1,18,7,0,0,0,39,14,10,19,29,78,80,71,107.7,4.7,1.9,30,23.8,353,273,56.4,-4.9,240,185,56.5,-4.6,Forward,46,46,3,68
1824,Tomas Lind,LW,0,MAN,68,24,33921,10,17,27,7,10,1,2,3,4127,0,0,0,174,1,36,11,0,0,0,51,18,26,12,73,79,84,67,102.8,3.6,2.7,33.3,32.7,410,446,47.9,0.4,319,328,49.3,2.2,Forward,45,45,4,68
1367,Calvin Hobbes,C,0,SEA,68,21,24662,8,10,18,12,0,0,0,0,23,2,0,2,3104,1,287,145,0,0,0,14,24,8,7,50,69,69,66,102,3.2,1.5,33.6,20.1,322,190,62.9,4.5,231,141,62.1,3.6,Forward,40,40,5,68
1892,Kermit Murphy,LD,0,SEA,68,21,30688,3,18,21,24,8,1,5,6,2839,0,2,2,2653,1,0,0,0,0,0,20,1,21,25,73,68,63,73,108.2,4.4,1.3,31,21.3,380,243,61,2.1,259,172,60.1,0.8,Defense,40,40,1,68
1261,Liam Slate,RW,0,SEA,68,21,25700,1,11,12,11,12,0,0,0,807,0,0,0,0,0,6,3,0,0,0,51,12,10,7,37,77,84,63,103.2,3,1.4,30.7,21.7,376,250,60.1,0.6,253,174,59.3,-0.4,Forward,39,39,6,68
1970,Salzberger Lillehammersson,RW,0,ATL,68,12,16246,8,15,23,10,0,1,3,4,1588,2,0,2,997,1,9,3,0,0,0,26,11,11,8,54,85,91,69,100.8,5.3,2.9,37.9,22.1,229,159,59,2.6,165,99,62.5,6.4,Forward,39,39,7,68
2433,Max Manning,C,0,SEA,68,21,29334,18,14,32,16,2,3,3,6,2751,0,0,0,922,2,325,180,0,0,0,17,24,17,16,64,77,79,70,103.7,4.6,2.4,32.3,22.4,385,274,58.4,-1.9,273,184,59.7,0.3,Forward,35,35,8,68
1817,Greg Davies,LW,0,MAN,68,24,28480,5,18,23,7,6,0,0,0,480,0,0,0,810,1,8,2,0,0,0,45,13,17,19,33,72,71,69,103.8,3.2,2.4,28.1,31.8,364,392,48.1,0.7,254,278,47.7,-0.2,Forward,34,34,9,68
1831,Paul Binder,LW,0,ATL,68,12,14357,2,13,15,10,0,0,0,0,187,0,0,0,328,0,15,1,0,0,0,22,6,7,8,30,81,83,73,102.4,4.4,2.1,38.7,23.1,225,160,58.4,1.7,169,105,61.7,5.3,Forward,34,34,10,68
732,Sven Svechnikov,LD,0,MAN,68,24,36463,2,14,16,11,4,1,4,5,3956,0,0,0,646,1,0,0,0,0,0,24,3,16,68,75,67,60,75,103.5,3.8,2.6,33.3,32.3,466,497,48.4,1.2,348,339,50.7,4.4,Defense,26,26,2,68
806,Michael Withecheck,RD,0,ATL,68,12,15102,2,6,8,10,8,0,1,1,328,1,0,1,569,0,0,0,0,0,0,8,0,11,26,33,65,59,71,101.6,4.8,2.5,37.8,22.8,245,145,62.8,8.5,177,104,63,7.4,Defense,24,24,3,68
1276,Jonas Kahnwald,LD,0,SEA,68,21,30255,2,14,16,2,6,1,3,4,2733,0,0,0,1904,1,0,0,0,0,0,26,4,20,20,51,66,62,67,98.7,3,2.7,30.2,24.2,375,265,58.6,-1.6,252,199,55.9,-5.7,Defense,23,23,4,68
1864,Daryl Urquhart,RD,0,SEA,68,21,26678,1,7,8,9,8,0,0,0,812,0,0,0,591,0,0,0,0,0,0,22,1,18,22,50,59,55,63,101.6,3.8,2.7,31.8,25.8,374,282,57,-4.1,258,210,55.1,-7,Defense,21,21,5,68
883,Sean Gatez,RD,0,MAN,68,24,35254,5,6,11,5,14,2,1,3,3894,0,1,1,129,2,0,0,0,0,0,36,2,16,77,60,68,60,76,100.5,3.1,2.5,34.9,30.1,466,477,49.4,2.9,353,310,53.2,8.4,Defense,20,20,6,68
1701,Puddles O'Duck,LD,0,ATL,68,12,16423,0,2,2,-2,0,0,2,2,1449,0,0,0,1006,0,0,0,0,0,0,7,1,9,30,22,62,57,65,95,3.4,3.9,35,26.5,220,182,54.7,-4,153,121,55.8,-3.6,Defense,19,19,7,68
1837,Bean Beanman,LD,0,BUF,68,17,24069,6,12,18,6,12,2,4,6,3098,0,0,0,1357,0,0,0,0,0,0,14,2,12,41,41,66,62,69,102.8,5.7,4.2,37.4,34.1,355,294,54.7,1.1,247,214,53.6,-0.5,Defense,19,19,8,68
2340,Landon Fischermann,RD,0,SEA,68,21,29337,2,7,9,23,8,0,0,0,867,0,0,0,2602,0,0,0,0,0,0,24,3,19,34,51,67,60,76,108.1,4.3,1.1,31.6,19.9,392,240,62,3.7,271,167,61.9,3.5,Defense,18,18,9,68
774,Jack Nishimori,LD,0,MTL,68,6,7456,0,2,2,-9,0,0,0,0,0,0,0,0,598,0,0,0,0,0,0,1,1,2,13,6,51,52,49,89,2.6,7.3,35.2,39.9,114,124,47.9,2.7,80,88,47.6,1.5,Defense,16,16,10,68
1428,Vaseline Podcalzone,LW,0,SEA,69,16,22096,6,16,22,9,10,1,1,2,2426,0,1,1,538,0,30,6,0,0,0,47,8,9,17,37,87,89,77,103.4,4.5,2.6,29.4,22,256,199,56.3,4.9,176,137,56.2,3.7,Forward,68,68,1,69
1063,Robert E O Speedwagon,RW,0,MAN,69,5,5620,0,3,3,-6,0,0,0,0,205,0,0,0,115,0,0,0,0,0,0,3,4,0,5,8,69,80,50,91.4,2,6.1,30.6,40.1,78,112,41.1,2.3,55,69,44.4,5.7,Forward,56,56,2,69
1506,William Salming,RW,0,SEA,69,16,19747,3,8,11,6,2,0,0,0,452,0,0,0,1612,0,8,4,0,0,0,44,13,4,18,18,75,76,70,101.8,4.1,2.9,28.3,22.6,219,184,54.3,1.9,154,123,55.6,2.6,Forward,54,54,3,69
2457,Mikko Rashford,RW,0,WPG,69,24,31812,7,29,36,10,8,2,7,9,3458,0,0,0,377,1,10,1,0,0,0,45,18,15,13,67,81,89,64,102.1,4.2,2.7,33.3,25.5,433,317,57.7,0,303,225,57.4,-2.2,Forward,54,54,4,69
1261,Liam Slate,RW,0,SEA,69,16,19117,2,11,13,3,2,1,1,2,618,0,0,0,67,0,5,2,0,0,0,37,18,10,14,25,79,80,69,98.5,3.7,3.1,30.7,23,265,215,55.2,3.4,185,137,57.5,5.6,Forward,50,50,5,69
1367,Calvin Hobbes,C,0,SEA,69,16,17897,3,9,12,3,6,0,0,0,0,0,0,0,1631,1,244,99,0,0,0,13,12,6,10,29,68,68,66,102.8,2.7,2,26.3,27.2,194,205,48.6,-6.2,136,147,48.1,-8.2,Forward,49,49,6,69
1824,Tomas Lind,LW,0,MAN,69,5,6641,0,4,4,-8,0,0,2,2,726,0,0,0,492,0,9,0,0,0,0,7,7,4,10,6,67,70,55,92.9,4,8.6,33.2,45.1,83,111,42.8,5,59,79,42.8,3.6,Forward,49,49,7,69
1892,Kermit Murphy,LD,0,SEA,69,16,23323,2,9,11,-4,6,1,2,3,2451,0,1,1,1353,0,0,0,0,0,0,19,2,10,26,60,65,61,69,96,2.4,2.8,26.7,21.4,246,209,54.1,1.6,166,136,55,1.7,Defense,49,49,1,69
1970,Salzberger Lillehammersson,RW,0,ATL,69,14,18094,5,8,13,-3,8,2,3,5,1996,0,0,0,486,1,21,5,0,0,0,27,16,8,9,59,79,85,62,94.1,2.8,3.2,43.4,26.3,316,209,60.2,8.2,212,131,61.8,7.4,Forward,47,47,8,69
2433,Max Manning,C,0,SEA,69,16,22749,14,12,26,9,4,2,3,5,2458,1,0,1,448,4,277,125,0,0,0,15,16,20,10,58,77,80,71,102.2,4,2.4,30.3,21.6,262,199,56.8,5.8,186,134,58.1,6.6,Forward,47,47,9,69
1831,Paul Binder,RW,0,ATL,69,14,16643,3,8,11,-4,6,1,1,2,738,0,0,0,664,1,20,8,0,0,0,20,4,5,10,29,75,81,59,93.2,3.8,4.7,40.6,29.3,266,211,55.8,1,204,151,57.5,0.7,Forward,42,42,10,69
1276,Jonas Kahnwald,LD,0,SEA,69,16,23058,5,9,14,11,4,2,2,4,2598,0,0,0,1039,1,0,0,0,0,0,10,2,18,16,55,66,62,70,105,4.6,2.4,32.8,26.5,280,217,56.3,5.3,198,159,55.5,2.7,Defense,32,32,2,69
732,Sven Svechnikov,LD,0,MAN,69,5,7090,0,2,2,-5,0,0,1,1,756,0,0,0,463,0,0,0,0,0,0,6,2,4,19,18,68,57,79,92.6,0.6,3.1,28.2,31.9,91,119,43.3,6.1,57,65,46.7,9.1,Defense,28,28,3,69
806,Michael Withecheck,RD,0,ATL,69,14,17346,2,4,6,0,4,1,0,1,722,0,0,0,788,0,0,0,0,0,0,16,2,6,32,42,64,58,68,93.6,3.4,3.6,39.3,24.1,251,183,57.8,4,192,134,58.9,2.8,Defense,28,28,4,69
1701,Puddles O'Duck,LD,0,ATL,69,14,19214,6,9,15,-8,6,3,4,7,1913,0,1,1,1385,2,0,0,0,0,0,12,4,7,47,39,66,60,71,92.4,2.9,4.5,39.6,30.1,275,235,53.9,-1.8,206,154,57.2,0.3,Defense,28,28,5,69
1864,Daryl Urquhart,RD,0,SEA,69,16,20974,3,7,10,10,2,0,0,0,210,0,0,0,510,2,0,0,0,0,0,15,1,12,19,32,60,55,64,104.3,4.4,2.7,30.6,26,273,234,53.8,1.4,195,165,54.2,0.6,Defense,28,28,6,69
1194,Ethan Duncan,RD,0,WPG,69,24,27751,2,7,9,6,10,0,0,0,149,0,0,0,1166,0,0,0,0,0,0,20,3,14,25,59,58,53,64,98.4,3,2.5,32.3,22.5,385,297,56.5,-1.9,279,195,58.9,0.2,Defense,23,23,7,69
774,Jack Nishimori,RD,0,MTL,69,10,10524,1,6,7,2,2,0,0,0,33,0,0,0,67,1,0,0,0,0,0,6,3,2,36,18,62,51,75,103.3,4.5,3.8,34.2,38.7,175,189,48.1,-6.3,120,131,47.8,-8.9,Defense,22,22,8,69
2228,Marcel Beck,RD,0,WPG,69,24,33654,6,10,16,7,9,3,2,5,3309,0,1,1,2466,0,0,0,1,0,1,39,4,28,34,59,65,56,74,100.5,3.1,2.3,27.9,21.8,389,273,58.8,1.5,261,185,58.5,-0.3,Defense,22,22,9,69
2340,Landon Fischermann,RD,0,SEA,69,16,21986,0,3,3,-6,10,0,0,0,505,0,0,0,1539,0,0,0,0,0,0,16,4,7,27,27,59,54,65,93.6,2.5,3.6,26.4,22.6,247,222,52.7,-0.5,169,147,53.5,-0.5,Defense,21,21,10,69
1428,Vaseline Podcalzone,LW,0,SEA,70,13,16647,5,11,16,10,6,1,1,2,1895,0,0,0,525,1,24,7,0,0,0,28,11,8,5,31,83,87,71,107.6,5.1,2.3,33.4,30.1,227,198,53.4,-1.8,156,141,52.5,-3.4,Forward,79,79,1,70
2457,Mikko Rashford,RW,0,WPG,70,22,29787,13,14,27,3,12,1,5,6,3913,2,1,3,3007,2,6,3,0,0,0,34,19,13,16,108,81,89,64,98,3.8,3.5,41.6,31.2,447,341,56.7,0.2,308,225,57.8,0.4,Forward,68,68,2,70
1506,William Salming,RW,0,SEA,70,13,16433,4,12,16,7,4,1,0,1,505,0,0,0,1934,1,11,0,0,0,0,24,12,7,9,30,74,78,66,103.5,5.1,3.3,32.4,27,229,177,56.4,2.8,152,126,54.7,-0.1,Forward,66,66,3,70
1970,Salzberger Lillehammersson,RW,0,ATL,70,14,18233,6,13,19,9,2,1,2,3,3045,0,0,0,395,0,27,9,0,0,0,47,19,9,11,43,83,88,73,103.9,4.9,2.7,37.2,29.2,242,219,52.5,-2.4,170,142,54.5,-1.1,Forward,60,60,4,70
1063,Robert E O Speedwagon,RW,0,MAN,70,4,4662,0,1,1,-9,0,0,0,0,126,0,0,0,0,0,1,0,0,0,0,2,1,4,2,6,67,76,50,88.8,1.6,8.7,31.7,54,64,117,35.4,2,48,88,35.3,4.1,Forward,57,57,5,70
2433,Max Manning,C,0,SEA,70,13,18124,11,10,21,0,6,2,2,4,1958,0,0,0,652,2,220,97,0,0,0,10,14,5,7,61,75,81,64,98.2,4.2,3.9,33.2,27.4,244,203,54.6,0.1,173,146,54.2,-0.8,Forward,57,57,6,70
1367,Calvin Hobbes,C,0,SEA,70,13,14114,1,4,5,0,4,0,0,0,12,0,0,0,2028,0,177,82,0,0,0,5,11,4,8,25,66,64,67,97.2,2.1,2.1,31.9,22.4,183,148,55.3,1,124,94,56.9,2.9,Forward,53,53,7,70
1892,Kermit Murphy,LD,0,SEA,70,13,18918,2,3,5,2,4,1,1,2,1795,0,0,0,1740,0,0,0,0,0,0,15,2,6,38,30,68,60,78,100.5,2.8,2.1,30.9,24.6,238,187,56,2.2,159,129,55.2,0.7,Defense,52,52,1,70
2152,Gonzo Gobbledygook,LW,0,WPG,70,22,24947,14,13,27,16,8,0,2,2,1409,0,0,0,810,3,14,2,0,0,0,46,17,8,18,94,80,81,71,104.1,5.5,2.7,40.9,28.5,432,319,57.5,1.3,304,212,58.9,2.1,Forward,52,52,8,70
1824,Tomas Lind,LW,0,MAN,70,4,5084,0,2,2,-8,4,0,1,1,786,0,0,0,517,0,15,4,0,0,0,2,2,4,7,5,69,68,70,86.7,1,8.6,28.6,51.4,55,88,38.5,6.3,38,60,38.8,8.3,Forward,51,51,9,70
1261,Liam Slate,RW,0,SEA,69,16,19117,2,11,13,3,2,1,1,2,618,0,0,0,67,0,5,2,0,0,0,37,18,10,14,25,79,80,69,98.5,3.7,3.1,30.7,23,265,215,55.2,3.4,185,137,57.5,5.6,Forward,50,50,10,70
732,Sven Svechnikov,LD,0,NEW,70,28,41375,2,13,15,12,6,1,2,3,4701,0,2,2,3800,0,0,0,0,0,0,35,4,16,86,55,67,58,77,103.8,3.7,2.4,34.6,34.8,549,609,47.4,-0.3,370,375,49.7,1.7,Defense,41,41,2,70
1276,Jonas Kahnwald,RD,0,CHI,70,13,16778,0,3,3,-2,4,0,1,1,420,0,0,0,445,0,0,0,0,0,0,14,3,10,32,21,63,58,68,97.7,2.5,3.4,29.6,31.7,242,232,51.1,-1,150,160,48.4,-3.1,Defense,35,35,3,70
1864,Daryl Urquhart,RD,0,SEA,70,13,16180,1,7,8,3,10,0,1,1,722,0,0,0,324,0,0,0,0,0,0,14,2,9,25,23,59,54,62,99.4,4.8,4,34.3,27.8,238,204,53.8,-1.1,167,135,55.3,0.9,Defense,35,35,4,70
806,Michael Withecheck,RD,0,ATL,70,14,18136,2,4,6,-4,8,1,0,1,1280,0,0,0,1021,0,0,0,0,0,0,19,0,14,30,29,67,60,75,96,2.3,3.2,35.2,30.5,260,234,52.6,-2.3,178,154,53.6,-2.4,Defense,32,32,5,70
1701,Puddles O'Duck,LD,0,ATL,70,14,19549,2,4,6,-1,2,2,1,3,2583,0,0,0,1712,0,0,0,0,0,0,23,6,14,33,45,67,59,76,95.8,3.1,3.3,37.8,26.9,257,199,56.4,3.3,194,134,59.1,6,Defense,32,32,6,70
1194,Ethan Duncan,RD,0,WPG,70,22,23353,4,7,11,8,4,0,0,0,121,0,0,0,675,0,0,0,0,0,0,22,2,15,55,38,63,56,71,100.7,4.3,3,38.6,28.9,436,365,54.4,-3.3,273,214,56.1,-2.1,Defense,30,30,7,70
2228,Marcel Beck,RD,0,WPG,70,22,26986,1,8,9,0,8,0,0,0,1613,0,1,1,2226,0,0,0,0,0,0,26,1,23,50,38,64,58,71,97.6,4.2,4.2,39.3,32.2,416,350,54.3,-3.4,295,241,55,-3.7,Defense,30,30,8,70
2529,Christian Kinsinger,LD,0,WPG,70,22,31125,5,13,18,9,10,4,5,9,4204,0,1,1,2754,1,0,0,0,0,0,38,9,27,50,74,70,61,80,100,4.2,2.7,41.9,27,482,320,60.1,5.3,336,213,61.2,5.7,Defense,30,30,9,70
2166,Hans Graf,RD,0,PHI,70,18,25580,0,11,11,4,4,0,4,4,3727,0,0,0,2271,0,0,0,0,0,0,16,3,12,40,38,67,59,76,100.3,3.7,2.9,39.9,33.1,377,335,52.9,-2.5,264,227,53.8,-0.4,Defense,28,28,10,70
2457,Mikko Rashford,RW,0,WPG,71,22,30922,16,17,33,9,14,4,5,9,2506,2,0,2,2992,2,11,1,0,0,0,33,28,15,13,108,81,90,64,99.5,4.1,3.1,39.1,28.2,451,357,55.8,2.2,318,243,56.7,3.1,Forward,85,85,1,71
1428,Vaseline Podcalzone,LW,0,SEA,71,7,9780,3,1,4,-2,2,0,0,0,848,2,0,2,357,0,9,0,0,0,0,15,6,6,5,21,81,85,71,95.5,1.7,3.4,33.2,35.3,129,126,50.6,8.7,97,92,51.3,7.6,Forward,80,80,2,71
1506,William Salming,RW,0,SEA,71,7,9545,0,4,4,-3,4,0,1,1,764,0,0,0,524,0,18,7,0,0,0,16,5,2,8,5,76,76,70,97.2,2.6,3.9,30.1,34,120,123,49.4,6.5,87,88,49.7,4.7,Forward,70,70,3,71
1970,Salzberger Lillehammersson,RW,0,ATL,71,11,13269,4,8,12,-1,6,1,0,1,454,0,1,1,490,0,31,10,0,0,0,15,11,6,11,17,73,82,55,99.4,3.8,4.4,31.5,34.8,196,184,51.6,-4.6,134,135,49.8,-7.9,Forward,68,68,4,71
2152,Gonzo Gobbledygook,LW,0,WPG,71,22,25843,13,13,26,15,6,0,1,1,762,0,0,0,487,1,21,6,0,0,0,34,22,6,5,79,77,83,63,103.8,4.5,2.3,38.2,29.1,422,341,55.3,1.4,304,241,55.8,1.7,Forward,65,65,5,71
1014,Evil AllBran,C,0,PHI,71,18,25562,10,17,27,9,10,1,5,6,3460,0,1,1,1901,3,261,138,0,0,0,33,23,15,16,79,79,79,75,102.4,4.5,2.7,41.9,32.3,383,297,56.3,2.2,273,206,57,2.5,Forward,62,62,6,71
2207,Lias Ekholm-Gunnarsson,C,0,WPG,71,22,30689,13,22,35,10,22,5,5,10,2580,0,2,2,2905,2,461,274,0,0,0,33,17,22,12,74,78,76,77,101.1,4.3,3.1,37.6,30.4,447,359,55.5,1.6,299,247,54.8,0.1,Forward,61,61,7,71
1923,Noel Blanchet,LW,0,WPG,71,22,27282,10,13,23,10,16,1,3,4,2288,0,0,0,247,3,20,11,0,0,0,31,28,12,13,59,72,73,69,101.2,4.4,2.9,40.3,30.1,462,353,56.7,3.5,313,240,56.6,2.9,Forward,60,60,8,71
2433,Max Manning,C,0,SEA,71,7,10573,4,3,7,-1,2,1,1,2,767,0,0,0,727,0,122,70,0,0,0,9,6,6,3,31,78,83,68,99.4,2.4,2.8,30.1,32.5,127,126,50.2,8,94,93,50.3,5.8,Forward,60,60,9,71
1063,Robert E O Speedwagon,RW,0,MAN,70,4,4662,0,1,1,-9,0,0,0,0,126,0,0,0,0,0,1,0,0,0,0,2,1,4,2,6,67,76,50,88.8,1.6,8.7,31.7,54,64,117,35.4,2,48,88,35.3,4.1,Forward,57,57,10,71
1892,Kermit Murphy,RD,0,SEA,71,7,10109,1,4,5,-3,4,0,0,0,235,0,1,1,286,0,0,0,0,0,0,4,1,4,13,15,64,61,67,97.8,2.6,3.8,30,34.2,115,147,43.9,-2.4,94,107,46.8,0,Defense,56,56,1,71
2529,Christian Kinsinger,LD,0,WPG,71,22,31351,3,17,20,6,11,0,4,4,2611,0,1,1,2841,0,0,0,1,0,1,25,11,23,59,66,68,61,75,97.8,4.9,4.2,39.5,28.8,445,360,55.3,1.3,324,252,56.3,2.4,Defense,47,47,2,71
2228,Marcel Beck,RD,0,WPG,71,22,28756,7,15,22,5,6,0,1,1,554,0,1,1,1885,0,0,0,0,0,0,30,2,23,42,50,64,57,69,98.7,4.8,4.1,37.9,29.4,449,385,53.8,-0.9,321,265,54.8,0.2,Defense,45,45,3,71
732,Sven Svechnikov,LD,0,NEW,71,9,12451,0,0,0,3,8,0,0,0,654,0,0,0,983,0,0,0,0,0,0,8,3,7,23,18,67,57,78,102.3,3.3,2,37,30,184,150,55.1,-1.4,132,103,56.2,-2,Defense,41,41,4,71
1276,Jonas Kahnwald,LD,0,CHI,71,12,16951,1,5,6,7,0,0,0,0,555,0,0,0,1559,1,0,0,0,0,0,9,3,9,33,18,64,56,73,106.8,4.6,2.9,28.6,31.3,209,238,46.8,-2.5,138,153,47.4,-1.8,Defense,40,40,5,71
1701,Puddles O'Duck,LD,0,ATL,71,11,15302,4,8,12,8,6,1,2,3,1459,0,2,2,1451,1,0,0,0,0,0,12,1,8,19,22,66,61,70,103.2,4.4,2.9,32,27.9,196,153,56.2,2.6,131,109,54.6,-0.3,Defense,40,40,6,71
1194,Ethan Duncan,RD,0,WPG,71,22,24675,0,9,9,7,6,0,0,0,165,0,0,0,668,0,0,0,0,0,0,36,5,17,30,32,62,56,70,101.6,4.4,3.3,35.8,31.3,404,361,52.8,-2.3,271,248,52.2,-3.6,Defense,39,39,7,71
806,Michael Withecheck,RD,0,ATL,71,11,13839,1,6,7,8,6,0,0,0,688,0,1,1,952,1,0,0,0,0,0,15,1,9,25,32,66,59,73,103.9,4.4,2.4,39.8,32.8,214,183,53.9,-0.9,159,128,55.4,1,Defense,38,38,8,71
2486,Jay O'Neil,RD,0,WPG,71,22,30828,5,12,17,20,10,2,4,6,2563,0,0,0,2825,1,0,0,0,0,0,32,5,27,46,60,69,57,82,104.7,4.4,1.8,39.3,28.7,459,343,57.2,4.3,320,239,57.2,3.9,Defense,37,37,9,71
1864,Daryl Urquhart,LD,0,SEA,71,7,10054,2,1,3,-3,2,0,0,0,257,0,0,0,352,0,0,0,0,0,0,5,0,7,8,21,58,56,59,98.2,3.4,4.6,31.3,35.8,117,141,45.3,0.1,96,104,48,2.2,Defense,36,36,10,71
2457,Mikko Rashford,RW,0,WPG,72,19,25539,8,22,30,14,6,1,2,3,3616,1,2,3,3153,2,5,3,0,0,0,39,22,13,16,68,83,89,68,103.4,5.4,2.9,43,31.5,352,296,54.3,-5.3,257,201,56.1,-5.1,Forward,107,107,1,72
1428,Vaseline Podcalzone,LW,0,SEA,72,5,7046,2,4,6,-2,6,0,0,0,654,0,0,0,274,0,17,6,0,0,0,3,5,5,3,20,68,69,62,102,4.1,4.7,25.3,32.9,72,93,43.6,6.4,51,68,42.9,6.3,Forward,84,84,2,72
1014,Evil AllBran,C,0,PHI,72,17,22804,19,17,36,16,8,3,6,9,3601,0,0,0,269,4,299,162,0,0,0,17,21,12,15,87,76,77,70,105.5,6.5,2.7,43.3,28.3,365,277,56.9,0,260,189,57.9,0.4,Forward,79,79,3,72
2207,Lias Ekholm-Gunnarsson,C,0,WPG,72,19,25538,16,16,32,11,12,2,4,6,3651,1,1,2,3023,1,399,222,0,0,0,17,24,18,22,96,77,75,78,101.1,5.5,3.4,45.8,31.3,366,281,56.6,-1.9,273,190,59,-0.8,Forward,77,77,4,72
1970,Salzberger Lillehammersson,RW,0,ATL,72,9,11477,1,6,7,-4,2,0,0,0,523,1,1,2,436,0,29,12,0,0,0,15,8,7,4,32,75,84,57,92.8,2.4,4.4,35.6,31.8,198,161,55.2,5.5,128,108,54.2,3.9,Forward,74,74,5,72
1506,William Salming,RW,0,SEA,72,5,7005,3,2,5,2,6,0,0,0,818,0,0,0,161,1,11,4,0,0,0,9,9,6,5,14,74,72,73,109.8,4.8,3.6,25.1,38.8,68,107,38.9,-1.1,49,79,38.3,-0.8,Forward,72,72,6,72
2152,Gonzo Gobbledygook,LW,0,WPG,72,19,20861,6,7,13,5,4,0,0,0,648,0,0,0,675,0,11,4,0,0,0,29,7,18,13,44,76,76,72,98.4,3.9,2.9,44.6,28.7,397,283,58.4,0.8,274,182,60.1,0.9,Forward,72,72,7,72
1923,Noel Blanchet,LW,0,WPG,72,19,19843,5,11,16,11,10,0,0,0,138,0,0,0,175,3,14,5,0,0,0,36,17,10,14,54,74,73,70,101.3,5,2.9,45.3,30.6,383,288,57.1,-1.2,278,198,58.4,-1.7,Forward,71,71,8,72
2620,Red Kirkby,RW,0,PHI,72,17,21936,8,17,25,15,13,1,3,4,3661,0,0,0,276,2,19,8,0,0,0,35,11,8,6,63,80,86,66,105,6.8,3,46,30.6,364,280,56.5,-0.5,261,200,56.6,-1.6,Forward,71,71,9,72
2433,Max Manning,C,0,WPG,72,19,22397,12,7,19,4,14,1,0,1,1014,1,0,1,1160,1,255,128,0,0,0,17,19,8,12,83,71,72,65,96.8,4.1,3.6,42,27.4,391,289,57.5,-0.6,271,186,59.3,-0.3,Forward,67,67,10,72
2529,Christian Kinsinger,LD,0,WPG,72,19,26206,3,10,13,16,10,1,3,4,3576,0,1,1,1870,0,0,0,0,0,0,23,3,16,48,57,69,60,78,103.4,5.2,2.3,46.6,29,414,314,56.9,-1.6,302,196,60.6,1.8,Defense,57,57,1,72
1892,Kermit Murphy,RD,0,BAP,72,4,5741,1,0,1,-5,2,0,0,0,507,0,0,0,396,0,0,0,0,0,0,4,0,1,12,16,64,59,69,93.1,0.7,3.7,27.5,38.7,58,82,41.4,10.3,39,61,39,8.2,Defense,56,56,2,72
732,Sven Svechnikov,RD,0,NEW,72,21,28641,2,11,13,8,12,0,0,0,585,0,3,3,2773,0,0,0,0,0,0,24,4,10,58,40,65,59,70,101.5,3.7,2.8,36.2,32.7,458,389,54.1,2.8,318,263,54.7,3.2,Defense,52,52,3,72
2228,Marcel Beck,RD,0,WPG,72,19,25371,4,7,11,20,12,0,0,0,963,0,1,1,2856,0,0,0,0,0,0,20,3,12,45,48,65,55,76,103.3,4.8,2,46.9,28.4,434,326,57.1,-1.3,312,201,60.8,2.1,Defense,52,52,4,72
1194,Ethan Duncan,RD,0,WPG,72,19,19898,1,9,10,8,6,0,0,0,11,0,1,1,977,0,0,0,0,0,0,21,2,10,14,22,58,53,60,99.8,4.4,3,40.7,27.8,360,243,59.7,2.6,241,172,58.4,-1.7,Defense,48,48,5,72
2486,Jay O'Neil,RD,0,WPG,72,19,27577,7,10,17,4,10,4,2,6,3531,0,1,1,2859,3,0,0,0,0,0,26,2,11,50,62,69,63,74,96.7,3.9,3.2,42.6,26,404,270,59.9,3.1,289,181,61.5,3,Defense,47,47,6,72
1276,Jonas Kahnwald,LD,0,CHI,72,12,15590,0,5,5,0,0,0,0,0,908,0,0,0,1100,0,0,0,0,0,0,11,3,4,28,12,61,57,63,101.1,3.7,3.7,31.5,34.7,218,218,50,2.2,139,147,48.6,4.3,Defense,45,45,7,72
1701,Puddles O'Duck,LD,0,ATL,72,9,11583,1,2,3,1,4,1,2,3,1583,0,0,0,695,0,0,0,0,0,0,12,1,5,23,18,66,58,76,99.6,3.1,2.7,36,30.2,178,152,53.9,3.4,116,98,54.2,3.7,Defense,42,42,8,72
806,Michael Withecheck,RD,0,ATL,72,9,9677,1,2,3,-7,6,0,0,0,101,0,0,0,632,0,0,0,0,0,0,9,0,4,8,18,57,56,55,93.3,2.4,5.2,36.6,39.4,152,159,48.9,-4.1,101,111,47.6,-5.9,Defense,40,40,9,72
2166,Hans Graf,RD,0,PHI,72,17,20229,2,5,7,7,2,0,0,0,20,0,1,1,2022,0,0,0,0,0,0,13,2,10,32,25,63,56,70,101,4,2.8,39.8,31.1,328,271,54.8,-3.1,232,195,54.3,-5,Defense,40,40,10,72
2457,Mikko Rashford,RW,0,WPG,73,17,22465,9,21,30,12,4,0,7,7,2314,1,4,5,2644,1,3,1,0,0,0,37,21,9,8,62,83,93,65,102.8,5.1,3.5,40.3,35,316,252,55.6,3.5,231,188,55.1,2.4,Forward,128,128,1,73
1014,Evil AllBran,LW,0,PHI,73,22,27676,8,19,27,13,4,0,1,1,1330,0,0,0,2208,0,21,9,0,0,0,33,26,9,22,64,80,82,74,104.3,4.9,3,38.2,34.8,449,397,53.1,0.9,313,285,52.3,-0.6,Forward,98,98,2,73
2620,Red Kirkby,RW,0,PHI,73,22,28773,19,18,37,21,8,5,4,9,4122,1,1,2,1153,4,23,10,0,0,0,47,29,18,17,80,81,84,74,106.4,5.7,2.6,40.3,34,441,366,54.6,3.3,309,261,54.2,2.2,Forward,89,89,3,73
2207,Lias Ekholm-Gunnarsson,C,0,WPG,73,17,23347,19,8,27,3,6,5,0,5,2369,4,1,5,2457,1,315,173,0,0,0,17,19,11,15,92,75,75,74,98.5,4.1,4.3,38.5,35.2,320,275,53.8,0.9,236,203,53.8,0.4,Forward,85,85,4,73
1428,Vaseline Podcalzone,LW,0,SEA,72,5,7046,2,4,6,-2,6,0,0,0,654,0,0,0,274,0,17,6,0,0,0,3,5,5,3,20,68,69,62,102,4.1,4.7,25.3,32.9,72,93,43.6,6.4,51,68,42.9,6.3,Forward,84,84,5,73
1923,Noel Blanchet,LW,0,WPG,73,17,19137,8,11,19,12,4,0,0,0,511,1,0,1,97,3,8,4,0,0,0,37,11,9,21,59,72,72,68,104.4,5.4,3.3,39.8,35.6,338,315,51.8,-2.1,243,213,53.3,-0.3,Forward,82,82,6,73
2892,Outdoor Truck,RW,0,NEW,73,17,23411,7,23,30,11,6,4,6,10,2830,1,2,3,2411,0,2,0,0,0,0,50,8,7,15,53,88,90,77,103.4,5,2.4,43,29.1,375,278,57.4,0,260,178,59.4,1.4,Forward,82,82,7,73
1970,Salzberger Lillehammersson,LW,0,ATL,73,11,13149,2,6,8,-7,6,0,0,0,148,0,0,0,782,0,18,3,0,0,0,20,8,5,14,41,74,76,63,92.3,3.5,5.6,40.7,34.2,226,212,51.6,-0.7,161,142,53.1,-1.9,Forward,80,80,8,73
2652,Ivan Lacksamus,C,0,NEW,73,17,23641,16,17,33,11,12,1,8,9,2925,1,1,2,2271,1,366,209,0,0,0,13,22,15,9,84,78,80,73,102.3,5.5,2.9,47.2,31.4,401,288,58.2,1.2,284,191,59.8,2.1,Forward,80,80,9,73
1402,Lemo Pihl,RW,0,PHI,73,22,21326,6,14,20,-12,4,0,0,0,40,2,0,2,87,1,12,4,0,0,0,31,15,16,19,56,67,67,63,92.5,2.7,5.1,35.7,33.8,335,354,48.6,-5.5,239,233,50.6,-2.9,Forward,78,78,10,73
2529,Christian Kinsinger,LD,0,WPG,73,17,22137,4,6,10,15,6,0,1,1,658,0,2,2,2037,1,0,0,0,0,0,14,4,14,39,34,65,58,73,102.9,5.7,3.5,42.8,33.5,388,282,57.9,7.4,274,205,57.2,5.8,Defense,63,63,1,73
1892,Kermit Murphy,RD,0,BAP,73,7,9974,0,4,4,5,2,0,0,0,336,0,0,0,730,0,0,0,0,0,0,7,1,1,10,9,64,59,69,109.9,4.4,2.4,29.1,44.9,135,169,44.4,-0.1,87,126,40.8,-0.6,Defense,60,60,2,73
2228,Marcel Beck,RD,0,WPG,73,17,21194,4,5,9,1,8,0,0,0,815,0,1,1,1229,1,0,0,0,0,0,11,4,16,49,30,64,57,72,98.9,3.8,3.8,39.1,35.2,346,320,52,-1.9,254,221,53.5,0,Defense,57,57,3,73
732,Sven Svechnikov,RD,0,NEW,73,17,20285,2,4,6,22,4,0,0,0,0,1,0,1,1935,0,0,0,0,0,0,16,2,8,30,27,63,53,74,106.5,5.5,1.6,46.7,29.6,383,261,59.5,3.1,275,175,61.1,4,Defense,56,56,4,73
2486,Jay O'Neil,RD,0,WPG,73,17,23900,1,9,10,11,2,0,3,3,2211,0,2,2,2214,0,0,0,0,0,0,16,3,22,18,26,63,55,69,101.4,5.2,3.7,41,33.1,377,276,57.7,7,265,201,56.9,5.2,Defense,56,56,5,73
1276,Jonas Kahnwald,LD,0,LAP,73,8,8564,0,5,5,1,2,0,0,0,0,0,0,0,224,0,0,0,0,0,0,5,2,4,18,5,63,56,72,102.4,3.9,3.5,29.8,32.4,120,139,46.3,-8.4,75,96,43.9,-8.3,Defense,50,50,6,73
1973,Luc Blouin,RD,0,PHI,73,22,24558,1,14,15,12,12,0,1,1,150,0,2,2,1318,0,3,0,0,0,0,17,4,10,41,25,61,56,66,102.8,4.4,3.3,35.7,34.8,402,364,52.5,0,280,254,52.4,-0.4,Defense,50,50,7,73
1194,Ethan Duncan,RD,0,WPG,72,19,19898,1,9,10,8,6,0,0,0,11,0,1,1,977,0,0,0,0,0,0,21,2,10,14,22,58,53,60,99.8,4.4,3,40.7,27.8,360,243,59.7,2.6,241,172,58.4,-1.7,Defense,48,48,8,73
1701,Puddles O'Duck,LD,0,ATL,73,11,14930,2,4,6,-5,4,0,0,0,508,0,0,0,1046,0,0,0,0,0,0,8,1,14,27,16,62,58,64,93.3,4,5.4,40.9,32.6,257,221,53.8,2.8,177,137,56.4,3.2,Defense,46,46,9,73
2488,San-sam Emerson,LD,0,PHI,73,22,30092,4,6,10,-2,2,2,2,4,3942,0,1,1,1280,1,0,0,0,0,0,23,4,19,50,57,65,61,70,97.3,3.3,3.9,36.5,33,424,387,52.3,-0.3,303,273,52.6,-0.2,Defense,45,45,10,73
2457,Mikko Rashford,LW,0,WPG,74,22,27523,10,5,15,-7,4,2,0,2,1357,2,0,2,1724,0,50,11,0,0,0,35,24,12,16,43,71,70,67,94.2,2.4,3.7,34.9,29.3,423,346,55,0.2,282,244,53.6,-2.1,Forward,133,133,1,74
1014,Evil AllBran,LW,0,PHI,74,18,22636,6,12,18,-4,6,0,0,0,666,0,0,0,501,0,12,6,0,0,0,25,13,11,18,59,75,77,68,93.4,3.7,4.4,39.6,27.3,405,308,56.8,3.4,281,198,58.7,4.2,Forward,110,110,2,74
2892,Outdoor Truck,RW,0,NEW,74,24,31419,9,22,31,17,8,1,4,5,2676,0,1,1,3174,2,7,4,0,0,0,37,24,14,35,60,81,83,74,105,5.2,2.7,39.6,32.8,476,405,54,3.4,330,267,55.3,5.3,Forward,104,104,3,74
2620,Red Kirkby,RW,0,PHI,74,18,23333,5,13,18,-10,4,1,3,4,2893,0,0,0,196,0,15,5,0,0,0,31,10,8,15,57,76,83,58,91.6,2.8,4.4,39.1,28.5,378,296,56.1,2.2,257,193,57.1,1.7,Forward,102,102,4,74
2207,Lias Ekholm-Gunnarsson,C,0,WPG,74,22,29674,6,16,22,0,6,0,2,2,4167,0,3,3,1486,3,311,151,0,0,0,40,19,13,9,75,73,73,72,96,3,3.3,37.2,27.3,423,321,56.9,3.1,295,225,56.7,2.8,Forward,101,101,5,74
2652,Ivan Lacksamus,C,0,NEW,74,24,32306,12,20,32,11,12,1,7,8,2809,1,0,1,2942,2,487,252,0,0,0,26,29,17,15,102,73,75,67,103.7,4.7,3.1,38,35.2,470,426,52.5,1.1,325,293,52.6,1.3,Forward,100,100,6,74
1923,Noel Blanchet,LW,0,NOL,74,7,7472,2,4,6,4,0,0,0,0,0,0,0,0,0,0,3,0,0,0,0,6,3,3,4,12,68,68,65,107.6,3.9,1.9,29.4,35.2,118,140,45.7,2.1,74,85,46.5,5.9,Forward,86,86,7,74
1970,Salzberger Lillehammersson,LW,0,ATL,74,6,7015,1,6,7,5,0,0,0,0,0,0,0,0,291,0,20,8,0,0,0,7,2,2,7,23,74,75,67,106.5,4.8,2.1,42.8,45,113,137,45.2,-5.7,93,97,48.9,-0.3,Forward,86,86,8,74
2540,Spack Jarrow,RW,0,WPG,74,22,25332,6,13,19,7,4,0,1,1,921,0,0,0,189,3,17,3,0,0,0,43,20,16,21,59,76,83,64,100.7,4,3,33,25.9,409,318,56.3,2.1,276,205,57.4,3.6,Forward,85,85,9,74
1428,Vaseline Podcalzone,LW,0,SEA,72,5,7046,2,4,6,-2,6,0,0,0,654,0,0,0,274,0,17,6,0,0,0,3,5,5,3,20,68,69,62,102,4.1,4.7,25.3,32.9,72,93,43.6,6.4,51,68,42.9,6.3,Forward,84,84,10,74
2529,Christian Kinsinger,LD,0,WPG,74,22,28426,0,4,4,1,4,0,1,1,3929,0,0,0,944,0,0,0,0,0,0,21,3,21,50,42,65,56,74,96.9,2.8,3.1,33.2,26.7,378,325,53.8,-1.6,261,213,55.1,0.2,Defense,67,67,1,74
2486,Jay O'Neil,RD,0,WPG,74,22,30464,3,9,12,0,8,1,2,3,3849,1,2,3,2491,0,0,0,0,0,0,36,3,20,26,52,64,56,70,95.8,2.5,3,35.1,26.1,403,319,55.8,1.5,277,212,56.6,2.6,Defense,65,65,2,74
1892,Kermit Murphy,LD,0,BAP,74,12,14412,0,3,3,-6,2,0,0,0,103,0,0,0,776,0,0,0,0,0,0,11,0,12,20,7,60,56,59,95.3,2.7,4.3,33.8,33.8,207,215,49.1,2.6,149,155,49,4.4,Defense,63,63,3,74
732,Sven Svechnikov,LD,0,NEW,74,24,25134,0,6,6,1,10,0,0,0,221,0,0,0,708,0,1,1,0,0,0,15,4,16,44,38,58,52,63,99.2,4,3.9,37.9,33.9,460,365,55.8,5.8,301,274,52.3,0.9,Defense,62,62,4,74
2228,Marcel Beck,RD,0,WPG,74,22,27926,2,5,7,5,4,0,1,1,1556,0,0,0,1639,1,0,0,0,0,0,11,3,23,43,41,65,56,73,99.5,3.2,2.8,35.7,29.3,403,343,54,-1.3,292,236,55.3,0.6,Defense,62,62,5,74
2488,San-sam Emerson,LD,0,PHI,74,18,24584,3,8,11,13,4,1,3,4,2870,0,1,1,1421,0,0,0,0,0,0,10,6,17,38,47,67,61,74,104.2,4.3,2,40.3,30.5,373,328,53.2,-2.2,270,208,56.5,0.8,Defense,53,53,6,74
1973,Luc Blouin,RD,0,PHI,74,18,20216,1,1,2,-9,11,0,0,0,14,0,0,0,976,1,0,0,1,1,0,18,1,13,34,28,58,55,61,92.3,3.4,5.1,43.4,32.8,376,288,56.6,3,272,198,57.9,2.9,Defense,51,51,7,74
1276,Jonas Kahnwald,LD,0,LAP,73,8,8564,0,5,5,1,2,0,0,0,0,0,0,0,224,0,0,0,0,0,0,5,2,4,18,5,63,56,72,102.4,3.9,3.5,29.8,32.4,120,139,46.3,-8.4,75,96,43.9,-8.3,Defense,50,50,8,74
2976,Seamus O'Slapahan,LD,0,NEW,74,24,33378,8,15,23,6,12,8,5,13,2805,0,1,1,2447,1,0,0,0,0,0,20,4,14,83,53,68,61,76,102.7,4.2,3.3,35.6,36.3,483,465,50.9,-1.2,320,325,49.6,-3.2,Defense,49,49,9,74
1194,Ethan Duncan,RD,0,WPG,72,19,19898,1,9,10,8,6,0,0,0,11,0,1,1,977,0,0,0,0,0,0,21,2,10,14,22,58,53,60,99.8,4.4,3,40.7,27.8,360,243,59.7,2.6,241,172,58.4,-1.7,Defense,48,48,10,74
2457,Mikko Rashford,LW,0,WPG,75,6,7988,0,3,3,-2,2,0,0,0,689,0,0,0,192,0,5,0,0,0,0,7,3,6,5,14,77,83,62,94.7,2.5,3.5,36.5,28.9,114,99,53.5,6.2,79,73,52,4.5,Forward,136,136,1,75
2652,Ivan Lacksamus,C,0,NEW,75,23,30825,15,25,40,2,10,4,5,9,3650,1,1,2,1260,2,381,208,0,0,0,19,43,21,2,92,70,72,63,101.1,4.7,4.4,36.8,37.8,454,453,50.1,-0.5,311,327,48.7,-1.8,Forward,125,125,2,75
1014,Evil AllBran,LW,0,PHI,75,16,17956,6,13,19,7,12,0,0,0,665,0,1,1,412,1,6,2,0,0,0,15,7,13,8,54,70,72,62,100.5,4.7,3.4,41.4,31.4,326,261,55.5,-0.7,226,179,55.8,-0.6,Forward,123,123,3,75
2620,Red Kirkby,RW,0,PHI,75,16,20097,9,15,24,11,2,0,0,0,558,0,2,2,1643,0,4,0,0,0,0,26,15,7,15,59,81,86,70,102.1,5.2,3.4,41.2,32.2,339,281,54.7,-2,236,192,55.1,-1.6,Forward,117,117,4,75
2892,Outdoor Truck,RW,0,NEW,75,23,27660,13,11,24,-5,6,0,1,1,1173,0,0,0,302,2,29,16,0,0,0,30,22,4,10,111,73,80,59,98.5,3.4,4.1,41.4,41.9,460,486,48.6,-2.7,344,349,49.6,-0.5,Forward,115,115,5,75
2207,Lias Ekholm-Gunnarsson,C,0,WPG,75,6,8348,5,2,7,-1,0,1,0,1,624,0,0,0,290,1,99,55,0,0,0,6,7,6,10,25,73,67,80,97,2.9,3.4,34.9,30,120,116,50.8,2.3,80,78,50.6,2.5,Forward,103,103,6,75
2792,Ricky Koivu,C,0,PHI,75,16,20329,9,14,23,5,6,3,2,5,2354,0,0,0,240,0,226,124,0,0,0,19,19,15,13,60,71,71,67,100.3,4.3,3,42.6,31.5,342,277,55.3,-1.1,249,185,57.4,1.8,Forward,90,90,7,75
3188,EGGWARD ELRIC,LW,0,EDM,75,11,13635,3,16,19,9,11,0,4,4,1888,0,0,0,6,1,5,0,0,0,0,15,13,8,7,39,78,80,70,107.6,5.5,2.8,32.2,28.8,210,175,54.5,-1.7,130,115,53.1,-2.2,Forward,89,89,8,75
1923,Noel Blanchet,LW,0,NOL,75,11,11739,1,1,2,-3,2,0,0,0,0,0,0,0,242,0,10,4,0,0,0,9,9,4,5,18,64,60,65,98.5,1.6,2.5,25.4,32.6,157,180,46.6,-3.5,102,120,45.9,-2.1,Forward,87,87,9,75
1970,Salzberger Lillehammersson,LW,0,ATL,75,6,6151,0,1,1,2,2,0,0,0,75,0,0,0,14,0,3,0,0,0,0,8,6,2,9,12,65,55,75,105.7,1.8,0.6,23.2,29.7,76,95,44.4,-2.4,48,57,45.7,-2.1,Forward,87,87,10,75
2529,Christian Kinsinger,LD,0,WPG,75,6,8209,0,4,4,2,6,0,3,3,661,0,0,0,181,0,0,0,0,0,0,4,0,3,10,15,66,57,78,102.2,2,1,36.2,30.3,119,112,51.5,3.3,81,75,51.9,4.5,Defense,71,71,1,75
732,Sven Svechnikov,LD,0,NEW,75,23,23845,0,4,4,-2,6,0,0,0,28,0,0,0,596,0,0,0,0,0,0,23,3,19,42,20,60,53,67,100.8,3.6,4,38,47,412,433,48.8,-2.4,287,360,44.4,-8.3,Defense,66,66,2,75
2486,Jay O'Neil,RD,0,WPG,75,6,8465,1,0,1,1,6,1,0,1,685,0,0,0,421,0,0,0,0,0,0,4,2,4,9,18,64,53,77,101.2,1.5,1,33.8,31.3,118,111,51.5,3.3,75,75,50,1.4,Defense,65,65,3,75
1892,Kermit Murphy,LD,0,BAP,74,12,14412,0,3,3,-6,2,0,0,0,103,0,0,0,776,0,0,0,0,0,0,11,0,12,20,7,60,56,59,95.3,2.7,4.3,33.8,33.8,207,215,49.1,2.6,149,155,49,4.4,Defense,63,63,4,75
2228,Marcel Beck,RD,0,WPG,75,6,7722,1,0,1,-8,0,0,0,0,180,0,0,0,282,0,0,0,0,0,0,6,2,5,10,8,56,52,57,85.7,1.5,5.5,26.3,27.3,92,113,44.9,-6.6,65,71,47.8,-1.9,Defense,62,62,5,75
2488,San-sam Emerson,LD,0,PHI,75,16,21694,1,7,8,11,6,0,2,2,2346,0,1,1,1386,1,0,0,0,0,0,21,3,16,43,46,68,62,73,101.2,5.8,3.6,45.3,31.1,383,255,60,6.3,270,181,59.9,5.7,Defense,60,60,6,75
2976,Seamus O'Slapahan,LD,0,NEW,75,23,32702,5,7,12,-4,6,3,2,5,3851,0,0,0,2078,0,0,0,0,0,0,25,3,29,69,60,66,56,76,98.2,3.6,4,39,36.3,460,489,48.5,-2.9,331,314,51.3,2,Defense,56,56,7,75
1973,Luc Blouin,RD,0,EDM,75,11,12156,0,2,2,-10,2,0,0,0,16,0,1,1,1173,0,0,0,0,0,0,11,2,5,19,19,57,55,56,86.9,2,5.6,36.4,30.2,203,143,58.7,4.1,128,103,55.4,1.1,Defense,53,53,8,75
1276,Jonas Kahnwald,LD,0,LAP,73,8,8564,0,5,5,1,2,0,0,0,0,0,0,0,224,0,0,0,0,0,0,5,2,4,18,5,63,56,72,102.4,3.9,3.5,29.8,32.4,120,139,46.3,-8.4,75,96,43.9,-8.3,Defense,50,50,9,75
1194,Ethan Duncan,RD,0,WPG,72,19,19898,1,9,10,8,6,0,0,0,11,0,1,1,977,0,0,0,0,0,0,21,2,10,14,22,58,53,60,99.8,4.4,3,40.7,27.8,360,243,59.7,2.6,241,172,58.4,-1.7,Defense,48,48,10,75
2457,Mikko Rashford,RW,0,WPG,76,15,18956,6,11,17,2,9,1,5,6,2337,1,0,1,825,0,4,1,0,0,0,33,15,9,12,31,81,86,70,103.3,2.7,2.5,26.4,35.8,242,273,47,0.4,143,190,42.9,-0.6,Forward,147,147,1,76
2652,Ivan Lacksamus,C,0,NEW,76,7,8822,5,3,8,-2,2,0,2,2,1171,0,0,0,355,1,96,42,0,0,0,10,9,4,1,42,71,75,60,98.7,4.9,5.9,42.9,46.4,131,150,46.6,-2.6,97,107,47.5,-1.9,Forward,128,128,2,76
1014,Evil AllBran,LW,0,PHI,76,13,14270,6,4,10,3,4,1,0,1,848,0,0,0,158,2,7,3,0,0,0,15,7,0,10,34,69,70,60,102.2,3.3,2.4,33.7,32.6,206,204,50.2,0.4,144,139,50.9,1.4,Forward,127,127,3,76
2892,Outdoor Truck,RW,0,NEW,76,7,7559,1,9,10,2,4,0,0,0,260,0,0,0,61,0,6,2,0,0,0,5,7,3,1,11,70,75,59,102.5,5,4,41.3,41.8,134,140,48.9,0.7,97,102,48.7,-0.2,Forward,124,124,4,76
2207,Lias Ekholm-Gunnarsson,C,0,WPG,76,15,19963,5,15,20,5,6,2,2,4,2329,1,4,5,2402,1,265,142,0,0,0,11,12,12,15,34,76,73,77,101.6,3.1,3.3,28.4,35.7,243,266,47.7,1.5,144,187,43.5,0.2,Forward,118,118,5,76
2620,Red Kirkby,RW,0,PHI,75,16,20097,9,15,24,11,2,0,0,0,558,0,2,2,1643,0,4,0,0,0,0,26,15,7,15,59,81,86,70,102.1,5.2,3.4,41.2,32.2,339,281,54.7,-2,236,192,55.1,-1.6,Forward,117,117,6,76
2433,Max Manning,LW,0,BAP,76,23,24777,3,15,18,-5,6,0,0,0,522,1,0,1,679,0,9,3,0,0,0,24,13,7,6,43,67,71,57,100.7,3.4,4.1,29.8,39.1,354,425,45.4,-4.8,234,287,44.9,-6.4,Forward,100,100,7,76
3206,Nibbles The Squirrel,LW,0,HAM,76,19,22328,7,15,22,-3,13,0,0,0,112,1,0,1,2062,2,49,21,0,0,0,28,14,8,18,80,71,74,62,97.2,4.1,4.8,43.6,39.5,408,366,52.7,3.3,298,261,53.3,6.2,Forward,97,97,8,76
2540,Spack Jarrow,LW,0,WPG,76,15,17251,4,9,13,2,10,0,0,0,620,0,0,0,559,1,8,5,0,0,0,12,16,5,10,28,67,67,63,103.1,3.4,2.9,31.1,38.1,258,279,48,2,163,200,44.9,2.5,Forward,96,96,9,76
2792,Ricky Koivu,RW,0,PHI,76,13,16188,2,5,7,-7,8,0,2,2,1958,0,1,1,568,0,27,16,0,0,0,21,7,4,1,39,74,77,65,95.4,1.8,4,31.1,37.7,213,241,46.9,-4.6,139,170,45,-7.5,Forward,95,95,10,76
2486,Jay O'Neil,RD,0,WPG,76,15,21308,3,7,10,12,4,2,2,4,2390,0,3,3,2253,1,0,0,0,0,0,18,4,15,22,21,64,55,75,108.1,4.8,3,26.8,31.3,247,252,49.5,4.1,149,179,45.4,3.1,Defense,72,72,1,76
2529,Christian Kinsinger,LD,0,WPG,76,15,20093,4,1,5,2,8,1,0,1,2595,1,1,2,1144,2,0,0,0,0,0,15,4,17,41,25,67,61,75,102.7,4,4,27.1,33.2,233,261,47.2,0.6,144,177,44.9,2.2,Defense,72,72,2,76
2228,Marcel Beck,RD,0,WPG,76,15,18664,1,6,7,3,10,0,0,0,839,1,1,2,1199,1,0,0,0,0,0,9,2,8,59,29,64,53,75,101.9,2.6,2.6,29.4,37.5,264,313,45.8,-1.6,164,206,44.3,1.6,Defense,68,68,3,76
732,Sven Svechnikov,LD,0,NEW,75,23,23845,0,4,4,-2,6,0,0,0,28,0,0,0,596,0,0,0,0,0,0,23,3,19,42,20,60,53,67,100.8,3.6,4,38,47,412,433,48.8,-2.4,287,360,44.4,-8.3,Defense,66,66,4,76
2488,San-sam Emerson,LD,0,PHI,76,13,17038,1,4,5,-1,8,1,0,1,1236,0,0,0,1180,1,0,0,0,0,0,5,4,11,30,21,61,53,71,98.9,3,3.4,35,36.2,235,250,48.5,-2.4,165,179,48,-3.2,Defense,64,64,5,76
1892,Kermit Murphy,LD,0,BAP,74,12,14412,0,3,3,-6,2,0,0,0,103,0,0,0,776,0,0,0,0,0,0,11,0,12,20,7,60,56,59,95.3,2.7,4.3,33.8,33.8,207,215,49.1,2.6,149,155,49,4.4,Defense,63,63,6,76
2976,Seamus O'Slapahan,LD,0,NEW,76,7,9732,1,4,5,1,2,1,2,3,1185,0,0,0,660,0,0,0,0,0,0,8,1,12,28,15,71,61,82,102.2,6.4,5.9,43.8,47.9,146,164,47.1,-2,109,122,47.2,-2.6,Defense,60,60,7,76
1973,Luc Blouin,RD,0,EDM,75,11,12156,0,2,2,-10,2,0,0,0,16,0,1,1,1173,0,0,0,0,0,0,11,2,5,19,19,57,55,56,86.9,2,5.6,36.4,30.2,203,143,58.7,4.1,128,103,55.4,1.1,Defense,53,53,8,76
1276,Jonas Kahnwald,LD,0,LAP,73,8,8564,0,5,5,1,2,0,0,0,0,0,0,0,224,0,0,0,0,0,0,5,2,4,18,5,63,56,72,102.4,3.9,3.5,29.8,32.4,120,139,46.3,-8.4,75,96,43.9,-8.3,Defense,50,50,9,76
1701,Puddles O'Duck,RD,0,ATL,76,6,6216,1,3,4,-2,8,0,0,0,18,0,0,0,97,1,0,0,0,0,0,3,2,6,8,10,55,52,57,96.3,5.3,6.5,37.8,36.6,106,94,53,4.2,73,73,50,0.9,Defense,50,50,10,76
2457,Mikko Rashford,LW,0,WPG,77,5,6096,4,0,4,-3,4,1,0,1,491,0,0,0,505,1,2,0,0,0,0,8,3,4,2,13,76,82,64,105.1,4.2,6.4,22.6,46.6,60,99,37.7,0.7,38,77,33,2.1,Forward,147,147,1,77
2652,Ivan Lacksamus,C,0,NEW,77,25,29929,18,15,33,14,16,0,0,0,1278,2,1,3,2266,2,393,200,0,0,0,26,34,17,3,99,71,73,68,103.4,5.3,3.8,39.8,38.2,496,426,53.8,5,343,330,51,4.4,Forward,143,143,2,77
2892,Outdoor Truck,RW,0,NEW,77,25,27048,4,12,16,2,8,0,0,0,284,0,0,0,282,0,6,2,0,0,0,48,22,17,4,70,70,70,66,100.3,3.4,3.1,37.2,35.5,470,426,52.5,3,325,318,50.5,3.7,Forward,136,136,3,77
1014,Evil AllBran,LW,0,PHI,76,13,14270,6,4,10,3,4,1,0,1,848,0,0,0,158,2,7,3,0,0,0,15,7,0,10,34,69,70,60,102.2,3.3,2.4,33.7,32.6,206,204,50.2,0.4,144,139,50.9,1.4,Forward,127,127,4,77
2207,Lias Ekholm-Gunnarsson,C,0,WPG,77,5,6629,1,3,4,-2,4,0,1,1,556,0,0,0,540,0,90,39,0,0,0,4,2,3,5,8,67,67,67,108,3.9,5.2,18.9,41,61,103,37.2,0,34,78,30.4,-1.9,Forward,121,121,5,77
2620,Red Kirkby,RW,0,PHI,75,16,20097,9,15,24,11,2,0,0,0,558,0,2,2,1643,0,4,0,0,0,0,26,15,7,15,59,81,86,70,102.1,5.2,3.4,41.2,32.2,339,281,54.7,-2,236,192,55.1,-1.6,Forward,117,117,6,77
3029,Graj Virrok,LW,0,PHI,77,14,18456,6,13,19,2,6,1,3,4,2254,0,0,0,532,1,36,18,0,0,0,25,18,6,15,62,79,83,69,101.2,4.6,3.7,40.4,36.1,284,258,52.4,0,203,177,53.4,-0.3,Forward,105,105,7,77
2540,Spack Jarrow,C,0,MIN,77,12,11334,1,6,7,-10,4,0,0,0,431,0,0,0,40,0,128,26,0,0,0,9,9,7,15,24,62,59,64,93.7,2,5,33.1,40.4,182,241,43,-3.6,122,137,47.1,-1.2,Forward,102,102,8,77
2792,Ricky Koivu,RW,0,PHI,77,14,16379,6,7,13,4,13,0,0,0,362,0,0,0,259,0,19,5,0,0,0,21,8,9,6,50,76,83,63,100.1,3.9,3,43.9,34,309,259,54.4,3,221,170,56.5,4.4,Forward,102,102,9,77
2962,Luke Laraque,LW,0,SFP,77,18,23775,7,18,25,5,6,2,8,10,3170,2,1,3,2223,2,3,1,0,0,0,29,21,16,14,51,81,84,72,99,4.7,4.1,34.1,27.8,341,278,55.1,4.8,213,166,56.2,3.6,Forward,102,102,10,77
2486,Jay O'Neil,RD,0,MIN,77,12,12778,0,2,2,-6,0,0,0,0,532,0,1,1,1239,0,0,0,0,0,0,14,1,10,35,10,64,55,72,92.4,2.3,4.6,35.6,32.7,195,189,50.8,7.2,122,119,50.6,3.8,Defense,74,74,1,77
2488,San-sam Emerson,LD,0,PHI,77,14,17592,0,10,10,12,6,0,0,0,484,0,2,2,1444,0,0,0,0,0,0,16,1,15,36,21,63,56,70,100.6,6.2,4.1,46.9,32.9,333,248,57.3,7.5,233,168,58.1,6.8,Defense,74,74,2,77
2529,Christian Kinsinger,RD,0,WPG,77,5,6446,0,1,1,-7,0,0,0,0,900,0,0,0,78,0,0,0,0,0,0,7,1,4,3,9,60,61,56,95.2,3.9,7.9,29.6,43.4,81,98,45.3,12.4,52,76,40.6,14.4,Defense,73,73,3,77
2976,Seamus O'Slapahan,LD,0,NEW,77,25,36360,9,10,19,4,14,4,3,7,4501,0,1,1,3989,1,0,0,0,0,0,27,0,26,121,69,72,62,82,102.5,3.9,2.8,36.4,34.9,485,464,51.1,1,333,329,50.3,3.4,Defense,70,70,4,77
2228,Marcel Beck,RD,0,WPG,77,5,6712,1,0,1,-5,7,0,0,0,949,0,0,0,338,0,0,0,0,0,0,5,2,4,19,11,64,57,72,96.9,1.3,4,19.2,39.8,65,103,38.7,2.2,34,73,31.8,0.2,Defense,68,68,5,77
732,Sven Svechnikov,LD,0,NEW,75,23,23845,0,4,4,-2,6,0,0,0,28,0,0,0,596,0,0,0,0,0,0,23,3,19,42,20,60,53,67,100.8,3.6,4,38,47,412,433,48.8,-2.4,287,360,44.4,-8.3,Defense,66,66,6,77
1892,Kermit Murphy,LD,0,BAP,74,12,14412,0,3,3,-6,2,0,0,0,103,0,0,0,776,0,0,0,0,0,0,11,0,12,20,7,60,56,59,95.3,2.7,4.3,33.8,33.8,207,215,49.1,2.6,149,155,49,4.4,Defense,63,63,7,77
3237,Antonio Flusso,RD,0,PHI,77,14,18700,5,12,17,12,4,2,3,5,2309,0,0,0,406,1,0,0,0,0,0,21,4,16,33,39,68,62,75,103.6,6.3,3.2,49.8,34.7,353,248,58.7,9.9,257,174,59.6,9.6,Defense,59,59,8,77
1973,Luc Blouin,RD,0,EDM,75,11,12156,0,2,2,-10,2,0,0,0,16,0,1,1,1173,0,0,0,0,0,0,11,2,5,19,19,57,55,56,86.9,2,5.6,36.4,30.2,203,143,58.7,4.1,128,103,55.4,1.1,Defense,53,53,9,77
3356,Sean Davies,RD,0,NEW,77,25,32301,1,12,13,13,12,0,0,0,1258,0,1,1,2783,1,0,0,0,0,0,23,2,14,65,47,63,54,72,101.8,4.6,3.3,40.6,35,523,463,53,4,376,336,52.8,7.4,Defense,53,53,10,77
2457,Mikko Rashford,RW,0,LAP,78,24,21744,3,10,13,0,8,0,0,0,108,0,0,0,218,0,7,1,0,0,0,26,16,10,18,47,71,72,63,100.6,3,3,32.8,35.1,340,362,48.4,-2.3,230,247,48.2,-2.9,Forward,157,157,1,78
2652,Ivan Lacksamus,C,0,NEW,78,7,8505,2,4,6,-1,0,0,0,0,253,0,0,0,49,1,100,52,0,0,0,3,2,7,0,30,69,67,69,98.3,2.6,3.1,36.9,34.7,146,127,53.5,2.2,93,91,50.5,1.5,Forward,147,147,2,78
2892,Outdoor Truck,RW,0,NEW,78,7,8146,1,2,3,0,2,0,0,0,25,0,0,0,49,0,2,1,0,0,0,8,5,0,1,11,70,77,59,98.7,2.7,2.7,39.7,33.4,147,125,54,3,102,87,54,6.6,Forward,138,138,3,78
1014,Evil AllBran,LW,0,PHI,76,13,14270,6,4,10,3,4,1,0,1,848,0,0,0,158,2,7,3,0,0,0,15,7,0,10,34,69,70,60,102.2,3.3,2.4,33.7,32.6,206,204,50.2,0.4,144,139,50.9,1.4,Forward,127,127,4,78
2207,Lias Ekholm-Gunnarsson,C,0,WPG,77,5,6629,1,3,4,-2,4,0,1,1,556,0,0,0,540,0,90,39,0,0,0,4,2,3,5,8,67,67,67,108,3.9,5.2,18.9,41,61,103,37.2,0,34,78,30.4,-1.9,Forward,121,121,5,78
2620,Red Kirkby,RW,0,PHI,75,16,20097,9,15,24,11,2,0,0,0,558,0,2,2,1643,0,4,0,0,0,0,26,15,7,15,59,81,86,70,102.1,5.2,3.4,41.2,32.2,339,281,54.7,-2,236,192,55.1,-1.6,Forward,117,117,6,78
2404,Petr Svoboda,LW,0,TEX,78,16,15503,8,9,17,10,2,0,0,0,22,0,0,0,62,1,3,1,0,0,0,25,9,8,1,48,72,77,59,104.8,4.7,2.3,37.1,29.9,285,237,54.6,-1.9,187,158,54.2,-4.8,Forward,108,108,7,78
3029,Graj Virrok,LW,0,PHI,78,6,7157,2,2,4,-2,0,0,0,0,271,0,0,0,55,0,9,3,0,0,0,5,3,4,6,12,69,71,62,99.2,2.6,3.7,36.4,45.8,113,147,43.5,-3.2,77,105,42.3,-5.1,Forward,107,107,8,78
2792,Ricky Koivu,RW,0,PHI,78,6,6966,1,1,2,-1,2,0,0,0,86,0,0,0,394,0,6,2,0,0,0,6,2,0,0,23,61,64,50,100.4,2.8,2.8,39.4,41.6,116,125,48.1,3.9,82,92,47.1,2.3,Forward,103,103,9,78
2962,Luke Laraque,LW,0,SFP,77,18,23775,7,18,25,5,6,2,8,10,3170,2,1,3,2223,2,3,1,0,0,0,29,21,16,14,51,81,84,72,99,4.7,4.1,34.1,27.8,341,278,55.1,4.8,213,166,56.2,3.6,Forward,102,102,10,78
2488,San-sam Emerson,LD,0,PHI,78,6,7894,1,4,5,3,4,0,0,0,207,0,1,1,919,0,0,0,0,0,0,7,3,6,14,8,59,54,66,103.8,5.3,4.8,35.6,43.1,110,128,46.2,1,76,92,45.2,-0.6,Defense,78,78,1,78
2529,Christian Kinsinger,LD,0,WPG,78,4,4875,0,3,3,-5,2,0,0,0,86,0,0,0,69,0,0,0,0,0,0,5,3,4,3,1,59,57,58,92.3,1.5,5.3,27.5,40.4,65,87,42.8,3.1,41,61,40.2,1.9,Defense,76,76,2,78
2486,Jay O'Neil,RD,0,WPG,78,4,5442,0,0,0,-3,8,0,0,0,664,0,0,0,183,0,0,0,0,0,0,8,0,4,12,6,65,58,71,96.1,2.3,4.7,29.8,39.9,69,88,43.9,5,43,59,42.2,4.8,Defense,74,74,3,78
2976,Seamus O'Slapahan,LD,0,NEW,78,7,9287,2,3,5,-4,2,1,1,2,1012,0,0,0,427,0,0,0,0,0,0,4,1,6,18,22,65,59,71,97.7,3.2,4.6,35.3,40.4,129,141,47.8,-6.1,84,101,45.4,-6,Defense,73,73,4,78
2228,Marcel Beck,LD,0,WPG,78,4,5335,0,0,0,-6,2,0,0,0,81,0,0,0,333,0,0,0,0,0,0,5,1,1,5,2,58,59,55,97.3,2.9,7.3,22.7,46.8,66,98,40.2,-0.6,43,75,36.4,-3.9,Defense,68,68,5,78
732,Sven Svechnikov,LD,0,NEW,75,23,23845,0,4,4,-2,6,0,0,0,28,0,0,0,596,0,0,0,0,0,0,23,3,19,42,20,60,53,67,100.8,3.6,4,38,47,412,433,48.8,-2.4,287,360,44.4,-8.3,Defense,66,66,6,78
1892,Kermit Murphy,LD,0,BAP,74,12,14412,0,3,3,-6,2,0,0,0,103,0,0,0,776,0,0,0,0,0,0,11,0,12,20,7,60,56,59,95.3,2.7,4.3,33.8,33.8,207,215,49.1,2.6,149,155,49,4.4,Defense,63,63,7,78
3237,Antonio Flusso,RD,0,PHI,78,6,7786,0,2,2,0,0,0,0,0,977,0,0,0,277,0,0,0,0,0,0,6,0,7,9,9,66,58,75,100.1,3.3,3.3,39.7,40.2,113,117,49.1,5.2,78,85,47.9,3.3,Defense,61,61,8,78
3356,Sean Davies,RD,0,NEW,78,7,8292,0,2,2,-3,0,0,0,0,0,0,0,0,241,0,0,0,0,0,0,3,3,2,22,13,57,51,63,97.9,3.6,4.9,34.4,39.3,133,149,47.2,-7.2,85,104,45,-6.6,Defense,55,55,9,78
3697,Pork Tenderloin,RD,0,NEW,78,7,9711,2,4,6,7,0,1,0,1,1014,0,0,0,441,0,0,0,0,0,0,8,0,5,9,15,66,60,71,107.4,6.5,3.1,40.1,34.4,149,129,53.6,2.4,101,90,52.9,5,Defense,55,55,10,78
2457,Mikko Rashford,RW,0,LAP,79,5,5259,2,3,5,1,2,0,0,0,0,0,0,0,0,0,2,2,0,0,0,4,6,0,3,11,64,66,57,104,4.1,3.4,31.5,37.6,106,89,54.4,2.8,64,64,50,-2,Forward,160,160,1,79
2652,Ivan Lacksamus,C,0,NEW,79,6,6628,2,2,4,0,4,0,0,0,0,0,0,0,0,0,72,35,0,0,0,2,6,2,7,19,62,55,70,102.1,2.2,2.2,28.2,38.6,90,137,39.6,-2.7,61,88,40.9,-1.6,Forward,149,149,2,79
2892,Outdoor Truck,RW,0,NEW,79,6,6471,1,3,4,0,0,0,0,0,0,0,0,0,0,0,0,0,0,0,0,9,5,7,3,13,69,64,71,101.2,2.2,2.2,30.6,36.7,90,122,42.5,1.6,63,76,45.3,5,Forward,141,141,3,79
1014,Evil AllBran,LW,0,PHI,76,13,14270,6,4,10,3,4,1,0,1,848,0,0,0,158,2,7,3,0,0,0,15,7,0,10,34,69,70,60,102.2,3.3,2.4,33.7,32.6,206,204,50.2,0.4,144,139,50.9,1.4,Forward,127,127,4,79
2207,Lias Ekholm-Gunnarsson,C,0,WPG,77,5,6629,1,3,4,-2,4,0,1,1,556,0,0,0,540,0,90,39,0,0,0,4,2,3,5,8,67,67,67,108,3.9,5.2,18.9,41,61,103,37.2,0,34,78,30.4,-1.9,Forward,121,121,5,79
3029,Graj Virrok,LW,0,PHI,79,23,27859,8,11,19,-6,8,0,0,0,808,0,0,0,312,3,63,41,0,0,0,33,17,13,15,70,72,78,58,98.5,3.6,4.2,34.5,34.7,437,459,48.8,0.7,306,308,49.8,0.5,Forward,118,118,6,79
2620,Red Kirkby,RW,0,PHI,75,16,20097,9,15,24,11,2,0,0,0,558,0,2,2,1643,0,4,0,0,0,0,26,15,7,15,59,81,86,70,102.1,5.2,3.4,41.2,32.2,339,281,54.7,-2,236,192,55.1,-1.6,Forward,117,117,7,79
2404,Petr Svoboda,LW,0,TEX,79,14,14737,4,6,10,3,0,0,0,0,18,0,0,0,324,2,14,2,0,0,0,18,9,3,1,41,72,80,56,101.6,3,2.5,32,32,233,240,49.3,-0.5,156,158,49.7,-1.9,Forward,114,114,8,79
2540,Spack Jarrow,RW,0,MIN,79,10,10491,3,4,7,2,4,0,0,0,14,0,0,0,493,0,3,1,0,0,0,24,7,8,8,27,70,64,73,101.7,3.2,2.5,30.6,28.5,150,140,51.7,1,98,93,51.3,3.2,Forward,106,106,9,79
3708,Antoine Beauregard,RW,0,NEW,79,6,8076,1,6,7,3,0,0,0,0,986,0,0,0,505,0,14,2,0,0,0,4,5,5,1,16,74,78,68,110.6,4.9,2.7,28.4,40.5,98,129,43.2,2.7,62,88,41.3,-0.9,Forward,104,104,10,79
2488,San-sam Emerson,LD,0,PHI,79,23,26540,1,5,6,-1,6,0,0,0,169,0,1,1,1171,1,0,0,0,0,0,27,1,20,46,30,61,53,68,99.5,3.3,3.7,34,36.4,420,475,46.9,-2.1,293,308,48.8,-1.2,Defense,83,83,1,79
2529,Christian Kinsinger,LD,0,WPG,78,4,4875,0,3,3,-5,2,0,0,0,86,0,0,0,69,0,0,0,0,0,0,5,3,4,3,1,59,57,58,92.3,1.5,5.3,27.5,40.4,65,87,42.8,3.1,41,61,40.2,1.9,Defense,76,76,2,79
2486,Jay O'Neil,RD,0,WPG,78,4,5442,0,0,0,-3,8,0,0,0,664,0,0,0,183,0,0,0,0,0,0,8,0,4,12,6,65,58,71,96.1,2.3,4.7,29.8,39.9,69,88,43.9,5,43,59,42.2,4.8,Defense,74,74,3,79
2976,Seamus O'Slapahan,LD,0,NEW,79,6,8201,0,1,1,-3,2,0,0,0,1022,0,0,0,901,0,0,0,0,0,0,2,2,8,25,17,71,55,88,99.3,1.1,2.3,25.2,43.6,87,146,37.3,-6.3,55,94,36.9,-7.8,Defense,74,74,4,79
3237,Antonio Flusso,LD,0,PHI,79,23,27537,0,9,9,-6,6,0,0,0,906,0,0,0,1580,0,0,0,0,0,0,23,1,20,35,31,58,53,62,95.6,3.7,4.6,39.1,32.9,434,388,52.8,6.6,311,268,53.7,6.3,Defense,70,70,5,79
2228,Marcel Beck,LD,0,WPG,79,4,5386,0,0,0,-4,0,0,0,0,210,0,0,0,274,0,0,0,0,0,0,2,2,5,11,5,59,52,67,95,0.7,3.7,24.2,45.5,53,107,33.1,-13.5,36,70,34,-12.3,Defense,68,68,6,79
732,Sven Svechnikov,LD,0,NEW,75,23,23845,0,4,4,-2,6,0,0,0,28,0,0,0,596,0,0,0,0,0,0,23,3,19,42,20,60,53,67,100.8,3.6,4,38,47,412,433,48.8,-2.4,287,360,44.4,-8.3,Defense,66,66,7,79
1892,Kermit Murphy,LD,0,BAP,74,12,14412,0,3,3,-6,2,0,0,0,103,0,0,0,776,0,0,0,0,0,0,11,0,12,20,7,60,56,59,95.3,2.7,4.3,33.8,33.8,207,215,49.1,2.6,149,155,49,4.4,Defense,63,63,8,79
2868,Luca Hunziker,LD,0,SFP,79,21,21495,0,8,8,15,10,0,0,0,83,0,0,0,617,0,0,0,0,0,0,11,3,20,18,35,60,53,68,104.8,4.8,2.4,35.8,27.9,406,266,60.4,4,253,192,56.9,2.4,Defense,62,62,9,79
3697,Pork Tenderloin,LD,0,NEW,79,6,8411,1,2,3,4,2,0,0,0,1050,0,0,0,1025,0,0,0,0,0,0,6,0,6,14,8,72,64,81,110.1,4.5,1.7,30.7,35.8,98,112,46.7,7.7,61,74,45.2,4.8,Defense,57,57,10,79
2457,Mikko Rashford,RW,0,LAP,80,7,6532,0,3,3,-4,0,0,0,0,0,0,0,0,40,0,0,0,0,0,0,7,4,5,4,6,65,63,60,98.1,1.7,3.9,18.9,36,88,108,44.9,-6.6,49,71,40.8,-6.1,Forward,163,163,1,80
2652,Ivan Lacksamus,RW,0,NEW,80,5,6140,0,1,1,-5,0,0,0,0,16,0,0,0,42,0,6,4,0,0,0,4,6,1,4,11,68,70,61,91.8,1.2,4.1,32,34.9,88,91,49.2,-1.5,62,68,47.7,-6.5,Forward,150,150,2,80
2892,Outdoor Truck,C,0,TEX,80,16,17784,5,6,11,2,6,0,0,0,485,0,0,0,1160,2,248,139,0,0,0,9,15,8,4,30,65,61,67,100.6,3.1,2.7,34.1,31.5,294,285,50.8,1.2,180,179,50.1,-1.6,Forward,147,147,3,80
1014,Evil AllBran,LW,0,PHI,76,13,14270,6,4,10,3,4,1,0,1,848,0,0,0,158,2,7,3,0,0,0,15,7,0,10,34,69,70,60,102.2,3.3,2.4,33.7,32.6,206,204,50.2,0.4,144,139,50.9,1.4,Forward,127,127,4,80
3029,Graj Virrok,RW,0,PHI,80,13,15917,9,8,17,8,6,0,1,1,280,0,0,0,53,2,28,17,0,0,0,14,19,3,6,45,73,81,59,105.5,5.1,2.5,38.8,33.3,294,264,52.7,-3.6,200,171,53.9,-1.1,Forward,126,126,5,80
2207,Lias Ekholm-Gunnarsson,C,0,WPG,77,5,6629,1,3,4,-2,4,0,1,1,556,0,0,0,540,0,90,39,0,0,0,4,2,3,5,8,67,67,67,108,3.9,5.2,18.9,41,61,103,37.2,0,34,78,30.4,-1.9,Forward,121,121,6,80
2620,Red Kirkby,RW,0,PHI,75,16,20097,9,15,24,11,2,0,0,0,558,0,2,2,1643,0,4,0,0,0,0,26,15,7,15,59,81,86,70,102.1,5.2,3.4,41.2,32.2,339,281,54.7,-2,236,192,55.1,-1.6,Forward,117,117,7,80
3720,Gnabe Dabson,C,0,PHI,80,13,17654,9,16,25,6,2,2,3,5,1112,0,0,0,1370,1,200,112,0,0,0,19,15,12,13,44,78,75,79,101.7,5.2,3.8,38.7,32.3,285,249,53.4,-2.4,193,165,53.9,-1.1,Forward,116,116,8,80
2404,Petr Svoboda,LW,0,TEX,79,14,14737,4,6,10,3,0,0,0,0,18,0,0,0,324,2,14,2,0,0,0,18,9,3,1,41,72,80,56,101.6,3,2.5,32,32,233,240,49.3,-0.5,156,158,49.7,-1.9,Forward,114,114,9,80
2540,Spack Jarrow,RW,0,MIN,79,10,10491,3,4,7,2,4,0,0,0,14,0,0,0,493,0,3,1,0,0,0,24,7,8,8,27,70,64,73,101.7,3.2,2.5,30.6,28.5,150,140,51.7,1,98,93,51.3,3.2,Forward,106,106,10,80
2488,San-sam Emerson,LD,0,PHI,80,13,14595,2,1,3,6,8,0,0,0,51,0,1,1,764,0,0,0,0,0,0,12,3,10,13,26,60,52,68,101.4,3.7,2.1,41,28,266,175,60.3,7.8,183,130,58.5,5.6,Defense,84,84,1,80
2529,Christian Kinsinger,LD,0,WPG,78,4,4875,0,3,3,-5,2,0,0,0,86,0,0,0,69,0,0,0,0,0,0,5,3,4,3,1,59,57,58,92.3,1.5,5.3,27.5,40.4,65,87,42.8,3.1,41,61,40.2,1.9,Defense,76,76,2,80
3237,Antonio Flusso,LD,0,PHI,80,13,16053,2,6,8,8,6,0,0,0,244,0,0,0,802,0,0,0,0,0,0,9,4,4,40,27,63,53,75,104.5,4.3,2.4,36,31.9,297,246,54.7,-0.3,189,160,54.2,-0.7,Defense,76,76,3,80
2486,Jay O'Neil,RD,0,WPG,78,4,5442,0,0,0,-3,8,0,0,0,664,0,0,0,183,0,0,0,0,0,0,8,0,4,12,6,65,58,71,96.1,2.3,4.7,29.8,39.9,69,88,43.9,5,43,59,42.2,4.8,Defense,74,74,4,80
2976,Seamus O'Slapahan,LD,0,NEW,79,6,8201,0,1,1,-3,2,0,0,0,1022,0,0,0,901,0,0,0,0,0,0,2,2,8,25,17,71,55,88,99.3,1.1,2.3,25.2,43.6,87,146,37.3,-6.3,55,94,36.9,-7.8,Defense,74,74,5,80
2228,Marcel Beck,RD,0,WPG,80,4,5069,0,1,1,-5,0,0,0,0,318,0,0,0,437,0,0,0,0,0,0,4,0,3,13,5,63,58,67,97.2,3.3,7.5,30.9,55.1,69,115,37.5,1.4,43,77,35.8,1,Defense,69,69,6,80
732,Sven Svechnikov,LD,0,NEW,75,23,23845,0,4,4,-2,6,0,0,0,28,0,0,0,596,0,0,0,0,0,0,23,3,19,42,20,60,53,67,100.8,3.6,4,38,47,412,433,48.8,-2.4,287,360,44.4,-8.3,Defense,66,66,7,80
1892,Kermit Murphy,LD,0,BAP,74,12,14412,0,3,3,-6,2,0,0,0,103,0,0,0,776,0,0,0,0,0,0,11,0,12,20,7,60,56,59,95.3,2.7,4.3,33.8,33.8,207,215,49.1,2.6,149,155,49,4.4,Defense,63,63,8,80
2868,Luca Hunziker,LD,0,SFP,79,21,21495,0,8,8,15,10,0,0,0,83,0,0,0,617,0,0,0,0,0,0,11,3,20,18,35,60,53,68,104.8,4.8,2.4,35.8,27.9,406,266,60.4,4,253,192,56.9,2.4,Defense,62,62,9,80
3697,Pork Tenderloin,LD,0,NEW,80,5,8278,0,1,1,0,2,0,0,0,841,0,0,0,674,0,0,0,0,0,0,10,0,4,15,10,75,65,86,100.7,2.1,2.1,35.7,40.5,96,124,43.6,-10.1,77,89,46.4,-9.3,Defense,58,58,10,80
2457,Mikko Rashford,LW,0,WPG,81,6,6749,1,2,3,-3,6,0,0,0,180,0,0,0,0,0,1,0,0,0,0,15,3,3,4,13,70,69,64,97.5,3.3,4.9,28.5,35.1,93,116,44.5,1.9,56,77,42.1,0.4,Forward,165,165,1,81
2892,Outdoor Truck,C,0,TEX,81,6,6811,1,5,6,-1,2,0,0,0,0,0,0,0,423,0,94,52,0,0,0,5,7,5,0,10,64,60,67,97.3,4.5,5.1,41.1,37.2,136,103,56.9,0.9,90,75,54.5,-1.6,Forward,152,152,2,81
2652,Ivan Lacksamus,RW,0,NEW,80,5,6140,0,1,1,-5,0,0,0,0,16,0,0,0,42,0,6,4,0,0,0,4,6,1,4,11,68,70,61,91.8,1.2,4.1,32,34.9,88,91,49.2,-1.5,62,68,47.7,-6.5,Forward,150,150,3,81
3029,Graj Virrok,RW,0,PHI,81,7,7024,2,3,5,2,0,0,0,0,59,0,0,0,47,0,4,1,0,0,0,7,5,2,7,20,74,79,59,106,3.1,2.1,28.6,42.7,112,125,47.3,0.6,65,94,40.9,-4.2,Forward,129,129,4,81
1014,Evil AllBran,LW,0,PHI,76,13,14270,6,4,10,3,4,1,0,1,848,0,0,0,158,2,7,3,0,0,0,15,7,0,10,34,69,70,60,102.2,3.3,2.4,33.7,32.6,206,204,50.2,0.4,144,139,50.9,1.4,Forward,127,127,5,81
3708,Antoine Beauregard,RW,0,NEW,81,19,24607,7,18,25,6,4,0,3,3,2909,0,0,0,286,1,34,15,0,0,0,28,15,12,1,73,77,81,68,101.9,4.9,3.5,43.5,37.8,419,412,50.4,2.4,293,262,52.8,1.3,Forward,124,124,6,81
2207,Lias Ekholm-Gunnarsson,C,0,WPG,77,5,6629,1,3,4,-2,4,0,1,1,556,0,0,0,540,0,90,39,0,0,0,4,2,3,5,8,67,67,67,108,3.9,5.2,18.9,41,61,103,37.2,0,34,78,30.4,-1.9,Forward,121,121,7,81
3720,Gnabe Dabson,C,0,PHI,81,7,8661,1,2,3,-4,2,0,0,0,379,0,0,0,739,0,112,53,0,0,0,7,5,6,11,15,69,63,77,99.5,2.4,3.8,28.2,42.5,115,145,44.2,-4,68,99,40.7,-4.5,Forward,118,118,8,81
2620,Red Kirkby,RW,0,PHI,75,16,20097,9,15,24,11,2,0,0,0,558,0,2,2,1643,0,4,0,0,0,0,26,15,7,15,59,81,86,70,102.1,5.2,3.4,41.2,32.2,339,281,54.7,-2,236,192,55.1,-1.6,Forward,117,117,9,81
2404,Petr Svoboda,LW,0,TEX,79,14,14737,4,6,10,3,0,0,0,0,18,0,0,0,324,2,14,2,0,0,0,18,9,3,1,41,72,80,56,101.6,3,2.5,32,32,233,240,49.3,-0.5,156,158,49.7,-1.9,Forward,114,114,10,81
2488,San-sam Emerson,LD,0,PHI,81,7,7842,2,3,5,0,0,0,0,0,18,0,0,0,489,0,0,0,0,0,0,3,1,4,6,5,58,54,59,105.1,3.4,3.4,25,39.8,113,128,46.9,0,60,100,37.5,-9.2,Defense,87,87,1,81
3237,Antonio Flusso,LD,0,PHI,81,7,8729,0,3,3,-1,0,0,0,0,402,0,0,0,687,0,0,0,0,0,0,5,1,6,24,7,65,52,79,99.4,2.4,2.4,31.1,28.7,113,133,45.9,-1.4,83,76,52.2,12.7,Defense,79,79,2,81
2529,Christian Kinsinger,LD,0,WPG,78,4,4875,0,3,3,-5,2,0,0,0,86,0,0,0,69,0,0,0,0,0,0,5,3,4,3,1,59,57,58,92.3,1.5,5.3,27.5,40.4,65,87,42.8,3.1,41,61,40.2,1.9,Defense,76,76,3,81
2486,Jay O'Neil,RD,0,WPG,78,4,5442,0,0,0,-3,8,0,0,0,664,0,0,0,183,0,0,0,0,0,0,8,0,4,12,6,65,58,71,96.1,2.3,4.7,29.8,39.9,69,88,43.9,5,43,59,42.2,4.8,Defense,74,74,4,81
2976,Seamus O'Slapahan,LD,0,NEW,79,6,8201,0,1,1,-3,2,0,0,0,1022,0,0,0,901,0,0,0,0,0,0,2,2,8,25,17,71,55,88,99.3,1.1,2.3,25.2,43.6,87,146,37.3,-6.3,55,94,36.9,-7.8,Defense,74,74,5,81
2228,Marcel Beck,RD,0,WPG,81,6,6238,0,1,1,-3,0,0,0,0,0,0,0,0,178,0,0,0,0,0,0,4,0,1,11,5,57,53,59,95.8,1.8,3.6,26.7,32.7,87,120,42,-1.7,55,62,47,7.2,Defense,70,70,6,81
732,Sven Svechnikov,LD,0,NEW,75,23,23845,0,4,4,-2,6,0,0,0,28,0,0,0,596,0,0,0,0,0,0,23,3,19,42,20,60,53,67,100.8,3.6,4,38,47,412,433,48.8,-2.4,287,360,44.4,-8.3,Defense,66,66,7,81
3697,Pork Tenderloin,RD,0,NEW,81,19,27132,2,8,10,-9,8,1,1,2,2967,0,0,0,2247,0,2,1,0,0,0,24,4,10,52,46,65,58,71,96.9,3.9,5.1,38.4,38.1,384,426,47.4,-2.3,268,274,49.4,-3.8,Defense,66,66,8,81
3395,Toasty Soderberg-Snooks,LD,0,SFP,81,24,31428,3,9,12,10,18,0,1,1,1197,0,1,1,2470,1,0,0,0,0,0,13,6,18,100,42,64,53,79,101.9,4.5,3.6,37.1,35,540,506,51.6,-4.6,335,316,51.5,-2.4,Defense,65,65,9,81
3810,Sydney Shaw,RD,0,SFP,81,24,32621,4,13,17,-7,18,2,4,6,3791,0,0,0,1600,1,1,0,0,0,0,20,6,29,68,78,66,59,73,96.5,3.4,4,36.6,30.8,518,435,54.4,-0.2,331,274,54.7,2.6,Defense,65,65,10,81
2457,Mikko Rashford,LW,0,WPG,81,6,6749,1,2,3,-3,6,0,0,0,180,0,0,0,0,0,1,0,0,0,0,15,3,3,4,13,70,69,64,97.5,3.3,4.9,28.5,35.1,93,116,44.5,1.9,56,77,42.1,0.4,Forward,165,165,1,82
2892,Outdoor Truck,C,0,TEX,81,6,6811,1,5,6,-1,2,0,0,0,0,0,0,0,423,0,94,52,0,0,0,5,7,5,0,10,64,60,67,97.3,4.5,5.1,41.1,37.2,136,103,56.9,0.9,90,75,54.5,-1.6,Forward,152,152,2,82
2652,Ivan Lacksamus,RW,0,NEW,80,5,6140,0,1,1,-5,0,0,0,0,16,0,0,0,42,0,6,4,0,0,0,4,6,1,4,11,68,70,61,91.8,1.2,4.1,32,34.9,88,91,49.2,-1.5,62,68,47.7,-6.5,Forward,150,150,3,82
3029,Graj Virrok,RW,0,PHI,81,7,7024,2,3,5,2,0,0,0,0,59,0,0,0,47,0,4,1,0,0,0,7,5,2,7,20,74,79,59,106,3.1,2.1,28.6,42.7,112,125,47.3,0.6,65,94,40.9,-4.2,Forward,129,129,4,82
1014,Evil AllBran,LW,0,PHI,76,13,14270,6,4,10,3,4,1,0,1,848,0,0,0,158,2,7,3,0,0,0,15,7,0,10,34,69,70,60,102.2,3.3,2.4,33.7,32.6,206,204,50.2,0.4,144,139,50.9,1.4,Forward,127,127,5,82
3708,Antoine Beauregard,RW,0,NEW,81,19,24607,7,18,25,6,4,0,3,3,2909,0,0,0,286,1,34,15,0,0,0,28,15,12,1,73,77,81,68,101.9,4.9,3.5,43.5,37.8,419,412,50.4,2.4,293,262,52.8,1.3,Forward,124,124,6,82
2207,Lias Ekholm-Gunnarsson,C,0,WPG,77,5,6629,1,3,4,-2,4,0,1,1,556,0,0,0,540,0,90,39,0,0,0,4,2,3,5,8,67,67,67,108,3.9,5.2,18.9,41,61,103,37.2,0,34,78,30.4,-1.9,Forward,121,121,7,82
3720,Gnabe Dabson,C,0,PHI,81,7,8661,1,2,3,-4,2,0,0,0,379,0,0,0,739,0,112,53,0,0,0,7,5,6,11,15,69,63,77,99.5,2.4,3.8,28.2,42.5,115,145,44.2,-4,68,99,40.7,-4.5,Forward,118,118,8,82
2620,Red Kirkby,RW,0,PHI,75,16,20097,9,15,24,11,2,0,0,0,558,0,2,2,1643,0,4,0,0,0,0,26,15,7,15,59,81,86,70,102.1,5.2,3.4,41.2,32.2,339,281,54.7,-2,236,192,55.1,-1.6,Forward,117,117,9,82
2404,Petr Svoboda,LW,0,TEX,79,14,14737,4,6,10,3,0,0,0,0,18,0,0,0,324,2,14,2,0,0,0,18,9,3,1,41,72,80,56,101.6,3,2.5,32,32,233,240,49.3,-0.5,156,158,49.7,-1.9,Forward,114,114,10,82
2488,San-sam Emerson,LD,0,PHI,81,7,7842,2,3,5,0,0,0,0,0,18,0,0,0,489,0,0,0,0,0,0,3,1,4,6,5,58,54,59,105.1,3.4,3.4,25,39.8,113,128,46.9,0,60,100,37.5,-9.2,Defense,87,87,1,82
3237,Antonio Flusso,LD,0,PHI,81,7,8729,0,3,3,-1,0,0,0,0,402,0,0,0,687,0,0,0,0,0,0,5,1,6,24,7,65,52,79,99.4,2.4,2.4,31.1,28.7,113,133,45.9,-1.4,83,76,52.2,12.7,Defense,79,79,2,82
2529,Christian Kinsinger,LD,0,WPG,78,4,4875,0,3,3,-5,2,0,0,0,86,0,0,0,69,0,0,0,0,0,0,5,3,4,3,1,59,57,58,92.3,1.5,5.3,27.5,40.4,65,87,42.8,3.1,41,61,40.2,1.9,Defense,76,76,3,82
2486,Jay O'Neil,RD,0,WPG,78,4,5442,0,0,0,-3,8,0,0,0,664,0,0,0,183,0,0,0,0,0,0,8,0,4,12,6,65,58,71,96.1,2.3,4.7,29.8,39.9,69,88,43.9,5,43,59,42.2,4.8,Defense,74,74,4,82
2976,Seamus O'Slapahan,LD,0,NEW,79,6,8201,0,1,1,-3,2,0,0,0,1022,0,0,0,901,0,0,0,0,0,0,2,2,8,25,17,71,55,88,99.3,1.1,2.3,25.2,43.6,87,146,37.3,-6.3,55,94,36.9,-7.8,Defense,74,74,5,82
2228,Marcel Beck,RD,0,WPG,81,6,6238,0,1,1,-3,0,0,0,0,0,0,0,0,178,0,0,0,0,0,0,4,0,1,11,5,57,53,59,95.8,1.8,3.6,26.7,32.7,87,120,42,-1.7,55,62,47,7.2,Defense,70,70,6,82
732,Sven Svechnikov,LD,0,NEW,75,23,23845,0,4,4,-2,6,0,0,0,28,0,0,0,596,0,0,0,0,0,0,23,3,19,42,20,60,53,67,100.8,3.6,4,38,47,412,433,48.8,-2.4,287,360,44.4,-8.3,Defense,66,66,7,82
3697,Pork Tenderloin,RD,0,NEW,81,19,27132,2,8,10,-9,8,1,1,2,2967,0,0,0,2247,0,2,1,0,0,0,24,4,10,52,46,65,58,71,96.9,3.9,5.1,38.4,38.1,384,426,47.4,-2.3,268,274,49.4,-3.8,Defense,66,66,8,82
3395,Toasty Soderberg-Snooks,LD,0,SFP,81,24,31428,3,9,12,10,18,0,1,1,1197,0,1,1,2470,1,0,0,0,0,0,13,6,18,100,42,64,53,79,101.9,4.5,3.6,37.1,35,540,506,51.6,-4.6,335,316,51.5,-2.4,Defense,65,65,9,82
3810,Sydney Shaw,RD,0,SFP,81,24,32621,4,13,17,-7,18,2,4,6,3791,0,0,0,1600,1,1,0,0,0,0,20,6,29,68,78,66,59,73,96.5,3.4,4,36.6,30.8,518,435,54.4,-0.2,331,274,54.7,2.6,Defense,65,65,10,82
2457,Mikko Rashford,LW,0,WPG,81,6,6749,1,2,3,-3,6,0,0,0,180,0,0,0,0,0,1,0,0,0,0,15,3,3,4,13,70,69,64,97.5,3.3,4.9,28.5,35.1,93,116,44.5,1.9,56,77,42.1,0.4,Forward,165,165,1,83
2892,Outdoor Truck,C,0,TEX,81,6,6811,1,5,6,-1,2,0,0,0,0,0,0,0,423,0,94,52,0,0,0,5,7,5,0,10,64,60,67,97.3,4.5,5.1,41.1,37.2,136,103,56.9,0.9,90,75,54.5,-1.6,Forward,152,152,2,83
2652,Ivan Lacksamus,RW,0,NEW,80,5,6140,0,1,1,-5,0,0,0,0,16,0,0,0,42,0,6,4,0,0,0,4,6,1,4,11,68,70,61,91.8,1.2,4.1,32,34.9,88,91,49.2,-1.5,62,68,47.7,-6.5,Forward,150,150,3,83
3029,Graj Virrok,RW,0,PHI,81,7,7024,2,3,5,2,0,0,0,0,59,0,0,0,47,0,4,1,0,0,0,7,5,2,7,20,74,79,59,106,3.1,2.1,28.6,42.7,112,125,47.3,0.6,65,94,40.9,-4.2,Forward,129,129,4,83
1014,Evil AllBran,LW,0,PHI,76,13,14270,6,4,10,3,4,1,0,1,848,0,0,0,158,2,7,3,0,0,0,15,7,0,10,34,69,70,60,102.2,3.3,2.4,33.7,32.6,206,204,50.2,0.4,144,139,50.9,1.4,Forward,127,127,5,83
3708,Antoine Beauregard,RW,0,NEW,81,19,24607,7,18,25,6,4,0,3,3,2909,0,0,0,286,1,34,15,0,0,0,28,15,12,1,73,77,81,68,101.9,4.9,3.5,43.5,37.8,419,412,50.4,2.4,293,262,52.8,1.3,Forward,124,124,6,83
2207,Lias Ekholm-Gunnarsson,C,0,WPG,77,5,6629,1,3,4,-2,4,0,1,1,556,0,0,0,540,0,90,39,0,0,0,4,2,3,5,8,67,67,67,108,3.9,5.2,18.9,41,61,103,37.2,0,34,78,30.4,-1.9,Forward,121,121,7,83
3720,Gnabe Dabson,C,0,PHI,81,7,8661,1,2,3,-4,2,0,0,0,379,0,0,0,739,0,112,53,0,0,0,7,5,6,11,15,69,63,77,99.5,2.4,3.8,28.2,42.5,115,145,44.2,-4,68,99,40.7,-4.5,Forward,118,118,8,83
2620,Red Kirkby,RW,0,PHI,75,16,20097,9,15,24,11,2,0,0,0,558,0,2,2,1643,0,4,0,0,0,0,26,15,7,15,59,81,86,70,102.1,5.2,3.4,41.2,32.2,339,281,54.7,-2,236,192,55.1,-1.6,Forward,117,117,9,83
2404,Petr Svoboda,LW,0,TEX,79,14,14737,4,6,10,3,0,0,0,0,18,0,0,0,324,2,14,2,0,0,0,18,9,3,1,41,72,80,56,101.6,3,2.5,32,32,233,240,49.3,-0.5,156,158,49.7,-1.9,Forward,114,114,10,83
2488,San-sam Emerson,LD,0,PHI,81,7,7842,2,3,5,0,0,0,0,0,18,0,0,0,489,0,0,0,0,0,0,3,1,4,6,5,58,54,59,105.1,3.4,3.4,25,39.8,113,128,46.9,0,60,100,37.5,-9.2,Defense,87,87,1,83
3237,Antonio Flusso,LD,0,PHI,81,7,8729,0,3,3,-1,0,0,0,0,402,0,0,0,687,0,0,0,0,0,0,5,1,6,24,7,65,52,79,99.4,2.4,2.4,31.1,28.7,113,133,45.9,-1.4,83,76,52.2,12.7,Defense,79,79,2,83
2529,Christian Kinsinger,LD,0,WPG,78,4,4875,0,3,3,-5,2,0,0,0,86,0,0,0,69,0,0,0,0,0,0,5,3,4,3,1,59,57,58,92.3,1.5,5.3,27.5,40.4,65,87,42.8,3.1,41,61,40.2,1.9,Defense,76,76,3,83
2486,Jay O'Neil,RD,0,WPG,78,4,5442,0,0,0,-3,8,0,0,0,664,0,0,0,183,0,0,0,0,0,0,8,0,4,12,6,65,58,71,96.1,2.3,4.7,29.8,39.9,69,88,43.9,5,43,59,42.2,4.8,Defense,74,74,4,83
2976,Seamus O'Slapahan,LD,0,NEW,79,6,8201,0,1,1,-3,2,0,0,0,1022,0,0,0,901,0,0,0,0,0,0,2,2,8,25,17,71,55,88,99.3,1.1,2.3,25.2,43.6,87,146,37.3,-6.3,55,94,36.9,-7.8,Defense,74,74,5,83
2228,Marcel Beck,RD,0,WPG,81,6,6238,0,1,1,-3,0,0,0,0,0,0,0,0,178,0,0,0,0,0,0,4,0,1,11,5,57,53,59,95.8,1.8,3.6,26.7,32.7,87,120,42,-1.7,55,62,47,7.2,Defense,70,70,6,83
732,Sven Svechnikov,LD,0,NEW,75,23,23845,0,4,4,-2,6,0,0,0,28,0,0,0,596,0,0,0,0,0,0,23,3,19,42,20,60,53,67,100.8,3.6,4,38,47,412,433,48.8,-2.4,287,360,44.4,-8.3,Defense,66,66,7,83
3697,Pork Tenderloin,RD,0,NEW,81,19,27132,2,8,10,-9,8,1,1,2,2967,0,0,0,2247,0,2,1,0,0,0,24,4,10,52,46,65,58,71,96.9,3.9,5.1,38.4,38.1,384,426,47.4,-2.3,268,274,49.4,-3.8,Defense,66,66,8,83
3395,Toasty Soderberg-Snooks,LD,0,SFP,81,24,31428,3,9,12,10,18,0,1,1,1197,0,1,1,2470,1,0,0,0,0,0,13,6,18,100,42,64,53,79,101.9,4.5,3.6,37.1,35,540,506,51.6,-4.6,335,316,51.5,-2.4,Defense,65,65,9,83
3810,Sydney Shaw,RD,0,SFP,81,24,32621,4,13,17,-7,18,2,4,6,3791,0,0,0,1600,1,1,0,0,0,0,20,6,29,68,78,66,59,73,96.5,3.4,4,36.6,30.8,518,435,54.4,-0.2,331,274,54.7,2.6,Defense,65,65,10,83
