id,name,position,league,team,season,gamesPlayed,timeOnIce,goals,assists,points,plusMinus,pim,ppGoals,ppAssists,ppPoints,ppTimeOnIce,shGoals,shAssists,shPoints,shTimeOnIce,gwg,faceoffs,faceoffWins,fights,fightWins,fightLosses,hits,giveaways,takeaways,shotsBlocked,shotsOnGoal,gameRating,offensiveGameRating,defensiveGameRating,advancedStats.PDO,advancedStats.GF60,advancedStats.GA60,advancedStats.SF60,advancedStats.SA60,advancedStats.CF,advancedStats.CA,advancedStats.CFPct,advancedStats.CFPctRel,advancedStats.FF,advancedStats.FA,advancedStats.FFPct,advancedStats.FFPctRel,pos,cum_hits,label,rank,season_label
NA, ,NA,NA,ATL,NA,NA,NA,NA,NA,NA,NA,NA,NA,NA,NA,NA,NA,NA,NA,NA,NA,NA,NA,NA,NA,NA,NA,NA,NA,NA,NA,NA,NA,NA,NA,NA,NA,NA,NA,NA,NA,NA,NA,NA,NA,NA,NA,Forward,0, ,1,65
NA, ,NA,NA,ATL,NA,NA,NA,NA,NA,NA,NA,NA,NA,NA,NA,NA,NA,NA,NA,NA,NA,NA,NA,NA,NA,NA,NA,NA,NA,NA,NA,NA,NA,NA,NA,NA,NA,NA,NA,NA,NA,NA,NA,NA,NA,NA,NA,Forward,0, ,2,65
NA, ,NA,NA,ATL,NA,NA,NA,NA,NA,NA,NA,NA,NA,NA,NA,NA,NA,NA,NA,NA,NA,NA,NA,NA,NA,NA,NA,NA,NA,NA,NA,NA,NA,NA,NA,NA,NA,NA,NA,NA,NA,NA,NA,NA,NA,NA,NA,Forward,0, ,3,65
NA, ,NA,NA,ATL,NA,NA,NA,NA,NA,NA,NA,NA,NA,NA,NA,NA,NA,NA,NA,NA,NA,NA,NA,NA,NA,NA,NA,NA,NA,NA,NA,NA,NA,NA,NA,NA,NA,NA,NA,NA,NA,NA,NA,NA,NA,NA,NA,Forward,0, ,4,65
NA, ,NA,NA,ATL,NA,NA,NA,NA,NA,NA,NA,NA,NA,NA,NA,NA,NA,NA,NA,NA,NA,NA,NA,NA,NA,NA,NA,NA,NA,NA,NA,NA,NA,NA,NA,NA,NA,NA,NA,NA,NA,NA,NA,NA,NA,NA,NA,Forward,0, ,5,65
NA, ,NA,NA,ATL,NA,NA,NA,NA,NA,NA,NA,NA,NA,NA,NA,NA,NA,NA,NA,NA,NA,NA,NA,NA,NA,NA,NA,NA,NA,NA,NA,NA,NA,NA,NA,NA,NA,NA,NA,NA,NA,NA,NA,NA,NA,NA,NA,Forward,0, ,6,65
NA, ,NA,NA,ATL,NA,NA,NA,NA,NA,NA,NA,NA,NA,NA,NA,NA,NA,NA,NA,NA,NA,NA,NA,NA,NA,NA,NA,NA,NA,NA,NA,NA,NA,NA,NA,NA,NA,NA,NA,NA,NA,NA,NA,NA,NA,NA,NA,Forward,0, ,7,65
NA, ,NA,NA,ATL,NA,NA,NA,NA,NA,NA,NA,NA,NA,NA,NA,NA,NA,NA,NA,NA,NA,NA,NA,NA,NA,NA,NA,NA,NA,NA,NA,NA,NA,NA,NA,NA,NA,NA,NA,NA,NA,NA,NA,NA,NA,NA,NA,Forward,0, ,8,65
NA, ,NA,NA,ATL,NA,NA,NA,NA,NA,NA,NA,NA,NA,NA,NA,NA,NA,NA,NA,NA,NA,NA,NA,NA,NA,NA,NA,NA,NA,NA,NA,NA,NA,NA,NA,NA,NA,NA,NA,NA,NA,NA,NA,NA,NA,NA,NA,Forward,0, ,9,65
NA, ,NA,NA,ATL,NA,NA,NA,NA,NA,NA,NA,NA,NA,NA,NA,NA,NA,NA,NA,NA,NA,NA,NA,NA,NA,NA,NA,NA,NA,NA,NA,NA,NA,NA,NA,NA,NA,NA,NA,NA,NA,NA,NA,NA,NA,NA,NA,Forward,0, ,10,65
1261,Liam Slate,LW,0,SEA,66,22,29651,7,13,20,-4,0,2,8,10,3579,0,0,0,299,1,36,14,0,0,0,65,18,14,15,38,79,84,69,100.3,2.7,3.2,24.6,30.6,314,369,46,3.9,205,244,45.7,2.6,Forward,65,65,1,66
1506,William Salming,LW,0,SEA,66,22,30783,8,11,19,1,4,4,3,7,3509,2,0,2,1969,2,28,12,0,0,0,63,22,19,19,49,80,77,80,100.6,2.1,2.3,25.9,29.9,309,378,45,2.4,228,248,47.9,6.1,Forward,63,63,2,66
1970,Salzberger Lillehammersson,RW,0,ATL,66,21,25548,4,18,22,10,2,0,5,5,2232,0,0,0,186,0,24,13,0,0,0,57,15,10,14,45,83,83,76,100.2,3.4,1.7,37,19,392,263,59.8,4,284,152,65.1,7.3,Forward,57,57,3,66
1428,Vaseline Podcalzone,RW,0,SEA,66,22,30551,5,19,24,-3,10,1,6,7,3520,0,1,1,835,3,32,5,0,0,0,56,24,11,26,39,84,83,76,99.8,2.2,2.7,25.6,31.1,319,396,44.6,1.9,231,263,46.8,4.5,Forward,56,56,4,66
1751,Pablo Salvatici,LW,0,ATL,66,21,27227,9,10,19,8,10,1,3,4,2358,0,1,1,721,1,103,56,0,0,0,54,31,19,15,64,77,80,70,97.9,3.4,2.4,35.3,20.1,386,276,58.3,1.7,286,165,63.4,4.9,Forward,54,54,5,66
934,Rhys Pritchard,RW,0,SEA,66,22,27300,2,9,11,3,4,0,1,1,885,0,1,1,845,0,22,3,0,0,0,53,20,15,20,43,79,80,73,102.4,3,2.7,27.2,31.5,318,380,45.6,3.3,221,257,46.2,3.6,Forward,53,53,6,66
1286,Yngve Simonsson,LW,0,SEA,66,22,23854,5,5,10,-7,8,1,0,1,858,0,0,0,182,0,23,12,0,0,0,51,16,9,16,35,71,74,63,100.5,2.4,3.5,24,37.2,262,398,39.7,-5.5,179,284,38.7,-7.8,Forward,51,51,7,66
1172,Burlok Sulfurgold,RW,0,ATL,66,21,24721,6,12,18,18,8,0,0,0,50,0,0,0,459,1,21,9,0,0,0,50,9,15,8,49,73,68,70,104.1,5.2,2.5,39.3,27.5,406,313,56.5,-1.1,312,217,59,-1.6,Forward,50,50,8,66
1831,Paul Binder,LW,0,ATL,66,21,25339,9,14,23,21,4,0,0,0,555,0,0,0,450,1,11,2,0,0,0,49,21,13,6,60,77,84,61,105.7,5.6,2.5,37.1,26.8,388,305,56,-1.8,296,210,58.5,-2.3,Forward,49,49,9,66
2564,Shoyo Hinata,RW,0,ATL,66,21,22599,4,9,13,6,4,0,0,0,0,0,0,0,0,0,20,6,0,0,0,44,15,12,10,44,74,78,61,99.5,3.3,2.4,38.5,26,367,279,56.8,-0.5,276,195,58.6,-2.1,Forward,44,44,10,66
1892,Kermit Murphy,LD,0,SEA,66,22,31084,10,6,16,-2,2,8,2,10,3636,0,0,0,1283,1,0,0,0,0,0,33,2,23,45,58,69,61,76,101.3,2.2,2.6,24.9,34.5,323,404,44.4,1.6,217,291,42.7,-1.8,Defense,33,33,1,66
806,Michael Withecheck,RD,0,ATL,66,21,28364,2,15,17,18,8,0,2,2,2302,0,1,1,1544,1,0,0,0,0,0,31,6,18,57,57,71,64,78,105.4,4.6,1.8,35.1,23.2,370,311,54.3,-4.2,277,194,58.8,-1.8,Defense,31,31,2,66
1864,Daryl Urquhart,RD,0,SEA,66,22,24106,2,6,8,-1,2,0,0,0,73,0,1,1,2372,1,0,0,0,0,0,30,4,13,41,29,69,56,79,100.4,2,2.3,24.4,30.1,255,322,44.2,1.1,170,217,43.9,0.1,Defense,30,30,3,66
1701,Puddles O'Duck,LD,0,ATL,66,21,29152,9,12,21,5,8,5,3,8,2390,0,0,0,1341,2,0,0,0,0,0,24,1,12,35,85,66,63,69,97.4,3.5,2.8,37.7,23.6,423,301,58.4,2,307,198,60.8,1.2,Defense,24,24,4,66
536,Nicholas Owens,LD,0,BUF,66,16,17298,1,4,5,5,2,0,0,0,41,0,1,1,551,1,0,0,0,0,0,23,2,10,14,23,61,53,68,103.5,2.8,1.9,28.2,30.4,222,219,50.3,-0.2,153,161,48.7,-3.1,Defense,23,23,5,66
1837,Bean Beanman,LD,0,BUF,66,16,22675,0,7,7,5,2,0,2,2,2174,0,2,2,1407,0,0,0,0,0,0,23,2,16,42,46,68,59,77,102.4,3.2,2.1,32.2,27.5,286,268,51.6,1.8,204,173,54.1,5,Defense,23,23,6,66
1130,Emilia Bergman,RD,0,BUF,66,16,19681,2,2,4,6,4,0,0,0,505,0,0,0,489,0,0,0,0,0,0,22,1,7,17,31,62,56,66,104.3,3.3,2.1,29.1,30.6,252,261,49.1,-2,180,181,49.9,-1.6,Defense,22,22,7,66
1143,Angus McFife XVIII,RD,0,ATL,66,21,27470,2,5,7,3,0,0,0,0,539,0,0,0,827,0,0,0,0,0,0,22,0,19,47,51,65,58,71,96.3,3,2.9,36.3,24,432,311,58.1,1.6,309,208,59.8,-0.4,Defense,22,22,8,66
2553,Zayne Dangle,LD,0,BUF,66,16,18569,0,2,2,-1,8,0,0,0,0,0,0,0,535,0,0,0,0,0,0,22,2,9,35,25,63,56,69,100.1,3,3.2,29.9,32.1,258,265,49.3,-1.7,182,181,50.1,-1.2,Defense,22,22,9,66
373,Adam Barron,LD,0,ATL,66,21,22534,6,5,11,10,10,0,0,0,159,0,1,1,708,1,0,0,0,0,0,19,1,21,26,46,64,56,73,99.9,4.7,3.2,38.9,26.1,372,263,58.6,2.1,279,184,60.3,0.4,Defense,19,19,10,66
1261,Liam Slate,LW,0,SEA,67,23,27990,10,15,25,17,12,1,2,3,1766,1,0,1,131,1,24,6,0,0,0,59,20,11,6,51,78,83,66,105.4,3.9,1.5,33.5,25,447,348,56.2,0.7,285,221,56.3,0.6,Forward,124,124,1,67
1506,William Salming,LW,0,SEA,67,23,29409,4,17,21,16,6,0,0,0,437,0,0,0,2486,2,50,22,0,0,0,49,18,14,16,48,79,83,70,105,4.3,2.2,33.2,26.8,417,362,53.5,-3.4,291,241,54.7,-1.9,Forward,112,112,2,67
1428,Vaseline Podcalzone,RW,0,SEA,67,23,28338,10,18,28,10,4,3,2,5,1753,1,0,1,894,2,42,11,0,0,0,45,22,17,14,66,80,82,69,102.8,4.3,2.9,30.8,26.1,397,345,53.5,-3.4,272,219,55.4,-0.8,Forward,101,101,3,67
1970,Salzberger Lillehammersson,RW,0,ATL,67,11,15383,8,6,14,9,4,2,0,2,1075,1,1,2,885,2,8,4,0,0,0,34,10,8,5,44,81,89,67,101.2,4,2.1,41,24.9,245,158,60.8,7.8,180,118,60.4,6.1,Forward,91,91,4,67
2433,Max Manning,LW,0,SEA,67,23,26555,8,16,24,13,10,0,0,0,322,0,1,1,1156,0,20,9,0,0,0,57,19,21,20,41,81,79,76,103,3.7,2.2,32.6,25.4,425,315,57.4,2.5,270,201,57.3,2.1,Forward,86,86,5,67
934,Rhys Pritchard,RW,0,SEA,67,23,23757,8,8,16,10,6,0,0,0,6,1,0,1,32,0,2,0,0,0,0,31,18,11,22,50,76,77,71,103,2.7,1.4,33.7,26.6,409,318,56.3,0.7,254,210,54.7,-1.7,Forward,84,84,6,67
1172,Burlok Sulfurgold,RW,0,ATL,67,11,14175,2,7,9,-4,0,0,0,0,0,0,0,0,569,0,14,6,0,0,0,32,5,7,9,21,74,67,71,95,2.9,4,34.1,29.4,204,183,52.7,-4.6,154,136,53.1,-5.2,Forward,82,82,7,67
1824,Tomas Lind,LW,0,MAN,67,27,34165,7,27,34,7,4,2,8,10,3747,0,0,0,173,0,40,15,0,0,0,73,33,17,16,80,78,82,64,106.3,4.4,3,30.4,36.4,425,527,44.6,2,302,363,45.4,2.5,Forward,81,81,8,67
2564,Shoyo Hinata,RW,0,ATL,67,11,13209,3,5,8,-1,4,0,0,0,225,0,0,0,0,1,11,4,0,0,0,33,8,4,6,30,75,80,60,97.5,2.8,3,33.3,28.3,184,167,52.4,-4.8,139,119,53.9,-3.8,Forward,77,77,9,67
1831,Paul Binder,LW,0,ATL,67,11,14439,1,7,8,7,2,0,2,2,1033,0,0,0,553,0,19,2,0,0,0,26,3,10,7,24,83,82,78,101.1,4.2,2.2,40.9,24.4,230,151,60.4,6.9,170,111,60.5,6,Forward,75,75,10,67
1864,Daryl Urquhart,RD,0,SEA,67,23,28281,2,8,10,4,14,0,0,0,354,0,0,0,1227,0,0,0,0,0,0,30,4,24,32,42,62,54,69,100.9,3.2,2.8,32.1,30.9,407,377,51.9,-5.9,275,269,50.6,-8.5,Defense,60,60,1,67
1892,Kermit Murphy,LD,0,SEA,67,23,30419,2,16,18,19,14,0,4,4,1863,0,2,2,2424,1,0,0,0,0,0,23,6,17,56,71,67,60,74,104.6,4.5,2.1,35,24.5,448,326,57.9,3.2,297,212,58.3,3.7,Defense,56,56,2,67
883,Sean Gatez,RD,0,MAN,67,27,33615,0,10,10,2,6,0,0,0,1096,0,0,0,611,0,0,0,0,0,0,33,3,12,75,47,64,57,70,102.3,3.7,3.5,30.3,35.1,429,518,45.3,3,318,378,45.7,3,Defense,43,43,3,67
806,Michael Withecheck,RD,0,ATL,67,11,14885,2,3,5,-1,6,0,0,0,236,0,0,0,556,1,0,0,0,0,0,9,2,12,14,33,65,61,68,96.2,2,2.6,39.1,28.4,231,181,56.1,0.5,176,133,57,0.7,Defense,40,40,4,67
1276,Jonas Kahnwald,LD,0,SEA,67,23,30256,3,7,10,12,4,2,2,4,1910,0,0,0,1316,0,0,0,0,0,0,30,4,21,49,51,67,59,75,105.1,3.6,2,30.2,29.4,407,373,52.2,-5.5,269,267,50.2,-9,Defense,40,40,5,67
732,Sven Svechnikov,LD,0,MAN,67,27,37847,8,11,19,7,6,4,3,7,3697,0,0,0,2289,2,0,0,0,0,0,33,5,13,63,55,66,60,72,107.6,4.2,3.1,26.7,37.6,406,567,41.7,-2.5,280,380,42.4,-2.1,Defense,37,37,6,67
1143,Angus McFife XVIII,RD,0,ATL,67,11,16551,2,3,5,2,0,0,1,1,1064,0,1,1,853,0,0,0,0,0,0,14,3,8,17,38,66,60,69,98,3.2,3,36.9,27.8,229,190,54.7,-1.8,177,145,55,-2.5,Defense,36,36,7,67
2340,Landon Fischermann,RD,0,SEA,67,23,28640,5,6,11,11,6,0,0,0,361,0,0,0,1071,2,0,0,0,0,0,17,4,14,36,52,62,57,67,102.2,4,2.5,32.7,25.4,456,346,56.9,1.7,291,231,55.7,-0.3,Defense,33,33,8,67
1837,Bean Beanman,LD,0,BUF,67,4,5757,0,0,0,3,0,0,0,0,520,0,0,0,138,0,0,0,0,0,0,9,0,4,6,10,68,58,78,104.7,3.5,1.4,36,27.5,81,67,54.7,-6,60,48,55.6,-4.1,Defense,32,32,9,67
2454,Wendolene Ramsbottom,LD,0,SEA,67,23,25568,3,5,8,18,8,0,0,0,16,0,1,1,2334,2,0,0,0,0,0,12,4,9,83,53,64,52,79,105.6,3.6,1.1,33.6,21.7,411,297,58.1,3.3,265,166,61.5,7.9,Defense,31,31,10,67
1261,Liam Slate,RW,0,SEA,68,21,25700,1,11,12,11,12,0,0,0,807,0,0,0,0,0,6,3,0,0,0,51,12,10,7,37,77,84,63,103.2,3,1.4,30.7,21.7,376,250,60.1,0.6,253,174,59.3,-0.4,Forward,175,175,1,68
1428,Vaseline Podcalzone,LW,0,SEA,68,21,28372,12,15,27,12,10,3,4,7,2787,0,0,0,1162,1,36,12,0,0,0,52,23,17,11,51,83,86,75,103.5,3.8,2.1,31,23.3,358,264,57.6,-3.2,245,179,57.8,-2.6,Forward,153,153,2,68
1506,William Salming,RW,0,SEA,68,21,28161,4,18,22,20,6,0,1,1,773,0,1,1,2901,1,18,7,0,0,0,39,14,10,19,29,78,80,71,107.7,4.7,1.9,30,23.8,353,273,56.4,-4.9,240,185,56.5,-4.6,Forward,151,151,3,68
1824,Tomas Lind,LW,0,MAN,68,24,33921,10,17,27,7,10,1,2,3,4127,0,0,0,174,1,36,11,0,0,0,51,18,26,12,73,79,84,67,102.8,3.6,2.7,33.3,32.7,410,446,47.9,0.4,319,328,49.3,2.2,Forward,132,132,4,68
2544,Aksel Fiske,RW,0,MAN,68,24,32164,11,15,26,16,6,0,0,0,1358,0,0,0,123,2,41,16,0,0,0,57,20,12,23,70,79,86,65,106.4,3.8,1.9,30.6,31.8,426,453,48.5,1.3,306,317,49.1,1.8,Forward,124,124,5,68
1063,Robert E O Speedwagon,RW,0,MAN,68,24,34948,3,24,27,-2,2,0,5,5,3637,0,0,0,2289,0,14,8,0,0,0,51,22,19,15,43,76,76,71,99.1,3.1,3.2,33.5,31.6,417,421,49.8,3.2,311,307,50.3,3.7,Forward,119,119,6,68
1970,Salzberger Lillehammersson,RW,0,ATL,68,12,16246,8,15,23,10,0,1,3,4,1588,2,0,2,997,1,9,3,0,0,0,26,11,11,8,54,85,91,69,100.8,5.3,2.9,37.9,22.1,229,159,59,2.6,165,99,62.5,6.4,Forward,117,117,7,68
2477,Jeff Larsson,LW,0,MAN,68,24,26835,4,12,16,-1,6,0,0,0,0,0,0,0,317,0,2,1,0,0,0,49,14,11,3,32,66,65,59,100.6,3.3,3.4,29.7,32.9,336,390,46.3,-1.9,247,293,45.7,-3.1,Forward,107,107,8,68
2564,Shoyo Hinata,RW,0,ATL,68,12,13101,3,6,9,3,2,0,0,0,151,0,0,0,0,0,8,2,0,0,0,28,9,10,5,24,75,80,59,99.9,4.4,3.6,35.9,28.9,215,162,57,-0.4,153,120,56,-3.2,Forward,105,105,9,68
2433,Max Manning,C,0,SEA,68,21,29334,18,14,32,16,2,3,3,6,2751,0,0,0,922,2,325,180,0,0,0,17,24,17,16,64,77,79,70,103.7,4.6,2.4,32.3,22.4,385,274,58.4,-1.9,273,184,59.7,0.3,Forward,103,103,10,68
1864,Daryl Urquhart,RD,0,SEA,68,21,26678,1,7,8,9,8,0,0,0,812,0,0,0,591,0,0,0,0,0,0,22,1,18,22,50,59,55,63,101.6,3.8,2.7,31.8,25.8,374,282,57,-4.1,258,210,55.1,-7,Defense,82,82,1,68
883,Sean Gatez,RD,0,MAN,68,24,35254,5,6,11,5,14,2,1,3,3894,0,1,1,129,2,0,0,0,0,0,36,2,16,77,60,68,60,76,100.5,3.1,2.5,34.9,30.1,466,477,49.4,2.9,353,310,53.2,8.4,Defense,79,79,2,68
1892,Kermit Murphy,LD,0,SEA,68,21,30688,3,18,21,24,8,1,5,6,2839,0,2,2,2653,1,0,0,0,0,0,20,1,21,25,73,68,63,73,108.2,4.4,1.3,31,21.3,380,243,61,2.1,259,172,60.1,0.8,Defense,76,76,3,68
1276,Jonas Kahnwald,LD,0,SEA,68,21,30255,2,14,16,2,6,1,3,4,2733,0,0,0,1904,1,0,0,0,0,0,26,4,20,20,51,66,62,67,98.7,3,2.7,30.2,24.2,375,265,58.6,-1.6,252,199,55.9,-5.7,Defense,66,66,4,68
732,Sven Svechnikov,LD,0,MAN,68,24,36463,2,14,16,11,4,1,4,5,3956,0,0,0,646,1,0,0,0,0,0,24,3,16,68,75,67,60,75,103.5,3.8,2.6,33.3,32.3,466,497,48.4,1.2,348,339,50.7,4.4,Defense,61,61,5,68
2340,Landon Fischermann,RD,0,SEA,68,21,29337,2,7,9,23,8,0,0,0,867,0,0,0,2602,0,0,0,0,0,0,24,3,19,34,51,67,60,76,108.1,4.3,1.1,31.6,19.9,392,240,62,3.7,271,167,61.9,3.5,Defense,57,57,6,68
2901,Chad Nickelback,LD,0,MAN,68,24,30367,1,8,9,6,10,0,0,0,1327,0,0,0,1187,1,0,0,0,0,0,21,2,15,30,35,62,57,66,103.8,3.6,2.8,30.9,35.8,356,410,46.5,-1.7,268,318,45.7,-3.2,Defense,51,51,7,68
1143,Angus McFife XVIII,RD,0,ATL,68,12,16555,5,3,8,-1,6,1,0,1,1414,0,0,0,915,1,0,0,0,0,0,13,0,8,17,40,64,61,65,95.9,3.3,3.5,35.9,26.8,230,186,55.3,-3.2,163,124,56.8,-2.2,Defense,49,49,8,68
806,Michael Withecheck,RD,0,ATL,68,12,15102,2,6,8,10,8,0,1,1,328,1,0,1,569,0,0,0,0,0,0,8,0,11,26,33,65,59,71,101.6,4.8,2.5,37.8,22.8,245,145,62.8,8.5,177,104,63,7.4,Defense,48,48,9,68
1248,Rikard Bjerg,LD,0,MAN,68,24,30161,0,4,4,1,2,0,0,0,37,0,0,0,1252,0,0,0,0,0,0,39,3,13,36,34,62,53,69,100.9,2.7,2.6,27.7,29.2,377,393,49,1.9,262,290,47.5,-0.7,Defense,48,48,10,68
1261,Liam Slate,RW,0,SEA,69,16,19117,2,11,13,3,2,1,1,2,618,0,0,0,67,0,5,2,0,0,0,37,18,10,14,25,79,80,69,98.5,3.7,3.1,30.7,23,265,215,55.2,3.4,185,137,57.5,5.6,Forward,212,212,1,69
1428,Vaseline Podcalzone,LW,0,SEA,69,16,22096,6,16,22,9,10,1,1,2,2426,0,1,1,538,0,30,6,0,0,0,47,8,9,17,37,87,89,77,103.4,4.5,2.6,29.4,22,256,199,56.3,4.9,176,137,56.2,3.7,Forward,200,200,2,69
1506,William Salming,RW,0,SEA,69,16,19747,3,8,11,6,2,0,0,0,452,0,0,0,1612,0,8,4,0,0,0,44,13,4,18,18,75,76,70,101.8,4.1,2.9,28.3,22.6,219,184,54.3,1.9,154,123,55.6,2.6,Forward,195,195,3,69
395,Jimmy Wagner,RW,0,SEA,69,16,18626,1,7,8,3,4,0,0,0,0,0,0,0,522,0,19,8,0,0,0,44,10,6,15,28,76,80,64,101.6,3.2,2.6,27.2,25.7,224,222,50.2,-4.1,156,159,49.5,-6.4,Forward,144,144,4,69
1970,Salzberger Lillehammersson,RW,0,ATL,69,14,18094,5,8,13,-3,8,2,3,5,1996,0,0,0,486,1,21,5,0,0,0,27,16,8,9,59,79,85,62,94.1,2.8,3.2,43.4,26.3,316,209,60.2,8.2,212,131,61.8,7.4,Forward,144,144,5,69
1824,Tomas Lind,LW,0,MAN,69,5,6641,0,4,4,-8,0,0,2,2,726,0,0,0,492,0,9,0,0,0,0,7,7,4,10,6,67,70,55,92.9,4,8.6,33.2,45.1,83,111,42.8,5,59,79,42.8,3.6,Forward,139,139,6,69
2544,Aksel Fiske,RW,0,MAN,69,5,6714,2,5,7,-12,0,2,0,2,756,0,0,0,28,0,4,1,0,0,0,12,8,0,1,20,71,85,41,91.1,3,9.7,27.9,49.2,73,136,34.9,-7.3,52,96,35.1,-8.6,Forward,136,136,7,69
2564,Shoyo Hinata,LW,0,ATL,69,14,17305,5,9,14,3,0,1,2,3,1981,0,0,0,481,0,31,17,0,0,0,27,6,9,5,39,77,83,65,98.9,4.1,3.2,41,28.4,271,204,57.1,3,203,144,58.5,2.3,Forward,132,132,8,69
1063,Robert E O Speedwagon,RW,0,MAN,69,5,5620,0,3,3,-6,0,0,0,0,205,0,0,0,115,0,0,0,0,0,0,3,4,0,5,8,69,80,50,91.4,2,6.1,30.6,40.1,78,112,41.1,2.3,55,69,44.4,5.7,Forward,122,122,9,69
1172,Burlok Sulfurgold,RW,0,NEW,69,14,16379,3,9,12,5,4,0,0,0,384,0,0,0,406,1,4,0,0,0,0,26,15,3,16,31,77,79,69,102.9,4.2,3,36.9,36,285,274,51,-0.1,188,187,50.1,-2.3,Forward,122,122,10,69
1864,Daryl Urquhart,RD,0,SEA,69,16,20974,3,7,10,10,2,0,0,0,210,0,0,0,510,2,0,0,0,0,0,15,1,12,19,32,60,55,64,104.3,4.4,2.7,30.6,26,273,234,53.8,1.4,195,165,54.2,0.6,Defense,97,97,1,69
1892,Kermit Murphy,LD,0,SEA,69,16,23323,2,9,11,-4,6,1,2,3,2451,0,1,1,1353,0,0,0,0,0,0,19,2,10,26,60,65,61,69,96,2.4,2.8,26.7,21.4,246,209,54.1,1.6,166,136,55,1.7,Defense,95,95,2,69
883,Sean Gatez,RD,0,MAN,69,5,6637,0,0,0,-1,0,0,0,0,726,0,0,0,406,0,0,0,0,0,0,5,0,2,29,4,66,51,84,101.3,3.3,3.3,27.5,30.7,82,107,43.4,5.8,54,56,49.1,12,Defense,84,84,3,69
1276,Jonas Kahnwald,LD,0,SEA,69,16,23058,5,9,14,11,4,2,2,4,2598,0,0,0,1039,1,0,0,0,0,0,10,2,18,16,55,66,62,70,105,4.6,2.4,32.8,26.5,280,217,56.3,5.3,198,159,55.5,2.7,Defense,76,76,4,69
2340,Landon Fischermann,RD,0,SEA,69,16,21986,0,3,3,-6,10,0,0,0,505,0,0,0,1539,0,0,0,0,0,0,16,4,7,27,27,59,54,65,93.6,2.5,3.6,26.4,22.6,247,222,52.7,-0.5,169,147,53.5,-0.5,Defense,73,73,5,69
2529,Christian Kinsinger,LD,0,WPG,69,24,34164,5,9,14,12,4,2,2,4,3310,0,0,0,2388,0,0,0,0,0,0,27,1,19,37,72,67,61,73,101.7,3.9,2.1,33.9,21.8,449,319,58.5,1.1,311,207,60,2,Defense,72,72,6,69
2228,Marcel Beck,RD,0,WPG,69,24,33654,6,10,16,7,9,3,2,5,3309,0,1,1,2466,0,0,0,1,0,1,39,4,28,34,59,65,56,74,100.5,3.1,2.3,27.9,21.8,389,273,58.8,1.5,261,185,58.5,-0.3,Defense,68,68,7,69
732,Sven Svechnikov,LD,0,MAN,69,5,7090,0,2,2,-5,0,0,1,1,756,0,0,0,463,0,0,0,0,0,0,6,2,4,19,18,68,57,79,92.6,0.6,3.1,28.2,31.9,91,119,43.3,6.1,57,65,46.7,9.1,Defense,67,67,8,69
806,Michael Withecheck,RD,0,ATL,69,14,17346,2,4,6,0,4,1,0,1,722,0,0,0,788,0,0,0,0,0,0,16,2,6,32,42,64,58,68,93.6,3.4,3.6,39.3,24.1,251,183,57.8,4,192,134,58.9,2.8,Defense,64,64,9,69
1143,Angus McFife XVIII,RD,0,ATL,69,14,19376,4,7,11,-8,2,2,3,5,1966,0,0,0,1377,1,0,0,0,0,0,13,3,11,33,47,63,59,65,92.6,3.1,4.7,39.1,30.5,286,238,54.6,-0.8,211,157,57.3,0.5,Defense,62,62,10,69
1428,Vaseline Podcalzone,LW,0,SEA,70,13,16647,5,11,16,10,6,1,1,2,1895,0,0,0,525,1,24,7,0,0,0,28,11,8,5,31,83,87,71,107.6,5.1,2.3,33.4,30.1,227,198,53.4,-1.8,156,141,52.5,-3.4,Forward,228,228,1,70
1506,William Salming,RW,0,SEA,70,13,16433,4,12,16,7,4,1,0,1,505,0,0,0,1934,1,11,0,0,0,0,24,12,7,9,30,74,78,66,103.5,5.1,3.3,32.4,27,229,177,56.4,2.8,152,126,54.7,-0.1,Forward,219,219,2,70
1261,Liam Slate,RW,0,SEA,69,16,19117,2,11,13,3,2,1,1,2,618,0,0,0,67,0,5,2,0,0,0,37,18,10,14,25,79,80,69,98.5,3.7,3.1,30.7,23,265,215,55.2,3.4,185,137,57.5,5.6,Forward,212,212,3,70
1970,Salzberger Lillehammersson,RW,0,ATL,70,14,18233,6,13,19,9,2,1,2,3,3045,0,0,0,395,0,27,9,0,0,0,47,19,9,11,43,83,88,73,103.9,4.9,2.7,37.2,29.2,242,219,52.5,-2.4,170,142,54.5,-1.1,Forward,191,191,4,70
395,Jimmy Wagner,RW,0,SEA,70,13,13284,3,1,4,-2,4,0,0,0,12,0,0,0,504,2,20,5,0,0,0,31,6,3,0,33,70,75,57,95.3,2.3,2.8,28.8,22.6,188,150,55.6,1.5,120,99,54.8,0.1,Forward,175,175,5,70
1172,Burlok Sulfurgold,RW,0,NEW,70,28,30227,9,14,23,9,10,0,0,0,59,0,0,0,133,1,20,6,0,0,0,44,28,13,30,78,72,71,69,104.2,3.7,2.6,32.2,36.1,497,580,46.1,-2.2,320,363,46.9,-2.5,Forward,166,166,6,70
2152,Gonzo Gobbledygook,LW,0,WPG,70,22,24947,14,13,27,16,8,0,2,2,1409,0,0,0,810,3,14,2,0,0,0,46,17,8,18,94,80,81,71,104.1,5.5,2.7,40.9,28.5,432,319,57.5,1.3,304,212,58.9,2.1,Forward,151,151,7,70
2564,Shoyo Hinata,C,0,ATL,70,14,19382,10,12,22,5,2,1,4,5,2968,1,0,1,1772,1,291,142,0,0,0,13,20,6,11,63,73,74,69,99,4.2,3.2,38.4,26.8,248,201,55.2,1.6,181,127,58.8,5.2,Forward,145,145,8,70
1831,Paul Binder,RW,0,ATL,70,14,16618,2,3,5,3,6,0,0,0,747,0,0,0,540,0,23,2,0,0,0,27,9,8,10,20,79,80,72,100.6,2.6,1.9,38.5,30.5,282,205,57.9,5.8,203,149,57.7,3.9,Forward,144,144,9,70
2544,Aksel Fiske,RW,0,MAN,70,4,5282,5,1,6,-2,2,2,0,2,846,0,0,0,194,0,12,6,0,0,0,7,3,1,8,21,81,88,68,103.5,3.4,5.1,26.3,54.3,59,97,37.8,5.6,39,70,35.8,4.3,Forward,143,143,10,70
1864,Daryl Urquhart,RD,0,SEA,70,13,16180,1,7,8,3,10,0,1,1,722,0,0,0,324,0,0,0,0,0,0,14,2,9,25,23,59,54,62,99.4,4.8,4,34.3,27.8,238,204,53.8,-1.1,167,135,55.3,0.9,Defense,111,111,1,70
1892,Kermit Murphy,LD,0,SEA,70,13,18918,2,3,5,2,4,1,1,2,1795,0,0,0,1740,0,0,0,0,0,0,15,2,6,38,30,68,60,78,100.5,2.8,2.1,30.9,24.6,238,187,56,2.2,159,129,55.2,0.7,Defense,110,110,2,70
2529,Christian Kinsinger,LD,0,WPG,70,22,31125,5,13,18,9,10,4,5,9,4204,0,1,1,2754,1,0,0,0,0,0,38,9,27,50,74,70,61,80,100,4.2,2.7,41.9,27,482,320,60.1,5.3,336,213,61.2,5.7,Defense,110,110,3,70
732,Sven Svechnikov,LD,0,NEW,70,28,41375,2,13,15,12,6,1,2,3,4701,0,2,2,3800,0,0,0,0,0,0,35,4,16,86,55,67,58,77,103.8,3.7,2.4,34.6,34.8,549,609,47.4,-0.3,370,375,49.7,1.7,Defense,102,102,4,70
2228,Marcel Beck,RD,0,WPG,70,22,26986,1,8,9,0,8,0,0,0,1613,0,1,1,2226,0,0,0,0,0,0,26,1,23,50,38,64,58,71,97.6,4.2,4.2,39.3,32.2,416,350,54.3,-3.4,295,241,55,-3.7,Defense,94,94,5,70
883,Sean Gatez,RD,0,MAN,70,4,5914,0,0,0,-6,2,0,0,0,831,0,0,0,386,0,0,0,0,0,0,8,1,2,23,5,65,57,75,98.2,3.1,7.7,24.5,53.6,61,116,34.5,0.5,40,78,33.9,1.6,Defense,92,92,6,70
2486,Jay O'Neil,RD,0,WPG,70,22,30763,7,8,15,9,10,4,4,8,3877,1,1,2,2816,2,0,0,0,0,0,30,8,25,41,60,65,56,76,99.4,4.3,2.8,45.2,28,505,319,61.3,7.2,352,222,61.3,6,Defense,92,92,7,70
1276,Jonas Kahnwald,RD,0,CHI,70,13,16778,0,3,3,-2,4,0,1,1,420,0,0,0,445,0,0,0,0,0,0,14,3,10,32,21,63,58,68,97.7,2.5,3.4,29.6,31.7,242,232,51.1,-1,150,160,48.4,-3.1,Defense,90,90,8,70
2488,San-sam Emerson,LD,0,PHI,70,18,24164,9,10,19,5,8,6,2,8,3713,0,0,0,1190,3,1,0,0,0,0,28,5,16,45,51,71,67,75,99.4,4.3,3.6,41.7,32.5,378,308,55.1,0.8,267,209,56.1,3,Defense,87,87,9,70
2340,Landon Fischermann,RD,0,SEA,70,13,19301,2,6,8,1,4,0,2,2,1654,0,0,0,1912,1,0,0,0,0,0,12,0,7,15,34,62,56,67,99.9,2.7,2.3,30,24.7,230,188,55,0.7,158,134,54.1,-1,Defense,85,85,10,70
1428,Vaseline Podcalzone,LW,0,SEA,71,7,9780,3,1,4,-2,2,0,0,0,848,2,0,2,357,0,9,0,0,0,0,15,6,6,5,21,81,85,71,95.5,1.7,3.4,33.2,35.3,129,126,50.6,8.7,97,92,51.3,7.6,Forward,243,243,1,71
1506,William Salming,RW,0,SEA,71,7,9545,0,4,4,-3,4,0,1,1,764,0,0,0,524,0,18,7,0,0,0,16,5,2,8,5,76,76,70,97.2,2.6,3.9,30.1,34,120,123,49.4,6.5,87,88,49.7,4.7,Forward,235,235,2,71
1261,Liam Slate,LW,0,SFP,71,4,4741,1,0,1,-10,0,1,0,1,1020,0,0,0,49,0,2,1,0,0,0,11,2,1,5,15,69,67,63,80.8,0,9.8,18.6,51,37,85,30.3,-11.7,21,59,26.3,-18.4,Forward,223,223,3,71
1970,Salzberger Lillehammersson,RW,0,ATL,71,11,13269,4,8,12,-1,6,1,0,1,454,0,1,1,490,0,31,10,0,0,0,15,11,6,11,17,73,82,55,99.4,3.8,4.4,31.5,34.8,196,184,51.6,-4.6,134,135,49.8,-7.9,Forward,206,206,4,71
395,Jimmy Wagner,RW,0,LAP,71,12,14141,3,4,7,5,4,0,0,0,498,0,0,0,299,1,13,4,0,0,0,27,6,2,4,29,67,64,66,104.8,4,2.2,33.2,29.1,191,177,51.9,5.2,139,136,50.5,4.4,Forward,202,202,5,71
1402,Lemo Pihl,LW,0,PHI,71,18,22166,11,11,22,15,8,0,0,0,836,0,0,0,797,1,5,1,0,0,0,52,28,10,13,53,79,76,71,105.8,5.6,3,39.3,35.2,368,330,52.7,-3.4,270,231,53.9,-2.2,Forward,190,190,6,71
2152,Gonzo Gobbledygook,LW,0,WPG,71,22,25843,13,13,26,15,6,0,1,1,762,0,0,0,487,1,21,6,0,0,0,34,22,6,5,79,77,83,63,103.8,4.5,2.3,38.2,29.1,422,341,55.3,1.4,304,241,55.8,1.7,Forward,185,185,7,71
1172,Burlok Sulfurgold,RW,0,NEW,71,9,10978,1,6,7,6,0,0,0,0,0,0,0,0,1122,0,4,2,0,0,0,17,11,2,0,10,70,71,62,104.8,4.4,2.2,38,32.5,174,142,55.1,-1.4,116,107,52,-8.1,Forward,183,183,8,71
1578,Ty Murphy,RW,0,BUF,71,21,27299,7,14,21,2,6,2,4,6,3518,0,0,0,287,2,35,20,0,0,0,53,20,12,7,70,78,81,67,98.8,3.4,3.1,41.7,32.9,416,377,52.5,2.5,310,262,54.2,5.4,Forward,178,178,9,71
1144,Gudmundur Kristjansson,RW,0,WPG,71,22,22666,3,16,19,7,8,0,0,0,55,0,0,0,13,0,8,2,0,0,0,36,10,6,15,38,62,60,60,101.4,4.6,3.5,36.3,31.1,378,351,51.9,-3.7,260,235,52.5,-3.1,Forward,176,176,10,71
2529,Christian Kinsinger,LD,0,WPG,71,22,31351,3,17,20,6,11,0,4,4,2611,0,1,1,2841,0,0,0,1,0,1,25,11,23,59,66,68,61,75,97.8,4.9,4.2,39.5,28.8,445,360,55.3,1.3,324,252,56.3,2.4,Defense,135,135,1,71
2228,Marcel Beck,RD,0,WPG,71,22,28756,7,15,22,5,6,0,1,1,554,0,1,1,1885,0,0,0,0,0,0,30,2,23,42,50,64,57,69,98.7,4.8,4.1,37.9,29.4,449,385,53.8,-0.9,321,265,54.8,0.2,Defense,124,124,2,71
2486,Jay O'Neil,RD,0,WPG,71,22,30828,5,12,17,20,10,2,4,6,2563,0,0,0,2825,1,0,0,0,0,0,32,5,27,46,60,69,57,82,104.7,4.4,1.8,39.3,28.7,459,343,57.2,4.3,320,239,57.2,3.9,Defense,124,124,3,71
1864,Daryl Urquhart,LD,0,SEA,71,7,10054,2,1,3,-3,2,0,0,0,257,0,0,0,352,0,0,0,0,0,0,5,0,7,8,21,58,56,59,98.2,3.4,4.6,31.3,35.8,117,141,45.3,0.1,96,104,48,2.2,Defense,116,116,4,71
1194,Ethan Duncan,RD,0,WPG,71,22,24675,0,9,9,7,6,0,0,0,165,0,0,0,668,0,0,0,0,0,0,36,5,17,30,32,62,56,70,101.6,4.4,3.3,35.8,31.3,404,361,52.8,-2.3,271,248,52.2,-3.6,Defense,114,114,5,71
1892,Kermit Murphy,RD,0,SEA,71,7,10109,1,4,5,-3,4,0,0,0,235,0,1,1,286,0,0,0,0,0,0,4,1,4,13,15,64,61,67,97.8,2.6,3.8,30,34.2,115,147,43.9,-2.4,94,107,46.8,0,Defense,114,114,6,71
732,Sven Svechnikov,LD,0,NEW,71,9,12451,0,0,0,3,8,0,0,0,654,0,0,0,983,0,0,0,0,0,0,8,3,7,23,18,67,57,78,102.3,3.3,2,37,30,184,150,55.1,-1.4,132,103,56.2,-2,Defense,110,110,7,71
2488,San-sam Emerson,LD,0,PHI,71,18,24187,8,8,16,17,8,5,1,6,3703,0,1,1,854,1,0,0,0,0,0,19,3,15,39,63,69,64,75,105.6,5.9,2.6,42.2,30.8,367,292,55.7,1.2,263,202,56.6,1.8,Defense,106,106,8,71
1276,Jonas Kahnwald,LD,0,CHI,71,12,16951,1,5,6,7,0,0,0,0,555,0,0,0,1559,1,0,0,0,0,0,9,3,9,33,18,64,56,73,106.8,4.6,2.9,28.6,31.3,209,238,46.8,-2.5,138,153,47.4,-1.8,Defense,99,99,9,71
806,Michael Withecheck,RD,0,ATL,71,11,13839,1,6,7,8,6,0,0,0,688,0,1,1,952,1,0,0,0,0,0,15,1,9,25,32,66,59,73,103.9,4.4,2.4,39.8,32.8,214,183,53.9,-0.9,159,128,55.4,1,Defense,98,98,10,71
1428,Vaseline Podcalzone,LW,0,SEA,72,5,7046,2,4,6,-2,6,0,0,0,654,0,0,0,274,0,17,6,0,0,0,3,5,5,3,20,68,69,62,102,4.1,4.7,25.3,32.9,72,93,43.6,6.4,51,68,42.9,6.3,Forward,246,246,1,72
1506,William Salming,RW,0,SEA,72,5,7005,3,2,5,2,6,0,0,0,818,0,0,0,161,1,11,4,0,0,0,9,9,6,5,14,74,72,73,109.8,4.8,3.6,25.1,38.8,68,107,38.9,-1.1,49,79,38.3,-0.8,Forward,244,244,2,72
1402,Lemo Pihl,LW,0,PHI,72,17,17850,11,14,25,23,12,0,0,0,0,1,0,1,1662,1,6,2,0,0,0,36,11,13,17,54,78,78,76,107.6,7.1,2.2,44.9,26.9,324,235,58,1.6,228,157,59.2,2.3,Forward,226,226,3,72
395,Jimmy Wagner,LW,0,LAP,72,11,13179,1,7,8,-4,4,0,1,1,627,0,0,0,70,0,11,3,0,0,0,23,5,11,6,23,70,69,67,94.7,3.5,4.3,39.2,30.6,216,164,56.8,-0.8,159,127,55.6,0,Forward,225,225,4,72
1261,Liam Slate,LW,0,SFP,71,4,4741,1,0,1,-10,0,1,0,1,1020,0,0,0,49,0,2,1,0,0,0,11,2,1,5,15,69,67,63,80.8,0,9.8,18.6,51,37,85,30.3,-11.7,21,59,26.3,-18.4,Forward,223,223,5,72
1970,Salzberger Lillehammersson,RW,0,ATL,72,9,11477,1,6,7,-4,2,0,0,0,523,1,1,2,436,0,29,12,0,0,0,15,8,7,4,32,75,84,57,92.8,2.4,4.4,35.6,31.8,198,161,55.2,5.5,128,108,54.2,3.9,Forward,221,221,6,72
2152,Gonzo Gobbledygook,LW,0,WPG,72,19,20861,6,7,13,5,4,0,0,0,648,0,0,0,675,0,11,4,0,0,0,29,7,18,13,44,76,76,72,98.4,3.9,2.9,44.6,28.7,397,283,58.4,0.8,274,182,60.1,0.9,Forward,214,214,7,72
1316,Igor Victory,LW,0,PHI,72,17,18195,7,6,13,4,4,0,0,0,8,1,0,1,897,0,3,1,0,0,0,46,9,12,6,53,72,69,69,98.5,4,3.3,41.6,30.4,319,259,55.2,-2.4,236,177,57.1,-0.7,Forward,212,212,8,72
2540,Spack Jarrow,RW,0,WPG,72,19,20570,7,10,17,9,17,0,0,0,236,0,1,1,539,1,21,6,0,0,0,33,19,8,8,69,73,79,58,99.5,4.4,2.9,45.5,28.7,416,279,59.9,3,285,181,61.2,2.5,Forward,205,205,9,72
2457,Mikko Rashford,RW,0,WPG,72,19,25539,8,22,30,14,6,1,2,3,3616,1,2,3,3153,2,5,3,0,0,0,39,22,13,16,68,83,89,68,103.4,5.4,2.9,43,31.5,352,296,54.3,-5.3,257,201,56.1,-5.1,Forward,194,194,10,72
2529,Christian Kinsinger,LD,0,WPG,72,19,26206,3,10,13,16,10,1,3,4,3576,0,1,1,1870,0,0,0,0,0,0,23,3,16,48,57,69,60,78,103.4,5.2,2.3,46.6,29,414,314,56.9,-1.6,302,196,60.6,1.8,Defense,158,158,1,72
2486,Jay O'Neil,RD,0,WPG,72,19,27577,7,10,17,4,10,4,2,6,3531,0,1,1,2859,3,0,0,0,0,0,26,2,11,50,62,69,63,74,96.7,3.9,3.2,42.6,26,404,270,59.9,3.1,289,181,61.5,3,Defense,150,150,2,72
2228,Marcel Beck,RD,0,WPG,72,19,25371,4,7,11,20,12,0,0,0,963,0,1,1,2856,0,0,0,0,0,0,20,3,12,45,48,65,55,76,103.3,4.8,2,46.9,28.4,434,326,57.1,-1.3,312,201,60.8,2.1,Defense,144,144,3,72
1194,Ethan Duncan,RD,0,WPG,72,19,19898,1,9,10,8,6,0,0,0,11,0,1,1,977,0,0,0,0,0,0,21,2,10,14,22,58,53,60,99.8,4.4,3,40.7,27.8,360,243,59.7,2.6,241,172,58.4,-1.7,Defense,135,135,4,72
732,Sven Svechnikov,RD,0,NEW,72,21,28641,2,11,13,8,12,0,0,0,585,0,3,3,2773,0,0,0,0,0,0,24,4,10,58,40,65,59,70,101.5,3.7,2.8,36.2,32.7,458,389,54.1,2.8,318,263,54.7,3.2,Defense,134,134,5,72
2488,San-sam Emerson,LD,0,PHI,72,17,22089,2,10,12,10,4,1,2,3,3541,0,0,0,703,0,0,0,0,0,0,22,1,14,35,41,69,64,74,103.2,5.6,2.8,39.1,25.2,323,259,55.5,-2,233,160,59.3,2.4,Defense,128,128,6,72
1864,Daryl Urquhart,LD,0,SEA,72,5,6680,0,0,0,-3,2,0,0,0,200,0,0,0,223,0,0,0,0,0,0,3,0,6,14,5,62,51,74,97.3,1.7,3.5,24.7,35.7,70,98,41.7,3.4,49,76,39.2,0.7,Defense,119,119,7,72
1892,Kermit Murphy,RD,0,BAP,72,4,5741,1,0,1,-5,2,0,0,0,507,0,0,0,396,0,0,0,0,0,0,4,0,1,12,16,64,59,69,93.1,0.7,3.7,27.5,38.7,58,82,41.4,10.3,39,61,39,8.2,Defense,118,118,8,72
1143,Angus McFife XVIII,RD,0,ATL,72,9,12288,1,6,7,5,4,1,2,3,1678,0,1,1,1224,0,0,0,0,0,0,18,2,4,15,22,69,66,71,99.6,4.6,3.5,35.3,25.7,184,138,57.1,8.1,117,85,57.9,8.9,Defense,110,110,9,72
1276,Jonas Kahnwald,LD,0,CHI,72,12,15590,0,5,5,0,0,0,0,0,908,0,0,0,1100,0,0,0,0,0,0,11,3,4,28,12,61,57,63,101.1,3.7,3.7,31.5,34.7,218,218,50,2.2,139,147,48.6,4.3,Defense,110,110,10,72
1402,Lemo Pihl,RW,0,PHI,73,22,21326,6,14,20,-12,4,0,0,0,40,2,0,2,87,1,12,4,0,0,0,31,15,16,19,56,67,67,63,92.5,2.7,5.1,35.7,33.8,335,354,48.6,-5.5,239,233,50.6,-2.9,Forward,257,257,1,73
1428,Vaseline Podcalzone,LW,0,SEA,72,5,7046,2,4,6,-2,6,0,0,0,654,0,0,0,274,0,17,6,0,0,0,3,5,5,3,20,68,69,62,102,4.1,4.7,25.3,32.9,72,93,43.6,6.4,51,68,42.9,6.3,Forward,246,246,2,73
1506,William Salming,RW,0,SEA,72,5,7005,3,2,5,2,6,0,0,0,818,0,0,0,161,1,11,4,0,0,0,9,9,6,5,14,74,72,73,109.8,4.8,3.6,25.1,38.8,68,107,38.9,-1.1,49,79,38.3,-0.8,Forward,244,244,3,73
1970,Salzberger Lillehammersson,LW,0,ATL,73,11,13149,2,6,8,-7,6,0,0,0,148,0,0,0,782,0,18,3,0,0,0,20,8,5,14,41,74,76,63,92.3,3.5,5.6,40.7,34.2,226,212,51.6,-0.7,161,142,53.1,-1.9,Forward,241,241,4,73
395,Jimmy Wagner,RW,0,LAP,73,8,8452,1,2,3,-2,0,0,0,0,362,0,0,0,112,0,8,4,0,0,0,6,6,8,5,16,64,60,63,99.3,3.6,4.5,29.8,35.2,114,128,47.1,-7.1,77,92,45.6,-5.8,Forward,231,231,5,73
2457,Mikko Rashford,RW,0,WPG,73,17,22465,9,21,30,12,4,0,7,7,2314,1,4,5,2644,1,3,1,0,0,0,37,21,9,8,62,83,93,65,102.8,5.1,3.5,40.3,35,316,252,55.6,3.5,231,188,55.1,2.4,Forward,231,231,6,73
2540,Spack Jarrow,RW,0,WPG,73,17,19779,7,8,15,2,8,0,0,0,539,0,0,0,181,0,10,5,0,0,0,24,16,10,18,60,74,80,62,99.7,3.6,3.2,39.7,34.4,342,301,53.2,0,241,215,52.9,-0.9,Forward,229,229,7,73
1261,Liam Slate,LW,0,SFP,71,4,4741,1,0,1,-10,0,1,0,1,1020,0,0,0,49,0,2,1,0,0,0,11,2,1,5,15,69,67,63,80.8,0,9.8,18.6,51,37,85,30.3,-11.7,21,59,26.3,-18.4,Forward,223,223,8,73
2152,Gonzo Gobbledygook,LW,0,WPG,72,19,20861,6,7,13,5,4,0,0,0,648,0,0,0,675,0,11,4,0,0,0,29,7,18,13,44,76,76,72,98.4,3.9,2.9,44.6,28.7,397,283,58.4,0.8,274,182,60.1,0.9,Forward,214,214,9,73
1316,Igor Victory,LW,0,PHI,72,17,18195,7,6,13,4,4,0,0,0,8,1,0,1,897,0,3,1,0,0,0,46,9,12,6,53,72,69,69,98.5,4,3.3,41.6,30.4,319,259,55.2,-2.4,236,177,57.1,-0.7,Forward,212,212,10,73
2529,Christian Kinsinger,LD,0,WPG,73,17,22137,4,6,10,15,6,0,1,1,658,0,2,2,2037,1,0,0,0,0,0,14,4,14,39,34,65,58,73,102.9,5.7,3.5,42.8,33.5,388,282,57.9,7.4,274,205,57.2,5.8,Defense,172,172,1,73
2486,Jay O'Neil,RD,0,WPG,73,17,23900,1,9,10,11,2,0,3,3,2211,0,2,2,2214,0,0,0,0,0,0,16,3,22,18,26,63,55,69,101.4,5.2,3.7,41,33.1,377,276,57.7,7,265,201,56.9,5.2,Defense,166,166,2,73
2228,Marcel Beck,RD,0,WPG,73,17,21194,4,5,9,1,8,0,0,0,815,0,1,1,1229,1,0,0,0,0,0,11,4,16,49,30,64,57,72,98.9,3.8,3.8,39.1,35.2,346,320,52,-1.9,254,221,53.5,0,Defense,155,155,3,73
2488,San-sam Emerson,LD,0,PHI,73,22,30092,4,6,10,-2,2,2,2,4,3942,0,1,1,1280,1,0,0,0,0,0,23,4,19,50,57,65,61,70,97.3,3.3,3.9,36.5,33,424,387,52.3,-0.3,303,273,52.6,-0.2,Defense,151,151,4,73
732,Sven Svechnikov,RD,0,NEW,73,17,20285,2,4,6,22,4,0,0,0,0,1,0,1,1935,0,0,0,0,0,0,16,2,8,30,27,63,53,74,106.5,5.5,1.6,46.7,29.6,383,261,59.5,3.1,275,175,61.1,4,Defense,150,150,5,73
1194,Ethan Duncan,RD,0,WPG,72,19,19898,1,9,10,8,6,0,0,0,11,0,1,1,977,0,0,0,0,0,0,21,2,10,14,22,58,53,60,99.8,4.4,3,40.7,27.8,360,243,59.7,2.6,241,172,58.4,-1.7,Defense,135,135,6,73
1143,Angus McFife XVIII,RD,0,ATL,73,11,16109,0,3,3,-10,0,0,0,0,1964,0,0,0,1763,0,0,0,0,0,0,17,2,9,36,17,66,61,71,90.4,3.2,5.5,37.5,30.5,228,191,54.4,3.6,150,123,54.9,0.9,Defense,127,127,7,73
1892,Kermit Murphy,RD,0,BAP,73,7,9974,0,4,4,5,2,0,0,0,336,0,0,0,730,0,0,0,0,0,0,7,1,1,10,9,64,59,69,109.9,4.4,2.4,29.1,44.9,135,169,44.4,-0.1,87,126,40.8,-0.6,Defense,125,125,8,73
2370,Borje Samuelsson,RD,0,NEW,73,17,19632,3,7,10,13,2,1,2,3,2995,0,0,0,267,0,0,0,0,0,0,20,1,8,3,45,63,62,60,106.4,6.2,2.2,47.1,33,333,239,58.2,1.1,247,187,56.9,-2.2,Defense,124,124,9,73
1973,Luc Blouin,RD,0,PHI,73,22,24558,1,14,15,12,12,0,1,1,150,0,2,2,1318,0,3,0,0,0,0,17,4,10,41,25,61,56,66,102.8,4.4,3.3,35.7,34.8,402,364,52.5,0,280,254,52.4,-0.4,Defense,123,123,10,73
2540,Spack Jarrow,RW,0,WPG,74,22,25332,6,13,19,7,4,0,1,1,921,0,0,0,189,3,17,3,0,0,0,43,20,16,21,59,76,83,64,100.7,4,3,33,25.9,409,318,56.3,2.1,276,205,57.4,3.6,Forward,272,272,1,74
2457,Mikko Rashford,LW,0,WPG,74,22,27523,10,5,15,-7,4,2,0,2,1357,2,0,2,1724,0,50,11,0,0,0,35,24,12,16,43,71,70,67,94.2,2.4,3.7,34.9,29.3,423,346,55,0.2,282,244,53.6,-2.1,Forward,266,266,2,74
1402,Lemo Pihl,RW,0,PHI,73,22,21326,6,14,20,-12,4,0,0,0,40,2,0,2,87,1,12,4,0,0,0,31,15,16,19,56,67,67,63,92.5,2.7,5.1,35.7,33.8,335,354,48.6,-5.5,239,233,50.6,-2.9,Forward,257,257,3,74
1970,Salzberger Lillehammersson,LW,0,ATL,74,6,7015,1,6,7,5,0,0,0,0,0,0,0,0,291,0,20,8,0,0,0,7,2,2,7,23,74,75,67,106.5,4.8,2.1,42.8,45,113,137,45.2,-5.7,93,97,48.9,-0.3,Forward,248,248,4,74
1428,Vaseline Podcalzone,LW,0,SEA,72,5,7046,2,4,6,-2,6,0,0,0,654,0,0,0,274,0,17,6,0,0,0,3,5,5,3,20,68,69,62,102,4.1,4.7,25.3,32.9,72,93,43.6,6.4,51,68,42.9,6.3,Forward,246,246,5,74
1506,William Salming,RW,0,SEA,72,5,7005,3,2,5,2,6,0,0,0,818,0,0,0,161,1,11,4,0,0,0,9,9,6,5,14,74,72,73,109.8,4.8,3.6,25.1,38.8,68,107,38.9,-1.1,49,79,38.3,-0.8,Forward,244,244,6,74
395,Jimmy Wagner,RW,0,LAP,73,8,8452,1,2,3,-2,0,0,0,0,362,0,0,0,112,0,8,4,0,0,0,6,6,8,5,16,64,60,63,99.3,3.6,4.5,29.8,35.2,114,128,47.1,-7.1,77,92,45.6,-5.8,Forward,231,231,7,74
2892,Outdoor Truck,RW,0,NEW,74,24,31419,9,22,31,17,8,1,4,5,2676,0,1,1,3174,2,7,4,0,0,0,37,24,14,35,60,81,83,74,105,5.2,2.7,39.6,32.8,476,405,54,3.4,330,267,55.3,5.3,Forward,227,227,8,74
1261,Liam Slate,LW,0,SFP,71,4,4741,1,0,1,-10,0,1,0,1,1020,0,0,0,49,0,2,1,0,0,0,11,2,1,5,15,69,67,63,80.8,0,9.8,18.6,51,37,85,30.3,-11.7,21,59,26.3,-18.4,Forward,223,223,9,74
1578,Ty Murphy,LW,0,TEX,74,13,14974,6,3,9,-1,2,0,0,0,157,0,0,0,63,2,5,2,0,0,0,18,6,6,11,25,69,70,60,98.5,3.7,3.9,29.8,28.3,236,225,51.2,0.3,149,145,50.7,-1.7,Forward,218,218,10,74
2486,Jay O'Neil,RD,0,WPG,74,22,30464,3,9,12,0,8,1,2,3,3849,1,2,3,2491,0,0,0,0,0,0,36,3,20,26,52,64,56,70,95.8,2.5,3,35.1,26.1,403,319,55.8,1.5,277,212,56.6,2.6,Defense,202,202,1,74
2529,Christian Kinsinger,LD,0,WPG,74,22,28426,0,4,4,1,4,0,1,1,3929,0,0,0,944,0,0,0,0,0,0,21,3,21,50,42,65,56,74,96.9,2.8,3.1,33.2,26.7,378,325,53.8,-1.6,261,213,55.1,0.2,Defense,193,193,2,74
2228,Marcel Beck,RD,0,WPG,74,22,27926,2,5,7,5,4,0,1,1,1556,0,0,0,1639,1,0,0,0,0,0,11,3,23,43,41,65,56,73,99.5,3.2,2.8,35.7,29.3,403,343,54,-1.3,292,236,55.3,0.6,Defense,166,166,3,74
732,Sven Svechnikov,LD,0,NEW,74,24,25134,0,6,6,1,10,0,0,0,221,0,0,0,708,0,1,1,0,0,0,15,4,16,44,38,58,52,63,99.2,4,3.9,37.9,33.9,460,365,55.8,5.8,301,274,52.3,0.9,Defense,165,165,4,74
2488,San-sam Emerson,LD,0,PHI,74,18,24584,3,8,11,13,4,1,3,4,2870,0,1,1,1421,0,0,0,0,0,0,10,6,17,38,47,67,61,74,104.2,4.3,2,40.3,30.5,373,328,53.2,-2.2,270,208,56.5,0.8,Defense,161,161,5,74
2370,Borje Samuelsson,RD,0,NEW,74,24,24489,6,7,13,8,6,3,0,3,2641,0,0,0,193,1,0,0,0,0,0,23,2,11,6,46,61,60,59,103.5,5.5,3.8,39.4,36.6,415,342,54.8,4.3,279,258,52,0.4,Defense,147,147,6,74
1973,Luc Blouin,RD,0,PHI,74,18,20216,1,1,2,-9,11,0,0,0,14,0,0,0,976,1,0,0,1,1,0,18,1,13,34,28,58,55,61,92.3,3.4,5.1,43.4,32.8,376,288,56.6,3,272,198,57.9,2.9,Defense,141,141,7,74
1892,Kermit Murphy,LD,0,BAP,74,12,14412,0,3,3,-6,2,0,0,0,103,0,0,0,776,0,0,0,0,0,0,11,0,12,20,7,60,56,59,95.3,2.7,4.3,33.8,33.8,207,215,49.1,2.6,149,155,49,4.4,Defense,136,136,8,74
1194,Ethan Duncan,RD,0,WPG,72,19,19898,1,9,10,8,6,0,0,0,11,0,1,1,977,0,0,0,0,0,0,21,2,10,14,22,58,53,60,99.8,4.4,3,40.7,27.8,360,243,59.7,2.6,241,172,58.4,-1.7,Defense,135,135,9,74
1143,Angus McFife XVIII,RD,0,ATL,74,6,8624,1,0,1,0,6,0,0,0,807,0,0,0,525,0,0,0,0,0,0,6,1,3,10,13,63,56,72,100.4,2,2,40,43.9,123,128,49,0.2,95,107,47,-3.4,Defense,133,133,10,74
2540,Spack Jarrow,LW,0,WPG,75,6,7142,0,2,2,-8,0,0,1,1,215,0,0,0,12,0,3,0,0,0,0,10,6,7,7,10,71,72,67,89.5,1.6,5.7,31.2,37,107,132,44.8,-7.3,70,86,44.9,-6.6,Forward,282,282,1,75
2457,Mikko Rashford,LW,0,WPG,75,6,7988,0,3,3,-2,2,0,0,0,689,0,0,0,192,0,5,0,0,0,0,7,3,6,5,14,77,83,62,94.7,2.5,3.5,36.5,28.9,114,99,53.5,6.2,79,73,52,4.5,Forward,273,273,2,75
1402,Lemo Pihl,RW,0,PHI,73,22,21326,6,14,20,-12,4,0,0,0,40,2,0,2,87,1,12,4,0,0,0,31,15,16,19,56,67,67,63,92.5,2.7,5.1,35.7,33.8,335,354,48.6,-5.5,239,233,50.6,-2.9,Forward,257,257,3,75
2892,Outdoor Truck,RW,0,NEW,75,23,27660,13,11,24,-5,6,0,1,1,1173,0,0,0,302,2,29,16,0,0,0,30,22,4,10,111,73,80,59,98.5,3.4,4.1,41.4,41.9,460,486,48.6,-2.7,344,349,49.6,-0.5,Forward,257,257,4,75
1970,Salzberger Lillehammersson,LW,0,ATL,75,6,6151,0,1,1,2,2,0,0,0,75,0,0,0,14,0,3,0,0,0,0,8,6,2,9,12,65,55,75,105.7,1.8,0.6,23.2,29.7,76,95,44.4,-2.4,48,57,45.7,-2.1,Forward,256,256,5,75
1428,Vaseline Podcalzone,LW,0,SEA,72,5,7046,2,4,6,-2,6,0,0,0,654,0,0,0,274,0,17,6,0,0,0,3,5,5,3,20,68,69,62,102,4.1,4.7,25.3,32.9,72,93,43.6,6.4,51,68,42.9,6.3,Forward,246,246,6,75
1506,William Salming,RW,0,SEA,72,5,7005,3,2,5,2,6,0,0,0,818,0,0,0,161,1,11,4,0,0,0,9,9,6,5,14,74,72,73,109.8,4.8,3.6,25.1,38.8,68,107,38.9,-1.1,49,79,38.3,-0.8,Forward,244,244,7,75
1578,Ty Murphy,LW,0,TEX,75,14,15008,5,7,12,1,4,0,0,0,407,0,0,0,0,1,2,2,0,0,0,19,4,8,8,31,68,68,65,97.6,3.9,3.7,38.2,29.1,267,237,53,4.2,196,135,59.2,5.7,Forward,237,237,8,75
2404,Petr Svoboda,LW,0,TEX,75,14,16825,4,6,10,4,4,0,2,2,2666,0,0,0,11,1,12,3,0,0,0,18,8,7,0,53,75,79,67,104.2,2.8,1.5,33.1,35.6,227,253,47.3,-4.1,166,161,50.8,-6.6,Forward,235,235,9,75
3206,Nibbles The Squirrel,LW,0,PHI,75,16,17541,12,15,27,11,6,0,0,0,109,0,0,0,115,0,5,1,0,0,0,25,14,7,10,66,76,85,54,103.2,6.9,4.6,42.4,35.1,344,284,54.8,-1.8,239,193,55.3,-1.4,Forward,234,234,10,75
2486,Jay O'Neil,RD,0,WPG,75,6,8465,1,0,1,1,6,1,0,1,685,0,0,0,421,0,0,0,0,0,0,4,2,4,9,18,64,53,77,101.2,1.5,1,33.8,31.3,118,111,51.5,3.3,75,75,50,1.4,Defense,206,206,1,75
2529,Christian Kinsinger,LD,0,WPG,75,6,8209,0,4,4,2,6,0,3,3,661,0,0,0,181,0,0,0,0,0,0,4,0,3,10,15,66,57,78,102.2,2,1,36.2,30.3,119,112,51.5,3.3,81,75,51.9,4.5,Defense,197,197,2,75
732,Sven Svechnikov,LD,0,NEW,75,23,23845,0,4,4,-2,6,0,0,0,28,0,0,0,596,0,0,0,0,0,0,23,3,19,42,20,60,53,67,100.8,3.6,4,38,47,412,433,48.8,-2.4,287,360,44.4,-8.3,Defense,188,188,3,75
2488,San-sam Emerson,LD,0,PHI,75,16,21694,1,7,8,11,6,0,2,2,2346,0,1,1,1386,1,0,0,0,0,0,21,3,16,43,46,68,62,73,101.2,5.8,3.6,45.3,31.1,383,255,60,6.3,270,181,59.9,5.7,Defense,182,182,4,75
2228,Marcel Beck,RD,0,WPG,75,6,7722,1,0,1,-8,0,0,0,0,180,0,0,0,282,0,0,0,0,0,0,6,2,5,10,8,56,52,57,85.7,1.5,5.5,26.3,27.3,92,113,44.9,-6.6,65,71,47.8,-1.9,Defense,172,172,5,75
2370,Borje Samuelsson,RD,0,NEW,75,23,23757,1,3,4,-1,8,0,0,0,707,0,0,0,102,0,0,0,0,0,0,12,2,10,11,24,57,54,59,102.1,4.1,4.1,38.7,48.5,418,422,49.8,-0.9,294,362,44.8,-7.7,Defense,159,159,6,75
1973,Luc Blouin,RD,0,EDM,75,11,12156,0,2,2,-10,2,0,0,0,16,0,1,1,1173,0,0,0,0,0,0,11,2,5,19,19,57,55,56,86.9,2,5.6,36.4,30.2,203,143,58.7,4.1,128,103,55.4,1.1,Defense,152,152,7,75
2976,Seamus O'Slapahan,LD,0,NEW,75,23,32702,5,7,12,-4,6,3,2,5,3851,0,0,0,2078,0,0,0,0,0,0,25,3,29,69,60,66,56,76,98.2,3.6,4,39,36.3,460,489,48.5,-2.9,331,314,51.3,2,Defense,148,148,8,75
1143,Angus McFife XVIII,RD,0,ATL,75,6,7804,0,4,4,3,6,0,0,0,211,0,0,0,533,0,0,0,0,0,0,6,0,1,9,8,64,57,70,103.9,2.5,1,35.7,31.1,119,109,52.2,9.6,80,73,52.3,8,Defense,139,139,9,75
1892,Kermit Murphy,LD,0,BAP,74,12,14412,0,3,3,-6,2,0,0,0,103,0,0,0,776,0,0,0,0,0,0,11,0,12,20,7,60,56,59,95.3,2.7,4.3,33.8,33.8,207,215,49.1,2.6,149,155,49,4.4,Defense,136,136,10,75
2457,Mikko Rashford,RW,0,WPG,76,15,18956,6,11,17,2,9,1,5,6,2337,1,0,1,825,0,4,1,0,0,0,33,15,9,12,31,81,86,70,103.3,2.7,2.5,26.4,35.8,242,273,47,0.4,143,190,42.9,-0.6,Forward,306,306,1,76
2540,Spack Jarrow,LW,0,WPG,76,15,17251,4,9,13,2,10,0,0,0,620,0,0,0,559,1,8,5,0,0,0,12,16,5,10,28,67,67,63,103.1,3.4,2.9,31.1,38.1,258,279,48,2,163,200,44.9,2.5,Forward,294,294,2,76
1970,Salzberger Lillehammersson,RW,0,ATL,76,6,6918,0,3,3,-2,2,0,0,0,117,0,0,0,13,0,2,0,0,0,0,7,2,2,2,13,73,79,56,95.7,3.2,4.2,33.4,30.8,123,93,56.9,10.4,72,67,51.8,3.5,Forward,263,263,3,76
2892,Outdoor Truck,RW,0,NEW,76,7,7559,1,9,10,2,4,0,0,0,260,0,0,0,61,0,6,2,0,0,0,5,7,3,1,11,70,75,59,102.5,5,4,41.3,41.8,134,140,48.9,0.7,97,102,48.7,-0.2,Forward,262,262,4,76
3206,Nibbles The Squirrel,LW,0,HAM,76,19,22328,7,15,22,-3,13,0,0,0,112,1,0,1,2062,2,49,21,0,0,0,28,14,8,18,80,71,74,62,97.2,4.1,4.8,43.6,39.5,408,366,52.7,3.3,298,261,53.3,6.2,Forward,262,262,5,76
1402,Lemo Pihl,RW,0,PHI,73,22,21326,6,14,20,-12,4,0,0,0,40,2,0,2,87,1,12,4,0,0,0,31,15,16,19,56,67,67,63,92.5,2.7,5.1,35.7,33.8,335,354,48.6,-5.5,239,233,50.6,-2.9,Forward,257,257,6,76
2404,Petr Svoboda,LW,0,TEX,76,13,13572,5,4,9,5,0,0,0,0,461,0,0,0,0,0,4,3,0,0,0,18,8,2,2,37,67,67,62,105.3,3.3,1.9,31.3,36.5,218,218,50,-2.3,135,155,46.6,-9.3,Forward,253,253,7,76
1428,Vaseline Podcalzone,LW,0,SEA,72,5,7046,2,4,6,-2,6,0,0,0,654,0,0,0,274,0,17,6,0,0,0,3,5,5,3,20,68,69,62,102,4.1,4.7,25.3,32.9,72,93,43.6,6.4,51,68,42.9,6.3,Forward,246,246,8,76
1506,William Salming,RW,0,SEA,72,5,7005,3,2,5,2,6,0,0,0,818,0,0,0,161,1,11,4,0,0,0,9,9,6,5,14,74,72,73,109.8,4.8,3.6,25.1,38.8,68,107,38.9,-1.1,49,79,38.3,-0.8,Forward,244,244,9,76
3003,Kezia MacKenzie,RW,0,BAP,76,23,23380,4,10,14,1,4,0,0,0,32,0,0,0,52,1,7,1,0,0,0,29,21,4,10,26,62,63,55,103.1,3.7,3.6,30.8,39.6,340,435,43.9,-7.1,230,299,43.5,-8.6,Forward,240,240,10,76
2486,Jay O'Neil,RD,0,WPG,76,15,21308,3,7,10,12,4,2,2,4,2390,0,3,3,2253,1,0,0,0,0,0,18,4,15,22,21,64,55,75,108.1,4.8,3,26.8,31.3,247,252,49.5,4.1,149,179,45.4,3.1,Defense,224,224,1,76
2529,Christian Kinsinger,LD,0,WPG,76,15,20093,4,1,5,2,8,1,0,1,2595,1,1,2,1144,2,0,0,0,0,0,15,4,17,41,25,67,61,75,102.7,4,4,27.1,33.2,233,261,47.2,0.6,144,177,44.9,2.2,Defense,212,212,2,76
732,Sven Svechnikov,LD,0,NEW,75,23,23845,0,4,4,-2,6,0,0,0,28,0,0,0,596,0,0,0,0,0,0,23,3,19,42,20,60,53,67,100.8,3.6,4,38,47,412,433,48.8,-2.4,287,360,44.4,-8.3,Defense,188,188,3,76
2488,San-sam Emerson,LD,0,PHI,76,13,17038,1,4,5,-1,8,1,0,1,1236,0,0,0,1180,1,0,0,0,0,0,5,4,11,30,21,61,53,71,98.9,3,3.4,35,36.2,235,250,48.5,-2.4,165,179,48,-3.2,Defense,187,187,4,76
2228,Marcel Beck,RD,0,WPG,76,15,18664,1,6,7,3,10,0,0,0,839,1,1,2,1199,1,0,0,0,0,0,9,2,8,59,29,64,53,75,101.9,2.6,2.6,29.4,37.5,264,313,45.8,-1.6,164,206,44.3,1.6,Defense,181,181,5,76
2370,Borje Samuelsson,RD,0,WPG,76,15,13909,0,3,3,-6,6,0,0,0,9,0,0,0,310,0,0,0,0,0,0,12,1,8,2,14,59,56,61,100.5,2.4,4,25.7,45,184,252,42.2,-6.4,112,191,37,-9.2,Defense,171,171,6,76
2976,Seamus O'Slapahan,LD,0,NEW,76,7,9732,1,4,5,1,2,1,2,3,1185,0,0,0,660,0,0,0,0,0,0,8,1,12,28,15,71,61,82,102.2,6.4,5.9,43.8,47.9,146,164,47.1,-2,109,122,47.2,-2.6,Defense,156,156,7,76
1973,Luc Blouin,RD,0,EDM,75,11,12156,0,2,2,-10,2,0,0,0,16,0,1,1,1173,0,0,0,0,0,0,11,2,5,19,19,57,55,56,86.9,2,5.6,36.4,30.2,203,143,58.7,4.1,128,103,55.4,1.1,Defense,152,152,8,76
1143,Angus McFife XVIII,RD,0,ATL,75,6,7804,0,4,4,3,6,0,0,0,211,0,0,0,533,0,0,0,0,0,0,6,0,1,9,8,64,57,70,103.9,2.5,1,35.7,31.1,119,109,52.2,9.6,80,73,52.3,8,Defense,139,139,9,76
1892,Kermit Murphy,LD,0,BAP,74,12,14412,0,3,3,-6,2,0,0,0,103,0,0,0,776,0,0,0,0,0,0,11,0,12,20,7,60,56,59,95.3,2.7,4.3,33.8,33.8,207,215,49.1,2.6,149,155,49,4.4,Defense,136,136,10,76
2457,Mikko Rashford,LW,0,WPG,77,5,6096,4,0,4,-3,4,1,0,1,491,0,0,0,505,1,2,0,0,0,0,8,3,4,2,13,76,82,64,105.1,4.2,6.4,22.6,46.6,60,99,37.7,0.7,38,77,33,2.1,Forward,314,314,1,77
2892,Outdoor Truck,RW,0,NEW,77,25,27048,4,12,16,2,8,0,0,0,284,0,0,0,282,0,6,2,0,0,0,48,22,17,4,70,70,70,66,100.3,3.4,3.1,37.2,35.5,470,426,52.5,3,325,318,50.5,3.7,Forward,310,310,2,77
2540,Spack Jarrow,C,0,MIN,77,12,11334,1,6,7,-10,4,0,0,0,431,0,0,0,40,0,128,26,0,0,0,9,9,7,15,24,62,59,64,93.7,2,5,33.1,40.4,182,241,43,-3.6,122,137,47.1,-1.2,Forward,303,303,3,77
2404,Petr Svoboda,LW,0,TEX,77,23,24543,9,10,19,13,9,0,0,0,1065,0,0,0,82,2,9,3,1,0,1,36,11,10,2,85,72,78,60,104.3,4.8,2.6,38.5,32.5,457,376,54.9,-4.7,300,255,54.1,-5.2,Forward,289,289,4,77
1970,Salzberger Lillehammersson,RW,0,ATL,76,6,6918,0,3,3,-2,2,0,0,0,117,0,0,0,13,0,2,0,0,0,0,7,2,2,2,13,73,79,56,95.7,3.2,4.2,33.4,30.8,123,93,56.9,10.4,72,67,51.8,3.5,Forward,263,263,5,77
3206,Nibbles The Squirrel,LW,0,HAM,76,19,22328,7,15,22,-3,13,0,0,0,112,1,0,1,2062,2,49,21,0,0,0,28,14,8,18,80,71,74,62,97.2,4.1,4.8,43.6,39.5,408,366,52.7,3.3,298,261,53.3,6.2,Forward,262,262,6,77
3003,Kezia MacKenzie,RW,0,ATL,77,11,11747,3,4,7,-10,2,0,0,0,0,0,0,0,87,0,8,2,0,0,0,22,5,3,7,26,59,59,54,92.1,2.8,5.9,40.8,39.8,214,209,50.6,-1.5,152,147,50.8,-2.8,Forward,262,262,7,77
1402,Lemo Pihl,RW,0,PHI,73,22,21326,6,14,20,-12,4,0,0,0,40,2,0,2,87,1,12,4,0,0,0,31,15,16,19,56,67,67,63,92.5,2.7,5.1,35.7,33.8,335,354,48.6,-5.5,239,233,50.6,-2.9,Forward,257,257,8,77
2718,Mads McBride,LW,0,TEX,77,23,27312,10,11,21,2,10,1,2,3,1305,0,0,0,606,1,10,4,0,0,0,48,15,17,6,63,80,84,69,98.6,3.7,3.4,38.4,31,502,381,56.9,-1.8,319,268,54.3,-4.9,Forward,255,255,9,77
1428,Vaseline Podcalzone,LW,0,SEA,72,5,7046,2,4,6,-2,6,0,0,0,654,0,0,0,274,0,17,6,0,0,0,3,5,5,3,20,68,69,62,102,4.1,4.7,25.3,32.9,72,93,43.6,6.4,51,68,42.9,6.3,Forward,246,246,10,77
2486,Jay O'Neil,RD,0,MIN,77,12,12778,0,2,2,-6,0,0,0,0,532,0,1,1,1239,0,0,0,0,0,0,14,1,10,35,10,64,55,72,92.4,2.3,4.6,35.6,32.7,195,189,50.8,7.2,122,119,50.6,3.8,Defense,238,238,1,77
2529,Christian Kinsinger,RD,0,WPG,77,5,6446,0,1,1,-7,0,0,0,0,900,0,0,0,78,0,0,0,0,0,0,7,1,4,3,9,60,61,56,95.2,3.9,7.9,29.6,43.4,81,98,45.3,12.4,52,76,40.6,14.4,Defense,219,219,2,77
2488,San-sam Emerson,LD,0,PHI,77,14,17592,0,10,10,12,6,0,0,0,484,0,2,2,1444,0,0,0,0,0,0,16,1,15,36,21,63,56,70,100.6,6.2,4.1,46.9,32.9,333,248,57.3,7.5,233,168,58.1,6.8,Defense,203,203,3,77
732,Sven Svechnikov,LD,0,NEW,75,23,23845,0,4,4,-2,6,0,0,0,28,0,0,0,596,0,0,0,0,0,0,23,3,19,42,20,60,53,67,100.8,3.6,4,38,47,412,433,48.8,-2.4,287,360,44.4,-8.3,Defense,188,188,4,77
2228,Marcel Beck,RD,0,WPG,77,5,6712,1,0,1,-5,7,0,0,0,949,0,0,0,338,0,0,0,0,0,0,5,2,4,19,11,64,57,72,96.9,1.3,4,19.2,39.8,65,103,38.7,2.2,34,73,31.8,0.2,Defense,186,186,5,77
2976,Seamus O'Slapahan,LD,0,NEW,77,25,36360,9,10,19,4,14,4,3,7,4501,0,1,1,3989,1,0,0,0,0,0,27,0,26,121,69,72,62,82,102.5,3.9,2.8,36.4,34.9,485,464,51.1,1,333,329,50.3,3.4,Defense,183,183,6,77
2370,Borje Samuelsson,RD,0,WPG,76,15,13909,0,3,3,-6,6,0,0,0,9,0,0,0,310,0,0,0,0,0,0,12,1,8,2,14,59,56,61,100.5,2.4,4,25.7,45,184,252,42.2,-6.4,112,191,37,-9.2,Defense,171,171,7,77
3237,Antonio Flusso,RD,0,PHI,77,14,18700,5,12,17,12,4,2,3,5,2309,0,0,0,406,1,0,0,0,0,0,21,4,16,33,39,68,62,75,103.6,6.3,3.2,49.8,34.7,353,248,58.7,9.9,257,174,59.6,9.6,Defense,153,153,8,77
1973,Luc Blouin,RD,0,EDM,75,11,12156,0,2,2,-10,2,0,0,0,16,0,1,1,1173,0,0,0,0,0,0,11,2,5,19,19,57,55,56,86.9,2,5.6,36.4,30.2,203,143,58.7,4.1,128,103,55.4,1.1,Defense,152,152,9,77
3412,Nathaniel Barca,RD,0,PHI,77,14,18342,1,3,4,3,2,0,2,2,2173,0,0,0,356,0,0,0,0,0,0,17,2,13,38,24,66,60,73,101.9,4.8,3.6,40.3,36.4,279,309,47.4,-7.7,209,184,53.2,-0.7,Defense,151,151,10,77
2457,Mikko Rashford,RW,0,LAP,78,24,21744,3,10,13,0,8,0,0,0,108,0,0,0,218,0,7,1,0,0,0,26,16,10,18,47,71,72,63,100.6,3,3,32.8,35.1,340,362,48.4,-2.3,230,247,48.2,-2.9,Forward,340,340,1,78
2892,Outdoor Truck,RW,0,NEW,78,7,8146,1,2,3,0,2,0,0,0,25,0,0,0,49,0,2,1,0,0,0,8,5,0,1,11,70,77,59,98.7,2.7,2.7,39.7,33.4,147,125,54,3,102,87,54,6.6,Forward,318,318,2,78
2404,Petr Svoboda,LW,0,TEX,78,16,15503,8,9,17,10,2,0,0,0,22,0,0,0,62,1,3,1,0,0,0,25,9,8,1,48,72,77,59,104.8,4.7,2.3,37.1,29.9,285,237,54.6,-1.9,187,158,54.2,-4.8,Forward,314,314,3,78
2540,Spack Jarrow,RW,0,MIN,78,5,5753,3,0,3,-2,0,0,0,0,12,0,0,0,171,0,7,2,0,0,0,5,8,4,6,18,67,64,66,98.6,1.9,3.2,29.7,40.7,88,126,41.1,-6.2,53,68,43.8,-0.9,Forward,308,308,4,78
3003,Kezia MacKenzie,LW,0,MIN,78,5,4921,0,1,1,-3,0,0,0,0,0,0,0,0,0,0,5,0,0,0,0,3,2,1,1,11,57,56,54,96.3,0.7,2.9,30.7,48.3,70,125,35.9,-13.4,45,69,39.5,-7.1,Forward,265,265,5,78
1970,Salzberger Lillehammersson,RW,0,ATL,76,6,6918,0,3,3,-2,2,0,0,0,117,0,0,0,13,0,2,0,0,0,0,7,2,2,2,13,73,79,56,95.7,3.2,4.2,33.4,30.8,123,93,56.9,10.4,72,67,51.8,3.5,Forward,263,263,6,78
3206,Nibbles The Squirrel,LW,0,HAM,76,19,22328,7,15,22,-3,13,0,0,0,112,1,0,1,2062,2,49,21,0,0,0,28,14,8,18,80,71,74,62,97.2,4.1,4.8,43.6,39.5,408,366,52.7,3.3,298,261,53.3,6.2,Forward,262,262,7,78
2718,Mads McBride,LW,0,WPG,78,4,4943,1,2,3,-4,0,0,1,1,70,0,0,0,310,0,5,2,0,0,0,5,5,2,3,9,68,70,58,94.4,2.4,5.5,29.2,40.2,69,91,43.1,3.8,40,62,39.2,0.5,Forward,260,260,8,78
1402,Lemo Pihl,RW,0,PHI,73,22,21326,6,14,20,-12,4,0,0,0,40,2,0,2,87,1,12,4,0,0,0,31,15,16,19,56,67,67,63,92.5,2.7,5.1,35.7,33.8,335,354,48.6,-5.5,239,233,50.6,-2.9,Forward,257,257,9,78
1428,Vaseline Podcalzone,RW,0,SEA,78,4,3912,0,0,0,-7,0,0,0,0,0,0,0,0,0,0,3,1,0,0,0,6,0,1,1,6,58,58,44,87.5,0.9,7.4,23.9,45.1,44,80,35.5,-7.1,28,58,32.6,-9,Forward,252,252,10,78
2486,Jay O'Neil,RD,0,WPG,78,4,5442,0,0,0,-3,8,0,0,0,664,0,0,0,183,0,0,0,0,0,0,8,0,4,12,6,65,58,71,96.1,2.3,4.7,29.8,39.9,69,88,43.9,5,43,59,42.2,4.8,Defense,246,246,1,78
2529,Christian Kinsinger,LD,0,WPG,78,4,4875,0,3,3,-5,2,0,0,0,86,0,0,0,69,0,0,0,0,0,0,5,3,4,3,1,59,57,58,92.3,1.5,5.3,27.5,40.4,65,87,42.8,3.1,41,61,40.2,1.9,Defense,224,224,2,78
2488,San-sam Emerson,LD,0,PHI,78,6,7894,1,4,5,3,4,0,0,0,207,0,1,1,919,0,0,0,0,0,0,7,3,6,14,8,59,54,66,103.8,5.3,4.8,35.6,43.1,110,128,46.2,1,76,92,45.2,-0.6,Defense,210,210,3,78
2228,Marcel Beck,LD,0,WPG,78,4,5335,0,0,0,-6,2,0,0,0,81,0,0,0,333,0,0,0,0,0,0,5,1,1,5,2,58,59,55,97.3,2.9,7.3,22.7,46.8,66,98,40.2,-0.6,43,75,36.4,-3.9,Defense,191,191,4,78
732,Sven Svechnikov,LD,0,NEW,75,23,23845,0,4,4,-2,6,0,0,0,28,0,0,0,596,0,0,0,0,0,0,23,3,19,42,20,60,53,67,100.8,3.6,4,38,47,412,433,48.8,-2.4,287,360,44.4,-8.3,Defense,188,188,5,78
2976,Seamus O'Slapahan,LD,0,NEW,78,7,9287,2,3,5,-4,2,1,1,2,1012,0,0,0,427,0,0,0,0,0,0,4,1,6,18,22,65,59,71,97.7,3.2,4.6,35.3,40.4,129,141,47.8,-6.1,84,101,45.4,-6,Defense,187,187,6,78
2370,Borje Samuelsson,RD,0,WPG,76,15,13909,0,3,3,-6,6,0,0,0,9,0,0,0,310,0,0,0,0,0,0,12,1,8,2,14,59,56,61,100.5,2.4,4,25.7,45,184,252,42.2,-6.4,112,191,37,-9.2,Defense,171,171,7,78
3237,Antonio Flusso,RD,0,PHI,78,6,7786,0,2,2,0,0,0,0,0,977,0,0,0,277,0,0,0,0,0,0,6,0,7,9,9,66,58,75,100.1,3.3,3.3,39.7,40.2,113,117,49.1,5.2,78,85,47.9,3.3,Defense,159,159,8,78
3412,Nathaniel Barca,RD,0,PHI,78,6,8015,1,1,2,-8,2,1,0,1,1054,0,0,0,298,0,0,0,0,0,0,8,0,2,14,12,63,62,61,92.8,2.2,5.9,38.4,46.5,119,147,44.7,-1.2,84,97,46.4,1.2,Defense,159,159,9,78
1973,Luc Blouin,RD,0,EDM,75,11,12156,0,2,2,-10,2,0,0,0,16,0,1,1,1173,0,0,0,0,0,0,11,2,5,19,19,57,55,56,86.9,2,5.6,36.4,30.2,203,143,58.7,4.1,128,103,55.4,1.1,Defense,152,152,10,78
2457,Mikko Rashford,RW,0,LAP,79,5,5259,2,3,5,1,2,0,0,0,0,0,0,0,0,0,2,2,0,0,0,4,6,0,3,11,64,66,57,104,4.1,3.4,31.5,37.6,106,89,54.4,2.8,64,64,50,-2,Forward,344,344,1,79
2404,Petr Svoboda,LW,0,TEX,79,14,14737,4,6,10,3,0,0,0,0,18,0,0,0,324,2,14,2,0,0,0,18,9,3,1,41,72,80,56,101.6,3,2.5,32,32,233,240,49.3,-0.5,156,158,49.7,-1.9,Forward,332,332,2,79
2540,Spack Jarrow,RW,0,MIN,79,10,10491,3,4,7,2,4,0,0,0,14,0,0,0,493,0,3,1,0,0,0,24,7,8,8,27,70,64,73,101.7,3.2,2.5,30.6,28.5,150,140,51.7,1,98,93,51.3,3.2,Forward,332,332,3,79
2892,Outdoor Truck,RW,0,NEW,79,6,6471,1,3,4,0,0,0,0,0,0,0,0,0,0,0,0,0,0,0,0,9,5,7,3,13,69,64,71,101.2,2.2,2.2,30.6,36.7,90,122,42.5,1.6,63,76,45.3,5,Forward,327,327,4,79
3003,Kezia MacKenzie,LW,0,MIN,78,5,4921,0,1,1,-3,0,0,0,0,0,0,0,0,0,0,5,0,0,0,0,3,2,1,1,11,57,56,54,96.3,0.7,2.9,30.7,48.3,70,125,35.9,-13.4,45,69,39.5,-7.1,Forward,265,265,5,79
2718,Mads McBride,LW,0,WPG,79,4,4296,1,1,2,-6,0,0,0,0,0,0,0,0,457,0,2,0,0,0,0,5,1,1,4,11,66,69,57,90.3,1.9,7.5,32.8,48.8,70,88,44.3,3.1,45,60,42.9,0.8,Forward,265,265,6,79
1970,Salzberger Lillehammersson,RW,0,ATL,76,6,6918,0,3,3,-2,2,0,0,0,117,0,0,0,13,0,2,0,0,0,0,7,2,2,2,13,73,79,56,95.7,3.2,4.2,33.4,30.8,123,93,56.9,10.4,72,67,51.8,3.5,Forward,263,263,7,79
3206,Nibbles The Squirrel,LW,0,HAM,76,19,22328,7,15,22,-3,13,0,0,0,112,1,0,1,2062,2,49,21,0,0,0,28,14,8,18,80,71,74,62,97.2,4.1,4.8,43.6,39.5,408,366,52.7,3.3,298,261,53.3,6.2,Forward,262,262,8,79
1402,Lemo Pihl,RW,0,PHI,73,22,21326,6,14,20,-12,4,0,0,0,40,2,0,2,87,1,12,4,0,0,0,31,15,16,19,56,67,67,63,92.5,2.7,5.1,35.7,33.8,335,354,48.6,-5.5,239,233,50.6,-2.9,Forward,257,257,9,79
2564,Shoyo Hinata,RW,0,ATL,79,16,17725,1,6,7,-6,7,0,0,0,41,0,0,0,377,1,13,5,0,0,0,28,12,7,11,31,63,61,63,94.8,2.1,3.3,34.7,29.7,321,243,56.9,3,204,168,54.8,-1.5,Forward,256,256,10,79
2486,Jay O'Neil,RD,0,WPG,78,4,5442,0,0,0,-3,8,0,0,0,664,0,0,0,183,0,0,0,0,0,0,8,0,4,12,6,65,58,71,96.1,2.3,4.7,29.8,39.9,69,88,43.9,5,43,59,42.2,4.8,Defense,246,246,1,79
2488,San-sam Emerson,LD,0,PHI,79,23,26540,1,5,6,-1,6,0,0,0,169,0,1,1,1171,1,0,0,0,0,0,27,1,20,46,30,61,53,68,99.5,3.3,3.7,34,36.4,420,475,46.9,-2.1,293,308,48.8,-1.2,Defense,237,237,2,79
2529,Christian Kinsinger,LD,0,WPG,78,4,4875,0,3,3,-5,2,0,0,0,86,0,0,0,69,0,0,0,0,0,0,5,3,4,3,1,59,57,58,92.3,1.5,5.3,27.5,40.4,65,87,42.8,3.1,41,61,40.2,1.9,Defense,224,224,3,79
2228,Marcel Beck,LD,0,WPG,79,4,5386,0,0,0,-4,0,0,0,0,210,0,0,0,274,0,0,0,0,0,0,2,2,5,11,5,59,52,67,95,0.7,3.7,24.2,45.5,53,107,33.1,-13.5,36,70,34,-12.3,Defense,193,193,4,79
2976,Seamus O'Slapahan,LD,0,NEW,79,6,8201,0,1,1,-3,2,0,0,0,1022,0,0,0,901,0,0,0,0,0,0,2,2,8,25,17,71,55,88,99.3,1.1,2.3,25.2,43.6,87,146,37.3,-6.3,55,94,36.9,-7.8,Defense,189,189,5,79
732,Sven Svechnikov,LD,0,NEW,75,23,23845,0,4,4,-2,6,0,0,0,28,0,0,0,596,0,0,0,0,0,0,23,3,19,42,20,60,53,67,100.8,3.6,4,38,47,412,433,48.8,-2.4,287,360,44.4,-8.3,Defense,188,188,6,79
3237,Antonio Flusso,LD,0,PHI,79,23,27537,0,9,9,-6,6,0,0,0,906,0,0,0,1580,0,0,0,0,0,0,23,1,20,35,31,58,53,62,95.6,3.7,4.6,39.1,32.9,434,388,52.8,6.6,311,268,53.7,6.3,Defense,182,182,7,79
2370,Borje Samuelsson,RD,0,WPG,76,15,13909,0,3,3,-6,6,0,0,0,9,0,0,0,310,0,0,0,0,0,0,12,1,8,2,14,59,56,61,100.5,2.4,4,25.7,45,184,252,42.2,-6.4,112,191,37,-9.2,Defense,171,171,8,79
3412,Nathaniel Barca,RD,0,PHI,79,23,29574,6,6,12,-8,8,5,5,10,3515,0,0,0,734,1,0,0,0,0,0,12,5,11,54,44,63,60,66,97.9,3.6,4.8,32.7,37.2,406,473,46.2,-3.2,277,313,46.9,-3.9,Defense,171,171,9,79
1973,Luc Blouin,RD,0,EDM,75,11,12156,0,2,2,-10,2,0,0,0,16,0,1,1,1173,0,0,0,0,0,0,11,2,5,19,19,57,55,56,86.9,2,5.6,36.4,30.2,203,143,58.7,4.1,128,103,55.4,1.1,Defense,152,152,10,79
2457,Mikko Rashford,RW,0,LAP,80,7,6532,0,3,3,-4,0,0,0,0,0,0,0,0,40,0,0,0,0,0,0,7,4,5,4,6,65,63,60,98.1,1.7,3.9,18.9,36,88,108,44.9,-6.6,49,71,40.8,-6.1,Forward,351,351,1,80
2892,Outdoor Truck,C,0,TEX,80,16,17784,5,6,11,2,6,0,0,0,485,0,0,0,1160,2,248,139,0,0,0,9,15,8,4,30,65,61,67,100.6,3.1,2.7,34.1,31.5,294,285,50.8,1.2,180,179,50.1,-1.6,Forward,336,336,2,80
2404,Petr Svoboda,LW,0,TEX,79,14,14737,4,6,10,3,0,0,0,0,18,0,0,0,324,2,14,2,0,0,0,18,9,3,1,41,72,80,56,101.6,3,2.5,32,32,233,240,49.3,-0.5,156,158,49.7,-1.9,Forward,332,332,3,80
2540,Spack Jarrow,RW,0,MIN,79,10,10491,3,4,7,2,4,0,0,0,14,0,0,0,493,0,3,1,0,0,0,24,7,8,8,27,70,64,73,101.7,3.2,2.5,30.6,28.5,150,140,51.7,1,98,93,51.3,3.2,Forward,332,332,4,80
2564,Shoyo Hinata,RW,0,ATL,80,12,12007,1,5,6,-5,6,0,0,0,15,0,0,0,0,1,7,2,0,0,0,19,6,5,8,15,66,66,59,92.8,3.3,4.8,39.6,30.9,250,184,57.6,0.5,163,117,58.2,-0.3,Forward,275,275,5,80
3003,Kezia MacKenzie,LW,0,MIN,78,5,4921,0,1,1,-3,0,0,0,0,0,0,0,0,0,0,5,0,0,0,0,3,2,1,1,11,57,56,54,96.3,0.7,2.9,30.7,48.3,70,125,35.9,-13.4,45,69,39.5,-7.1,Forward,265,265,6,80
2718,Mads McBride,LW,0,WPG,79,4,4296,1,1,2,-6,0,0,0,0,0,0,0,0,457,0,2,0,0,0,0,5,1,1,4,11,66,69,57,90.3,1.9,7.5,32.8,48.8,70,88,44.3,3.1,45,60,42.9,0.8,Forward,265,265,7,80
1970,Salzberger Lillehammersson,RW,0,ATL,76,6,6918,0,3,3,-2,2,0,0,0,117,0,0,0,13,0,2,0,0,0,0,7,2,2,2,13,73,79,56,95.7,3.2,4.2,33.4,30.8,123,93,56.9,10.4,72,67,51.8,3.5,Forward,263,263,8,80
3708,Antoine Beauregard,RW,0,NEW,80,5,7348,1,2,3,-3,0,0,1,1,868,0,0,0,17,0,10,7,0,0,0,11,3,2,1,14,81,87,73,94.5,1.1,2.8,36.2,32.3,107,97,52.5,3.3,73,69,51.4,-1.3,Forward,263,263,9,80
3206,Nibbles The Squirrel,LW,0,HAM,76,19,22328,7,15,22,-3,13,0,0,0,112,1,0,1,2062,2,49,21,0,0,0,28,14,8,18,80,71,74,62,97.2,4.1,4.8,43.6,39.5,408,366,52.7,3.3,298,261,53.3,6.2,Forward,262,262,10,80
2488,San-sam Emerson,LD,0,PHI,80,13,14595,2,1,3,6,8,0,0,0,51,0,1,1,764,0,0,0,0,0,0,12,3,10,13,26,60,52,68,101.4,3.7,2.1,41,28,266,175,60.3,7.8,183,130,58.5,5.6,Defense,249,249,1,80
2486,Jay O'Neil,RD,0,WPG,78,4,5442,0,0,0,-3,8,0,0,0,664,0,0,0,183,0,0,0,0,0,0,8,0,4,12,6,65,58,71,96.1,2.3,4.7,29.8,39.9,69,88,43.9,5,43,59,42.2,4.8,Defense,246,246,2,80
2529,Christian Kinsinger,LD,0,WPG,78,4,4875,0,3,3,-5,2,0,0,0,86,0,0,0,69,0,0,0,0,0,0,5,3,4,3,1,59,57,58,92.3,1.5,5.3,27.5,40.4,65,87,42.8,3.1,41,61,40.2,1.9,Defense,224,224,3,80
2228,Marcel Beck,RD,0,WPG,80,4,5069,0,1,1,-5,0,0,0,0,318,0,0,0,437,0,0,0,0,0,0,4,0,3,13,5,63,58,67,97.2,3.3,7.5,30.9,55.1,69,115,37.5,1.4,43,77,35.8,1,Defense,197,197,4,80
3237,Antonio Flusso,LD,0,PHI,80,13,16053,2,6,8,8,6,0,0,0,244,0,0,0,802,0,0,0,0,0,0,9,4,4,40,27,63,53,75,104.5,4.3,2.4,36,31.9,297,246,54.7,-0.3,189,160,54.2,-0.7,Defense,191,191,5,80
2976,Seamus O'Slapahan,LD,0,NEW,79,6,8201,0,1,1,-3,2,0,0,0,1022,0,0,0,901,0,0,0,0,0,0,2,2,8,25,17,71,55,88,99.3,1.1,2.3,25.2,43.6,87,146,37.3,-6.3,55,94,36.9,-7.8,Defense,189,189,6,80
732,Sven Svechnikov,LD,0,NEW,75,23,23845,0,4,4,-2,6,0,0,0,28,0,0,0,596,0,0,0,0,0,0,23,3,19,42,20,60,53,67,100.8,3.6,4,38,47,412,433,48.8,-2.4,287,360,44.4,-8.3,Defense,188,188,7,80
3412,Nathaniel Barca,RD,0,PHI,80,13,16323,3,10,13,7,10,2,2,4,1243,0,0,0,353,0,0,0,0,0,0,16,4,5,37,32,69,64,75,103,4.2,2.4,38.9,31.8,292,248,54.1,-1.3,190,155,55.1,0.7,Defense,187,187,8,80
2370,Borje Samuelsson,RD,0,WPG,76,15,13909,0,3,3,-6,6,0,0,0,9,0,0,0,310,0,0,0,0,0,0,12,1,8,2,14,59,56,61,100.5,2.4,4,25.7,45,184,252,42.2,-6.4,112,191,37,-9.2,Defense,171,171,9,80
1973,Luc Blouin,RD,0,EDM,75,11,12156,0,2,2,-10,2,0,0,0,16,0,1,1,1173,0,0,0,0,0,0,11,2,5,19,19,57,55,56,86.9,2,5.6,36.4,30.2,203,143,58.7,4.1,128,103,55.4,1.1,Defense,152,152,10,80
2457,Mikko Rashford,LW,0,WPG,81,6,6749,1,2,3,-3,6,0,0,0,180,0,0,0,0,0,1,0,0,0,0,15,3,3,4,13,70,69,64,97.5,3.3,4.9,28.5,35.1,93,116,44.5,1.9,56,77,42.1,0.4,Forward,366,366,1,81
2892,Outdoor Truck,C,0,TEX,81,6,6811,1,5,6,-1,2,0,0,0,0,0,0,0,423,0,94,52,0,0,0,5,7,5,0,10,64,60,67,97.3,4.5,5.1,41.1,37.2,136,103,56.9,0.9,90,75,54.5,-1.6,Forward,341,341,2,81
2404,Petr Svoboda,LW,0,TEX,79,14,14737,4,6,10,3,0,0,0,0,18,0,0,0,324,2,14,2,0,0,0,18,9,3,1,41,72,80,56,101.6,3,2.5,32,32,233,240,49.3,-0.5,156,158,49.7,-1.9,Forward,332,332,3,81
2540,Spack Jarrow,RW,0,MIN,79,10,10491,3,4,7,2,4,0,0,0,14,0,0,0,493,0,3,1,0,0,0,24,7,8,8,27,70,64,73,101.7,3.2,2.5,30.6,28.5,150,140,51.7,1,98,93,51.3,3.2,Forward,332,332,4,81
3708,Antoine Beauregard,RW,0,NEW,81,19,24607,7,18,25,6,4,0,3,3,2909,0,0,0,286,1,34,15,0,0,0,28,15,12,1,73,77,81,68,101.9,4.9,3.5,43.5,37.8,419,412,50.4,2.4,293,262,52.8,1.3,Forward,291,291,5,81
2564,Shoyo Hinata,RW,0,ATL,81,10,9716,0,2,2,-3,0,0,0,0,0,0,0,0,0,0,3,2,0,0,0,8,9,5,10,20,65,63,65,94.2,1.9,3,35.2,26.7,171,158,52,-2.5,109,95,53.4,-3.6,Forward,283,283,6,81
3003,Kezia MacKenzie,LW,0,MIN,78,5,4921,0,1,1,-3,0,0,0,0,0,0,0,0,0,0,5,0,0,0,0,3,2,1,1,11,57,56,54,96.3,0.7,2.9,30.7,48.3,70,125,35.9,-13.4,45,69,39.5,-7.1,Forward,265,265,7,81
2718,Mads McBride,LW,0,WPG,79,4,4296,1,1,2,-6,0,0,0,0,0,0,0,0,457,0,2,0,0,0,0,5,1,1,4,11,66,69,57,90.3,1.9,7.5,32.8,48.8,70,88,44.3,3.1,45,60,42.9,0.8,Forward,265,265,8,81
3029,Graj Virrok,RW,0,PHI,81,7,7024,2,3,5,2,0,0,0,0,59,0,0,0,47,0,4,1,0,0,0,7,5,2,7,20,74,79,59,106,3.1,2.1,28.6,42.7,112,125,47.3,0.6,65,94,40.9,-4.2,Forward,264,264,9,81
1970,Salzberger Lillehammersson,RW,0,ATL,76,6,6918,0,3,3,-2,2,0,0,0,117,0,0,0,13,0,2,0,0,0,0,7,2,2,2,13,73,79,56,95.7,3.2,4.2,33.4,30.8,123,93,56.9,10.4,72,67,51.8,3.5,Forward,263,263,10,81
2488,San-sam Emerson,LD,0,PHI,81,7,7842,2,3,5,0,0,0,0,0,18,0,0,0,489,0,0,0,0,0,0,3,1,4,6,5,58,54,59,105.1,3.4,3.4,25,39.8,113,128,46.9,0,60,100,37.5,-9.2,Defense,252,252,1,81
2486,Jay O'Neil,RD,0,WPG,78,4,5442,0,0,0,-3,8,0,0,0,664,0,0,0,183,0,0,0,0,0,0,8,0,4,12,6,65,58,71,96.1,2.3,4.7,29.8,39.9,69,88,43.9,5,43,59,42.2,4.8,Defense,246,246,2,81
2529,Christian Kinsinger,LD,0,WPG,78,4,4875,0,3,3,-5,2,0,0,0,86,0,0,0,69,0,0,0,0,0,0,5,3,4,3,1,59,57,58,92.3,1.5,5.3,27.5,40.4,65,87,42.8,3.1,41,61,40.2,1.9,Defense,224,224,3,81
2228,Marcel Beck,RD,0,WPG,81,6,6238,0,1,1,-3,0,0,0,0,0,0,0,0,178,0,0,0,0,0,0,4,0,1,11,5,57,53,59,95.8,1.8,3.6,26.7,32.7,87,120,42,-1.7,55,62,47,7.2,Defense,201,201,4,81
3237,Antonio Flusso,LD,0,PHI,81,7,8729,0,3,3,-1,0,0,0,0,402,0,0,0,687,0,0,0,0,0,0,5,1,6,24,7,65,52,79,99.4,2.4,2.4,31.1,28.7,113,133,45.9,-1.4,83,76,52.2,12.7,Defense,196,196,5,81
3412,Nathaniel Barca,RD,0,PHI,81,7,9731,2,2,4,1,8,1,1,2,1615,0,0,0,236,0,0,0,0,0,0,3,4,6,19,22,69,62,78,106.3,3.2,1.8,26,30.6,111,147,43,-5.9,72,84,46.2,3.6,Defense,190,190,6,81
2976,Seamus O'Slapahan,LD,0,NEW,79,6,8201,0,1,1,-3,2,0,0,0,1022,0,0,0,901,0,0,0,0,0,0,2,2,8,25,17,71,55,88,99.3,1.1,2.3,25.2,43.6,87,146,37.3,-6.3,55,94,36.9,-7.8,Defense,189,189,7,81
732,Sven Svechnikov,LD,0,NEW,75,23,23845,0,4,4,-2,6,0,0,0,28,0,0,0,596,0,0,0,0,0,0,23,3,19,42,20,60,53,67,100.8,3.6,4,38,47,412,433,48.8,-2.4,287,360,44.4,-8.3,Defense,188,188,8,81
2370,Borje Samuelsson,RD,0,WPG,76,15,13909,0,3,3,-6,6,0,0,0,9,0,0,0,310,0,0,0,0,0,0,12,1,8,2,14,59,56,61,100.5,2.4,4,25.7,45,184,252,42.2,-6.4,112,191,37,-9.2,Defense,171,171,9,81
3697,Pork Tenderloin,RD,0,NEW,81,19,27132,2,8,10,-9,8,1,1,2,2967,0,0,0,2247,0,2,1,0,0,0,24,4,10,52,46,65,58,71,96.9,3.9,5.1,38.4,38.1,384,426,47.4,-2.3,268,274,49.4,-3.8,Defense,155,155,10,81
2457,Mikko Rashford,LW,0,WPG,81,6,6749,1,2,3,-3,6,0,0,0,180,0,0,0,0,0,1,0,0,0,0,15,3,3,4,13,70,69,64,97.5,3.3,4.9,28.5,35.1,93,116,44.5,1.9,56,77,42.1,0.4,Forward,366,366,1,82
2892,Outdoor Truck,C,0,TEX,81,6,6811,1,5,6,-1,2,0,0,0,0,0,0,0,423,0,94,52,0,0,0,5,7,5,0,10,64,60,67,97.3,4.5,5.1,41.1,37.2,136,103,56.9,0.9,90,75,54.5,-1.6,Forward,341,341,2,82
2404,Petr Svoboda,LW,0,TEX,79,14,14737,4,6,10,3,0,0,0,0,18,0,0,0,324,2,14,2,0,0,0,18,9,3,1,41,72,80,56,101.6,3,2.5,32,32,233,240,49.3,-0.5,156,158,49.7,-1.9,Forward,332,332,3,82
2540,Spack Jarrow,RW,0,MIN,79,10,10491,3,4,7,2,4,0,0,0,14,0,0,0,493,0,3,1,0,0,0,24,7,8,8,27,70,64,73,101.7,3.2,2.5,30.6,28.5,150,140,51.7,1,98,93,51.3,3.2,Forward,332,332,4,82
3708,Antoine Beauregard,RW,0,NEW,81,19,24607,7,18,25,6,4,0,3,3,2909,0,0,0,286,1,34,15,0,0,0,28,15,12,1,73,77,81,68,101.9,4.9,3.5,43.5,37.8,419,412,50.4,2.4,293,262,52.8,1.3,Forward,291,291,5,82
2564,Shoyo Hinata,RW,0,ATL,81,10,9716,0,2,2,-3,0,0,0,0,0,0,0,0,0,0,3,2,0,0,0,8,9,5,10,20,65,63,65,94.2,1.9,3,35.2,26.7,171,158,52,-2.5,109,95,53.4,-3.6,Forward,283,283,6,82
3003,Kezia MacKenzie,LW,0,MIN,78,5,4921,0,1,1,-3,0,0,0,0,0,0,0,0,0,0,5,0,0,0,0,3,2,1,1,11,57,56,54,96.3,0.7,2.9,30.7,48.3,70,125,35.9,-13.4,45,69,39.5,-7.1,Forward,265,265,7,82
2718,Mads McBride,LW,0,WPG,79,4,4296,1,1,2,-6,0,0,0,0,0,0,0,0,457,0,2,0,0,0,0,5,1,1,4,11,66,69,57,90.3,1.9,7.5,32.8,48.8,70,88,44.3,3.1,45,60,42.9,0.8,Forward,265,265,8,82
3029,Graj Virrok,RW,0,PHI,81,7,7024,2,3,5,2,0,0,0,0,59,0,0,0,47,0,4,1,0,0,0,7,5,2,7,20,74,79,59,106,3.1,2.1,28.6,42.7,112,125,47.3,0.6,65,94,40.9,-4.2,Forward,264,264,9,82
1970,Salzberger Lillehammersson,RW,0,ATL,76,6,6918,0,3,3,-2,2,0,0,0,117,0,0,0,13,0,2,0,0,0,0,7,2,2,2,13,73,79,56,95.7,3.2,4.2,33.4,30.8,123,93,56.9,10.4,72,67,51.8,3.5,Forward,263,263,10,82
2488,San-sam Emerson,LD,0,PHI,81,7,7842,2,3,5,0,0,0,0,0,18,0,0,0,489,0,0,0,0,0,0,3,1,4,6,5,58,54,59,105.1,3.4,3.4,25,39.8,113,128,46.9,0,60,100,37.5,-9.2,Defense,252,252,1,82
2486,Jay O'Neil,RD,0,WPG,78,4,5442,0,0,0,-3,8,0,0,0,664,0,0,0,183,0,0,0,0,0,0,8,0,4,12,6,65,58,71,96.1,2.3,4.7,29.8,39.9,69,88,43.9,5,43,59,42.2,4.8,Defense,246,246,2,82
2529,Christian Kinsinger,LD,0,WPG,78,4,4875,0,3,3,-5,2,0,0,0,86,0,0,0,69,0,0,0,0,0,0,5,3,4,3,1,59,57,58,92.3,1.5,5.3,27.5,40.4,65,87,42.8,3.1,41,61,40.2,1.9,Defense,224,224,3,82
2228,Marcel Beck,RD,0,WPG,81,6,6238,0,1,1,-3,0,0,0,0,0,0,0,0,178,0,0,0,0,0,0,4,0,1,11,5,57,53,59,95.8,1.8,3.6,26.7,32.7,87,120,42,-1.7,55,62,47,7.2,Defense,201,201,4,82
3237,Antonio Flusso,LD,0,PHI,81,7,8729,0,3,3,-1,0,0,0,0,402,0,0,0,687,0,0,0,0,0,0,5,1,6,24,7,65,52,79,99.4,2.4,2.4,31.1,28.7,113,133,45.9,-1.4,83,76,52.2,12.7,Defense,196,196,5,82
3412,Nathaniel Barca,RD,0,PHI,81,7,9731,2,2,4,1,8,1,1,2,1615,0,0,0,236,0,0,0,0,0,0,3,4,6,19,22,69,62,78,106.3,3.2,1.8,26,30.6,111,147,43,-5.9,72,84,46.2,3.6,Defense,190,190,6,82
2976,Seamus O'Slapahan,LD,0,NEW,79,6,8201,0,1,1,-3,2,0,0,0,1022,0,0,0,901,0,0,0,0,0,0,2,2,8,25,17,71,55,88,99.3,1.1,2.3,25.2,43.6,87,146,37.3,-6.3,55,94,36.9,-7.8,Defense,189,189,7,82
732,Sven Svechnikov,LD,0,NEW,75,23,23845,0,4,4,-2,6,0,0,0,28,0,0,0,596,0,0,0,0,0,0,23,3,19,42,20,60,53,67,100.8,3.6,4,38,47,412,433,48.8,-2.4,287,360,44.4,-8.3,Defense,188,188,8,82
2370,Borje Samuelsson,RD,0,WPG,76,15,13909,0,3,3,-6,6,0,0,0,9,0,0,0,310,0,0,0,0,0,0,12,1,8,2,14,59,56,61,100.5,2.4,4,25.7,45,184,252,42.2,-6.4,112,191,37,-9.2,Defense,171,171,9,82
3697,Pork Tenderloin,RD,0,NEW,81,19,27132,2,8,10,-9,8,1,1,2,2967,0,0,0,2247,0,2,1,0,0,0,24,4,10,52,46,65,58,71,96.9,3.9,5.1,38.4,38.1,384,426,47.4,-2.3,268,274,49.4,-3.8,Defense,155,155,10,82
2457,Mikko Rashford,LW,0,WPG,81,6,6749,1,2,3,-3,6,0,0,0,180,0,0,0,0,0,1,0,0,0,0,15,3,3,4,13,70,69,64,97.5,3.3,4.9,28.5,35.1,93,116,44.5,1.9,56,77,42.1,0.4,Forward,366,366,1,83
2892,Outdoor Truck,C,0,TEX,81,6,6811,1,5,6,-1,2,0,0,0,0,0,0,0,423,0,94,52,0,0,0,5,7,5,0,10,64,60,67,97.3,4.5,5.1,41.1,37.2,136,103,56.9,0.9,90,75,54.5,-1.6,Forward,341,341,2,83
2404,Petr Svoboda,LW,0,TEX,79,14,14737,4,6,10,3,0,0,0,0,18,0,0,0,324,2,14,2,0,0,0,18,9,3,1,41,72,80,56,101.6,3,2.5,32,32,233,240,49.3,-0.5,156,158,49.7,-1.9,Forward,332,332,3,83
2540,Spack Jarrow,RW,0,MIN,79,10,10491,3,4,7,2,4,0,0,0,14,0,0,0,493,0,3,1,0,0,0,24,7,8,8,27,70,64,73,101.7,3.2,2.5,30.6,28.5,150,140,51.7,1,98,93,51.3,3.2,Forward,332,332,4,83
3708,Antoine Beauregard,RW,0,NEW,81,19,24607,7,18,25,6,4,0,3,3,2909,0,0,0,286,1,34,15,0,0,0,28,15,12,1,73,77,81,68,101.9,4.9,3.5,43.5,37.8,419,412,50.4,2.4,293,262,52.8,1.3,Forward,291,291,5,83
2564,Shoyo Hinata,RW,0,ATL,81,10,9716,0,2,2,-3,0,0,0,0,0,0,0,0,0,0,3,2,0,0,0,8,9,5,10,20,65,63,65,94.2,1.9,3,35.2,26.7,171,158,52,-2.5,109,95,53.4,-3.6,Forward,283,283,6,83
3003,Kezia MacKenzie,LW,0,MIN,78,5,4921,0,1,1,-3,0,0,0,0,0,0,0,0,0,0,5,0,0,0,0,3,2,1,1,11,57,56,54,96.3,0.7,2.9,30.7,48.3,70,125,35.9,-13.4,45,69,39.5,-7.1,Forward,265,265,7,83
2718,Mads McBride,LW,0,WPG,79,4,4296,1,1,2,-6,0,0,0,0,0,0,0,0,457,0,2,0,0,0,0,5,1,1,4,11,66,69,57,90.3,1.9,7.5,32.8,48.8,70,88,44.3,3.1,45,60,42.9,0.8,Forward,265,265,8,83
3029,Graj Virrok,RW,0,PHI,81,7,7024,2,3,5,2,0,0,0,0,59,0,0,0,47,0,4,1,0,0,0,7,5,2,7,20,74,79,59,106,3.1,2.1,28.6,42.7,112,125,47.3,0.6,65,94,40.9,-4.2,Forward,264,264,9,83
1970,Salzberger Lillehammersson,RW,0,ATL,76,6,6918,0,3,3,-2,2,0,0,0,117,0,0,0,13,0,2,0,0,0,0,7,2,2,2,13,73,79,56,95.7,3.2,4.2,33.4,30.8,123,93,56.9,10.4,72,67,51.8,3.5,Forward,263,263,10,83
2488,San-sam Emerson,LD,0,PHI,81,7,7842,2,3,5,0,0,0,0,0,18,0,0,0,489,0,0,0,0,0,0,3,1,4,6,5,58,54,59,105.1,3.4,3.4,25,39.8,113,128,46.9,0,60,100,37.5,-9.2,Defense,252,252,1,83
2486,Jay O'Neil,RD,0,WPG,78,4,5442,0,0,0,-3,8,0,0,0,664,0,0,0,183,0,0,0,0,0,0,8,0,4,12,6,65,58,71,96.1,2.3,4.7,29.8,39.9,69,88,43.9,5,43,59,42.2,4.8,Defense,246,246,2,83
2529,Christian Kinsinger,LD,0,WPG,78,4,4875,0,3,3,-5,2,0,0,0,86,0,0,0,69,0,0,0,0,0,0,5,3,4,3,1,59,57,58,92.3,1.5,5.3,27.5,40.4,65,87,42.8,3.1,41,61,40.2,1.9,Defense,224,224,3,83
2228,Marcel Beck,RD,0,WPG,81,6,6238,0,1,1,-3,0,0,0,0,0,0,0,0,178,0,0,0,0,0,0,4,0,1,11,5,57,53,59,95.8,1.8,3.6,26.7,32.7,87,120,42,-1.7,55,62,47,7.2,Defense,201,201,4,83
3237,Antonio Flusso,LD,0,PHI,81,7,8729,0,3,3,-1,0,0,0,0,402,0,0,0,687,0,0,0,0,0,0,5,1,6,24,7,65,52,79,99.4,2.4,2.4,31.1,28.7,113,133,45.9,-1.4,83,76,52.2,12.7,Defense,196,196,5,83
3412,Nathaniel Barca,RD,0,PHI,81,7,9731,2,2,4,1,8,1,1,2,1615,0,0,0,236,0,0,0,0,0,0,3,4,6,19,22,69,62,78,106.3,3.2,1.8,26,30.6,111,147,43,-5.9,72,84,46.2,3.6,Defense,190,190,6,83
2976,Seamus O'Slapahan,LD,0,NEW,79,6,8201,0,1,1,-3,2,0,0,0,1022,0,0,0,901,0,0,0,0,0,0,2,2,8,25,17,71,55,88,99.3,1.1,2.3,25.2,43.6,87,146,37.3,-6.3,55,94,36.9,-7.8,Defense,189,189,7,83
732,Sven Svechnikov,LD,0,NEW,75,23,23845,0,4,4,-2,6,0,0,0,28,0,0,0,596,0,0,0,0,0,0,23,3,19,42,20,60,53,67,100.8,3.6,4,38,47,412,433,48.8,-2.4,287,360,44.4,-8.3,Defense,188,188,8,83
2370,Borje Samuelsson,RD,0,WPG,76,15,13909,0,3,3,-6,6,0,0,0,9,0,0,0,310,0,0,0,0,0,0,12,1,8,2,14,59,56,61,100.5,2.4,4,25.7,45,184,252,42.2,-6.4,112,191,37,-9.2,Defense,171,171,9,83
3697,Pork Tenderloin,RD,0,NEW,81,19,27132,2,8,10,-9,8,1,1,2,2967,0,0,0,2247,0,2,1,0,0,0,24,4,10,52,46,65,58,71,96.9,3.9,5.1,38.4,38.1,384,426,47.4,-2.3,268,274,49.4,-3.8,Defense,155,155,10,83
