team,gf,mp,ga
PHI,4.417777777777777,229.56666666666666,3.493538550892987
NEW,4.317757009345795,219.48333333333332,3.4171159541347107
SFP,4.225609756097561,167.98333333333332,3.452723484472666
EDM,4.123711340206185,98.65,3.2336543335022805
WPG,3.99,204.33333333333334,3.3719412724306688
TEX,3.8639455782312924,151.06666666666666,3.468667255075022
LAP,3.7687074829931975,148.26666666666668,3.486960431654676
ATL,3.7555555555555555,182.75,3.2393980848153214
SEA,3.7293233082706765,136.35,3.050971763843051
BUF,3.688311688311688,157.23333333333332,3.771464914140344
HAM,3.67816091954023,87.91666666666667,4.811374407582938
MTL,3.6538461538461537,80.5,3.2049689440993787
MAN,3.6125,82.36666666666666,4.055038445973291
TBB,3.464788732394366,143.63333333333333,3.689951264794616
CHI,3.3916666666666666,122.13333333333334,3.6599344978165935
TOR,3.2298850574712645,89.21666666666667,4.0351204931813935
BAP,3.1551724137931036,118.35,3.734685255597803
CGY,3.0919540229885056,87.93333333333334,3.8665655799848366
NOL,2.963768115942029,140.23333333333332,3.408604706441645
MIN,2.8448275862068964,58.416666666666664,4.450784593437946
