id,name,position,league,team,season,gamesPlayed,minutes,wins,losses,ot,shotsAgainst,saves,goalsAgainst,gaa,shutouts,savePct,gameRating,cum_shutouts,label,rank,season_label
565,Strom Chamberlain,G,0,TBB,66,56,3327,27,19,8,1829,1637,192,3.46,5,0.895,71,5,5,1,66
1330,Evgeni Petrov,G,0,ATL,66,49,2956,36,11,2,1299,1175,124,2.52,5,0.905,72,5,5,2,66
135,Mat Smith,G,0,CHI,66,54,3199,35,14,4,1560,1401,159,2.98,4,0.898,70,4,4,3,66
2357,Willie Miller,G,0,SEA,66,47,2718,26,14,5,1267,1124,143,3.16,4,0.887,67,4,4,4,66
741,Iorek Byrnison,G,0,NOL,66,27,1477,15,7,3,692,622,70,2.84,3,0.899,68,3,3,5,66
764,Brick Wall,G,0,MTL,66,51,3010,31,15,4,1681,1526,155,3.09,3,0.908,75,3,3,6,66
834,Elizabeth Doyle,G,0,BUF,66,54,3223,30,22,2,1591,1419,172,3.20,3,0.892,69,3,3,7,66
849,Olof Karsikko,G,0,LAP,66,55,3290,34,15,4,1623,1461,162,2.95,3,0.900,71,3,3,8,66
1268,Nicolae Antonescu,G,0,SFP,66,43,2416,23,15,5,1240,1106,134,3.33,3,0.892,68,3,3,9,66
232,Luca Del Vecchio,G,0,BAP,66,54,3063,18,25,5,1989,1783,206,4.03,2,0.896,73,2,2,10,66
1330,Evgeni Petrov,G,0,ATL,67,48,2847,34,12,1,1398,1273,125,2.63,6,0.911,75,11,11,1,67
135,Mat Smith,G,0,CHI,67,55,3143,29,20,5,1398,1255,143,2.73,6,0.898,68,10,10,2,67
2357,Willie Miller,G,0,SEA,67,51,2998,31,15,4,1303,1164,139,2.78,6,0.893,67,10,10,3,67
764,Brick Wall,G,0,MTL,67,52,2874,28,16,4,1480,1326,154,3.21,5,0.896,69,8,8,4,67
565,Strom Chamberlain,G,0,CGY,67,47,2831,32,11,4,1625,1471,154,3.26,2,0.905,76,7,7,5,67
1095,Osada Tamura,G,0,SFP,67,27,1610,21,6,0,645,572,73,2.72,4,0.887,64,6,6,6,67
1268,Nicolae Antonescu,G,0,SFP,67,40,2359,20,17,2,1216,1089,127,3.23,3,0.896,70,6,6,7,67
99,Harry Carpet,G,0,TOR,67,40,2403,27,11,2,1126,1034,92,2.30,4,0.918,75,5,5,8,67
741,Iorek Byrnison,G,0,NOL,67,22,1259,16,4,1,569,516,53,2.53,2,0.907,70,5,5,9,67
36,Name Redacted,G,0,MAN,67,41,2409,22,14,4,1256,1135,121,3.01,3,0.904,73,4,4,10,67
135,Mat Smith,G,0,CHI,68,54,3216,34,17,3,1417,1262,155,2.89,5,0.891,67,15,15,1,68
1330,Evgeni Petrov,G,0,ATL,68,48,2843,36,11,1,1467,1348,119,2.51,4,0.919,78,15,15,2,68
2357,Willie Miller,G,0,SEA,68,48,2897,37,8,3,1148,1034,114,2.36,4,0.901,68,14,14,3,68
764,Brick Wall,G,0,MTL,68,55,3236,32,16,6,1597,1439,158,2.93,4,0.901,72,12,12,4,68
2575,Rebecca Montagne,G,0,WPG,68,54,3203,43,8,2,1411,1284,127,2.38,8,0.910,73,11,11,5,68
565,Strom Chamberlain,G,0,CGY,68,45,2690,24,15,5,1407,1263,144,3.21,3,0.898,72,10,10,6,68
99,Harry Carpet,G,0,TOR,68,31,1748,22,6,1,904,799,105,3.60,2,0.884,66,7,7,7,68
741,Iorek Byrnison,G,0,NOL,68,21,1284,11,8,2,617,563,54,2.52,2,0.912,76,7,7,8,68
1095,Osada Tamura,G,0,SFP,68,60,3112,13,36,4,2086,1840,246,4.74,1,0.882,65,7,7,9,68
1413,Jon St. Ark,G,0,NOL,68,45,2711,21,21,3,1296,1159,137,3.03,4,0.894,69,7,7,10,68
135,Mat Smith,G,0,CHI,69,56,3327,35,15,4,1592,1438,154,2.78,4,0.903,71,19,19,1,69
764,Brick Wall,G,0,MTL,69,54,3244,40,13,1,1578,1438,140,2.59,6,0.911,75,18,18,2,69
2357,Willie Miller,G,0,SEA,69,48,2795,33,11,2,1083,974,109,2.34,4,0.899,66,18,18,3,69
1330,Evgeni Petrov,G,0,ATL,69,49,2784,29,15,4,1408,1251,157,3.38,1,0.888,67,16,16,4,69
2575,Rebecca Montagne,G,0,WPG,69,54,3241,40,12,2,1266,1117,149,2.76,5,0.882,63,16,16,5,69
565,Strom Chamberlain,G,0,CGY,69,44,2656,26,14,4,1352,1221,131,2.96,3,0.903,74,13,13,6,69
849,Olof Karsikko,G,0,NEW,69,54,3187,34,16,4,1614,1469,145,2.73,8,0.910,75,13,13,7,69
741,Iorek Byrnison,G,0,NOL,69,24,1288,14,6,1,613,551,62,2.89,3,0.899,68,10,10,8,69
2514,Recently Tired,G,0,ATL,69,22,1186,17,1,0,448,409,39,1.97,3,0.913,69,10,10,9,69
2789,Casey Fantobens,G,0,BUF,69,54,3105,32,18,2,1606,1450,156,3.01,5,0.903,72,10,10,10,69
135,Mat Smith,G,0,CHI,70,54,3151,29,21,4,1599,1421,178,3.39,3,0.889,68,22,22,1,70
764,Brick Wall,G,0,MTL,70,54,3216,35,17,2,1728,1566,162,3.02,4,0.906,75,22,22,2,70
2357,Willie Miller,G,0,SEA,70,46,2724,29,12,5,1256,1121,135,2.97,3,0.893,68,21,21,3,70
565,Strom Chamberlain,G,0,CGY,70,40,2347,21,16,2,1189,1070,119,3.04,4,0.900,71,17,17,4,70
849,Olof Karsikko,G,0,NEW,70,50,2795,27,13,5,1566,1421,145,3.11,4,0.907,73,17,17,5,70
2575,Rebecca Montagne,G,0,WPG,70,55,3268,43,9,2,1448,1286,162,2.97,1,0.888,66,17,17,6,70
1330,Evgeni Petrov,G,0,ATL,69,49,2784,29,15,4,1408,1251,157,3.38,1,0.888,67,16,16,7,70
2921,BASE PACK,G,0,PHI,70,52,2977,43,7,0,1454,1322,132,2.66,8,0.909,74,15,15,8,70
566,Thor Odinson,G,0,SEA,70,21,1263,17,2,1,512,472,40,1.90,3,0.922,73,11,11,9,70
741,Iorek Byrnison,G,0,NOL,70,24,1360,12,6,2,785,717,68,3.00,1,0.913,77,11,11,10,70
764,Brick Wall,G,0,MTL,71,54,3238,38,15,1,1736,1586,150,2.78,5,0.914,78,27,27,1,71
135,Mat Smith,G,0,CHI,71,55,3229,28,21,5,1847,1645,202,3.75,1,0.891,70,23,23,2,71
849,Olof Karsikko,G,0,NEW,71,50,2891,38,7,3,1340,1217,123,2.55,6,0.908,72,23,23,3,71
2357,Willie Miller,G,0,SEA,71,49,2837,15,27,6,1498,1323,175,3.70,0,0.883,66,21,21,4,71
2575,Rebecca Montagne,G,0,WPG,71,51,2920,41,6,1,1342,1208,134,2.75,4,0.900,69,21,21,5,71
565,Strom Chamberlain,G,0,WPG,71,22,1058,13,3,2,516,469,47,2.66,0,0.909,68,17,17,6,71
2921,BASE PACK,G,0,PHI,71,55,3182,36,16,1,1607,1439,168,3.17,2,0.895,70,17,17,7,71
1330,Evgeni Petrov,G,0,ATL,69,49,2784,29,15,4,1408,1251,157,3.38,1,0.888,67,16,16,8,71
2789,Casey Fantobens,G,0,BUF,71,52,3003,33,14,4,1656,1509,147,2.94,5,0.911,75,16,16,9,71
741,Iorek Byrnison,G,0,NOL,71,22,1272,11,8,1,732,665,67,3.16,2,0.908,77,13,13,10,71
764,Brick Wall,G,0,MTL,72,55,3284,35,17,2,1802,1640,162,2.96,6,0.910,77,33,33,1,72
135,Mat Smith,G,0,CHI,72,49,2799,31,14,1,1520,1371,149,3.19,6,0.902,74,29,29,2,72
849,Olof Karsikko,G,0,NEW,72,55,3200,39,15,0,1734,1552,182,3.41,2,0.895,71,25,25,3,72
2575,Rebecca Montagne,G,0,WPG,72,54,3069,35,13,3,1434,1271,163,3.19,4,0.886,66,25,25,4,72
2357,Willie Miller,G,0,SEA,72,53,2922,22,28,0,1762,1569,193,3.96,1,0.890,70,22,22,5,72
565,Strom Chamberlain,G,0,WPG,72,17,894,11,4,0,359,319,40,2.68,2,0.889,64,19,19,6,72
2921,BASE PACK,G,0,PHI,72,55,3307,34,13,7,1738,1566,172,3.12,1,0.901,73,18,18,7,72
2789,Casey Fantobens,G,0,BUF,72,54,3126,33,17,2,1921,1731,190,3.65,1,0.901,75,17,17,8,72
1330,Evgeni Petrov,G,0,ATL,69,49,2784,29,15,4,1408,1251,157,3.38,1,0.888,67,16,16,9,72
741,Iorek Byrnison,G,0,NOL,72,24,1254,9,8,1,727,660,67,3.20,2,0.908,73,15,15,10,72
764,Brick Wall,G,0,ATL,73,56,3196,18,34,2,2174,1961,213,4.00,3,0.902,76,36,36,1,73
849,Olof Karsikko,G,0,NEW,73,54,3172,41,10,2,1664,1527,137,2.59,7,0.918,78,32,32,2,73
2575,Rebecca Montagne,G,0,WPG,73,54,3047,36,16,0,1522,1370,152,2.99,5,0.900,71,30,30,3,73
135,Mat Smith,G,0,CHI,73,54,3125,26,25,3,1912,1721,191,3.67,0,0.900,74,29,29,4,73
2357,Willie Miller,G,0,SEA,73,49,2757,9,36,3,1927,1706,221,4.81,1,0.885,70,23,23,5,73
2828,Justin Time,G,0,EDM,73,56,3270,45,8,1,1590,1458,132,2.42,8,0.917,75,22,22,6,73
2789,Casey Fantobens,G,0,BUF,73,54,3221,37,14,3,1870,1692,178,3.32,4,0.905,76,21,21,7,73
2921,BASE PACK,G,0,PHI,73,55,3230,39,14,2,1785,1612,173,3.21,2,0.903,73,20,20,8,73
565,Strom Chamberlain,G,0,WPG,72,17,894,11,4,0,359,319,40,2.68,2,0.889,64,19,19,9,73
1330,Evgeni Petrov,G,0,ATL,69,49,2784,29,15,4,1408,1251,157,3.38,1,0.888,67,16,16,10,73
764,Brick Wall,G,0,ATL,73,56,3196,18,34,2,2174,1961,213,4.00,3,0.902,76,36,36,1,74
849,Olof Karsikko,G,0,NEW,74,48,2758,27,16,3,1575,1418,157,3.42,2,0.900,74,34,34,2,74
135,Mat Smith,G,0,CHI,74,46,2416,29,11,2,1482,1345,137,3.40,3,0.908,73,32,32,3,74
2575,Rebecca Montagne,G,0,WPG,74,47,2660,25,16,2,1406,1260,146,3.29,2,0.896,71,32,32,4,74
2828,Justin Time,G,0,EDM,74,55,3228,43,9,1,1596,1449,147,2.73,3,0.908,73,25,25,5,74
2921,BASE PACK,G,0,PHI,74,54,3227,32,17,5,1805,1627,178,3.31,5,0.901,74,25,25,6,74
2789,Casey Fantobens,G,0,BUF,74,50,2869,34,12,4,1759,1598,161,3.37,3,0.908,76,24,24,7,74
2357,Willie Miller,G,0,SEA,74,57,3167,5,47,2,2240,1960,280,5.30,0,0.875,66,23,23,8,74
565,Strom Chamberlain,G,0,WPG,72,17,894,11,4,0,359,319,40,2.68,2,0.889,64,19,19,9,74
1413,Jon St. Ark,G,0,NOL,74,39,2175,14,22,3,1324,1177,147,4.05,1,0.889,70,17,17,10,74
764,Brick Wall,G,0,ATL,73,56,3196,18,34,2,2174,1961,213,4.00,3,0.902,76,36,36,1,75
849,Olof Karsikko,G,0,NEW,75,42,2385,23,16,2,1532,1377,155,3.90,1,0.899,74,35,35,2,75
2575,Rebecca Montagne,G,0,WPG,75,43,2477,23,17,3,1200,1065,135,3.27,1,0.888,67,33,33,3,75
135,Mat Smith,G,0,CHI,75,42,2060,18,13,1,1265,1114,151,4.40,0,0.881,65,32,32,4,75
2828,Justin Time,G,0,EDM,75,56,3274,44,10,1,1583,1429,154,2.82,4,0.903,71,29,29,5,75
2921,BASE PACK,G,0,PHI,75,54,3061,32,17,3,1752,1568,184,3.61,3,0.895,71,28,28,6,75
2789,Casey Fantobens,G,0,BUF,75,54,3137,30,21,3,1966,1778,188,3.59,2,0.904,75,26,26,7,75
2357,Willie Miller,G,0,SEA,75,57,2937,6,46,2,2102,1814,288,5.88,1,0.863,60,24,24,8,75
565,Strom Chamberlain,G,0,WPG,72,17,894,11,4,0,359,319,40,2.68,2,0.889,64,19,19,9,75
1413,Jon St. Ark,G,0,NOL,75,27,1433,14,10,0,781,695,86,3.60,0,0.890,68,17,17,10,75
849,Olof Karsikko,G,0,NEW,76,41,2302,19,19,1,1468,1323,145,3.78,2,0.901,74,37,37,1,76
764,Brick Wall,G,0,ATL,73,56,3196,18,34,2,2174,1961,213,4.00,3,0.902,76,36,36,2,76
2575,Rebecca Montagne,G,0,CGY,76,55,2986,25,27,2,1988,1769,219,4.40,1,0.890,70,34,34,3,76
135,Mat Smith,G,0,CHI,76,37,1868,11,13,4,1398,1261,137,4.40,1,0.902,76,33,33,4,76
2921,BASE PACK,G,0,PHI,76,50,2990,28,20,2,1597,1423,174,3.49,5,0.891,70,33,33,5,76
2828,Justin Time,G,0,SFP,76,55,3263,40,10,4,1694,1527,167,3.07,2,0.901,73,31,31,6,76
2789,Casey Fantobens,G,0,BUF,76,51,2972,26,22,3,1920,1727,193,3.90,0,0.899,75,26,26,7,76
2357,Willie Miller,G,0,SEA,76,53,2947,8,41,2,2036,1809,227,4.62,1,0.889,70,25,25,8,76
565,Strom Chamberlain,G,0,WPG,72,17,894,11,4,0,359,319,40,2.68,2,0.889,64,19,19,9,76
2595,Anthony Dionne,G,0,TEX,76,54,3266,36,16,2,1716,1544,172,3.16,4,0.900,73,19,19,10,76
849,Olof Karsikko,G,0,NEW,77,40,2278,22,14,2,1373,1243,130,3.42,3,0.905,75,40,40,1,77
2575,Rebecca Montagne,G,0,CGY,77,58,3083,17,31,5,1954,1724,230,4.48,3,0.882,67,37,37,2,77
2921,BASE PACK,G,0,PHI,77,55,3259,42,9,3,1610,1450,160,2.94,4,0.901,72,37,37,3,77
764,Brick Wall,G,0,ATL,73,56,3196,18,34,2,2174,1961,213,4.00,3,0.902,76,36,36,4,77
2828,Justin Time,G,0,SFP,77,56,3188,41,13,0,1528,1371,157,2.95,3,0.897,69,34,34,5,77
135,Mat Smith,G,0,CHI,76,37,1868,11,13,4,1398,1261,137,4.40,1,0.902,76,33,33,6,77
2789,Casey Fantobens,G,0,BUF,77,16,795,12,0,0,438,407,31,2.34,1,0.929,78,27,27,7,77
2357,Willie Miller,G,0,SEA,77,24,1233,5,15,1,836,735,101,4.91,0,0.879,65,25,25,8,77
2595,Anthony Dionne,G,0,TEX,77,47,2817,28,16,3,1390,1243,147,3.13,3,0.894,70,22,22,9,77
565,Strom Chamberlain,G,0,WPG,72,17,894,11,4,0,359,319,40,2.68,2,0.889,64,19,19,10,77
2575,Rebecca Montagne,G,0,CGY,78,56,3226,29,22,3,1836,1651,185,3.44,4,0.899,73,41,41,1,78
849,Olof Karsikko,G,0,NEW,78,23,1241,12,6,1,739,658,81,3.92,0,0.890,69,40,40,2,78
2828,Justin Time,G,0,SFP,78,55,3257,44,6,3,1588,1431,157,2.89,5,0.901,72,39,39,3,78
2921,BASE PACK,G,0,PHI,78,45,2483,28,12,2,1441,1296,145,3.50,1,0.899,72,38,38,4,78
764,Brick Wall,G,0,ATL,73,56,3196,18,34,2,2174,1961,213,4.00,3,0.902,76,36,36,5,78
135,Mat Smith,G,0,CHI,76,37,1868,11,13,4,1398,1261,137,4.40,1,0.902,76,33,33,6,78
2595,Anthony Dionne,G,0,TEX,78,48,2928,34,11,3,1443,1297,146,2.99,6,0.899,72,28,28,7,78
2789,Casey Fantobens,G,0,BUF,78,54,3069,22,25,5,2066,1845,221,4.32,0,0.893,72,27,27,8,78
2357,Willie Miller,G,0,SEA,77,24,1233,5,15,1,836,735,101,4.91,0,0.879,65,25,25,9,78
992,Sir Devoir,G,0,BAP,78,36,2028,21,10,5,1123,1008,115,3.40,3,0.898,70,22,22,10,78
2828,Justin Time,G,0,SFP,79,57,3319,45,8,1,1634,1483,151,2.73,7,0.908,74,46,46,1,79
2575,Rebecca Montagne,G,0,BUF,79,54,3171,26,23,5,2034,1846,188,3.56,4,0.908,79,45,45,2,79
849,Olof Karsikko,G,0,NEW,79,28,1467,15,7,2,982,893,89,3.64,1,0.909,76,41,41,3,79
2921,BASE PACK,G,0,PHI,79,44,2608,28,14,2,1369,1217,152,3.50,1,0.889,68,39,39,4,79
764,Brick Wall,G,0,ATL,73,56,3196,18,34,2,2174,1961,213,4.00,3,0.902,76,36,36,5,79
135,Mat Smith,G,0,CHI,76,37,1868,11,13,4,1398,1261,137,4.40,1,0.902,76,33,33,6,79
2595,Anthony Dionne,G,0,TEX,79,49,2901,29,19,1,1594,1410,184,3.80,0,0.885,68,28,28,7,79
2789,Casey Fantobens,G,0,BUF,78,54,3069,22,25,5,2066,1845,221,4.32,0,0.893,72,27,27,8,79
2357,Willie Miller,G,0,SEA,77,24,1233,5,15,1,836,735,101,4.91,0,0.879,65,25,25,9,79
992,Sir Devoir,G,0,BAP,78,36,2028,21,10,5,1123,1008,115,3.40,3,0.898,70,22,22,10,79
2828,Justin Time,G,0,SFP,80,56,3225,37,11,5,1539,1391,148,2.75,6,0.904,72,52,52,1,80
2575,Rebecca Montagne,G,0,BUF,80,55,3299,32,17,5,1975,1774,201,3.66,2,0.898,75,47,47,2,80
2921,BASE PACK,G,0,PHI,80,50,2949,29,18,2,1764,1588,176,3.58,4,0.900,75,43,43,3,80
849,Olof Karsikko,G,0,NEW,80,29,1502,9,12,2,975,866,109,4.35,1,0.888,68,42,42,4,80
764,Brick Wall,G,0,ATL,73,56,3196,18,34,2,2174,1961,213,4.00,3,0.902,76,36,36,5,80
135,Mat Smith,G,0,CHI,76,37,1868,11,13,4,1398,1261,137,4.40,1,0.902,76,33,33,6,80
2595,Anthony Dionne,G,0,TEX,80,51,2922,28,19,2,1699,1527,172,3.53,4,0.899,73,32,32,7,80
2789,Casey Fantobens,G,0,BUF,78,54,3069,22,25,5,2066,1845,221,4.32,0,0.893,72,27,27,8,80
2357,Willie Miller,G,0,SEA,77,24,1233,5,15,1,836,735,101,4.91,0,0.879,65,25,25,9,80
3547,Grzegorz Brzeczyszczykiewicz,G,0,LAP,80,58,3308,32,20,4,1751,1578,173,3.14,3,0.901,71,24,24,10,80
2828,Justin Time,G,0,SFP,81,54,3255,40,12,2,1790,1652,138,2.54,5,0.923,81,57,57,1,81
2575,Rebecca Montagne,G,0,BUF,81,32,1783,19,8,3,1077,974,103,3.46,1,0.904,74,48,48,2,81
2921,BASE PACK,G,0,PHI,81,52,2992,33,12,3,1742,1562,180,3.61,2,0.897,72,45,45,3,81
849,Olof Karsikko,G,0,NEW,80,29,1502,9,12,2,975,866,109,4.35,1,0.888,68,42,42,4,81
764,Brick Wall,G,0,ATL,73,56,3196,18,34,2,2174,1961,213,4.00,3,0.902,76,36,36,5,81
2595,Anthony Dionne,G,0,TEX,81,51,2969,32,15,2,1708,1533,175,3.54,2,0.898,73,34,34,6,81
135,Mat Smith,G,0,CHI,76,37,1868,11,13,4,1398,1261,137,4.40,1,0.902,76,33,33,7,81
2789,Casey Fantobens,G,0,BUF,78,54,3069,22,25,5,2066,1845,221,4.32,0,0.893,72,27,27,8,81
2357,Willie Miller,G,0,SEA,77,24,1233,5,15,1,836,735,101,4.91,0,0.879,65,25,25,9,81
3547,Grzegorz Brzeczyszczykiewicz,G,0,LAP,81,53,3065,27,17,6,1738,1569,169,3.31,1,0.903,75,25,25,10,81
NA, ,NA,NA,ATL,NA,NA,NA,NA,NA,NA,NA,NA,NA,NA,NA,NA,NA,0, ,1,65
NA, ,NA,NA,ATL,NA,NA,NA,NA,NA,NA,NA,NA,NA,NA,NA,NA,NA,0, ,2,65
NA, ,NA,NA,ATL,NA,NA,NA,NA,NA,NA,NA,NA,NA,NA,NA,NA,NA,0, ,3,65
NA, ,NA,NA,ATL,NA,NA,NA,NA,NA,NA,NA,NA,NA,NA,NA,NA,NA,0, ,4,65
NA, ,NA,NA,ATL,NA,NA,NA,NA,NA,NA,NA,NA,NA,NA,NA,NA,NA,0, ,5,65
NA, ,NA,NA,ATL,NA,NA,NA,NA,NA,NA,NA,NA,NA,NA,NA,NA,NA,0, ,6,65
NA, ,NA,NA,ATL,NA,NA,NA,NA,NA,NA,NA,NA,NA,NA,NA,NA,NA,0, ,7,65
NA, ,NA,NA,ATL,NA,NA,NA,NA,NA,NA,NA,NA,NA,NA,NA,NA,NA,0, ,8,65
NA, ,NA,NA,ATL,NA,NA,NA,NA,NA,NA,NA,NA,NA,NA,NA,NA,NA,0, ,9,65
NA, ,NA,NA,ATL,NA,NA,NA,NA,NA,NA,NA,NA,NA,NA,NA,NA,NA,0, ,10,65
2828,Justin Time,G,0,SFP,81,54,3255,40,12,2,1790,1652,138,2.54,5,0.923,81,57,57,1,82
2575,Rebecca Montagne,G,0,BUF,81,32,1783,19,8,3,1077,974,103,3.46,1,0.904,74,48,48,2,82
2921,BASE PACK,G,0,PHI,81,52,2992,33,12,3,1742,1562,180,3.61,2,0.897,72,45,45,3,82
849,Olof Karsikko,G,0,NEW,80,29,1502,9,12,2,975,866,109,4.35,1,0.888,68,42,42,4,82
764,Brick Wall,G,0,ATL,73,56,3196,18,34,2,2174,1961,213,4.00,3,0.902,76,36,36,5,82
2595,Anthony Dionne,G,0,TEX,81,51,2969,32,15,2,1708,1533,175,3.54,2,0.898,73,34,34,6,82
135,Mat Smith,G,0,CHI,76,37,1868,11,13,4,1398,1261,137,4.40,1,0.902,76,33,33,7,82
2789,Casey Fantobens,G,0,BUF,78,54,3069,22,25,5,2066,1845,221,4.32,0,0.893,72,27,27,8,82
2357,Willie Miller,G,0,SEA,77,24,1233,5,15,1,836,735,101,4.91,0,0.879,65,25,25,9,82
3547,Grzegorz Brzeczyszczykiewicz,G,0,LAP,81,53,3065,27,17,6,1738,1569,169,3.31,1,0.903,75,25,25,10,82
2828,Justin Time,G,0,SFP,81,54,3255,40,12,2,1790,1652,138,2.54,5,0.923,81,57,57,1,83
2575,Rebecca Montagne,G,0,BUF,81,32,1783,19,8,3,1077,974,103,3.46,1,0.904,74,48,48,2,83
2921,BASE PACK,G,0,PHI,81,52,2992,33,12,3,1742,1562,180,3.61,2,0.897,72,45,45,3,83
849,Olof Karsikko,G,0,NEW,80,29,1502,9,12,2,975,866,109,4.35,1,0.888,68,42,42,4,83
764,Brick Wall,G,0,ATL,73,56,3196,18,34,2,2174,1961,213,4.00,3,0.902,76,36,36,5,83
2595,Anthony Dionne,G,0,TEX,81,51,2969,32,15,2,1708,1533,175,3.54,2,0.898,73,34,34,6,83
135,Mat Smith,G,0,CHI,76,37,1868,11,13,4,1398,1261,137,4.40,1,0.902,76,33,33,7,83
2789,Casey Fantobens,G,0,BUF,78,54,3069,22,25,5,2066,1845,221,4.32,0,0.893,72,27,27,8,83
2357,Willie Miller,G,0,SEA,77,24,1233,5,15,1,836,735,101,4.91,0,0.879,65,25,25,9,83
3547,Grzegorz Brzeczyszczykiewicz,G,0,LAP,81,53,3065,27,17,6,1738,1569,169,3.31,1,0.903,75,25,25,10,83
