id,name,position,league,team,season,gamesPlayed,minutes,wins,losses,ot,shotsAgainst,saves,goalsAgainst,gaa,shutouts,savePct,gameRating,cum_saves,label,rank,season_label
1912,Enes Gundogan,G,0,MIN,66,54,2801,7,44,3,2339,2069,270,5.78,0,0.885,70,2069,2069,1,66
2650,Ted Lindsay,G,0,EDM,66,53,2377,2,40,2,2144,1853,291,7.35,0,0.864,62,1853,1853,2,66
232,Luca Del Vecchio,G,0,BAP,66,54,3063,18,25,5,1989,1783,206,4.03,2,0.896,73,1783,1783,3,66
595,Cillian Kavanagh,G,0,TEX,66,53,2982,17,30,5,1959,1764,195,3.92,1,0.900,76,1764,1764,4,66
563,Scoochie Stratton,G,0,PHI,66,55,3193,21,27,6,1835,1644,191,3.59,0,0.896,72,1644,1644,5,66
565,Strom Chamberlain,G,0,TBB,66,56,3327,27,19,8,1829,1637,192,3.46,5,0.895,71,1637,1637,6,66
1306,Evert Jansson,G,0,NEW,66,48,2679,19,25,2,1782,1590,192,4.30,1,0.892,73,1590,1590,7,66
36,Name Redacted,G,0,MAN,66,54,3211,30,20,4,1726,1565,161,3.01,1,0.907,74,1565,1565,8,66
2575,Rebecca Montagne,G,0,WPG,66,55,3205,32,21,1,1720,1538,182,3.41,0,0.894,70,1538,1538,9,66
764,Brick Wall,G,0,MTL,66,51,3010,31,15,4,1681,1526,155,3.09,3,0.908,75,1526,1526,10,66
1912,Enes Gundogan,G,0,MIN,67,52,2891,6,41,4,2147,1918,229,4.75,2,0.893,72,3987,3987,1,67
595,Cillian Kavanagh,G,0,TEX,67,54,2908,11,37,2,1989,1765,224,4.62,3,0.887,70,3529,3529,2,67
198,Meeka Keprosoft,G,0,HAM,67,55,2536,10,35,3,2018,1768,250,5.91,0,0.876,64,3200,3200,3,67
1306,Evert Jansson,G,0,NEW,67,55,3123,21,30,1,1750,1549,201,3.86,1,0.885,68,3139,3139,4,67
565,Strom Chamberlain,G,0,CGY,67,47,2831,32,11,4,1625,1471,154,3.26,2,0.905,76,3108,3108,5,67
465,Zhen Roza,G,0,TBB,67,54,3190,21,26,6,1933,1735,198,3.72,2,0.898,74,2996,2996,6,67
849,Olof Karsikko,G,0,LAP,67,51,2855,24,23,1,1594,1420,174,3.66,1,0.891,69,2881,2881,7,67
764,Brick Wall,G,0,MTL,67,52,2874,28,16,4,1480,1326,154,3.21,5,0.896,69,2852,2852,8,67
2575,Rebecca Montagne,G,0,WPG,67,54,3258,39,12,3,1368,1233,135,2.49,3,0.901,69,2771,2771,9,67
36,Name Redacted,G,0,MAN,67,41,2409,22,14,4,1256,1135,121,3.01,3,0.904,73,2700,2700,10,67
1912,Enes Gundogan,G,0,MIN,68,55,3064,12,39,1,2073,1853,220,4.31,2,0.894,72,5840,5840,1,68
595,Cillian Kavanagh,G,0,TEX,68,49,2836,11,35,3,2034,1804,230,4.87,1,0.887,71,5333,5333,2,68
1306,Evert Jansson,G,0,LAP,68,46,2640,8,32,5,1594,1414,180,4.09,0,0.887,69,4553,4553,3,68
849,Olof Karsikko,G,0,NEW,68,55,3172,21,25,8,1728,1528,200,3.78,1,0.884,67,4409,4409,4,68
565,Strom Chamberlain,G,0,CGY,68,45,2690,24,15,5,1407,1263,144,3.21,3,0.898,72,4371,4371,5,68
764,Brick Wall,G,0,MTL,68,55,3236,32,16,6,1597,1439,158,2.93,4,0.901,72,4291,4291,6,68
465,Zhen Roza,G,0,TBB,68,42,2176,5,24,5,1425,1249,176,4.85,0,0.876,65,4245,4245,7,68
2575,Rebecca Montagne,G,0,WPG,68,54,3203,43,8,2,1411,1284,127,2.38,8,0.910,73,4055,4055,8,68
135,Mat Smith,G,0,CHI,68,54,3216,34,17,3,1417,1262,155,2.89,5,0.891,67,3918,3918,9,68
1330,Evgeni Petrov,G,0,ATL,68,48,2843,36,11,1,1467,1348,119,2.51,4,0.919,78,3796,3796,10,68
1912,Enes Gundogan,G,0,MIN,69,57,3123,14,36,4,2246,2012,234,4.49,2,0.896,72,7852,7852,1,69
595,Cillian Kavanagh,G,0,TEX,69,29,1256,6,14,0,882,787,95,4.54,0,0.892,67,6120,6120,2,69
849,Olof Karsikko,G,0,NEW,69,54,3187,34,16,4,1614,1469,145,2.73,8,0.910,75,5878,5878,3,69
764,Brick Wall,G,0,MTL,69,54,3244,40,13,1,1578,1438,140,2.59,6,0.911,75,5729,5729,4,69
565,Strom Chamberlain,G,0,CGY,69,44,2656,26,14,4,1352,1221,131,2.96,3,0.903,74,5592,5592,5,69
135,Mat Smith,G,0,CHI,69,56,3327,35,15,4,1592,1438,154,2.78,4,0.903,71,5356,5356,6,69
1306,Evert Jansson,G,0,LAP,69,25,1241,5,13,0,748,670,78,3.77,1,0.896,69,5223,5223,7,69
2575,Rebecca Montagne,G,0,WPG,69,54,3241,40,12,2,1266,1117,149,2.76,5,0.882,63,5172,5172,8,69
465,Zhen Roza,G,0,TBB,69,26,1341,5,13,2,930,825,105,4.70,0,0.887,69,5070,5070,9,69
992,Sir Devoir,G,0,BAP,69,56,3144,11,37,3,1965,1742,223,4.25,1,0.887,69,5053,5053,10,69
1912,Enes Gundogan,G,0,MIN,70,60,3282,20,29,4,2207,1974,233,4.26,1,0.894,72,9826,9826,1,70
849,Olof Karsikko,G,0,NEW,70,50,2795,27,13,5,1566,1421,145,3.11,4,0.907,73,7299,7299,2,70
764,Brick Wall,G,0,MTL,70,54,3216,35,17,2,1728,1566,162,3.02,4,0.906,75,7295,7295,3,70
595,Cillian Kavanagh,G,0,TEX,70,26,1166,9,8,1,738,676,62,3.19,1,0.916,72,6796,6796,4,70
992,Sir Devoir,G,0,BAP,70,52,2835,15,31,2,1940,1733,207,4.38,0,0.893,72,6786,6786,5,70
135,Mat Smith,G,0,CHI,70,54,3151,29,21,4,1599,1421,178,3.39,3,0.889,68,6777,6777,6,70
565,Strom Chamberlain,G,0,CGY,70,40,2347,21,16,2,1189,1070,119,3.04,4,0.900,71,6662,6662,7,70
2575,Rebecca Montagne,G,0,WPG,70,55,3268,43,9,2,1448,1286,162,2.97,1,0.888,66,6458,6458,8,70
2828,Justin Time,G,0,EDM,70,48,2767,26,20,1,1431,1262,169,3.66,2,0.882,65,6176,6176,9,70
2789,Casey Fantobens,G,0,BUF,70,54,3047,27,21,5,1663,1483,180,3.54,1,0.892,70,6041,6041,10,70
1912,Enes Gundogan,G,0,MIN,71,43,2352,16,22,2,1525,1376,149,3.80,1,0.902,75,11202,11202,1,71
764,Brick Wall,G,0,MTL,71,54,3238,38,15,1,1736,1586,150,2.78,5,0.914,78,8881,8881,2,71
849,Olof Karsikko,G,0,NEW,71,50,2891,38,7,3,1340,1217,123,2.55,6,0.908,72,8516,8516,3,71
135,Mat Smith,G,0,CHI,71,55,3229,28,21,5,1847,1645,202,3.75,1,0.891,70,8422,8422,4,71
992,Sir Devoir,G,0,BAP,71,51,2965,24,21,4,1701,1510,191,3.86,3,0.888,69,8296,8296,5,71
2312,Toms Zile,G,0,TOR,71,58,3150,9,45,0,2577,2282,295,5.62,0,0.886,72,7941,7941,6,71
2575,Rebecca Montagne,G,0,WPG,71,51,2920,41,6,1,1342,1208,134,2.75,4,0.900,69,7666,7666,7,71
2828,Justin Time,G,0,EDM,71,54,3241,41,10,3,1639,1489,150,2.78,2,0.908,75,7665,7665,8,71
2789,Casey Fantobens,G,0,BUF,71,52,3003,33,14,4,1656,1509,147,2.94,5,0.911,75,7550,7550,9,71
1413,Jon St. Ark,G,0,NOL,71,46,2717,26,18,2,1571,1428,143,3.16,2,0.909,75,7445,7445,10,71
1912,Enes Gundogan,G,0,MIN,72,45,2459,18,20,1,1628,1476,152,3.71,1,0.907,77,12678,12678,1,72
764,Brick Wall,G,0,MTL,72,55,3284,35,17,2,1802,1640,162,2.96,6,0.910,77,10521,10521,2,72
849,Olof Karsikko,G,0,NEW,72,55,3200,39,15,0,1734,1552,182,3.41,2,0.895,71,10068,10068,3,72
135,Mat Smith,G,0,CHI,72,49,2799,31,14,1,1520,1371,149,3.19,6,0.902,74,9793,9793,4,72
992,Sir Devoir,G,0,BAP,72,47,2603,27,14,2,1487,1324,163,3.76,2,0.890,68,9620,9620,5,72
2789,Casey Fantobens,G,0,BUF,72,54,3126,33,17,2,1921,1731,190,3.65,1,0.901,75,9281,9281,6,72
1413,Jon St. Ark,G,0,NOL,72,48,2721,14,32,2,1923,1722,201,4.43,1,0.895,73,9167,9167,7,72
2828,Justin Time,G,0,EDM,72,55,3207,40,13,2,1653,1493,160,2.99,2,0.903,73,9158,9158,8,72
1052,B Jobin,G,0,HAM,72,53,3028,23,24,4,1914,1686,228,4.52,1,0.881,69,9021,9021,9,72
2575,Rebecca Montagne,G,0,WPG,72,54,3069,35,13,3,1434,1271,163,3.19,4,0.886,66,8937,8937,10,72
1912,Enes Gundogan,G,0,MIN,73,44,2459,19,22,1,1603,1434,169,4.12,1,0.895,72,14112,14112,1,73
764,Brick Wall,G,0,ATL,73,56,3196,18,34,2,2174,1961,213,4.00,3,0.902,76,12482,12482,2,73
849,Olof Karsikko,G,0,NEW,73,54,3172,41,10,2,1664,1527,137,2.59,7,0.918,78,11595,11595,3,73
135,Mat Smith,G,0,CHI,73,54,3125,26,25,3,1912,1721,191,3.67,0,0.900,74,11514,11514,4,73
992,Sir Devoir,G,0,BAP,73,47,2809,28,16,3,1699,1537,162,3.46,4,0.905,77,11157,11157,5,73
2789,Casey Fantobens,G,0,BUF,73,54,3221,37,14,3,1870,1692,178,3.32,4,0.905,76,10973,10973,6,73
2828,Justin Time,G,0,EDM,73,56,3270,45,8,1,1590,1458,132,2.42,8,0.917,75,10616,10616,7,73
1413,Jon St. Ark,G,0,NOL,73,44,2438,15,27,1,1563,1387,176,4.33,2,0.887,68,10554,10554,8,73
2575,Rebecca Montagne,G,0,WPG,73,54,3047,36,16,0,1522,1370,152,2.99,5,0.900,71,10307,10307,9,73
2900,Adam Rage,G,0,MAN,73,58,2664,8,39,1,2243,1960,283,6.37,1,0.874,64,10299,10299,10,73
1912,Enes Gundogan,G,0,MIN,74,49,2750,21,22,2,1642,1457,185,4.04,1,0.887,69,15569,15569,1,74
849,Olof Karsikko,G,0,NEW,74,48,2758,27,16,3,1575,1418,157,3.42,2,0.900,74,13013,13013,2,74
135,Mat Smith,G,0,CHI,74,46,2416,29,11,2,1482,1345,137,3.40,3,0.908,73,12859,12859,3,74
992,Sir Devoir,G,0,BAP,74,49,2876,29,13,6,1707,1544,163,3.40,3,0.905,77,12701,12701,4,74
2789,Casey Fantobens,G,0,BUF,74,50,2869,34,12,4,1759,1598,161,3.37,3,0.908,76,12571,12571,5,74
764,Brick Wall,G,0,ATL,73,56,3196,18,34,2,2174,1961,213,4.00,3,0.902,76,12482,12482,6,74
2900,Adam Rage,G,0,MAN,74,58,2374,6,43,0,2095,1811,284,7.18,1,0.864,60,12110,12110,7,74
2828,Justin Time,G,0,EDM,74,55,3228,43,9,1,1596,1449,147,2.73,3,0.908,73,12065,12065,8,74
2357,Willie Miller,G,0,SEA,74,57,3167,5,47,2,2240,1960,280,5.30,0,0.875,66,11975,11975,9,74
1413,Jon St. Ark,G,0,NOL,74,39,2175,14,22,3,1324,1177,147,4.05,1,0.889,70,11731,11731,10,74
1912,Enes Gundogan,G,0,MIN,75,32,1836,9,19,1,1143,1017,126,4.12,0,0.890,71,16586,16586,1,75
849,Olof Karsikko,G,0,NEW,75,42,2385,23,16,2,1532,1377,155,3.90,1,0.899,74,14390,14390,2,75
2789,Casey Fantobens,G,0,BUF,75,54,3137,30,21,3,1966,1778,188,3.59,2,0.904,75,14349,14349,3,75
992,Sir Devoir,G,0,BAP,75,45,2674,28,13,3,1537,1384,153,3.43,2,0.900,74,14085,14085,4,75
135,Mat Smith,G,0,CHI,75,42,2060,18,13,1,1265,1114,151,4.40,0,0.881,65,13973,13973,5,75
2357,Willie Miller,G,0,SEA,75,57,2937,6,46,2,2102,1814,288,5.88,1,0.863,60,13789,13789,6,75
2828,Justin Time,G,0,EDM,75,56,3274,44,10,1,1583,1429,154,2.82,4,0.903,71,13494,13494,7,75
2900,Adam Rage,G,0,MAN,75,31,1204,2,15,3,957,844,113,5.63,0,0.882,63,12954,12954,8,75
2575,Rebecca Montagne,G,0,WPG,75,43,2477,23,17,3,1200,1065,135,3.27,1,0.888,67,12632,12632,9,75
764,Brick Wall,G,0,ATL,73,56,3196,18,34,2,2174,1961,213,4.00,3,0.902,76,12482,12482,10,75
1912,Enes Gundogan,G,0,MIN,75,32,1836,9,19,1,1143,1017,126,4.12,0,0.890,71,16586,16586,1,76
2789,Casey Fantobens,G,0,BUF,76,51,2972,26,22,3,1920,1727,193,3.90,0,0.899,75,16076,16076,2,76
849,Olof Karsikko,G,0,NEW,76,41,2302,19,19,1,1468,1323,145,3.78,2,0.901,74,15713,15713,3,76
2357,Willie Miller,G,0,SEA,76,53,2947,8,41,2,2036,1809,227,4.62,1,0.889,70,15598,15598,4,76
992,Sir Devoir,G,0,BAP,76,44,2586,33,7,3,1381,1265,116,2.69,2,0.916,78,15350,15350,5,76
135,Mat Smith,G,0,CHI,76,37,1868,11,13,4,1398,1261,137,4.40,1,0.902,76,15234,15234,6,76
2828,Justin Time,G,0,SFP,76,55,3263,40,10,4,1694,1527,167,3.07,2,0.901,73,15021,15021,7,76
2575,Rebecca Montagne,G,0,CGY,76,55,2986,25,27,2,1988,1769,219,4.40,1,0.890,70,14401,14401,8,76
2921,BASE PACK,G,0,PHI,76,50,2990,28,20,2,1597,1423,174,3.49,5,0.891,70,13684,13684,9,76
1413,Jon St. Ark,G,0,NOL,76,24,1275,12,10,1,754,691,63,2.96,0,0.916,77,13117,13117,10,76
849,Olof Karsikko,G,0,NEW,77,40,2278,22,14,2,1373,1243,130,3.42,3,0.905,75,16956,16956,1,77
1912,Enes Gundogan,G,0,MIN,75,32,1836,9,19,1,1143,1017,126,4.12,0,0.890,71,16586,16586,2,77
992,Sir Devoir,G,0,BAP,77,43,2472,22,15,3,1384,1226,158,3.83,1,0.886,68,16576,16576,3,77
2789,Casey Fantobens,G,0,BUF,77,16,795,12,0,0,438,407,31,2.34,1,0.929,78,16483,16483,4,77
2828,Justin Time,G,0,SFP,77,56,3188,41,13,0,1528,1371,157,2.95,3,0.897,69,16392,16392,5,77
2357,Willie Miller,G,0,SEA,77,24,1233,5,15,1,836,735,101,4.91,0,0.879,65,16333,16333,6,77
2575,Rebecca Montagne,G,0,CGY,77,58,3083,17,31,5,1954,1724,230,4.48,3,0.882,67,16125,16125,7,77
135,Mat Smith,G,0,CHI,76,37,1868,11,13,4,1398,1261,137,4.40,1,0.902,76,15234,15234,8,77
2921,BASE PACK,G,0,PHI,77,55,3259,42,9,3,1610,1450,160,2.94,4,0.901,72,15134,15134,9,77
1052,B Jobin,G,0,MTL,77,55,2953,4,49,1,2357,2049,308,6.26,0,0.869,65,14761,14761,10,77
2789,Casey Fantobens,G,0,BUF,78,54,3069,22,25,5,2066,1845,221,4.32,0,0.893,72,18328,18328,1,78
2828,Justin Time,G,0,SFP,78,55,3257,44,6,3,1588,1431,157,2.89,5,0.901,72,17823,17823,2,78
2575,Rebecca Montagne,G,0,CGY,78,56,3226,29,22,3,1836,1651,185,3.44,4,0.899,73,17776,17776,3,78
849,Olof Karsikko,G,0,NEW,78,23,1241,12,6,1,739,658,81,3.92,0,0.890,69,17614,17614,4,78
992,Sir Devoir,G,0,BAP,78,36,2028,21,10,5,1123,1008,115,3.40,3,0.898,70,17584,17584,5,78
1912,Enes Gundogan,G,0,MIN,75,32,1836,9,19,1,1143,1017,126,4.12,0,0.890,71,16586,16586,6,78
2921,BASE PACK,G,0,PHI,78,45,2483,28,12,2,1441,1296,145,3.50,1,0.899,72,16430,16430,7,78
2357,Willie Miller,G,0,SEA,77,24,1233,5,15,1,836,735,101,4.91,0,0.879,65,16333,16333,8,78
135,Mat Smith,G,0,CHI,76,37,1868,11,13,4,1398,1261,137,4.40,1,0.902,76,15234,15234,9,78
2595,Anthony Dionne,G,0,TEX,78,48,2928,34,11,3,1443,1297,146,2.99,6,0.899,72,15225,15225,10,78
2575,Rebecca Montagne,G,0,BUF,79,54,3171,26,23,5,2034,1846,188,3.56,4,0.908,79,19622,19622,1,79
2828,Justin Time,G,0,SFP,79,57,3319,45,8,1,1634,1483,151,2.73,7,0.908,74,19306,19306,2,79
849,Olof Karsikko,G,0,NEW,79,28,1467,15,7,2,982,893,89,3.64,1,0.909,76,18507,18507,3,79
2789,Casey Fantobens,G,0,BUF,78,54,3069,22,25,5,2066,1845,221,4.32,0,0.893,72,18328,18328,4,79
2921,BASE PACK,G,0,PHI,79,44,2608,28,14,2,1369,1217,152,3.50,1,0.889,68,17647,17647,5,79
992,Sir Devoir,G,0,BAP,78,36,2028,21,10,5,1123,1008,115,3.40,3,0.898,70,17584,17584,6,79
2595,Anthony Dionne,G,0,TEX,79,49,2901,29,19,1,1594,1410,184,3.80,0,0.885,68,16635,16635,7,79
1912,Enes Gundogan,G,0,MIN,75,32,1836,9,19,1,1143,1017,126,4.12,0,0.890,71,16586,16586,8,79
2357,Willie Miller,G,0,SEA,77,24,1233,5,15,1,836,735,101,4.91,0,0.879,65,16333,16333,9,79
135,Mat Smith,G,0,CHI,76,37,1868,11,13,4,1398,1261,137,4.40,1,0.902,76,15234,15234,10,79
2575,Rebecca Montagne,G,0,BUF,80,55,3299,32,17,5,1975,1774,201,3.66,2,0.898,75,21396,21396,1,80
2828,Justin Time,G,0,SFP,80,56,3225,37,11,5,1539,1391,148,2.75,6,0.904,72,20697,20697,2,80
849,Olof Karsikko,G,0,NEW,80,29,1502,9,12,2,975,866,109,4.35,1,0.888,68,19373,19373,3,80
2921,BASE PACK,G,0,PHI,80,50,2949,29,18,2,1764,1588,176,3.58,4,0.900,75,19235,19235,4,80
2789,Casey Fantobens,G,0,BUF,78,54,3069,22,25,5,2066,1845,221,4.32,0,0.893,72,18328,18328,5,80
2595,Anthony Dionne,G,0,TEX,80,51,2922,28,19,2,1699,1527,172,3.53,4,0.899,73,18162,18162,6,80
992,Sir Devoir,G,0,BAP,78,36,2028,21,10,5,1123,1008,115,3.40,3,0.898,70,17584,17584,7,80
1912,Enes Gundogan,G,0,MIN,75,32,1836,9,19,1,1143,1017,126,4.12,0,0.890,71,16586,16586,8,80
2357,Willie Miller,G,0,SEA,77,24,1233,5,15,1,836,735,101,4.91,0,0.879,65,16333,16333,9,80
3547,Grzegorz Brzeczyszczykiewicz,G,0,LAP,80,58,3308,32,20,4,1751,1578,173,3.14,3,0.901,71,15257,15257,10,80
2575,Rebecca Montagne,G,0,BUF,81,32,1783,19,8,3,1077,974,103,3.46,1,0.904,74,22370,22370,1,81
2828,Justin Time,G,0,SFP,81,54,3255,40,12,2,1790,1652,138,2.54,5,0.923,81,22349,22349,2,81
2921,BASE PACK,G,0,PHI,81,52,2992,33,12,3,1742,1562,180,3.61,2,0.897,72,20797,20797,3,81
2595,Anthony Dionne,G,0,TEX,81,51,2969,32,15,2,1708,1533,175,3.54,2,0.898,73,19695,19695,4,81
849,Olof Karsikko,G,0,NEW,80,29,1502,9,12,2,975,866,109,4.35,1,0.888,68,19373,19373,5,81
2789,Casey Fantobens,G,0,BUF,78,54,3069,22,25,5,2066,1845,221,4.32,0,0.893,72,18328,18328,6,81
992,Sir Devoir,G,0,BAP,78,36,2028,21,10,5,1123,1008,115,3.40,3,0.898,70,17584,17584,7,81
3547,Grzegorz Brzeczyszczykiewicz,G,0,LAP,81,53,3065,27,17,6,1738,1569,169,3.31,1,0.903,75,16826,16826,8,81
1912,Enes Gundogan,G,0,MIN,75,32,1836,9,19,1,1143,1017,126,4.12,0,0.890,71,16586,16586,9,81
2357,Willie Miller,G,0,SEA,77,24,1233,5,15,1,836,735,101,4.91,0,0.879,65,16333,16333,10,81
NA, ,NA,NA,ATL,NA,NA,NA,NA,NA,NA,NA,NA,NA,NA,NA,NA,NA,0, ,1,65
NA, ,NA,NA,ATL,NA,NA,NA,NA,NA,NA,NA,NA,NA,NA,NA,NA,NA,0, ,2,65
NA, ,NA,NA,ATL,NA,NA,NA,NA,NA,NA,NA,NA,NA,NA,NA,NA,NA,0, ,3,65
NA, ,NA,NA,ATL,NA,NA,NA,NA,NA,NA,NA,NA,NA,NA,NA,NA,NA,0, ,4,65
NA, ,NA,NA,ATL,NA,NA,NA,NA,NA,NA,NA,NA,NA,NA,NA,NA,NA,0, ,5,65
NA, ,NA,NA,ATL,NA,NA,NA,NA,NA,NA,NA,NA,NA,NA,NA,NA,NA,0, ,6,65
NA, ,NA,NA,ATL,NA,NA,NA,NA,NA,NA,NA,NA,NA,NA,NA,NA,NA,0, ,7,65
NA, ,NA,NA,ATL,NA,NA,NA,NA,NA,NA,NA,NA,NA,NA,NA,NA,NA,0, ,8,65
NA, ,NA,NA,ATL,NA,NA,NA,NA,NA,NA,NA,NA,NA,NA,NA,NA,NA,0, ,9,65
NA, ,NA,NA,ATL,NA,NA,NA,NA,NA,NA,NA,NA,NA,NA,NA,NA,NA,0, ,10,65
2575,Rebecca Montagne,G,0,BUF,81,32,1783,19,8,3,1077,974,103,3.46,1,0.904,74,22370,22370,1,82
2828,Justin Time,G,0,SFP,81,54,3255,40,12,2,1790,1652,138,2.54,5,0.923,81,22349,22349,2,82
2921,BASE PACK,G,0,PHI,81,52,2992,33,12,3,1742,1562,180,3.61,2,0.897,72,20797,20797,3,82
2595,Anthony Dionne,G,0,TEX,81,51,2969,32,15,2,1708,1533,175,3.54,2,0.898,73,19695,19695,4,82
849,Olof Karsikko,G,0,NEW,80,29,1502,9,12,2,975,866,109,4.35,1,0.888,68,19373,19373,5,82
2789,Casey Fantobens,G,0,BUF,78,54,3069,22,25,5,2066,1845,221,4.32,0,0.893,72,18328,18328,6,82
992,Sir Devoir,G,0,BAP,78,36,2028,21,10,5,1123,1008,115,3.40,3,0.898,70,17584,17584,7,82
3547,Grzegorz Brzeczyszczykiewicz,G,0,LAP,81,53,3065,27,17,6,1738,1569,169,3.31,1,0.903,75,16826,16826,8,82
1912,Enes Gundogan,G,0,MIN,75,32,1836,9,19,1,1143,1017,126,4.12,0,0.890,71,16586,16586,9,82
2357,Willie Miller,G,0,SEA,77,24,1233,5,15,1,836,735,101,4.91,0,0.879,65,16333,16333,10,82
2575,Rebecca Montagne,G,0,BUF,81,32,1783,19,8,3,1077,974,103,3.46,1,0.904,74,22370,22370,1,83
2828,Justin Time,G,0,SFP,81,54,3255,40,12,2,1790,1652,138,2.54,5,0.923,81,22349,22349,2,83
2921,BASE PACK,G,0,PHI,81,52,2992,33,12,3,1742,1562,180,3.61,2,0.897,72,20797,20797,3,83
2595,Anthony Dionne,G,0,TEX,81,51,2969,32,15,2,1708,1533,175,3.54,2,0.898,73,19695,19695,4,83
849,Olof Karsikko,G,0,NEW,80,29,1502,9,12,2,975,866,109,4.35,1,0.888,68,19373,19373,5,83
2789,Casey Fantobens,G,0,BUF,78,54,3069,22,25,5,2066,1845,221,4.32,0,0.893,72,18328,18328,6,83
992,Sir Devoir,G,0,BAP,78,36,2028,21,10,5,1123,1008,115,3.40,3,0.898,70,17584,17584,7,83
3547,Grzegorz Brzeczyszczykiewicz,G,0,LAP,81,53,3065,27,17,6,1738,1569,169,3.31,1,0.903,75,16826,16826,8,83
1912,Enes Gundogan,G,0,MIN,75,32,1836,9,19,1,1143,1017,126,4.12,0,0.890,71,16586,16586,9,83
2357,Willie Miller,G,0,SEA,77,24,1233,5,15,1,836,735,101,4.91,0,0.879,65,16333,16333,10,83
