id,name,position,league,team,season,gamesPlayed,minutes,wins,losses,ot,shotsAgainst,saves,goalsAgainst,gaa,shutouts,savePct,gameRating,cum_wins,label,rank,season_label
1330,Evgeni Petrov,G,0,ATL,66,49,2956,36,11,2,1299,1175,124,2.52,5,0.905,72,36,36,1,66
135,Mat Smith,G,0,CHI,66,54,3199,35,14,4,1560,1401,159,2.98,4,0.898,70,35,35,2,66
849,Olof Karsikko,G,0,LAP,66,55,3290,34,15,4,1623,1461,162,2.95,3,0.900,71,34,34,3,66
2575,Rebecca Montagne,G,0,WPG,66,55,3205,32,21,1,1720,1538,182,3.41,0,0.894,70,32,32,4,66
764,Brick Wall,G,0,MTL,66,51,3010,31,15,4,1681,1526,155,3.09,3,0.908,75,31,31,5,66
36,Name Redacted,G,0,MAN,66,54,3211,30,20,4,1726,1565,161,3.01,1,0.907,74,30,30,6,66
834,Elizabeth Doyle,G,0,BUF,66,54,3223,30,22,2,1591,1419,172,3.20,3,0.892,69,30,30,7,66
99,Harry Carpet,G,0,TOR,66,52,3066,29,21,2,1544,1376,168,3.29,1,0.891,68,29,29,8,66
565,Strom Chamberlain,G,0,TBB,66,56,3327,27,19,8,1829,1637,192,3.46,5,0.895,71,27,27,9,66
2357,Willie Miller,G,0,SEA,66,47,2718,26,14,5,1267,1124,143,3.16,4,0.887,67,26,26,10,66
2575,Rebecca Montagne,G,0,WPG,67,54,3258,39,12,3,1368,1233,135,2.49,3,0.901,69,71,71,1,67
1330,Evgeni Petrov,G,0,ATL,67,48,2847,34,12,1,1398,1273,125,2.63,6,0.911,75,70,70,2,67
135,Mat Smith,G,0,CHI,67,55,3143,29,20,5,1398,1255,143,2.73,6,0.898,68,64,64,3,67
565,Strom Chamberlain,G,0,CGY,67,47,2831,32,11,4,1625,1471,154,3.26,2,0.905,76,59,59,4,67
764,Brick Wall,G,0,MTL,67,52,2874,28,16,4,1480,1326,154,3.21,5,0.896,69,59,59,5,67
849,Olof Karsikko,G,0,LAP,67,51,2855,24,23,1,1594,1420,174,3.66,1,0.891,69,58,58,6,67
2357,Willie Miller,G,0,SEA,67,51,2998,31,15,4,1303,1164,139,2.78,6,0.893,67,57,57,7,67
99,Harry Carpet,G,0,TOR,67,40,2403,27,11,2,1126,1034,92,2.30,4,0.918,75,56,56,8,67
36,Name Redacted,G,0,MAN,67,41,2409,22,14,4,1256,1135,121,3.01,3,0.904,73,52,52,9,67
1413,Jon St. Ark,G,0,NOL,67,46,2707,27,17,1,1318,1171,147,3.26,2,0.888,67,52,52,10,67
2575,Rebecca Montagne,G,0,WPG,68,54,3203,43,8,2,1411,1284,127,2.38,8,0.910,73,114,114,1,68
1330,Evgeni Petrov,G,0,ATL,68,48,2843,36,11,1,1467,1348,119,2.51,4,0.919,78,106,106,2,68
135,Mat Smith,G,0,CHI,68,54,3216,34,17,3,1417,1262,155,2.89,5,0.891,67,98,98,3,68
2357,Willie Miller,G,0,SEA,68,48,2897,37,8,3,1148,1034,114,2.36,4,0.901,68,94,94,4,68
764,Brick Wall,G,0,MTL,68,55,3236,32,16,6,1597,1439,158,2.93,4,0.901,72,91,91,5,68
565,Strom Chamberlain,G,0,CGY,68,45,2690,24,15,5,1407,1263,144,3.21,3,0.898,72,83,83,6,68
849,Olof Karsikko,G,0,NEW,68,55,3172,21,25,8,1728,1528,200,3.78,1,0.884,67,79,79,7,68
99,Harry Carpet,G,0,TOR,68,31,1748,22,6,1,904,799,105,3.60,2,0.884,66,78,78,8,68
1413,Jon St. Ark,G,0,NOL,68,45,2711,21,21,3,1296,1159,137,3.03,4,0.894,69,73,73,9,68
2789,Casey Fantobens,G,0,BUF,68,54,3205,34,18,2,1734,1559,175,3.28,4,0.899,74,60,60,10,68
2575,Rebecca Montagne,G,0,WPG,69,54,3241,40,12,2,1266,1117,149,2.76,5,0.882,63,154,154,1,69
1330,Evgeni Petrov,G,0,ATL,69,49,2784,29,15,4,1408,1251,157,3.38,1,0.888,67,135,135,2,69
135,Mat Smith,G,0,CHI,69,56,3327,35,15,4,1592,1438,154,2.78,4,0.903,71,133,133,3,69
764,Brick Wall,G,0,MTL,69,54,3244,40,13,1,1578,1438,140,2.59,6,0.911,75,131,131,4,69
2357,Willie Miller,G,0,SEA,69,48,2795,33,11,2,1083,974,109,2.34,4,0.899,66,127,127,5,69
849,Olof Karsikko,G,0,NEW,69,54,3187,34,16,4,1614,1469,145,2.73,8,0.910,75,113,113,6,69
565,Strom Chamberlain,G,0,CGY,69,44,2656,26,14,4,1352,1221,131,2.96,3,0.903,74,109,109,7,69
1413,Jon St. Ark,G,0,NOL,69,47,2702,28,16,1,1349,1203,146,3.24,2,0.892,69,101,101,8,69
2789,Casey Fantobens,G,0,BUF,69,54,3105,32,18,2,1606,1450,156,3.01,5,0.903,72,92,92,9,69
99,Harry Carpet,G,0,TOR,69,36,1941,9,24,0,1506,1349,157,4.85,1,0.896,73,87,87,10,69
2575,Rebecca Montagne,G,0,WPG,70,55,3268,43,9,2,1448,1286,162,2.97,1,0.888,66,197,197,1,70
764,Brick Wall,G,0,MTL,70,54,3216,35,17,2,1728,1566,162,3.02,4,0.906,75,166,166,2,70
135,Mat Smith,G,0,CHI,70,54,3151,29,21,4,1599,1421,178,3.39,3,0.889,68,162,162,3,70
2357,Willie Miller,G,0,SEA,70,46,2724,29,12,5,1256,1121,135,2.97,3,0.893,68,156,156,4,70
849,Olof Karsikko,G,0,NEW,70,50,2795,27,13,5,1566,1421,145,3.11,4,0.907,73,140,140,5,70
1330,Evgeni Petrov,G,0,ATL,69,49,2784,29,15,4,1408,1251,157,3.38,1,0.888,67,135,135,6,70
565,Strom Chamberlain,G,0,CGY,70,40,2347,21,16,2,1189,1070,119,3.04,4,0.900,71,130,130,7,70
1413,Jon St. Ark,G,0,NOL,70,46,2644,23,19,4,1523,1368,155,3.52,2,0.898,73,124,124,8,70
2789,Casey Fantobens,G,0,BUF,70,54,3047,27,21,5,1663,1483,180,3.54,1,0.892,70,119,119,9,70
2921,BASE PACK,G,0,PHI,70,52,2977,43,7,0,1454,1322,132,2.66,8,0.909,74,118,118,10,70
2575,Rebecca Montagne,G,0,WPG,71,51,2920,41,6,1,1342,1208,134,2.75,4,0.900,69,238,238,1,71
764,Brick Wall,G,0,MTL,71,54,3238,38,15,1,1736,1586,150,2.78,5,0.914,78,204,204,2,71
135,Mat Smith,G,0,CHI,71,55,3229,28,21,5,1847,1645,202,3.75,1,0.891,70,190,190,3,71
849,Olof Karsikko,G,0,NEW,71,50,2891,38,7,3,1340,1217,123,2.55,6,0.908,72,178,178,4,71
2357,Willie Miller,G,0,SEA,71,49,2837,15,27,6,1498,1323,175,3.70,0,0.883,66,171,171,5,71
2921,BASE PACK,G,0,PHI,71,55,3182,36,16,1,1607,1439,168,3.17,2,0.895,70,154,154,6,71
2789,Casey Fantobens,G,0,BUF,71,52,3003,33,14,4,1656,1509,147,2.94,5,0.911,75,152,152,7,71
1413,Jon St. Ark,G,0,NOL,71,46,2717,26,18,2,1571,1428,143,3.16,2,0.909,75,150,150,8,71
565,Strom Chamberlain,G,0,WPG,71,22,1058,13,3,2,516,469,47,2.66,0,0.909,68,143,143,9,71
2828,Justin Time,G,0,EDM,71,54,3241,41,10,3,1639,1489,150,2.78,2,0.908,75,140,140,10,71
2575,Rebecca Montagne,G,0,WPG,72,54,3069,35,13,3,1434,1271,163,3.19,4,0.886,66,273,273,1,72
764,Brick Wall,G,0,MTL,72,55,3284,35,17,2,1802,1640,162,2.96,6,0.910,77,239,239,2,72
135,Mat Smith,G,0,CHI,72,49,2799,31,14,1,1520,1371,149,3.19,6,0.902,74,221,221,3,72
849,Olof Karsikko,G,0,NEW,72,55,3200,39,15,0,1734,1552,182,3.41,2,0.895,71,217,217,4,72
2357,Willie Miller,G,0,SEA,72,53,2922,22,28,0,1762,1569,193,3.96,1,0.890,70,193,193,5,72
2921,BASE PACK,G,0,PHI,72,55,3307,34,13,7,1738,1566,172,3.12,1,0.901,73,188,188,6,72
2789,Casey Fantobens,G,0,BUF,72,54,3126,33,17,2,1921,1731,190,3.65,1,0.901,75,185,185,7,72
2828,Justin Time,G,0,EDM,72,55,3207,40,13,2,1653,1493,160,2.99,2,0.903,73,180,180,8,72
1413,Jon St. Ark,G,0,NOL,72,48,2721,14,32,2,1923,1722,201,4.43,1,0.895,73,164,164,9,72
565,Strom Chamberlain,G,0,WPG,72,17,894,11,4,0,359,319,40,2.68,2,0.889,64,154,154,10,72
2575,Rebecca Montagne,G,0,WPG,73,54,3047,36,16,0,1522,1370,152,2.99,5,0.900,71,309,309,1,73
849,Olof Karsikko,G,0,NEW,73,54,3172,41,10,2,1664,1527,137,2.59,7,0.918,78,258,258,2,73
764,Brick Wall,G,0,ATL,73,56,3196,18,34,2,2174,1961,213,4.00,3,0.902,76,257,257,3,73
135,Mat Smith,G,0,CHI,73,54,3125,26,25,3,1912,1721,191,3.67,0,0.900,74,247,247,4,73
2921,BASE PACK,G,0,PHI,73,55,3230,39,14,2,1785,1612,173,3.21,2,0.903,73,227,227,5,73
2828,Justin Time,G,0,EDM,73,56,3270,45,8,1,1590,1458,132,2.42,8,0.917,75,225,225,6,73
2789,Casey Fantobens,G,0,BUF,73,54,3221,37,14,3,1870,1692,178,3.32,4,0.905,76,222,222,7,73
2357,Willie Miller,G,0,SEA,73,49,2757,9,36,3,1927,1706,221,4.81,1,0.885,70,202,202,8,73
1413,Jon St. Ark,G,0,NOL,73,44,2438,15,27,1,1563,1387,176,4.33,2,0.887,68,179,179,9,73
565,Strom Chamberlain,G,0,WPG,72,17,894,11,4,0,359,319,40,2.68,2,0.889,64,154,154,10,73
2575,Rebecca Montagne,G,0,WPG,74,47,2660,25,16,2,1406,1260,146,3.29,2,0.896,71,334,334,1,74
849,Olof Karsikko,G,0,NEW,74,48,2758,27,16,3,1575,1418,157,3.42,2,0.900,74,285,285,2,74
135,Mat Smith,G,0,CHI,74,46,2416,29,11,2,1482,1345,137,3.40,3,0.908,73,276,276,3,74
2828,Justin Time,G,0,EDM,74,55,3228,43,9,1,1596,1449,147,2.73,3,0.908,73,268,268,4,74
2921,BASE PACK,G,0,PHI,74,54,3227,32,17,5,1805,1627,178,3.31,5,0.901,74,259,259,5,74
764,Brick Wall,G,0,ATL,73,56,3196,18,34,2,2174,1961,213,4.00,3,0.902,76,257,257,6,74
2789,Casey Fantobens,G,0,BUF,74,50,2869,34,12,4,1759,1598,161,3.37,3,0.908,76,256,256,7,74
2357,Willie Miller,G,0,SEA,74,57,3167,5,47,2,2240,1960,280,5.30,0,0.875,66,207,207,8,74
1413,Jon St. Ark,G,0,NOL,74,39,2175,14,22,3,1324,1177,147,4.05,1,0.889,70,193,193,9,74
992,Sir Devoir,G,0,BAP,74,49,2876,29,13,6,1707,1544,163,3.40,3,0.905,77,161,161,10,74
2575,Rebecca Montagne,G,0,WPG,75,43,2477,23,17,3,1200,1065,135,3.27,1,0.888,67,357,357,1,75
2828,Justin Time,G,0,EDM,75,56,3274,44,10,1,1583,1429,154,2.82,4,0.903,71,312,312,2,75
849,Olof Karsikko,G,0,NEW,75,42,2385,23,16,2,1532,1377,155,3.90,1,0.899,74,308,308,3,75
135,Mat Smith,G,0,CHI,75,42,2060,18,13,1,1265,1114,151,4.40,0,0.881,65,294,294,4,75
2921,BASE PACK,G,0,PHI,75,54,3061,32,17,3,1752,1568,184,3.61,3,0.895,71,291,291,5,75
2789,Casey Fantobens,G,0,BUF,75,54,3137,30,21,3,1966,1778,188,3.59,2,0.904,75,286,286,6,75
764,Brick Wall,G,0,ATL,73,56,3196,18,34,2,2174,1961,213,4.00,3,0.902,76,257,257,7,75
2357,Willie Miller,G,0,SEA,75,57,2937,6,46,2,2102,1814,288,5.88,1,0.863,60,213,213,8,75
1413,Jon St. Ark,G,0,NOL,75,27,1433,14,10,0,781,695,86,3.60,0,0.890,68,207,207,9,75
992,Sir Devoir,G,0,BAP,75,45,2674,28,13,3,1537,1384,153,3.43,2,0.900,74,189,189,10,75
2575,Rebecca Montagne,G,0,CGY,76,55,2986,25,27,2,1988,1769,219,4.40,1,0.890,70,382,382,1,76
2828,Justin Time,G,0,SFP,76,55,3263,40,10,4,1694,1527,167,3.07,2,0.901,73,352,352,2,76
849,Olof Karsikko,G,0,NEW,76,41,2302,19,19,1,1468,1323,145,3.78,2,0.901,74,327,327,3,76
2921,BASE PACK,G,0,PHI,76,50,2990,28,20,2,1597,1423,174,3.49,5,0.891,70,319,319,4,76
2789,Casey Fantobens,G,0,BUF,76,51,2972,26,22,3,1920,1727,193,3.90,0,0.899,75,312,312,5,76
135,Mat Smith,G,0,CHI,76,37,1868,11,13,4,1398,1261,137,4.40,1,0.902,76,305,305,6,76
764,Brick Wall,G,0,ATL,73,56,3196,18,34,2,2174,1961,213,4.00,3,0.902,76,257,257,7,76
2595,Anthony Dionne,G,0,TEX,76,54,3266,36,16,2,1716,1544,172,3.16,4,0.900,73,223,223,8,76
992,Sir Devoir,G,0,BAP,76,44,2586,33,7,3,1381,1265,116,2.69,2,0.916,78,222,222,9,76
2357,Willie Miller,G,0,SEA,76,53,2947,8,41,2,2036,1809,227,4.62,1,0.889,70,221,221,10,76
2575,Rebecca Montagne,G,0,CGY,77,58,3083,17,31,5,1954,1724,230,4.48,3,0.882,67,399,399,1,77
2828,Justin Time,G,0,SFP,77,56,3188,41,13,0,1528,1371,157,2.95,3,0.897,69,393,393,2,77
2921,BASE PACK,G,0,PHI,77,55,3259,42,9,3,1610,1450,160,2.94,4,0.901,72,361,361,3,77
849,Olof Karsikko,G,0,NEW,77,40,2278,22,14,2,1373,1243,130,3.42,3,0.905,75,349,349,4,77
2789,Casey Fantobens,G,0,BUF,77,16,795,12,0,0,438,407,31,2.34,1,0.929,78,324,324,5,77
135,Mat Smith,G,0,CHI,76,37,1868,11,13,4,1398,1261,137,4.40,1,0.902,76,305,305,6,77
764,Brick Wall,G,0,ATL,73,56,3196,18,34,2,2174,1961,213,4.00,3,0.902,76,257,257,7,77
2595,Anthony Dionne,G,0,TEX,77,47,2817,28,16,3,1390,1243,147,3.13,3,0.894,70,251,251,8,77
992,Sir Devoir,G,0,BAP,77,43,2472,22,15,3,1384,1226,158,3.83,1,0.886,68,244,244,9,77
1413,Jon St. Ark,G,0,NOL,77,19,912,11,4,0,407,365,42,2.76,0,0.897,64,230,230,10,77
2828,Justin Time,G,0,SFP,78,55,3257,44,6,3,1588,1431,157,2.89,5,0.901,72,437,437,1,78
2575,Rebecca Montagne,G,0,CGY,78,56,3226,29,22,3,1836,1651,185,3.44,4,0.899,73,428,428,2,78
2921,BASE PACK,G,0,PHI,78,45,2483,28,12,2,1441,1296,145,3.50,1,0.899,72,389,389,3,78
849,Olof Karsikko,G,0,NEW,78,23,1241,12,6,1,739,658,81,3.92,0,0.890,69,361,361,4,78
2789,Casey Fantobens,G,0,BUF,78,54,3069,22,25,5,2066,1845,221,4.32,0,0.893,72,346,346,5,78
135,Mat Smith,G,0,CHI,76,37,1868,11,13,4,1398,1261,137,4.40,1,0.902,76,305,305,6,78
2595,Anthony Dionne,G,0,TEX,78,48,2928,34,11,3,1443,1297,146,2.99,6,0.899,72,285,285,7,78
992,Sir Devoir,G,0,BAP,78,36,2028,21,10,5,1123,1008,115,3.40,3,0.898,70,265,265,8,78
764,Brick Wall,G,0,ATL,73,56,3196,18,34,2,2174,1961,213,4.00,3,0.902,76,257,257,9,78
1413,Jon St. Ark,G,0,NOL,78,19,1023,10,7,0,553,496,57,3.34,1,0.897,69,240,240,10,78
2828,Justin Time,G,0,SFP,79,57,3319,45,8,1,1634,1483,151,2.73,7,0.908,74,482,482,1,79
2575,Rebecca Montagne,G,0,BUF,79,54,3171,26,23,5,2034,1846,188,3.56,4,0.908,79,454,454,2,79
2921,BASE PACK,G,0,PHI,79,44,2608,28,14,2,1369,1217,152,3.50,1,0.889,68,417,417,3,79
849,Olof Karsikko,G,0,NEW,79,28,1467,15,7,2,982,893,89,3.64,1,0.909,76,376,376,4,79
2789,Casey Fantobens,G,0,BUF,78,54,3069,22,25,5,2066,1845,221,4.32,0,0.893,72,346,346,5,79
2595,Anthony Dionne,G,0,TEX,79,49,2901,29,19,1,1594,1410,184,3.80,0,0.885,68,314,314,6,79
135,Mat Smith,G,0,CHI,76,37,1868,11,13,4,1398,1261,137,4.40,1,0.902,76,305,305,7,79
992,Sir Devoir,G,0,BAP,78,36,2028,21,10,5,1123,1008,115,3.40,3,0.898,70,265,265,8,79
3547,Grzegorz Brzeczyszczykiewicz,G,0,LAP,79,55,3224,38,15,1,1777,1599,178,3.31,1,0.900,72,264,264,9,79
764,Brick Wall,G,0,ATL,73,56,3196,18,34,2,2174,1961,213,4.00,3,0.902,76,257,257,10,79
2828,Justin Time,G,0,SFP,80,56,3225,37,11,5,1539,1391,148,2.75,6,0.904,72,519,519,1,80
2575,Rebecca Montagne,G,0,BUF,80,55,3299,32,17,5,1975,1774,201,3.66,2,0.898,75,486,486,2,80
2921,BASE PACK,G,0,PHI,80,50,2949,29,18,2,1764,1588,176,3.58,4,0.900,75,446,446,3,80
849,Olof Karsikko,G,0,NEW,80,29,1502,9,12,2,975,866,109,4.35,1,0.888,68,385,385,4,80
2789,Casey Fantobens,G,0,BUF,78,54,3069,22,25,5,2066,1845,221,4.32,0,0.893,72,346,346,5,80
2595,Anthony Dionne,G,0,TEX,80,51,2922,28,19,2,1699,1527,172,3.53,4,0.899,73,342,342,6,80
135,Mat Smith,G,0,CHI,76,37,1868,11,13,4,1398,1261,137,4.40,1,0.902,76,305,305,7,80
3547,Grzegorz Brzeczyszczykiewicz,G,0,LAP,80,58,3308,32,20,4,1751,1578,173,3.14,3,0.901,71,296,296,8,80
992,Sir Devoir,G,0,BAP,78,36,2028,21,10,5,1123,1008,115,3.40,3,0.898,70,265,265,9,80
1413,Jon St. Ark,G,0,NOL,80,22,1173,14,5,0,552,498,54,2.76,3,0.902,70,261,261,10,80
2828,Justin Time,G,0,SFP,81,54,3255,40,12,2,1790,1652,138,2.54,5,0.923,81,559,559,1,81
2575,Rebecca Montagne,G,0,BUF,81,32,1783,19,8,3,1077,974,103,3.46,1,0.904,74,505,505,2,81
2921,BASE PACK,G,0,PHI,81,52,2992,33,12,3,1742,1562,180,3.61,2,0.897,72,479,479,3,81
849,Olof Karsikko,G,0,NEW,80,29,1502,9,12,2,975,866,109,4.35,1,0.888,68,385,385,4,81
2595,Anthony Dionne,G,0,TEX,81,51,2969,32,15,2,1708,1533,175,3.54,2,0.898,73,374,374,5,81
2789,Casey Fantobens,G,0,BUF,78,54,3069,22,25,5,2066,1845,221,4.32,0,0.893,72,346,346,6,81
3547,Grzegorz Brzeczyszczykiewicz,G,0,LAP,81,53,3065,27,17,6,1738,1569,169,3.31,1,0.903,75,323,323,7,81
135,Mat Smith,G,0,CHI,76,37,1868,11,13,4,1398,1261,137,4.40,1,0.902,76,305,305,8,81
1413,Jon St. Ark,G,0,NOL,81,17,1025,11,5,1,528,478,50,2.93,1,0.905,75,272,272,9,81
3746,Tibuk Soonika,G,0,TBB,81,57,3237,30,25,0,1654,1463,191,3.54,3,0.885,66,267,267,10,81
NA, ,NA,NA,ATL,NA,NA,NA,NA,NA,NA,NA,NA,NA,NA,NA,NA,NA,0, ,1,65
NA, ,NA,NA,ATL,NA,NA,NA,NA,NA,NA,NA,NA,NA,NA,NA,NA,NA,0, ,2,65
NA, ,NA,NA,ATL,NA,NA,NA,NA,NA,NA,NA,NA,NA,NA,NA,NA,NA,0, ,3,65
NA, ,NA,NA,ATL,NA,NA,NA,NA,NA,NA,NA,NA,NA,NA,NA,NA,NA,0, ,4,65
NA, ,NA,NA,ATL,NA,NA,NA,NA,NA,NA,NA,NA,NA,NA,NA,NA,NA,0, ,5,65
NA, ,NA,NA,ATL,NA,NA,NA,NA,NA,NA,NA,NA,NA,NA,NA,NA,NA,0, ,6,65
NA, ,NA,NA,ATL,NA,NA,NA,NA,NA,NA,NA,NA,NA,NA,NA,NA,NA,0, ,7,65
NA, ,NA,NA,ATL,NA,NA,NA,NA,NA,NA,NA,NA,NA,NA,NA,NA,NA,0, ,8,65
NA, ,NA,NA,ATL,NA,NA,NA,NA,NA,NA,NA,NA,NA,NA,NA,NA,NA,0, ,9,65
NA, ,NA,NA,ATL,NA,NA,NA,NA,NA,NA,NA,NA,NA,NA,NA,NA,NA,0, ,10,65
2828,Justin Time,G,0,SFP,81,54,3255,40,12,2,1790,1652,138,2.54,5,0.923,81,559,559,1,82
2575,Rebecca Montagne,G,0,BUF,81,32,1783,19,8,3,1077,974,103,3.46,1,0.904,74,505,505,2,82
2921,BASE PACK,G,0,PHI,81,52,2992,33,12,3,1742,1562,180,3.61,2,0.897,72,479,479,3,82
849,Olof Karsikko,G,0,NEW,80,29,1502,9,12,2,975,866,109,4.35,1,0.888,68,385,385,4,82
2595,Anthony Dionne,G,0,TEX,81,51,2969,32,15,2,1708,1533,175,3.54,2,0.898,73,374,374,5,82
2789,Casey Fantobens,G,0,BUF,78,54,3069,22,25,5,2066,1845,221,4.32,0,0.893,72,346,346,6,82
3547,Grzegorz Brzeczyszczykiewicz,G,0,LAP,81,53,3065,27,17,6,1738,1569,169,3.31,1,0.903,75,323,323,7,82
135,Mat Smith,G,0,CHI,76,37,1868,11,13,4,1398,1261,137,4.40,1,0.902,76,305,305,8,82
1413,Jon St. Ark,G,0,NOL,81,17,1025,11,5,1,528,478,50,2.93,1,0.905,75,272,272,9,82
3746,Tibuk Soonika,G,0,TBB,81,57,3237,30,25,0,1654,1463,191,3.54,3,0.885,66,267,267,10,82
2828,Justin Time,G,0,SFP,81,54,3255,40,12,2,1790,1652,138,2.54,5,0.923,81,559,559,1,83
2575,Rebecca Montagne,G,0,BUF,81,32,1783,19,8,3,1077,974,103,3.46,1,0.904,74,505,505,2,83
2921,BASE PACK,G,0,PHI,81,52,2992,33,12,3,1742,1562,180,3.61,2,0.897,72,479,479,3,83
849,Olof Karsikko,G,0,NEW,80,29,1502,9,12,2,975,866,109,4.35,1,0.888,68,385,385,4,83
2595,Anthony Dionne,G,0,TEX,81,51,2969,32,15,2,1708,1533,175,3.54,2,0.898,73,374,374,5,83
2789,Casey Fantobens,G,0,BUF,78,54,3069,22,25,5,2066,1845,221,4.32,0,0.893,72,346,346,6,83
3547,Grzegorz Brzeczyszczykiewicz,G,0,LAP,81,53,3065,27,17,6,1738,1569,169,3.31,1,0.903,75,323,323,7,83
135,Mat Smith,G,0,CHI,76,37,1868,11,13,4,1398,1261,137,4.40,1,0.902,76,305,305,8,83
1413,Jon St. Ark,G,0,NOL,81,17,1025,11,5,1,528,478,50,2.93,1,0.905,75,272,272,9,83
3746,Tibuk Soonika,G,0,TBB,81,57,3237,30,25,0,1654,1463,191,3.54,3,0.885,66,267,267,10,83
