id,team,gf,ga
21,PHI,4.830492424242424,3.28125
18,ATL,4.517045454545454,3.2291666666666665
5,NEW,4.4706439393939394,3.618371212121212
0,BUF,4.37594696969697,3.4005681818181817
11,WPG,4.297348484848484,3.3645833333333335
12,SFP,4.240530303030303,3.8390151515151514
13,LAP,4.141098484848484,3.7017045454545454
1,CHI,3.956439393939394,3.8863636363636362
9,EDM,3.8768939393939394,4.262310606060606
15,TEX,3.858901515151515,3.641098484848485
6,TBB,3.84375,4.0625
7,BAP,3.8115530303030303,3.899621212121212
2,HAM,3.8020833333333335,4.7897727272727275
14,NOL,3.737689393939394,3.452651515151515
8,CGY,3.6458333333333335,4.003787878787879
3,TOR,3.5729166666666665,4.422348484848484
20,MTL,3.5113636363636362,4.443181818181818
4,MAN,3.4431818181818183,4.7831439393939394
19,SEA,3.3740530303030303,3.940340909090909
10,MIN,3.1676136363636362,4.453598484848484
