abbreviation,sow,sol,so_perc
CHI,39,26,0.6
NOL,35,26,0.5737704918032787
SEA,30,25,0.5454545454545454
CGY,33,29,0.532258064516129
NEW,27,24,0.5294117647058824
WPG,29,26,0.5272727272727272
MAN,27,25,0.5192307692307693
HAM,29,27,0.5178571428571429
SFP,29,27,0.5178571428571429
TOR,31,29,0.5166666666666667
TEX,31,30,0.5081967213114754
BUF,26,26,0.5
ATL,20,23,0.46511627906976744
LAP,25,29,0.46296296296296297
EDM,17,20,0.4594594594594595
MTL,17,20,0.4594594594594595
BAP,28,34,0.45161290322580644
MIN,23,31,0.42592592592592593
TBB,22,30,0.4230769230769231
PHI,25,36,0.4098360655737705
