team,season,CF,CA,PDO
ATL,66,54.61515151515151,36.6030303030303,101.40349393525358
ATL,67,50.342424242424244,39.587878787878786,102.57726365637888
ATL,68,48.11313131313131,38.65858585858586,103.97469948192813
ATL,69,53.52424242424242,39.230303030303034,100.17100394124878
ATL,70,52.9969696969697,38.154545454545456,101.61285391179595
ATL,71,54.71515151515151,39.78484848484849,98.80809452473586
ATL,72,55.88484848484849,40.64242424242424,99.71387491749344
ATL,73,60.47575757575758,47.054545454545455,101.2549829121578
ATL,74,60.14545454545455,48.93333333333333,101.23258850948365
ATL,75,59.19393939393939,50.657575757575756,99.71422372500417
ATL,76,51.054545454545455,48.57878787878788,98.72453377776502
ATL,77,50.85454545454546,47.25151515151515,101.07368585566398
ATL,78,55.339393939393936,50.81515151515151,99.65525780070756
ATL,79,52.69090909090909,47.06969696969697,100.01711959452173
ATL,80,55.378787878787875,42.18181818181818,102.3371596001379
ATL,81,57.44848484848485,47.481818181818184,101.87087781867777
BAP,66,37.56060606060606,49.82727272727273,99.66382918057353
BAP,67,33.67878787878788,52.44848484848485,98.86117859897135
BAP,68,35.2060606060606,48.67272727272727,98.81816199533705
BAP,69,31.224242424242426,48.557575757575755,97.75024667152438
BAP,70,41.445454545454545,50.16969696969697,99.41880173289208
BAP,71,50.29342657342657,47.132074592074595,99.53416739453012
BAP,72,46.64242424242424,47.342424242424244,99.80661957586675
BAP,73,52.8939393939394,52.412121212121214,101.06381406530178
BAP,74,54.530303030303024,47.16666666666667,102.18678251996383
BAP,75,56.11515151515151,48.35151515151515,101.60335710738705
BAP,76,49.42424242424242,46.35757575757576,104.12894632325529
BAP,77,51.263636363636365,48.54545454545455,100.50577153756906
BAP,78,52.24848484848485,46.86060606060606,100.37431863511101
BAP,79,50.38484848484849,50.018181818181816,100.75976813456373
BAP,80,50.512121212121215,50.32727272727273,100.15438028637644
BAP,81,49.36363636363636,49.46060606060606,100.77253982953798
BUF,66,52.30909090909091,40.263636363636365,100.52469483854567
BUF,67,47.160606060606064,41.945454545454545,101.05029503984208
BUF,68,54.71515151515151,43.769696969696966,101.26809808132083
BUF,69,59.648981191222575,43.077351097178685,100.8373324567147
BUF,70,55.278787878787874,43.45151515151515,99.95889601152759
BUF,71,56.57272727272728,43.1,101.73784792597655
BUF,72,53.015151515151516,44.839393939393936,101.0511235132931
BUF,73,58.81818181818183,46.92727272727272,101.18661244917111
BUF,74,56.82424242424243,45.372727272727275,102.64213966163827
BUF,75,54.972727272727276,47.87878787878788,101.59450123588414
BUF,76,58.13939393939394,50.657575757575756,101.07850205691504
BUF,77,53.06969696969698,49.7030303030303,101.4766895196229
BUF,78,55.22727272727273,52.1939393939394,100.61398467991762
BUF,79,52.65173448773449,54.374314574314575,100.61033584998842
BUF,80,52.57272727272728,49.65151515151515,100.65987738764757
BUF,81,51.97575757575758,54.89090909090909,101.05324038163974
CGY,66,41.36969696969697,50.012121212121215,99.52412560846295
CGY,67,42.76449570330168,51.916644052464946,103.6223080642593
CGY,68,42.190909090909095,47.018181818181816,101.78928291220606
CGY,69,43.74545454545454,46.04545454545455,101.93926947337538
CGY,70,44.260606060606065,49.521212121212116,102.12637529897803
CGY,71,38.170918136589776,49.97860696517413,99.09691543923272
CGY,72,39.96363636363636,58.512121212121215,100.39858517556364
CGY,73,45.00303030303031,63.9939393939394,98.65995310626721
CGY,74,40.160606060606064,54.51818181818182,99.86729052982845
CGY,75,39.36060606060606,53.45151515151515,100.78251922452075
CGY,76,48.733333333333334,50.61515151515151,98.50454064863705
CGY,77,46.14242424242424,54.621212121212125,97.73053796820831
CGY,78,45.803030303030305,47.06666666666667,101.60113079362196
CGY,79,52.82424242424243,52.14848484848485,100.2991244571402
CGY,80,51.18787878787879,58.18181818181819,101.41035520805373
CGY,81,53.481818181818184,51.3030303030303,100.34938763638817
CHI,66,54.21515151515151,40.693939393939395,101.65008929016102
CHI,67,48.65151515151515,40.78181818181818,99.55679574903894
CHI,68,55.006060606060615,39.18181818181818,100.06892160367677
CHI,69,51.260606060606065,40.342424242424244,101.87108150470219
CHI,70,47.763636363636365,41.263636363636365,100.5772845293077
CHI,71,49.942424242424245,45.14848484848485,100.33662889388448
CHI,72,53.63636363636364,43.89393939393939,102.53573232872981
CHI,73,52.88484848484849,47.37878787878788,100.35696797843272
CHI,74,50.45151515151515,47.22727272727273,100.41808429118775
CHI,75,48.269696969696966,48.681372549019606,98.64614366103939
CHI,76,48.87847971237802,56.56548536209554,99.54665394792515
CHI,77,47.654545454545456,59.584848484848486,101.02330308332913
CHI,78,44.127272727272725,55.8969696969697,98.28433904314214
CHI,79,49.235868488809665,60.608793820558525,99.24711920209161
CHI,80,49.17575757575757,54.34242424242424,98.29364116663972
CHI,81,50.13939393939394,50.33030303030303,101.40778510184165
EDM,66,36.415454545454544,68.37848484848485,96.09088821154828
EDM,67,35.06102564102564,49.953613053613054,100.26788099206216
EDM,68,37.21212121212121,40.660606060606064,100.29415078043836
EDM,69,45.45757575757575,38.24545454545454,100.0842284233117
EDM,70,52.515151515151516,40.78484848484849,99.73626607154125
EDM,71,55.38484848484849,41.03333333333333,102.18788868406573
EDM,72,57.67272727272727,40.61818181818182,101.55337284306636
EDM,73,62.36060606060606,39.481818181818184,103.56451118044885
EDM,74,58.9,39.03636363636364,103.33500845682593
EDM,75,56.16969696969697,38.18787878787879,101.93059183705711
EDM,76,41.43939393939394,56.9,100.68159694338812
EDM,77,41.36969696969697,57.36666666666666,97.75671145568124
EDM,78,42.21515151515151,63.06060606060606,98.13524532167558
EDM,79,51.035366826156306,60.185326953748,99.00074499157276
EDM,80,41.35757575757576,52.3939393939394,97.40842936752692
EDM,81,44.31897435897436,54.64181818181818,98.99816996797443
HAM,66,46.60909090909091,50.85454545454546,100.66620453282995
HAM,67,34.11818181818182,61.06060606060606,96.88768765536334
HAM,68,34.42121212121212,57.660606060606064,98.60055847782324
HAM,69,38.42424242424242,51.56060606060606,97.37671106268301
HAM,70,45.36666666666667,45.49393939393939,98.44505153656452
HAM,71,46.57575757575758,44.90909090909091,99.58969855108086
HAM,72,47.28484848484849,45.14848484848485,99.99027738255991
HAM,73,54.43939393939394,52.52424242424242,100.89706658156065
HAM,74,55.409090909090914,50.38484848484849,99.83898137138327
HAM,75,54.83030303030303,52.8,102.33556597435316
HAM,76,55.2939393939394,47.83030303030303,98.77281195824972
HAM,77,47.77272727272727,53.59393939393939,98.39832207791493
HAM,78,46.49090909090909,56.2030303030303,101.0590565153793
HAM,79,48.6,55.11212121212121,98.39337974459028
HAM,80,50.49253246753246,48.04209956709957,99.37124053209037
HAM,81,52.263636363636365,55.630303030303025,96.61802921579864
LAP,66,54.15757575757576,39.07272727272728,101.96397212850705
LAP,67,51.23030303030303,44.12121212121212,99.4613809559081
LAP,68,41.68484848484849,47.61212121212121,98.9886390524942
LAP,69,34.56363636363636,42.806060606060605,98.60728478918286
LAP,70,47.66666666666667,54.839393939393936,97.55543401398411
LAP,71,54.372727272727275,48.37878787878788,97.55878918381714
LAP,72,55.19393939393939,45.36363636363636,99.21556805572482
LAP,73,55.34848484848485,51.9060606060606,101.37769383358382
LAP,74,54.415151515151514,48.11212121212121,102.27924797291277
LAP,75,56.13030303030304,46.75151515151515,101.65752592379995
LAP,76,58.961133069828726,45.203162055335966,102.36754127686143
LAP,77,56.38484848484849,40.93030303030303,100.89749462822988
LAP,78,55.38787878787879,42.67272727272727,102.74971382360143
LAP,79,53.69048951048951,45.533846153846156,102.3966295594923
LAP,80,51.865780885780886,46.03137529137529,99.83742421658165
LAP,81,53.05151515151515,49.96363636363636,101.63179916317992
MAN,66,47.67575757575757,44.9,101.11547465186706
MAN,67,46.269696969696966,45.30909090909091,101.06551544758227
MAN,68,51.412961632961625,44.921610281610285,100.68216711847622
MAN,69,51.84848484848485,42.32121212121212,101.53629196571758
MAN,70,48.18181818181818,55.775757575757574,97.82011366376109
MAN,71,34.57575757575758,66.01515151515152,97.3271192995817
MAN,72,37.72727272727273,61.124242424242425,95.2445726973332
MAN,73,42.57272727272728,62.72727272727273,96.6069241619926
MAN,74,42.28484848484849,63.78787878787879,95.65846340039889
MAN,75,48.33030303030303,59.36363636363636,98.51091658208883
MAN,76,48.13333333333333,55.64848484848485,100.95303193047553
MAN,77,45.13939393939394,50.775757575757574,99.49242108190795
MAN,78,44.763636363636365,47.50606060606061,98.01694724387914
MAN,79,46.28484848484849,52.2969696969697,99.5919129116605
MAN,80,49.790909090909096,49.74545454545454,101.55428703596134
MAN,81,47.660606060606064,57.415151515151514,100.17003921188943
MIN,66,35.78787878787879,62.78787878787879,98.6827090029099
MIN,67,29.693939393939395,58.36363636363636,96.94583817665495
MIN,68,38.35719696969697,54.49659090909091,97.58031442241969
MIN,69,36.972727272727276,56.35757575757576,98.5029829795711
MIN,70,44.10909090909091,53.47575757575758,99.33850557118231
MIN,71,41.42424242424242,54.087878787878786,100.35849810833186
MIN,72,44.31818181818182,53.28181818181819,99.73385599630399
MIN,73,58.8939393939394,51.08181818181818,99.39513661536579
MIN,74,60.45757575757576,53.32727272727273,98.94321461835021
MIN,75,42.847727272727276,50.97784090909091,101.52885936784241
MIN,76,50.44903129657228,50.17426726279185,98.56077964588603
MIN,77,54.75219357756671,50.5790592492085,101.03254805364324
MIN,78,51.372727272727275,53.775757575757574,99.11772394562566
MIN,79,51.242742000950955,52.54510044957806,99.00523781363522
MIN,80,42.15151515151515,56.409090909090914,97.14988055745295
MIN,81,36.75151515151515,64.13535353535353,96.08477916067366
MTL,66,43.84848484848485,43.96969696969697,102.9369306433707
MTL,67,46.43636363636364,43.124242424242425,101.61490139435966
MTL,68,48.691477272727276,41.00748106060606,101.41513163095897
MTL,69,51.160606060606064,40.88484848484849,103.22148761424477
MTL,70,52.23030303030303,43.71515151515151,102.29153715256814
MTL,71,50.624242424242425,43.93030303030303,103.96847649366707
MTL,72,51.336363636363636,44.74848484848485,102.85644171779143
MTL,73,37.515151515151516,62.624242424242425,96.5447399265032
MTL,74,32.13333333333333,73.68181818181819,95.9484637673593
MTL,75,32.590909090909086,76.68787878787879,95.70987260333426
MTL,76,37.85757575757576,65.1030303030303,97.85205928959493
MTL,77,43.30909090909091,59.84242424242424,96.21348631618545
MTL,78,49.281378299120234,65.53323558162268,98.52718108567396
MTL,79,49.17575757575757,54.263636363636365,99.59517240664009
MTL,80,47.49696969696969,49.78181818181818,98.84815339317754
MTL,81,53.372727272727275,47.442424242424245,101.64440293262061
NEW,66,39.06363636363636,53.71818181818181,99.776423637166
NEW,67,42.660606060606064,44.766666666666666,98.36323045152649
NEW,68,47.39090909090909,42.6,100.05510930932526
NEW,69,51.28484848484849,39.481818181818184,102.25081152935944
NEW,70,52.484848484848484,46.03636363636364,101.0511980909304
NEW,71,56.236363636363635,38.42121212121212,102.42466136859665
NEW,72,53.69090909090909,39.571969696969695,101.76483717447495
NEW,73,57.13939393939394,40.945454545454545,104.53977803303887
NEW,74,58.18484848484849,45.38484848484849,100.21503937416128
NEW,75,60.46363636363636,51.512121212121215,101.58650584092919
NEW,76,57.93333333333334,49.32121212121212,99.87554825411094
NEW,77,53.64848484848485,42.74242424242424,102.18472943415757
NEW,78,60.63333333333334,53.3,101.18398795610995
NEW,79,54.5030303030303,50.42727272727272,101.51492555825403
NEW,80,49.88181818181818,52.06969696969696,99.30623397713256
NEW,81,56.990909090909085,49.57272727272728,99.59417570764336
NOL,66,47.7030303030303,45.154545454545456,100.83936775791696
NOL,67,46.72727272727273,46.94848484848485,101.70063111239583
NOL,68,47.28787878787879,47.77878787878788,98.56385042425566
NOL,69,44.43636363636364,46.512121212121215,101.53075939454432
NOL,70,44.89393939393939,49.05959595959596,101.85200752320362
NOL,71,42.53636363636364,49.07575757575758,102.36471255508211
NOL,72,40.590909090909086,54.53636363636364,99.93132486252836
NOL,73,45.93030303030303,50.67575757575757,99.22511271836609
NOL,74,49.14545454545454,51.64848484848485,100.72821912382925
NOL,75,51.03939393939394,49.557575757575755,100.20324581735602
NOL,76,51.839393939393936,49.61515151515151,101.40351803054347
NOL,77,51.660606060606064,46.63636363636364,101.05323674830402
NOL,78,54.35454545454545,50.78484848484848,99.02639498622894
NOL,79,52.1,49.78484848484849,99.3614948759828
NOL,80,53.64848484848485,43.96060606060606,100.59251168581025
NOL,81,54.7060606060606,46.766666666666666,100.09863846357364
PHI,66,44.85757575757576,45.36666666666667,99.17987423401456
PHI,67,49.093939393939394,42.8969696969697,101.60175022701956
PHI,68,49.43636363636364,36.942424242424245,101.18286981508867
PHI,69,55.26969696969697,36.5,100.1581585737521
PHI,70,56.81515151515151,38.236363636363635,103.10493889096723
PHI,71,58.46666666666666,38.593939393939394,101.63594916982352
PHI,72,58.472727272727276,38.83333333333333,100.90159516881796
PHI,73,59.28787878787879,41.13333333333333,102.03096994967109
PHI,74,60.17575757575757,43.54242424242425,101.79335991263227
PHI,75,61.36060606060606,43.81212121212121,101.5647062055325
PHI,76,56.742424242424235,45.64242424242424,100.16940327551566
PHI,77,53.95454545454545,39.224242424242426,102.38782769856216
PHI,78,55.909090909090914,44.38787878787879,101.29496113350149
PHI,79,54.52121212121212,43.7969696969697,101.05977076586939
PHI,80,53.11818181818181,44.9030303030303,101.54889470478822
PHI,81,54.33030303030303,49.07878787878788,100.73709744428214
SEA,66,49.43333333333333,39.209090909090904,99.61329959922884
SEA,67,54.27272727272727,37.58484848484848,100.09315373011883
SEA,68,47.209090909090904,30.93030303030303,104.25449171657462
SEA,69,47.87878787878788,31.672727272727276,103.23106910597355
SEA,70,46.52121212121212,36.43030303030303,101.69350545648123
SEA,71,41.54238816738817,39.73618326118326,98.56735608384845
SEA,72,39.8030303030303,52.85454545454545,99.48930044642177
SEA,73,37.58181818181818,57.2060606060606,98.08464578899361
SEA,74,32.35757575757576,58.512121212121215,95.53365070902412
SEA,75,34.10909090909091,59.61515151515151,94.81488279282968
SEA,76,37.084848484848486,57.412121212121214,96.62338169975786
SEA,77,37.13333333333333,57.909090909090914,101.86562806306021
SEA,78,38.87878787878788,57.375757575757575,99.55070494929349
SEA,79,43.50909090909091,60.6030303030303,99.8085300019174
SEA,80,50.43030303030303,55.969696969696976,102.02232760324046
SEA,81,51.90606060606061,52.76969696969697,101.06508648216692
SFP,66,57.015151515151516,41.14848484848485,100.9530542530585
SFP,67,53.630303030303025,41.36969696969697,99.71165771739257
SFP,68,36.844848484848484,51.42727272727272,97.66314345697361
SFP,69,37.22727272727273,53.663636363636364,98.8439400410066
SFP,70,41.91818181818182,49.275757575757574,97.8741963297912
SFP,71,43.78181818181818,51.157575757575756,99.91622159388417
SFP,72,42.7,55.05757575757576,100.20147984624754
SFP,73,48.29090909090909,58.469696969696976,98.33983771195614
SFP,74,48.56969696969697,51.44848484848485,101.05618159254892
SFP,75,50.34848484848485,48.10606060606061,99.42735009225366
SFP,76,57.67878787878787,45.65151515151515,102.48277283067276
SFP,77,59.93636363636364,42.83030303030303,101.12835483567191
SFP,78,68.47575757575757,44.730303030303034,100.87099640310066
SFP,79,56.428458498023716,41.45243741765481,102.48937037341108
SFP,80,60.087878787878786,40.775757575757574,101.62639967350368
SFP,81,64.9030303030303,47.36060606060606,103.0077086994541
TBB,66,48.78181818181818,46.412121212121214,101.03327678869856
TBB,67,50.63939393939394,48.74545454545454,99.51395372964001
TBB,68,42.29545454545455,53.594563279857404,97.7016034449947
TBB,69,40.97575757575758,50.54848484848485,98.83103647621552
TBB,70,41.17575757575757,56.31212121212121,97.56271097660341
TBB,71,41.41515151515152,53.94848484848485,99.83741184679185
TBB,72,46.17878787878788,57.94242424242424,100.62370346999425
TBB,73,50.22121212121212,54.42121212121212,98.23815981513103
TBB,74,59.10884652981427,56.451075268817206,100.8653477905539
TBB,75,57.630303030303025,48.46969696969697,101.65796240147608
TBB,76,50.22727272727273,52.739393939393935,102.22569192717994
TBB,77,47.17575757575757,46.56363636363636,102.1700546247207
TBB,78,53.5060606060606,45.584848484848486,102.91509841847764
TBB,79,53.721212121212126,44.71818181818182,100.16992432244167
TBB,80,53.987878787878785,47.16666666666667,101.69439291926675
TBB,81,54.760606060606065,46.163636363636364,98.84803921568627
TEX,66,42.61818181818182,51.13030303030303,100.09748226469073
TEX,67,38.79090909090909,50.06666666666667,98.94194957152274
TEX,68,39.21212121212121,52.71604278074866,98.35050569505475
TEX,69,39.8,49.981818181818184,99.0200246550341
TEX,70,41.99696969696969,51.02424242424242,100.96938775510205
TEX,71,42.836363636363636,51.60909090909091,99.9990364696247
TEX,72,48.27272727272727,47.087878787878786,100.3105914372677
TEX,73,49.96666666666667,48.18181818181818,99.54181691057086
TEX,74,56.56363636363636,48.86363636363636,100.43138381034427
TEX,75,54.4060606060606,47.38484848484849,101.13956196596186
TEX,76,54.836363636363636,45.95151515151515,101.14291841825795
TEX,77,57.22727272727273,41.53636363636364,100.45517963161173
TEX,78,55.35454545454545,42.75151515151515,100.81839290472385
TEX,79,56.42727272727272,45.515151515151516,100.10606868748442
TEX,80,51.630303030303025,47.10606060606061,100.73598776353911
TEX,81,57.33030303030303,50.28181818181818,101.21130235662923
TOR,66,45.63636363636364,44.71212121212121,100.67162040790629
TOR,67,61.484848484848484,41.721212121212126,101.38601961679421
TOR,68,55.833333333333336,43.90909090909091,101.31476264736085
TOR,69,22.772727272727273,57.28787878787879,99.21900760461793
TOR,70,32.57005347593583,65.64830659536543,98.66962115160113
TOR,71,34.984848484848484,62.97575757575758,96.90142358313187
TOR,72,36.46606060606061,58.89291375291375,99.04664508263777
TOR,73,41.7,59.02121212121212,99.86924483565528
TOR,74,48.92121212121212,62.05151515151515,100.85288744172391
TOR,75,51.05151515151515,56.36363636363636,99.88654781199352
TOR,76,53.44545454545455,53.009090909090915,99.56066906826004
TOR,77,48.95151515151515,50.93939393939394,100.15547986375475
TOR,78,53.46666666666666,55.266666666666666,100.78134063474245
TOR,79,51.07368421052632,53.67416267942584,102.14287143691917
TOR,80,48.79614099590027,57.00010577610482,99.77476042238325
TOR,81,47.941837732160316,61.26549364613881,101.14504576420033
WPG,66,49.86363636363636,40.015151515151516,99.50768186062304
WPG,67,54.739393939393935,34.4,101.21549253552371
WPG,68,51.45757575757576,39.593939393939394,103.13424176723294
WPG,69,53.56969696969698,33.154545454545456,100.31934701602887
WPG,70,56.55454545454545,37.91818181818182,101.97706223907097
WPG,71,54.39090909090909,39.66969696969697,102.54207932777366
WPG,72,57.65454545454545,36.03333333333333,100.08111850458639
WPG,73,56.736363636363635,39.67878787878788,102.37259407463064
WPG,74,54.275757575757574,42.86060606060606,99.80059539308095
WPG,75,49.25454545454546,39.654545454545456,101.21360577880051
WPG,76,51.63939393939394,46.46363636363636,101.10247153568453
WPG,77,45.36522144522145,51.27291375291376,99.52655103564884
WPG,78,45.39090909090909,53.85757575757576,100.21610846698617
WPG,79,45.843506493506496,53.06825396825396,99.08882033037791
WPG,80,43.406060606060606,60.32727272727273,100.21354154725917
WPG,81,45.15151515151515,51.64242424242425,100.59385684187507
