team,win,loss,otl,goal_diff,p_pct
Philadelphia Forge,699,298,59,1625,0.6898674242424242
Atlanta Inferno,693,315,48,1357,0.6789772727272727
Buffalo Stampede,637,353,66,1030,0.634469696969697
Winnipeg Aurora,637,368,51,988,0.6273674242424242
New England Wolfpack,618,378,60,903,0.6136363636363636
Los Angeles Panthers,578,424,54,460,0.5729166666666666
Texas Renegades,569,423,64,231,0.5691287878787878
New Orleans Specters,567,427,62,310,0.5662878787878788
San Francisco Pride,559,435,62,426,0.5587121212121212
Chicago Syndicate,541,449,66,87,0.5435606060606061
Baltimore Platoon,515,470,71,-99,0.5213068181818182
Calgary Dragons,500,486,70,-374,0.5066287878787878
Tampa Bay Barracuda,475,507,74,-239,0.48484848484848486
Seattle Argonauts,473,523,60,-593,0.47632575757575757
Edmonton Blizzard,463,537,56,-410,0.4649621212121212
Montreal Patriotes,442,566,48,-987,0.4412878787878788
Toronto North Stars,437,564,55,-895,0.43986742424242425
Hamilton Steelhawks,408,584,64,-1041,0.4166666666666667
Manhattan Rage,390,602,64,-1413,0.3996212121212121
Minnesota Monarchs,359,638,59,-1366,0.3678977272727273
