team,opponent,win,loss,otl,diff,diff_game,point_total,p_pct,tot_points,points_avial,best_team
Philadelphia Forge,Manhattan Rage,88,13,6,317,2.9626168224299065,214,0.8504672897196262,1457,2112,0.6898674242424242
Philadelphia Forge,Minnesota Monarchs,26,5,1,87,2.71875,64,0.828125,1457,2112,0.6898674242424242
Philadelphia Forge,Hamilton Steelhawks,50,10,4,141,2.203125,128,0.8125,1457,2112,0.6898674242424242
Philadelphia Forge,San Francisco Pride,25,5,2,70,2.1875,64,0.8125,1457,2112,0.6898674242424242
Philadelphia Forge,Toronto North Stars,48,14,2,150,2.34375,128,0.765625,1457,2112,0.6898674242424242
Philadelphia Forge,Montreal Patriotes,47,16,1,152,2.375,128,0.7421875,1457,2112,0.6898674242424242
Philadelphia Forge,Edmonton Blizzard,23,8,1,58,1.8125,64,0.734375,1457,2112,0.6898674242424242
Philadelphia Forge,Baltimore Platoon,68,24,8,175,1.75,200,0.72,1457,2112,0.6898674242424242
Philadelphia Forge,Chicago Syndicate,21,9,2,77,2.40625,64,0.6875,1457,2112,0.6898674242424242
Philadelphia Forge,Tampa Bay Barracuda,69,35,3,137,1.280373831775701,214,0.6588785046728972,1457,2112,0.6898674242424242
Philadelphia Forge,Calgary Dragons,20,11,1,57,1.78125,64,0.640625,1457,2112,0.6898674242424242
Philadelphia Forge,Texas Renegades,20,11,1,25,0.78125,64,0.640625,1457,2112,0.6898674242424242
Philadelphia Forge,Winnipeg Aurora,20,11,1,22,0.6875,64,0.640625,1457,2112,0.6898674242424242
Philadelphia Forge,Los Angeles Panthers,19,11,2,28,0.875,64,0.625,1457,2112,0.6898674242424242
Philadelphia Forge,New Orleans Specters,18,10,4,29,0.90625,64,0.625,1457,2112,0.6898674242424242
Philadelphia Forge,Seattle Argonauts,18,11,3,34,1.0625,64,0.609375,1457,2112,0.6898674242424242
Philadelphia Forge,Atlanta Inferno,57,40,5,22,0.21568627450980393,204,0.5833333333333334,1457,2112,0.6898674242424242
Philadelphia Forge,New England Wolfpack,31,25,8,21,0.328125,128,0.546875,1457,2112,0.6898674242424242
Philadelphia Forge,Buffalo Stampede,31,29,4,23,0.359375,128,0.515625,1457,2112,0.6898674242424242
Philadelphia Forge,Philadelphia Forge,NA,NA,NA,NA,NA,NA,NA,1457,2112,0.6898674242424242
Atlanta Inferno,Minnesota Monarchs,26,5,1,81,2.53125,64,0.828125,1434,2112,0.6789772727272727
Atlanta Inferno,Hamilton Steelhawks,49,12,3,137,2.140625,128,0.7890625,1434,2112,0.6789772727272727
Atlanta Inferno,Manhattan Rage,75,20,5,244,2.44,200,0.775,1434,2112,0.6789772727272727
Atlanta Inferno,Montreal Patriotes,47,14,3,125,1.953125,128,0.7578125,1434,2112,0.6789772727272727
Atlanta Inferno,Calgary Dragons,22,6,4,41,1.28125,64,0.75,1434,2112,0.6789772727272727
Atlanta Inferno,Chicago Syndicate,24,8,0,39,1.21875,64,0.75,1434,2112,0.6789772727272727
Atlanta Inferno,Edmonton Blizzard,24,8,0,61,1.90625,64,0.75,1434,2112,0.6789772727272727
Atlanta Inferno,Tampa Bay Barracuda,75,25,5,152,1.4476190476190476,210,0.7380952380952381,1434,2112,0.6789772727272727
Atlanta Inferno,Baltimore Platoon,77,30,2,149,1.3669724770642202,218,0.7155963302752294,1434,2112,0.6789772727272727
Atlanta Inferno,Seattle Argonauts,22,9,1,53,1.65625,64,0.703125,1434,2112,0.6789772727272727
Atlanta Inferno,Texas Renegades,21,9,2,39,1.21875,64,0.6875,1434,2112,0.6789772727272727
Atlanta Inferno,Toronto North Stars,42,19,3,121,1.890625,128,0.6796875,1434,2112,0.6789772727272727
Atlanta Inferno,San Francisco Pride,21,10,1,52,1.625,64,0.671875,1434,2112,0.6789772727272727
Atlanta Inferno,Los Angeles Panthers,21,11,0,46,1.4375,64,0.65625,1434,2112,0.6789772727272727
Atlanta Inferno,New Orleans Specters,19,9,4,25,0.78125,64,0.65625,1434,2112,0.6789772727272727
Atlanta Inferno,Buffalo Stampede,33,25,6,19,0.296875,128,0.5625,1434,2112,0.6789772727272727
Atlanta Inferno,New England Wolfpack,34,29,1,-2,-0.03125,128,0.5390625,1434,2112,0.6789772727272727
Atlanta Inferno,Winnipeg Aurora,16,16,0,-3,-0.09375,64,0.5,1434,2112,0.6789772727272727
Atlanta Inferno,Philadelphia Forge,45,50,7,-22,-0.21568627450980393,204,0.47549019607843135,1434,2112,0.6789772727272727
Atlanta Inferno,Atlanta Inferno,NA,NA,NA,NA,NA,NA,NA,1434,2112,0.6789772727272727
Buffalo Stampede,Calgary Dragons,22,8,2,43,1.34375,64,0.71875,1340,2112,0.634469696969697
Buffalo Stampede,Baltimore Platoon,44,17,3,73,1.140625,128,0.7109375,1340,2112,0.634469696969697
Buffalo Stampede,Manhattan Rage,44,17,3,111,1.734375,128,0.7109375,1340,2112,0.634469696969697
Buffalo Stampede,Toronto North Stars,67,26,10,182,1.766990291262136,206,0.6990291262135923,1340,2112,0.634469696969697
Buffalo Stampede,Tampa Bay Barracuda,41,19,4,89,1.390625,128,0.671875,1340,2112,0.634469696969697
Buffalo Stampede,Hamilton Steelhawks,69,33,4,170,1.6037735849056605,212,0.6698113207547169,1340,2112,0.634469696969697
Buffalo Stampede,Edmonton Blizzard,21,11,0,32,1,64,0.65625,1340,2112,0.634469696969697
Buffalo Stampede,Seattle Argonauts,19,9,4,35,1.09375,64,0.65625,1340,2112,0.634469696969697
Buffalo Stampede,New England Wolfpack,66,35,2,90,0.8737864077669902,206,0.6504854368932039,1340,2112,0.634469696969697
Buffalo Stampede,Chicago Syndicate,20,11,1,36,1.125,64,0.640625,1340,2112,0.634469696969697
Buffalo Stampede,Minnesota Monarchs,19,10,3,34,1.0625,64,0.640625,1340,2112,0.634469696969697
Buffalo Stampede,Montreal Patriotes,62,35,7,147,1.4134615384615385,208,0.6298076923076923,1340,2112,0.634469696969697
Buffalo Stampede,Los Angeles Panthers,17,11,4,22,0.6875,64,0.59375,1340,2112,0.634469696969697
Buffalo Stampede,New Orleans Specters,19,13,0,19,0.59375,64,0.59375,1340,2112,0.634469696969697
Buffalo Stampede,Texas Renegades,15,11,6,3,0.09375,64,0.5625,1340,2112,0.634469696969697
Buffalo Stampede,Philadelphia Forge,33,28,3,-23,-0.359375,128,0.5390625,1340,2112,0.634469696969697
Buffalo Stampede,San Francisco Pride,16,15,1,2,0.0625,64,0.515625,1340,2112,0.634469696969697
Buffalo Stampede,Atlanta Inferno,31,30,3,-19,-0.296875,128,0.5078125,1340,2112,0.634469696969697
Buffalo Stampede,Winnipeg Aurora,12,14,6,-16,-0.5,64,0.46875,1340,2112,0.634469696969697
Buffalo Stampede,Buffalo Stampede,NA,NA,NA,NA,NA,NA,NA,1340,2112,0.634469696969697
Winnipeg Aurora,Hamilton Steelhawks,24,4,4,56,1.75,64,0.8125,1325,2112,0.6273674242424242
Winnipeg Aurora,Toronto North Stars,23,7,2,71,2.21875,64,0.75,1325,2112,0.6273674242424242
Winnipeg Aurora,Minnesota Monarchs,74,28,3,186,1.7714285714285714,210,0.719047619047619,1325,2112,0.6273674242424242
Winnipeg Aurora,Montreal Patriotes,23,9,0,78,2.4375,64,0.71875,1325,2112,0.6273674242424242
Winnipeg Aurora,Seattle Argonauts,44,16,4,103,1.609375,128,0.71875,1325,2112,0.6273674242424242
Winnipeg Aurora,Chicago Syndicate,66,32,5,82,0.7961165048543689,206,0.6650485436893204,1325,2112,0.6273674242424242
Winnipeg Aurora,Edmonton Blizzard,42,22,0,83,1.296875,128,0.65625,1325,2112,0.6273674242424242
Winnipeg Aurora,Buffalo Stampede,20,11,1,16,0.5,64,0.640625,1325,2112,0.6273674242424242
Winnipeg Aurora,Texas Renegades,64,35,5,83,0.7980769230769231,208,0.6394230769230769,1325,2112,0.6273674242424242
Winnipeg Aurora,Manhattan Rage,19,11,2,27,0.84375,64,0.625,1325,2112,0.6273674242424242
Winnipeg Aurora,Baltimore Platoon,16,10,6,27,0.84375,64,0.59375,1325,2112,0.6273674242424242
Winnipeg Aurora,Tampa Bay Barracuda,19,13,0,39,1.21875,64,0.59375,1325,2112,0.6273674242424242
Winnipeg Aurora,Los Angeles Panthers,36,25,3,28,0.4375,128,0.5859375,1325,2112,0.6273674242424242
Winnipeg Aurora,New Orleans Specters,58,41,5,54,0.5192307692307693,208,0.5817307692307693,1325,2112,0.6273674242424242
Winnipeg Aurora,Calgary Dragons,35,27,2,25,0.390625,128,0.5625,1325,2112,0.6273674242424242
Winnipeg Aurora,San Francisco Pride,32,25,7,40,0.625,128,0.5546875,1325,2112,0.6273674242424242
Winnipeg Aurora,Atlanta Inferno,16,16,0,3,0.09375,64,0.5,1325,2112,0.6273674242424242
Winnipeg Aurora,New England Wolfpack,14,17,1,9,0.28125,64,0.453125,1325,2112,0.6273674242424242
Winnipeg Aurora,Philadelphia Forge,12,19,1,-22,-0.6875,64,0.390625,1325,2112,0.6273674242424242
Winnipeg Aurora,Winnipeg Aurora,NA,NA,NA,NA,NA,NA,NA,1325,2112,0.6273674242424242
New England Wolfpack,Chicago Syndicate,25,4,3,60,1.875,64,0.828125,1296,2112,0.6136363636363636
New England Wolfpack,Baltimore Platoon,46,13,5,116,1.8125,128,0.7578125,1296,2112,0.6136363636363636
New England Wolfpack,Seattle Argonauts,24,8,0,58,1.8125,64,0.75,1296,2112,0.6136363636363636
New England Wolfpack,Minnesota Monarchs,22,8,2,53,1.65625,64,0.71875,1296,2112,0.6136363636363636
New England Wolfpack,Edmonton Blizzard,21,8,3,49,1.53125,64,0.703125,1296,2112,0.6136363636363636
New England Wolfpack,Montreal Patriotes,68,30,3,176,1.7425742574257426,202,0.6881188118811881,1296,2112,0.6136363636363636
New England Wolfpack,Manhattan Rage,43,19,2,136,2.125,128,0.6875,1296,2112,0.6136363636363636
New England Wolfpack,Hamilton Steelhawks,65,30,9,157,1.5096153846153846,208,0.6682692307692307,1296,2112,0.6136363636363636
New England Wolfpack,Toronto North Stars,66,39,3,134,1.2407407407407407,216,0.625,1296,2112,0.6136363636363636
New England Wolfpack,Texas Renegades,18,11,3,17,0.53125,64,0.609375,1296,2112,0.6136363636363636
New England Wolfpack,Tampa Bay Barracuda,37,25,2,46,0.71875,128,0.59375,1296,2112,0.6136363636363636
New England Wolfpack,San Francisco Pride,18,13,1,-2,-0.0625,64,0.578125,1296,2112,0.6136363636363636
New England Wolfpack,Winnipeg Aurora,18,13,1,-9,-0.28125,64,0.578125,1296,2112,0.6136363636363636
New England Wolfpack,Philadelphia Forge,33,25,6,-21,-0.328125,128,0.5625,1296,2112,0.6136363636363636
New England Wolfpack,Atlanta Inferno,30,26,8,2,0.03125,128,0.53125,1296,2112,0.6136363636363636
New England Wolfpack,Los Angeles Panthers,16,14,2,7,0.21875,64,0.53125,1296,2112,0.6136363636363636
New England Wolfpack,Calgary Dragons,15,14,3,10,0.3125,64,0.515625,1296,2112,0.6136363636363636
New England Wolfpack,New Orleans Specters,16,15,1,4,0.125,64,0.515625,1296,2112,0.6136363636363636
New England Wolfpack,Buffalo Stampede,37,63,3,-90,-0.8737864077669902,206,0.3737864077669903,1296,2112,0.6136363636363636
New England Wolfpack,New England Wolfpack,NA,NA,NA,NA,NA,NA,NA,1296,2112,0.6136363636363636
Los Angeles Panthers,Hamilton Steelhawks,24,7,1,75,2.34375,64,0.765625,1210,2112,0.5729166666666666
Los Angeles Panthers,Minnesota Monarchs,48,14,2,111,1.734375,128,0.765625,1210,2112,0.5729166666666666
Los Angeles Panthers,Baltimore Platoon,20,9,3,37,1.15625,64,0.671875,1210,2112,0.5729166666666666
Los Angeles Panthers,Montreal Patriotes,20,11,1,56,1.75,64,0.640625,1210,2112,0.5729166666666666
Los Angeles Panthers,Tampa Bay Barracuda,19,10,3,20,0.625,64,0.640625,1210,2112,0.5729166666666666
Los Angeles Panthers,New Orleans Specters,36,22,6,3,0.046875,128,0.609375,1210,2112,0.5729166666666666
Los Angeles Panthers,Texas Renegades,36,23,5,29,0.453125,128,0.6015625,1210,2112,0.5729166666666666
Los Angeles Panthers,Seattle Argonauts,62,41,2,110,1.0476190476190477,210,0.6,1210,2112,0.5729166666666666
Los Angeles Panthers,Edmonton Blizzard,61,41,2,66,0.6346153846153846,208,0.5961538461538461,1210,2112,0.5729166666666666
Los Angeles Panthers,Manhattan Rage,19,13,0,29,0.90625,64,0.59375,1210,2112,0.5729166666666666
Los Angeles Panthers,Toronto North Stars,18,14,0,19,0.59375,64,0.5625,1210,2112,0.5729166666666666
Los Angeles Panthers,Chicago Syndicate,34,27,3,37,0.578125,128,0.5546875,1210,2112,0.5729166666666666
Los Angeles Panthers,Calgary Dragons,51,43,8,40,0.39215686274509803,204,0.5392156862745098,1210,2112,0.5729166666666666
Los Angeles Panthers,New England Wolfpack,16,15,1,-7,-0.21875,64,0.515625,1210,2112,0.5729166666666666
Los Angeles Panthers,Buffalo Stampede,15,16,1,-22,-0.6875,64,0.484375,1210,2112,0.5729166666666666
Los Angeles Panthers,San Francisco Pride,47,52,6,-41,-0.3904761904761905,210,0.47619047619047616,1210,2112,0.5729166666666666
Los Angeles Panthers,Philadelphia Forge,13,15,4,-28,-0.875,64,0.46875,1210,2112,0.5729166666666666
Los Angeles Panthers,Winnipeg Aurora,28,32,4,-28,-0.4375,128,0.46875,1210,2112,0.5729166666666666
Los Angeles Panthers,Atlanta Inferno,11,19,2,-46,-1.4375,64,0.375,1210,2112,0.5729166666666666
Los Angeles Panthers,Los Angeles Panthers,NA,NA,NA,NA,NA,NA,NA,1210,2112,0.5729166666666666
Texas Renegades,Hamilton Steelhawks,24,6,2,49,1.53125,64,0.78125,1202,2112,0.5691287878787878
Texas Renegades,Minnesota Monarchs,75,23,7,157,1.4952380952380953,210,0.7476190476190476,1202,2112,0.5691287878787878
Texas Renegades,Tampa Bay Barracuda,20,10,2,8,0.25,64,0.65625,1202,2112,0.5691287878787878
Texas Renegades,Toronto North Stars,21,11,0,20,0.625,64,0.65625,1202,2112,0.5691287878787878
Texas Renegades,Baltimore Platoon,20,11,1,5,0.15625,64,0.640625,1202,2112,0.5691287878787878
Texas Renegades,Calgary Dragons,39,21,4,58,0.90625,128,0.640625,1202,2112,0.5691287878787878
Texas Renegades,Edmonton Blizzard,41,23,0,76,1.1875,128,0.640625,1202,2112,0.5691287878787878
Texas Renegades,San Francisco Pride,39,21,4,33,0.515625,128,0.640625,1202,2112,0.5691287878787878
Texas Renegades,Manhattan Rage,19,12,1,31,0.96875,64,0.609375,1202,2112,0.5691287878787878
Texas Renegades,Buffalo Stampede,17,12,3,-3,-0.09375,64,0.578125,1202,2112,0.5691287878787878
Texas Renegades,Montreal Patriotes,17,13,2,34,1.0625,64,0.5625,1202,2112,0.5691287878787878
Texas Renegades,Seattle Argonauts,33,26,5,12,0.1875,128,0.5546875,1202,2112,0.5691287878787878
Texas Renegades,Chicago Syndicate,52,48,3,-21,-0.20388349514563106,206,0.5194174757281553,1202,2112,0.5691287878787878
Texas Renegades,New Orleans Specters,47,46,11,-35,-0.33653846153846156,208,0.5048076923076923,1202,2112,0.5691287878787878
Texas Renegades,New England Wolfpack,14,15,3,-17,-0.53125,64,0.484375,1202,2112,0.5691287878787878
Texas Renegades,Los Angeles Panthers,28,31,5,-29,-0.453125,128,0.4765625,1202,2112,0.5691287878787878
Texas Renegades,Winnipeg Aurora,40,58,6,-83,-0.7980769230769231,208,0.41346153846153844,1202,2112,0.5691287878787878
Texas Renegades,Philadelphia Forge,12,18,2,-25,-0.78125,64,0.40625,1202,2112,0.5691287878787878
Texas Renegades,Atlanta Inferno,11,18,3,-39,-1.21875,64,0.390625,1202,2112,0.5691287878787878
Texas Renegades,Texas Renegades,NA,NA,NA,NA,NA,NA,NA,1202,2112,0.5691287878787878
New Orleans Specters,Minnesota Monarchs,71,29,2,153,1.5,204,0.7058823529411765,1196,2112,0.5662878787878788
New Orleans Specters,Seattle Argonauts,43,17,4,73,1.140625,128,0.703125,1196,2112,0.5662878787878788
New Orleans Specters,Manhattan Rage,21,9,2,64,2,64,0.6875,1196,2112,0.5662878787878788
New Orleans Specters,Toronto North Stars,20,8,4,38,1.1875,64,0.6875,1196,2112,0.5662878787878788
New Orleans Specters,Edmonton Blizzard,39,23,2,26,0.40625,128,0.625,1196,2112,0.5662878787878788
New Orleans Specters,Montreal Patriotes,19,11,2,17,0.53125,64,0.625,1196,2112,0.5662878787878788
New Orleans Specters,New England Wolfpack,16,11,5,-4,-0.125,64,0.578125,1196,2112,0.5662878787878788
New Orleans Specters,San Francisco Pride,36,26,2,14,0.21875,128,0.578125,1196,2112,0.5662878787878788
New Orleans Specters,Texas Renegades,57,43,4,35,0.33653846153846156,208,0.5673076923076923,1196,2112,0.5662878787878788
New Orleans Specters,Hamilton Steelhawks,18,14,0,17,0.53125,64,0.5625,1196,2112,0.5662878787878788
New Orleans Specters,Calgary Dragons,31,25,8,13,0.203125,128,0.546875,1196,2112,0.5662878787878788
New Orleans Specters,Chicago Syndicate,53,46,7,22,0.20754716981132076,212,0.53301886792452835,1196,2112,0.5662878787878788
New Orleans Specters,Los Angeles Panthers,28,30,6,-3,-0.046875,128,0.484375,1196,2112,0.5662878787878788
New Orleans Specters,Tampa Bay Barracuda,15,16,1,-16,-0.5,64,0.484375,1196,2112,0.5662878787878788
New Orleans Specters,Winnipeg Aurora,46,52,6,-54,-0.5192307692307693,208,0.47115384615384615,1196,2112,0.5662878787878788
New Orleans Specters,Buffalo Stampede,13,15,4,-19,-0.59375,64,0.46875,1196,2112,0.5662878787878788
New Orleans Specters,Philadelphia Forge,14,16,2,-29,-0.90625,64,0.46875,1196,2112,0.5662878787878788
New Orleans Specters,Baltimore Platoon,14,18,0,-12,-0.375,64,0.4375,1196,2112,0.5662878787878788
New Orleans Specters,Atlanta Inferno,13,18,1,-25,-0.78125,64,0.421875,1196,2112,0.5662878787878788
New Orleans Specters,New Orleans Specters,NA,NA,NA,NA,NA,NA,NA,1196,2112,0.5662878787878788
San Francisco Pride,Minnesota Monarchs,47,14,3,136,2.125,128,0.7578125,1180,2112,0.5587121212121212
San Francisco Pride,Manhattan Rage,23,9,0,72,2.25,64,0.71875,1180,2112,0.5587121212121212
San Francisco Pride,Tampa Bay Barracuda,21,9,2,39,1.21875,64,0.6875,1180,2112,0.5587121212121212
San Francisco Pride,Montreal Patriotes,21,10,1,60,1.875,64,0.671875,1180,2112,0.5587121212121212
San Francisco Pride,Toronto North Stars,18,8,6,36,1.125,64,0.65625,1180,2112,0.5587121212121212
San Francisco Pride,Calgary Dragons,60,38,5,108,1.0485436893203883,206,0.6067961165048543,1180,2112,0.5587121212121212
San Francisco Pride,Seattle Argonauts,55,36,11,68,0.6666666666666666,204,0.5931372549019608,1180,2112,0.5587121212121212
San Francisco Pride,Edmonton Blizzard,61,42,3,106,1,212,0.589622641509434,1180,2112,0.5587121212121212
San Francisco Pride,Los Angeles Panthers,58,43,4,41,0.3904761904761905,210,0.5714285714285714,1180,2112,0.5587121212121212
San Francisco Pride,Baltimore Platoon,16,13,3,2,0.0625,64,0.546875,1180,2112,0.5587121212121212
San Francisco Pride,Buffalo Stampede,16,14,2,-2,-0.0625,64,0.53125,1180,2112,0.5587121212121212
San Francisco Pride,Hamilton Steelhawks,16,14,2,12,0.375,64,0.53125,1180,2112,0.5587121212121212
San Francisco Pride,Winnipeg Aurora,32,30,2,-40,-0.625,128,0.515625,1180,2112,0.5587121212121212
San Francisco Pride,Chicago Syndicate,30,31,3,-45,-0.703125,128,0.4921875,1180,2112,0.5587121212121212
San Francisco Pride,New England Wolfpack,14,16,2,2,0.0625,64,0.46875,1180,2112,0.5587121212121212
San Francisco Pride,New Orleans Specters,28,33,3,-14,-0.21875,128,0.4609375,1180,2112,0.5587121212121212
San Francisco Pride,Texas Renegades,25,34,5,-33,-0.515625,128,0.4296875,1180,2112,0.5587121212121212
San Francisco Pride,Atlanta Inferno,11,20,1,-52,-1.625,64,0.359375,1180,2112,0.5587121212121212
San Francisco Pride,Philadelphia Forge,7,21,4,-70,-2.1875,64,0.28125,1180,2112,0.5587121212121212
San Francisco Pride,San Francisco Pride,NA,NA,NA,NA,NA,NA,NA,1180,2112,0.5587121212121212
Chicago Syndicate,Toronto North Stars,26,6,0,68,2.125,64,0.8125,1148,2112,0.5435606060606061
Chicago Syndicate,Manhattan Rage,23,6,3,64,2,64,0.765625,1148,2112,0.5435606060606061
Chicago Syndicate,Edmonton Blizzard,41,19,4,53,0.828125,128,0.671875,1148,2112,0.5435606060606061
Chicago Syndicate,Tampa Bay Barracuda,21,11,0,-3,-0.09375,64,0.65625,1148,2112,0.5435606060606061
Chicago Syndicate,Seattle Argonauts,37,20,7,47,0.734375,128,0.6328125,1148,2112,0.5435606060606061
Chicago Syndicate,Minnesota Monarchs,64,40,0,97,0.9326923076923077,208,0.6153846153846154,1148,2112,0.5435606060606061
Chicago Syndicate,Baltimore Platoon,16,9,7,11,0.34375,64,0.609375,1148,2112,0.5435606060606061
Chicago Syndicate,Montreal Patriotes,17,11,4,9,0.28125,64,0.59375,1148,2112,0.5435606060606061
Chicago Syndicate,Hamilton Steelhawks,18,13,1,17,0.53125,64,0.578125,1148,2112,0.5435606060606061
Chicago Syndicate,San Francisco Pride,34,24,6,45,0.703125,128,0.578125,1148,2112,0.5435606060606061
Chicago Syndicate,Calgary Dragons,35,26,3,11,0.171875,128,0.5703125,1148,2112,0.5435606060606061
Chicago Syndicate,New Orleans Specters,53,46,7,-22,-0.20754716981132076,212,0.53301886792452835,1148,2112,0.5435606060606061
Chicago Syndicate,Texas Renegades,51,47,5,21,0.20388349514563106,206,0.5194174757281553,1148,2112,0.5435606060606061
Chicago Syndicate,Los Angeles Panthers,30,32,2,-37,-0.578125,128,0.484375,1148,2112,0.5435606060606061
Chicago Syndicate,Buffalo Stampede,12,18,2,-36,-1.125,64,0.40625,1148,2112,0.5435606060606061
Chicago Syndicate,Winnipeg Aurora,37,59,7,-82,-0.7961165048543689,206,0.3932038834951456,1148,2112,0.5435606060606061
Chicago Syndicate,Philadelphia Forge,11,20,1,-77,-2.40625,64,0.359375,1148,2112,0.5435606060606061
Chicago Syndicate,Atlanta Inferno,8,20,4,-39,-1.21875,64,0.3125,1148,2112,0.5435606060606061
Chicago Syndicate,New England Wolfpack,7,22,3,-60,-1.875,64,0.265625,1148,2112,0.5435606060606061
Chicago Syndicate,Chicago Syndicate,NA,NA,NA,NA,NA,NA,NA,1148,2112,0.5435606060606061
Baltimore Platoon,Hamilton Steelhawks,51,9,4,108,1.6875,128,0.828125,1101,2112,0.5213068181818182
Baltimore Platoon,Minnesota Monarchs,25,5,2,47,1.46875,64,0.8125,1101,2112,0.5213068181818182
Baltimore Platoon,Manhattan Rage,72,31,3,153,1.4433962264150944,212,0.6933962264150944,1101,2112,0.5213068181818182
Baltimore Platoon,Seattle Argonauts,21,9,2,43,1.34375,64,0.6875,1101,2112,0.5213068181818182
Baltimore Platoon,Toronto North Stars,38,20,6,64,1,128,0.640625,1101,2112,0.5213068181818182
Baltimore Platoon,New Orleans Specters,18,10,4,12,0.375,64,0.625,1101,2112,0.5213068181818182
Baltimore Platoon,Tampa Bay Barracuda,55,35,11,23,0.22772277227722773,202,0.599009900990099,1101,2112,0.5213068181818182
Baltimore Platoon,Edmonton Blizzard,18,14,0,9,0.28125,64,0.5625,1101,2112,0.5213068181818182
Baltimore Platoon,Chicago Syndicate,16,13,3,-11,-0.34375,64,0.546875,1101,2112,0.5213068181818182
Baltimore Platoon,San Francisco Pride,16,15,1,-2,-0.0625,64,0.515625,1101,2112,0.5213068181818182
Baltimore Platoon,Winnipeg Aurora,16,15,1,-27,-0.84375,64,0.515625,1101,2112,0.5213068181818182
Baltimore Platoon,Calgary Dragons,14,14,4,4,0.125,64,0.5,1101,2112,0.5213068181818182
Baltimore Platoon,Montreal Patriotes,29,30,5,33,0.515625,128,0.4921875,1101,2112,0.5213068181818182
Baltimore Platoon,Los Angeles Panthers,12,17,3,-37,-1.15625,64,0.421875,1101,2112,0.5213068181818182
Baltimore Platoon,Texas Renegades,12,18,2,-5,-0.15625,64,0.40625,1101,2112,0.5213068181818182
Baltimore Platoon,Atlanta Inferno,32,65,12,-149,-1.3669724770642202,218,0.3486238532110092,1101,2112,0.5213068181818182
Baltimore Platoon,Buffalo Stampede,20,41,3,-73,-1.140625,128,0.3359375,1101,2112,0.5213068181818182
Baltimore Platoon,Philadelphia Forge,32,65,3,-175,-1.75,200,0.335,1101,2112,0.5213068181818182
Baltimore Platoon,New England Wolfpack,18,44,2,-116,-1.8125,128,0.296875,1101,2112,0.5213068181818182
Baltimore Platoon,Baltimore Platoon,NA,NA,NA,NA,NA,NA,NA,1101,2112,0.5213068181818182
Calgary Dragons,Toronto North Stars,22,7,3,37,1.15625,64,0.734375,1070,2112,0.5066287878787878
Calgary Dragons,Manhattan Rage,19,10,3,20,0.625,64,0.640625,1070,2112,0.5066287878787878
Calgary Dragons,Minnesota Monarchs,38,22,4,68,1.0625,128,0.625,1070,2112,0.5066287878787878
Calgary Dragons,Baltimore Platoon,18,12,2,-4,-0.125,64,0.59375,1070,2112,0.5066287878787878
Calgary Dragons,Montreal Patriotes,17,13,2,6,0.1875,64,0.5625,1070,2112,0.5066287878787878
Calgary Dragons,New Orleans Specters,33,25,6,-13,-0.203125,128,0.5625,1070,2112,0.5066287878787878
Calgary Dragons,New England Wolfpack,17,14,1,-10,-0.3125,64,0.546875,1070,2112,0.5066287878787878
Calgary Dragons,Los Angeles Panthers,51,46,5,-40,-0.39215686274509803,204,0.5245098039215687,1070,2112,0.5066287878787878
Calgary Dragons,Edmonton Blizzard,52,47,5,-41,-0.3942307692307692,208,0.5240384615384616,1070,2112,0.5066287878787878
Calgary Dragons,Chicago Syndicate,29,28,7,-11,-0.171875,128,0.5078125,1070,2112,0.5066287878787878
Calgary Dragons,Seattle Argonauts,49,49,9,-16,-0.14953271028037382,214,0.5,1070,2112,0.5066287878787878
Calgary Dragons,Hamilton Steelhawks,14,15,3,-15,-0.46875,64,0.484375,1070,2112,0.5066287878787878
Calgary Dragons,Winnipeg Aurora,29,31,4,-25,-0.390625,128,0.484375,1070,2112,0.5066287878787878
Calgary Dragons,San Francisco Pride,43,55,5,-108,-1.0485436893203883,206,0.441747572815534,1070,2112,0.5066287878787878
Calgary Dragons,Texas Renegades,25,35,4,-58,-0.90625,128,0.421875,1070,2112,0.5066287878787878
Calgary Dragons,Tampa Bay Barracuda,12,18,2,-23,-0.71875,64,0.40625,1070,2112,0.5066287878787878
Calgary Dragons,Philadelphia Forge,12,19,1,-57,-1.78125,64,0.390625,1070,2112,0.5066287878787878
Calgary Dragons,Atlanta Inferno,10,19,3,-41,-1.28125,64,0.359375,1070,2112,0.5066287878787878
Calgary Dragons,Buffalo Stampede,10,21,1,-43,-1.34375,64,0.328125,1070,2112,0.5066287878787878
Calgary Dragons,Calgary Dragons,NA,NA,NA,NA,NA,NA,NA,1070,2112,0.5066287878787878
Tampa Bay Barracuda,Calgary Dragons,20,7,5,23,0.71875,64,0.703125,1024,2112,0.48484848484848486
Tampa Bay Barracuda,Minnesota Monarchs,21,10,1,41,1.28125,64,0.671875,1024,2112,0.48484848484848486
Tampa Bay Barracuda,Manhattan Rage,59,34,10,123,1.1941747572815533,206,0.6213592233009708,1024,2112,0.48484848484848486
Tampa Bay Barracuda,Toronto North Stars,36,22,6,14,0.21875,128,0.609375,1024,2112,0.48484848484848486
Tampa Bay Barracuda,Montreal Patriotes,37,25,2,51,0.796875,128,0.59375,1024,2112,0.48484848484848486
Tampa Bay Barracuda,Seattle Argonauts,17,13,2,23,0.71875,64,0.5625,1024,2112,0.48484848484848486
Tampa Bay Barracuda,New Orleans Specters,17,15,0,16,0.5,64,0.53125,1024,2112,0.48484848484848486
Tampa Bay Barracuda,Baltimore Platoon,46,45,10,-23,-0.22772277227722773,202,0.504950495049505,1024,2112,0.48484848484848486
Tampa Bay Barracuda,Hamilton Steelhawks,31,31,2,27,0.421875,128,0.5,1024,2112,0.48484848484848486
Tampa Bay Barracuda,New England Wolfpack,27,32,5,-46,-0.71875,128,0.4609375,1024,2112,0.48484848484848486
Tampa Bay Barracuda,Texas Renegades,12,15,5,-8,-0.25,64,0.453125,1024,2112,0.48484848484848486
Tampa Bay Barracuda,Winnipeg Aurora,13,16,3,-39,-1.21875,64,0.453125,1024,2112,0.48484848484848486
Tampa Bay Barracuda,Los Angeles Panthers,13,17,2,-20,-0.625,64,0.4375,1024,2112,0.48484848484848486
Tampa Bay Barracuda,Edmonton Blizzard,13,19,0,-7,-0.21875,64,0.40625,1024,2112,0.48484848484848486
Tampa Bay Barracuda,Buffalo Stampede,23,36,5,-89,-1.390625,128,0.3984375,1024,2112,0.48484848484848486
Tampa Bay Barracuda,Chicago Syndicate,11,18,3,3,0.09375,64,0.390625,1024,2112,0.48484848484848486
Tampa Bay Barracuda,San Francisco Pride,11,18,3,-39,-1.21875,64,0.390625,1024,2112,0.48484848484848486
Tampa Bay Barracuda,Philadelphia Forge,38,64,5,-137,-1.280373831775701,214,0.37850467289719625,1024,2112,0.48484848484848486
Tampa Bay Barracuda,Atlanta Inferno,30,70,5,-152,-1.4476190476190476,210,0.30952380952380953,1024,2112,0.48484848484848486
Tampa Bay Barracuda,Tampa Bay Barracuda,NA,NA,NA,NA,NA,NA,NA,1024,2112,0.48484848484848486
Seattle Argonauts,Hamilton Steelhawks,19,11,2,15,0.46875,64,0.625,1006,2112,0.47632575757575757
Seattle Argonauts,Manhattan Rage,18,13,1,13,0.40625,64,0.578125,1006,2112,0.47632575757575757
Seattle Argonauts,Toronto North Stars,17,13,2,6,0.1875,64,0.5625,1006,2112,0.47632575757575757
Seattle Argonauts,Calgary Dragons,58,46,3,16,0.14953271028037382,214,0.5560747663551402,1006,2112,0.47632575757575757
Seattle Argonauts,Minnesota Monarchs,33,28,3,26,0.40625,128,0.5390625,1006,2112,0.47632575757575757
Seattle Argonauts,Edmonton Blizzard,52,45,5,-18,-0.17647058823529413,204,0.5343137254901961,1006,2112,0.47632575757575757
Seattle Argonauts,Texas Renegades,31,28,5,-12,-0.1875,128,0.5234375,1006,2112,0.47632575757575757
Seattle Argonauts,Montreal Patriotes,16,15,1,8,0.25,64,0.515625,1006,2112,0.47632575757575757
Seattle Argonauts,Tampa Bay Barracuda,15,16,1,-23,-0.71875,64,0.484375,1006,2112,0.47632575757575757
Seattle Argonauts,San Francisco Pride,47,51,4,-68,-0.6666666666666666,204,0.4803921568627451,1006,2112,0.47632575757575757
Seattle Argonauts,Chicago Syndicate,27,33,4,-47,-0.734375,128,0.453125,1006,2112,0.47632575757575757
Seattle Argonauts,Los Angeles Panthers,43,55,7,-110,-1.0476190476190477,210,0.44285714285714284,1006,2112,0.47632575757575757
Seattle Argonauts,Philadelphia Forge,14,18,0,-34,-1.0625,64,0.4375,1006,2112,0.47632575757575757
Seattle Argonauts,Buffalo Stampede,13,18,1,-35,-1.09375,64,0.421875,1006,2112,0.47632575757575757
Seattle Argonauts,Atlanta Inferno,10,17,5,-53,-1.65625,64,0.390625,1006,2112,0.47632575757575757
Seattle Argonauts,New Orleans Specters,21,35,8,-73,-1.140625,128,0.390625,1006,2112,0.47632575757575757
Seattle Argonauts,Baltimore Platoon,11,19,2,-43,-1.34375,64,0.375,1006,2112,0.47632575757575757
Seattle Argonauts,Winnipeg Aurora,20,41,3,-103,-1.609375,128,0.3359375,1006,2112,0.47632575757575757
Seattle Argonauts,New England Wolfpack,8,21,3,-58,-1.8125,64,0.296875,1006,2112,0.47632575757575757
Seattle Argonauts,Seattle Argonauts,NA,NA,NA,NA,NA,NA,NA,1006,2112,0.47632575757575757
Edmonton Blizzard,Minnesota Monarchs,39,20,5,46,0.71875,128,0.6484375,982,2112,0.4649621212121212
Edmonton Blizzard,Toronto North Stars,20,12,0,27,0.84375,64,0.625,982,2112,0.4649621212121212
Edmonton Blizzard,Montreal Patriotes,19,12,1,50,1.5625,64,0.609375,982,2112,0.4649621212121212
Edmonton Blizzard,Tampa Bay Barracuda,19,13,0,7,0.21875,64,0.59375,982,2112,0.4649621212121212
Edmonton Blizzard,Calgary Dragons,52,45,7,41,0.3942307692307692,208,0.5336538461538461,982,2112,0.4649621212121212
Edmonton Blizzard,Seattle Argonauts,50,46,6,18,0.17647058823529413,204,0.5196078431372549,982,2112,0.4649621212121212
Edmonton Blizzard,Hamilton Steelhawks,16,16,0,5,0.15625,64,0.5,982,2112,0.4649621212121212
Edmonton Blizzard,Manhattan Rage,14,15,3,15,0.46875,64,0.484375,982,2112,0.4649621212121212
Edmonton Blizzard,Baltimore Platoon,14,17,1,-9,-0.28125,64,0.453125,982,2112,0.4649621212121212
Edmonton Blizzard,Los Angeles Panthers,43,53,8,-66,-0.6346153846153846,208,0.4519230769230769,982,2112,0.4649621212121212
Edmonton Blizzard,San Francisco Pride,45,57,4,-106,-1,212,0.44339622641509435,982,2112,0.4649621212121212
Edmonton Blizzard,New Orleans Specters,25,35,4,-26,-0.40625,128,0.421875,982,2112,0.4649621212121212
Edmonton Blizzard,Texas Renegades,23,37,4,-76,-1.1875,128,0.390625,982,2112,0.4649621212121212
Edmonton Blizzard,Chicago Syndicate,23,38,3,-53,-0.828125,128,0.3828125,982,2112,0.4649621212121212
Edmonton Blizzard,New England Wolfpack,11,19,2,-49,-1.53125,64,0.375,982,2112,0.4649621212121212
Edmonton Blizzard,Winnipeg Aurora,22,39,3,-83,-1.296875,128,0.3671875,982,2112,0.4649621212121212
Edmonton Blizzard,Buffalo Stampede,11,21,0,-32,-1,64,0.34375,982,2112,0.4649621212121212
Edmonton Blizzard,Atlanta Inferno,8,20,4,-61,-1.90625,64,0.3125,982,2112,0.4649621212121212
Edmonton Blizzard,Philadelphia Forge,9,22,1,-58,-1.8125,64,0.296875,982,2112,0.4649621212121212
Edmonton Blizzard,Edmonton Blizzard,NA,NA,NA,NA,NA,NA,NA,982,2112,0.4649621212121212
Montreal Patriotes,Hamilton Steelhawks,60,41,5,13,0.12264150943396226,212,0.589622641509434,932,2112,0.4412878787878788
Montreal Patriotes,Minnesota Monarchs,18,13,1,25,0.78125,64,0.578125,932,2112,0.4412878787878788
Montreal Patriotes,Baltimore Platoon,35,28,1,-33,-0.515625,128,0.5546875,932,2112,0.4412878787878788
Montreal Patriotes,Seattle Argonauts,16,14,2,-8,-0.25,64,0.53125,932,2112,0.4412878787878788
Montreal Patriotes,Calgary Dragons,15,15,2,-6,-0.1875,64,0.5,932,2112,0.4412878787878788
Montreal Patriotes,Toronto North Stars,46,48,11,-8,-0.0761904761904762,210,0.49047619047619045,932,2112,0.4412878787878788
Montreal Patriotes,Chicago Syndicate,15,16,1,-9,-0.28125,64,0.484375,932,2112,0.4412878787878788
Montreal Patriotes,Texas Renegades,15,17,0,-34,-1.0625,64,0.46875,932,2112,0.4412878787878788
Montreal Patriotes,Manhattan Rage,28,34,2,-15,-0.234375,128,0.453125,932,2112,0.4412878787878788
Montreal Patriotes,Tampa Bay Barracuda,27,34,3,-51,-0.796875,128,0.4453125,932,2112,0.4412878787878788
Montreal Patriotes,Buffalo Stampede,42,57,5,-147,-1.4134615384615385,208,0.42788461538461536,932,2112,0.4412878787878788
Montreal Patriotes,Edmonton Blizzard,13,19,0,-50,-1.5625,64,0.40625,932,2112,0.4412878787878788
Montreal Patriotes,New Orleans Specters,13,19,0,-17,-0.53125,64,0.40625,932,2112,0.4412878787878788
Montreal Patriotes,Los Angeles Panthers,12,20,0,-56,-1.75,64,0.375,932,2112,0.4412878787878788
Montreal Patriotes,San Francisco Pride,11,20,1,-60,-1.875,64,0.359375,932,2112,0.4412878787878788
Montreal Patriotes,New England Wolfpack,33,62,6,-176,-1.7425742574257426,202,0.3564356435643564,932,2112,0.4412878787878788
Montreal Patriotes,Winnipeg Aurora,9,20,3,-78,-2.4375,64,0.328125,932,2112,0.4412878787878788
Montreal Patriotes,Philadelphia Forge,17,44,3,-152,-2.375,128,0.2890625,932,2112,0.4412878787878788
Montreal Patriotes,Atlanta Inferno,17,45,2,-125,-1.953125,128,0.28125,932,2112,0.4412878787878788
Montreal Patriotes,Montreal Patriotes,NA,NA,NA,NA,NA,NA,NA,932,2112,0.4412878787878788
Toronto North Stars,Manhattan Rage,37,23,4,39,0.609375,128,0.609375,929,2112,0.43986742424242425
Toronto North Stars,Montreal Patriotes,59,40,6,8,0.0761904761904762,210,0.5904761904761905,929,2112,0.43986742424242425
Toronto North Stars,Hamilton Steelhawks,51,41,8,32,0.32,200,0.55,929,2112,0.43986742424242425
Toronto North Stars,Minnesota Monarchs,17,15,0,13,0.40625,64,0.53125,929,2112,0.43986742424242425
Toronto North Stars,Seattle Argonauts,15,14,3,-6,-0.1875,64,0.515625,929,2112,0.43986742424242425
Toronto North Stars,Tampa Bay Barracuda,28,30,6,-14,-0.21875,128,0.484375,929,2112,0.43986742424242425
Toronto North Stars,Los Angeles Panthers,14,17,1,-19,-0.59375,64,0.453125,929,2112,0.43986742424242425
Toronto North Stars,San Francisco Pride,14,18,0,-36,-1.125,64,0.4375,929,2112,0.43986742424242425
Toronto North Stars,Baltimore Platoon,26,36,2,-64,-1,128,0.421875,929,2112,0.43986742424242425
Toronto North Stars,New Orleans Specters,12,18,2,-38,-1.1875,64,0.40625,929,2112,0.43986742424242425
Toronto North Stars,New England Wolfpack,42,63,3,-134,-1.2407407407407407,216,0.4027777777777778,929,2112,0.43986742424242425
Toronto North Stars,Edmonton Blizzard,12,19,1,-27,-0.84375,64,0.390625,929,2112,0.43986742424242425
Toronto North Stars,Buffalo Stampede,36,63,4,-182,-1.766990291262136,206,0.36893203883495146,929,2112,0.43986742424242425
Toronto North Stars,Texas Renegades,11,20,1,-20,-0.625,64,0.359375,929,2112,0.43986742424242425
Toronto North Stars,Atlanta Inferno,22,41,1,-121,-1.890625,128,0.3515625,929,2112,0.43986742424242425
Toronto North Stars,Calgary Dragons,10,20,2,-37,-1.15625,64,0.34375,929,2112,0.43986742424242425
Toronto North Stars,Chicago Syndicate,6,19,7,-68,-2.125,64,0.296875,929,2112,0.43986742424242425
Toronto North Stars,Winnipeg Aurora,9,22,1,-71,-2.21875,64,0.296875,929,2112,0.43986742424242425
Toronto North Stars,Philadelphia Forge,16,45,3,-150,-2.34375,128,0.2734375,929,2112,0.43986742424242425
Toronto North Stars,Toronto North Stars,NA,NA,NA,NA,NA,NA,NA,929,2112,0.43986742424242425
Hamilton Steelhawks,Calgary Dragons,18,13,1,15,0.46875,64,0.578125,880,2112,0.4166666666666667
Hamilton Steelhawks,Minnesota Monarchs,16,13,3,-10,-0.3125,64,0.546875,880,2112,0.4166666666666667
Hamilton Steelhawks,San Francisco Pride,16,14,2,-12,-0.375,64,0.53125,880,2112,0.4166666666666667
Hamilton Steelhawks,Tampa Bay Barracuda,33,29,2,-27,-0.421875,128,0.53125,880,2112,0.4166666666666667
Hamilton Steelhawks,Toronto North Stars,49,44,7,-32,-0.32,200,0.525,880,2112,0.4166666666666667
Hamilton Steelhawks,Edmonton Blizzard,16,15,1,-5,-0.15625,64,0.515625,880,2112,0.4166666666666667
Hamilton Steelhawks,Manhattan Rage,31,32,1,-15,-0.234375,128,0.4921875,880,2112,0.4166666666666667
Hamilton Steelhawks,New Orleans Specters,14,15,3,-17,-0.53125,64,0.484375,880,2112,0.4166666666666667
Hamilton Steelhawks,Seattle Argonauts,13,15,4,-15,-0.46875,64,0.46875,880,2112,0.4166666666666667
Hamilton Steelhawks,Montreal Patriotes,46,55,5,-13,-0.12264150943396226,212,0.45754716981132076,880,2112,0.4166666666666667
Hamilton Steelhawks,Chicago Syndicate,14,17,1,-17,-0.53125,64,0.453125,880,2112,0.4166666666666667
Hamilton Steelhawks,New England Wolfpack,39,59,6,-157,-1.5096153846153846,208,0.40384615384615385,880,2112,0.4166666666666667
Hamilton Steelhawks,Buffalo Stampede,37,65,4,-170,-1.6037735849056605,212,0.36792452830188677,880,2112,0.4166666666666667
Hamilton Steelhawks,Texas Renegades,8,20,4,-49,-1.53125,64,0.3125,880,2112,0.4166666666666667
Hamilton Steelhawks,Winnipeg Aurora,8,20,4,-56,-1.75,64,0.3125,880,2112,0.4166666666666667
Hamilton Steelhawks,Los Angeles Panthers,8,21,3,-75,-2.34375,64,0.296875,880,2112,0.4166666666666667
Hamilton Steelhawks,Atlanta Inferno,15,45,4,-137,-2.140625,128,0.265625,880,2112,0.4166666666666667
Hamilton Steelhawks,Baltimore Platoon,13,43,8,-108,-1.6875,128,0.265625,880,2112,0.4166666666666667
Hamilton Steelhawks,Philadelphia Forge,14,49,1,-141,-2.203125,128,0.2265625,880,2112,0.4166666666666667
Hamilton Steelhawks,Hamilton Steelhawks,NA,NA,NA,NA,NA,NA,NA,880,2112,0.4166666666666667
Manhattan Rage,Montreal Patriotes,36,25,3,15,0.234375,128,0.5859375,844,2112,0.3996212121212121
Manhattan Rage,Minnesota Monarchs,18,13,1,15,0.46875,64,0.578125,844,2112,0.3996212121212121
Manhattan Rage,Edmonton Blizzard,18,14,0,-15,-0.46875,64,0.5625,844,2112,0.3996212121212121
Manhattan Rage,Hamilton Steelhawks,33,28,3,15,0.234375,128,0.5390625,844,2112,0.3996212121212121
Manhattan Rage,Winnipeg Aurora,13,14,5,-27,-0.84375,64,0.484375,844,2112,0.3996212121212121
Manhattan Rage,Seattle Argonauts,14,17,1,-13,-0.40625,64,0.453125,844,2112,0.3996212121212121
Manhattan Rage,Toronto North Stars,27,33,4,-39,-0.609375,128,0.453125,844,2112,0.3996212121212121
Manhattan Rage,Tampa Bay Barracuda,44,56,3,-123,-1.1941747572815533,206,0.441747572815534,844,2112,0.3996212121212121
Manhattan Rage,Calgary Dragons,13,17,2,-20,-0.625,64,0.4375,844,2112,0.3996212121212121
Manhattan Rage,Los Angeles Panthers,13,17,2,-29,-0.90625,64,0.4375,844,2112,0.3996212121212121
Manhattan Rage,Texas Renegades,13,18,1,-31,-0.96875,64,0.421875,844,2112,0.3996212121212121
Manhattan Rage,New England Wolfpack,21,34,9,-136,-2.125,128,0.3984375,844,2112,0.3996212121212121
Manhattan Rage,Baltimore Platoon,34,67,5,-153,-1.4433962264150944,212,0.3443396226415094,844,2112,0.3996212121212121
Manhattan Rage,Buffalo Stampede,20,40,4,-111,-1.734375,128,0.34375,844,2112,0.3996212121212121
Manhattan Rage,Chicago Syndicate,9,19,4,-64,-2,64,0.34375,844,2112,0.3996212121212121
Manhattan Rage,New Orleans Specters,11,21,0,-64,-2,64,0.34375,844,2112,0.3996212121212121
Manhattan Rage,San Francisco Pride,9,22,1,-72,-2.25,64,0.296875,844,2112,0.3996212121212121
Manhattan Rage,Atlanta Inferno,25,69,6,-244,-2.44,200,0.28,844,2112,0.3996212121212121
Manhattan Rage,Philadelphia Forge,19,78,10,-317,-2.9626168224299065,214,0.22429906542056074,844,2112,0.3996212121212121
Manhattan Rage,Manhattan Rage,NA,NA,NA,NA,NA,NA,NA,844,2112,0.3996212121212121
Minnesota Monarchs,Hamilton Steelhawks,16,12,4,10,0.3125,64,0.5625,777,2112,0.3678977272727273
Minnesota Monarchs,Seattle Argonauts,31,33,0,-26,-0.40625,128,0.484375,777,2112,0.3678977272727273
Minnesota Monarchs,Toronto North Stars,15,16,1,-13,-0.40625,64,0.484375,777,2112,0.3678977272727273
Minnesota Monarchs,Buffalo Stampede,13,16,3,-34,-1.0625,64,0.453125,777,2112,0.3678977272727273
Minnesota Monarchs,Manhattan Rage,14,18,0,-15,-0.46875,64,0.4375,777,2112,0.3678977272727273
Minnesota Monarchs,Montreal Patriotes,14,18,0,-25,-0.78125,64,0.4375,777,2112,0.3678977272727273
Minnesota Monarchs,Calgary Dragons,26,35,3,-68,-1.0625,128,0.4296875,777,2112,0.3678977272727273
Minnesota Monarchs,Edmonton Blizzard,25,36,3,-46,-0.71875,128,0.4140625,777,2112,0.3678977272727273
Minnesota Monarchs,Chicago Syndicate,40,60,4,-97,-0.9326923076923077,208,0.40384615384615385,777,2112,0.3678977272727273
Minnesota Monarchs,Tampa Bay Barracuda,11,19,2,-41,-1.28125,64,0.375,777,2112,0.3678977272727273
Minnesota Monarchs,New Orleans Specters,31,62,9,-153,-1.5,204,0.3480392156862745,777,2112,0.3678977272727273
Minnesota Monarchs,New England Wolfpack,10,20,2,-53,-1.65625,64,0.34375,777,2112,0.3678977272727273
Minnesota Monarchs,Winnipeg Aurora,31,65,9,-186,-1.7714285714285714,210,0.3380952380952381,777,2112,0.3678977272727273
Minnesota Monarchs,Texas Renegades,30,69,6,-157,-1.4952380952380953,210,0.3142857142857143,777,2112,0.3678977272727273
Minnesota Monarchs,San Francisco Pride,17,41,6,-136,-2.125,128,0.3125,777,2112,0.3678977272727273
Minnesota Monarchs,Los Angeles Panthers,16,47,1,-111,-1.734375,128,0.2578125,777,2112,0.3678977272727273
Minnesota Monarchs,Philadelphia Forge,6,22,4,-87,-2.71875,64,0.25,777,2112,0.3678977272727273
Minnesota Monarchs,Baltimore Platoon,7,24,1,-47,-1.46875,64,0.234375,777,2112,0.3678977272727273
Minnesota Monarchs,Atlanta Inferno,6,25,1,-81,-2.53125,64,0.203125,777,2112,0.3678977272727273
Minnesota Monarchs,Minnesota Monarchs,NA,NA,NA,NA,NA,NA,NA,777,2112,0.3678977272727273
