id,name,position,league,team,season,gamesPlayed,timeOnIce,goals,assists,points,plusMinus,pim,ppGoals,ppAssists,ppPoints,ppTimeOnIce,shGoals,shAssists,shPoints,shTimeOnIce,gwg,faceoffs,faceoffWins,fights,fightWins,fightLosses,hits,giveaways,takeaways,shotsBlocked,shotsOnGoal,gameRating,offensiveGameRating,defensiveGameRating,advancedStats.PDO,advancedStats.GF60,advancedStats.GA60,advancedStats.SF60,advancedStats.SA60,advancedStats.CF,advancedStats.CA,advancedStats.CFPct,advancedStats.CFPctRel,advancedStats.FF,advancedStats.FA,advancedStats.FFPct,advancedStats.FFPctRel,pos,fantasy,cum_goals,label,rank,season_label
NA, ,NA,NA,ATL,NA,NA,NA,NA,NA,NA,NA,NA,NA,NA,NA,NA,NA,NA,NA,NA,NA,NA,NA,NA,NA,NA,NA,NA,NA,NA,NA,NA,NA,NA,NA,NA,NA,NA,NA,NA,NA,NA,NA,NA,NA,NA,NA,Forward,NA,0, ,1,65
NA, ,NA,NA,ATL,NA,NA,NA,NA,NA,NA,NA,NA,NA,NA,NA,NA,NA,NA,NA,NA,NA,NA,NA,NA,NA,NA,NA,NA,NA,NA,NA,NA,NA,NA,NA,NA,NA,NA,NA,NA,NA,NA,NA,NA,NA,NA,NA,Forward,NA,0, ,2,65
NA, ,NA,NA,ATL,NA,NA,NA,NA,NA,NA,NA,NA,NA,NA,NA,NA,NA,NA,NA,NA,NA,NA,NA,NA,NA,NA,NA,NA,NA,NA,NA,NA,NA,NA,NA,NA,NA,NA,NA,NA,NA,NA,NA,NA,NA,NA,NA,Forward,NA,0, ,3,65
NA, ,NA,NA,ATL,NA,NA,NA,NA,NA,NA,NA,NA,NA,NA,NA,NA,NA,NA,NA,NA,NA,NA,NA,NA,NA,NA,NA,NA,NA,NA,NA,NA,NA,NA,NA,NA,NA,NA,NA,NA,NA,NA,NA,NA,NA,NA,NA,Forward,NA,0, ,4,65
NA, ,NA,NA,ATL,NA,NA,NA,NA,NA,NA,NA,NA,NA,NA,NA,NA,NA,NA,NA,NA,NA,NA,NA,NA,NA,NA,NA,NA,NA,NA,NA,NA,NA,NA,NA,NA,NA,NA,NA,NA,NA,NA,NA,NA,NA,NA,NA,Forward,NA,0, ,5,65
NA, ,NA,NA,ATL,NA,NA,NA,NA,NA,NA,NA,NA,NA,NA,NA,NA,NA,NA,NA,NA,NA,NA,NA,NA,NA,NA,NA,NA,NA,NA,NA,NA,NA,NA,NA,NA,NA,NA,NA,NA,NA,NA,NA,NA,NA,NA,NA,Forward,NA,0, ,6,65
NA, ,NA,NA,ATL,NA,NA,NA,NA,NA,NA,NA,NA,NA,NA,NA,NA,NA,NA,NA,NA,NA,NA,NA,NA,NA,NA,NA,NA,NA,NA,NA,NA,NA,NA,NA,NA,NA,NA,NA,NA,NA,NA,NA,NA,NA,NA,NA,Forward,NA,0, ,7,65
NA, ,NA,NA,ATL,NA,NA,NA,NA,NA,NA,NA,NA,NA,NA,NA,NA,NA,NA,NA,NA,NA,NA,NA,NA,NA,NA,NA,NA,NA,NA,NA,NA,NA,NA,NA,NA,NA,NA,NA,NA,NA,NA,NA,NA,NA,NA,NA,Forward,NA,0, ,8,65
NA, ,NA,NA,ATL,NA,NA,NA,NA,NA,NA,NA,NA,NA,NA,NA,NA,NA,NA,NA,NA,NA,NA,NA,NA,NA,NA,NA,NA,NA,NA,NA,NA,NA,NA,NA,NA,NA,NA,NA,NA,NA,NA,NA,NA,NA,NA,NA,Forward,NA,0, ,9,65
NA, ,NA,NA,ATL,NA,NA,NA,NA,NA,NA,NA,NA,NA,NA,NA,NA,NA,NA,NA,NA,NA,NA,NA,NA,NA,NA,NA,NA,NA,NA,NA,NA,NA,NA,NA,NA,NA,NA,NA,NA,NA,NA,NA,NA,NA,NA,NA,Forward,NA,0, ,10,65
157,Mats Marner,LW,0,CHI,66,66,84097,49,44,93,46,26,5,10,15,12214,2,2,4,2150,2,144,39,0,0,0,131,57,37,29,274,80,86,66,103.7,4.9,2.3,39.1,26,1230,875,58.4,2.1,891,600,59.8,1.8,Forward,480,49,49,1,66
558,Luukas Lilja,C,0,LAP,66,66,87280,49,58,107,31,28,16,19,35,12967,3,0,3,3090,6,1323,731,0,0,0,67,46,64,31,223,72,70,73,100.9,4.9,3.2,39.8,28.4,1264,910,58.1,0.1,908,651,58.2,-1.2,Forward,482.3,49,49,2,66
1923,Noel Blanchet,C,0,WPG,66,66,83992,48,47,95,26,38,9,10,19,9003,2,3,5,5157,6,1150,638,0,0,0,74,47,47,44,225,73,73,70,100.9,4.6,3.3,39.6,30.4,1159,899,56.3,1.1,880,685,56.2,2.6,Forward,456.5,48,48,3,66
687,Kriss Darzins,LW,0,MTL,66,66,83282,47,40,87,29,28,8,6,14,9714,1,0,1,6127,7,175,31,0,0,0,109,68,36,46,275,77,82,66,105.2,4.8,2.7,35.2,31.4,1025,990,50.9,1.5,764,699,52.2,2.8,Forward,461.70000000000005,47,47,4,66
1775,Anton Mihailov,C,0,ATL,66,66,83100,47,52,99,40,32,11,17,28,9987,3,1,4,4382,11,540,287,0,0,0,114,52,41,33,220,78,82,68,101.3,4.5,2.5,39.5,24.8,1184,823,59,-1.3,869,560,60.8,-0.8,Forward,475.40000000000003,47,47,5,66
1804,Vlastislav Malik,LW,0,NOL,66,66,83119,45,42,87,31,29,9,9,18,10921,0,0,0,514,9,35,10,1,1,0,78,62,45,37,214,80,83,73,103.3,4.3,2.5,35.6,28.2,1118,974,53.4,3.1,816,657,55.4,3,Forward,423.59999999999997,45,45,6,66
1464,Kev Kevens,LW,0,SFP,66,66,81562,43,48,91,24,35,14,13,27,11649,0,1,1,818,7,31,8,0,0,0,142,49,51,54,252,82,82,77,99.9,4.3,2.8,40.5,26.2,1266,862,59.5,2.1,929,591,61.1,0.9,Forward,480.8,43,43,7,66
2200,Lev Lebedev,C,0,MAN,66,66,80270,43,55,98,17,26,12,23,35,11718,0,0,0,457,3,1242,695,0,0,0,63,70,33,36,226,73,70,71,100.8,4,3,35.8,28.9,1089,928,54,3.6,796,647,55.2,4.3,Forward,451.6,43,43,8,66
1564,Long John Donair,LW,0,LAP,66,66,85554,42,55,97,40,35,10,14,24,13119,1,0,1,791,10,81,41,0,0,0,133,62,45,46,246,72,69,71,101.8,5,2.8,40.5,26.9,1292,896,59,1.5,932,635,59.5,0.7,Forward,487.6,42,42,9,66
365,Dwight Knight,LW,0,TBB,66,66,87562,41,31,72,9,36,11,6,17,11512,1,1,2,6669,6,325,158,0,0,0,125,70,44,63,235,81,80,75,100.2,4,3.4,36.1,31.2,1107,1007,52.4,1.7,812,732,52.6,1.3,Forward,415.3,41,41,10,66
1276,Jonas Kahnwald,LD,0,LAP,66,66,90975,23,45,68,50,30,8,12,20,12681,2,5,7,4979,1,0,0,0,0,0,69,15,66,131,249,68,63,75,102.1,4.7,2.4,41.2,25.8,1323,870,60.3,3.5,990,609,61.9,4.5,Defense,447.20000000000005,23,23,1,66
1701,Puddles O'Duck,LD,0,ATL,66,66,90146,22,32,54,39,32,11,9,20,11825,0,1,1,7581,1,0,0,0,0,0,82,10,55,112,216,68,62,74,100.9,4.2,2.2,40.4,22.8,1261,802,61.1,1.9,919,537,63.1,2.7,Defense,382.40000000000003,22,22,2,66
481,Ruslan Zaporozhets,RD,0,TOR,66,66,80744,17,30,47,6,16,13,10,23,11494,0,2,2,1897,4,0,0,0,0,0,85,7,47,78,170,64,59,66,99.7,3.6,3.5,33,30.7,959,978,49.5,-1.5,711,678,51.2,-0.8,Defense,313.2,17,17,3,66
806,Michael Withecheck,RD,0,ATL,66,66,91031,17,46,63,48,38,8,16,24,12274,0,2,2,7326,3,0,0,0,0,0,109,13,66,123,251,72,68,75,102.7,4.6,2.2,40.8,25.1,1312,836,61.1,1.9,953,593,61.6,0.5,Defense,435.6,17,17,4,66
1892,Kermit Murphy,LD,0,SEA,66,66,89003,16,26,42,22,44,8,12,20,14013,0,1,1,6351,4,0,0,0,0,0,76,9,80,167,214,70,61,80,102,3.5,1.9,35.5,24.7,1102,834,56.9,1.8,800,564,58.7,1.2,Defense,386.9,16,16,5,66
2370,Borje Samuelsson,LD,0,SFP,66,66,87286,16,32,48,35,46,5,10,15,11353,0,1,1,3403,3,0,0,0,0,0,83,10,66,36,210,66,64,68,101.6,4.2,2.4,38.8,26.2,1308,851,60.6,3.7,946,623,60.3,-0.3,Defense,288.59999999999997,16,16,6,66
941,Ethan Bouchard,LD,0,TBB,66,66,86933,15,28,43,10,26,10,13,23,12204,0,0,0,3449,1,0,0,0,0,0,90,10,59,122,197,67,61,73,101.2,3.8,3,37.1,33.4,1137,1035,52.3,1.7,852,790,51.9,0.3,Defense,348.9,15,15,7,66
1969,Shion Okamoto,LD,0,CHI,66,66,86429,15,40,55,32,24,8,10,18,12500,1,1,2,2819,3,0,0,0,0,0,85,13,57,95,185,67,62,71,101.7,4.7,2.7,39.5,26.7,1267,927,57.7,1.1,925,621,59.8,1.9,Defense,355,15,15,8,66
732,Sven Svechnikov,LD,0,MAN,66,66,93833,14,34,48,15,24,10,8,18,11637,0,2,2,9633,3,0,0,0,0,0,61,20,52,156,233,67,61,73,99.9,3.6,3.1,34.9,29.8,1138,1056,51.9,0.5,831,715,53.8,2.3,Defense,392.7,14,14,9,66
1194,Ethan Duncan,LD,0,WPG,66,66,89749,14,36,50,7,36,10,10,20,13894,0,4,4,6737,4,0,0,0,0,0,73,15,65,99,198,68,64,71,99.6,4.3,3.9,37.9,32.5,1120,935,54.5,-1.7,823,732,52.9,-2.4,Defense,341.70000000000005,14,14,10,66
558,Luukas Lilja,C,0,SEA,67,66,80690,55,46,101,44,49,14,12,26,12473,0,2,2,836,13,1052,596,0,0,0,72,49,52,30,262,74,73,73,102.4,4.9,2.3,41.4,24.6,1234,825,59.9,1.3,909,548,62.4,2.7,Forward,483.40000000000003,104,104,1,67
1923,Noel Blanchet,C,0,WPG,67,66,85109,46,56,102,29,42,13,21,34,10417,1,3,4,3958,8,1152,632,0,0,0,59,65,49,31,222,71,68,70,100.7,4.1,2.5,37.8,24.9,1245,804,60.8,-0.9,877,565,60.8,0.2,Forward,460.80000000000007,94,94,2,67
687,Kriss Darzins,LW,0,MTL,67,66,77494,41,32,73,17,22,4,0,4,3722,3,2,5,5752,7,248,80,0,0,0,114,80,41,39,253,75,81,62,102.6,3.9,3.1,32.8,32.7,1022,983,51,-1.3,727,730,49.9,-1.5,Forward,404.9,88,88,3,67
1804,Vlastislav Malik,LW,0,NOL,67,66,83322,43,52,95,20,16,14,12,26,11560,1,2,3,1412,10,54,15,0,0,0,80,54,21,36,193,78,84,67,101.8,4.7,3.4,33,27.8,1053,1008,51.1,1.8,753,655,53.5,1.8,Forward,439.5,88,88,4,67
780,Videl Valor,C,0,TOR,67,66,84347,59,39,98,34,32,2,1,3,2933,3,0,3,2378,7,1029,537,0,0,0,55,91,48,21,341,64,63,62,99.4,4.6,3.1,44.7,28.3,1557,1083,59,-1,1180,750,61.1,-0.8,Forward,489.90000000000003,84,84,5,67
1239,Dogwood Maple,C,0,TOR,67,66,82881,54,48,102,70,24,2,4,6,2674,0,1,1,4090,11,879,415,0,0,0,77,80,52,39,346,74,72,72,104,5.7,2.3,47.8,28.9,1537,990,60.8,2,1197,702,63,2.2,Forward,518,84,84,6,67
1775,Anton Mihailov,C,0,SEA,67,66,79831,36,35,71,17,24,2,2,4,5288,1,2,3,3151,6,875,449,0,0,0,65,42,42,36,197,70,71,65,98.7,3.9,3,37.5,25.6,1220,876,58.2,-1.3,879,597,59.6,-1.6,Forward,355.70000000000005,83,83,7,67
157,Mats Marner,LW,0,CHI,67,66,84145,32,41,73,21,24,2,7,9,11462,2,2,4,1569,5,114,26,0,0,0,122,46,49,28,191,79,84,66,101.6,3.9,2.5,33.1,24.5,1113,903,55.2,1.4,765,571,57.3,1.3,Forward,373.90000000000003,81,81,8,67
2200,Lev Lebedev,C,0,MAN,67,66,83508,37,41,78,8,18,12,12,24,13654,1,0,1,758,8,1137,597,0,0,0,55,54,37,41,228,73,71,73,101.4,3.3,2.6,33.3,30.3,1048,1028,50.5,-0.1,761,702,52,0.7,Forward,386,80,80,9,67
645,Dwayne Gretzky,C,0,MTL,67,66,88977,39,69,108,24,40,14,26,40,13072,4,6,10,9733,1,1282,691,0,0,0,72,46,49,63,189,77,76,77,101.7,4.5,3.4,35.6,30.6,1095,889,55.2,5.1,785,665,54.1,4.9,Forward,486.3,78,78,10,67
1194,Ethan Duncan,LD,0,WPG,67,66,85117,23,32,55,36,36,14,11,25,9862,1,0,1,4117,5,0,0,0,0,0,63,9,37,106,217,65,60,69,101.9,4.4,2.5,36.6,24.9,1186,803,59.6,-2.6,843,584,59.1,-2.5,Defense,373.70000000000005,37,37,1,67
1701,Puddles O'Duck,LD,0,ATL,67,66,92276,13,49,62,55,34,6,11,17,10594,0,7,7,9786,3,0,0,0,0,0,69,8,49,128,193,68,62,74,104.2,4.5,2,39.6,27,1256,899,58.3,3.6,926,636,59.3,3.1,Defense,399.7,35,35,2,67
1143,Angus McFife XVIII,RD,0,ATL,67,66,93448,24,35,59,37,36,9,8,17,10553,0,4,4,10113,4,1,0,0,0,0,86,12,61,159,221,70,64,76,101.8,4.2,2.5,37.7,27,1141,914,55.5,-0.7,891,631,58.5,1.9,Defense,444.79999999999995,33,33,3,67
1276,Jonas Kahnwald,LD,0,SEA,67,66,89768,10,41,51,15,44,6,12,18,12235,0,3,3,5970,2,0,0,0,0,0,95,9,72,111,195,68,62,75,98.5,3.6,2.7,37.2,24.4,1225,820,59.9,1.2,871,584,59.9,-1.2,Defense,359.4,33,33,4,67
1837,Bean Beanman,LD,0,BUF,67,66,90959,17,32,49,19,26,8,10,18,12129,1,2,3,8466,2,1,1,0,0,0,89,13,72,144,221,69,62,75,99.8,3.9,3.1,35.1,27.3,1082,933,53.7,1.1,804,625,56.3,4.6,Defense,395.5,31,31,5,67
1892,Kermit Murphy,LD,0,SEA,67,66,92998,15,31,46,48,34,5,10,15,12003,0,2,2,9668,1,0,0,0,0,0,59,9,50,163,228,68,61,76,103.1,4.7,2.3,38.8,25.6,1239,877,58.6,-0.8,889,594,59.9,-1,Defense,391.7,31,31,6,67
732,Sven Svechnikov,LD,0,MAN,67,66,96874,15,34,49,-4,47,7,16,23,13619,0,2,2,8214,3,0,0,0,0,0,59,6,66,158,213,67,61,73,100.4,3.3,3.1,31.5,30.8,1080,1105,49.4,-1.7,769,757,50.4,-1.8,Defense,391.70000000000005,29,29,7,67
1150,Slavakov Vladimirashenko,LD,0,SFP,67,66,86590,18,20,38,1,34,12,7,19,11393,0,0,0,4334,3,0,0,0,0,0,67,11,65,179,191,65,55,75,96.8,3.1,2.8,37.2,24.3,1176,882,57.1,1.1,850,577,59.6,2.1,Defense,377.20000000000005,29,29,8,67
737,Zak Wilson,RD,0,MTL,67,66,91974,18,34,52,29,37,12,8,20,13087,0,5,5,10054,3,0,0,0,0,0,100,12,63,93,155,65,57,75,104.5,4.2,2.7,31.3,30.5,994,960,50.9,-1.4,690,692,49.9,-1.4,Defense,344.2,28,28,9,67
2370,Borje Samuelsson,LD,0,SFP,67,66,81310,12,29,41,24,30,7,12,19,11099,0,0,0,1577,2,0,0,0,0,0,84,7,67,61,185,66,62,68,101.1,4.5,2.9,37.8,27.5,1226,898,57.7,2,851,617,58,-0.3,Defense,279,28,28,10,67
558,Luukas Lilja,LW,0,SEA,68,66,79124,40,62,102,48,44,10,23,33,10558,0,1,1,375,8,45,13,0,0,0,126,61,36,21,183,81,89,66,105.3,4.7,1.9,32.4,20.5,1047,636,62.2,2.7,726,461,61.2,0.6,Forward,463.9,144,144,1,68
1239,Dogwood Maple,C,0,TOR,68,66,77191,54,41,95,52,34,2,2,4,2406,1,1,2,2373,6,929,477,0,0,0,65,48,53,35,276,72,71,67,102.6,5.7,3,43.6,28.8,1404,982,58.8,4.7,1025,685,59.9,4.8,Forward,468.8,138,138,2,68
2200,Lev Lebedev,C,0,MAN,68,66,86894,58,51,109,33,34,10,22,32,14807,2,0,2,1364,13,1159,642,0,0,0,55,58,38,36,290,75,75,72,103.4,4.5,2.7,36.8,30.2,1161,957,54.8,1.8,852,696,55,2.5,Forward,515.6,138,138,3,68
1804,Vlastislav Malik,RW,0,CGY,68,66,78816,46,36,82,13,23,0,2,2,4637,0,0,0,1500,7,92,43,0,0,0,86,44,30,60,212,76,81,67,102.7,4.6,3.5,32.7,31.3,995,1145,46.5,-1.3,755,780,49.2,-1,Forward,426,134,134,4,68
91,Makrus The Tater Jager,C,0,NEW,68,66,93246,61,49,110,21,43,13,17,30,11244,4,2,6,9044,5,1167,699,1,0,1,75,73,52,49,259,76,76,72,99.9,4.4,3.4,38.2,28.7,1202,943,56,5.2,897,668,57.3,5.6,Forward,528.1,128,128,5,68
1867,KEKW Kekkonen,C,0,BUF,68,66,84276,47,46,93,45,32,5,2,7,4375,3,2,5,4068,6,1048,556,0,0,0,51,72,38,40,326,72,72,66,101.5,5.3,3.2,43.7,30.7,1410,1052,57.3,2.7,1048,758,58,2.2,Forward,468.2,125,125,6,68
1676,Konstantin Selich,C,0,BUF,68,66,89447,47,56,103,31,38,8,19,27,14035,1,3,4,7864,9,1304,700,0,0,0,68,76,53,62,329,76,73,76,101.7,4.8,2.9,42.6,30.2,1229,947,56.5,1.4,938,669,58.4,2.6,Forward,519.1,123,123,7,68
687,Kriss Darzins,RW,0,MTL,68,66,70454,33,35,68,20,36,2,3,5,2958,0,0,0,571,4,38,7,0,0,0,73,53,28,30,179,73,81,58,102.1,4.6,3.2,33.8,28.2,1064,873,54.9,0.6,740,613,54.7,0,Forward,337.9,121,121,8,68
157,Mats Marner,LW,0,CHI,68,66,79276,39,48,87,28,24,8,10,18,10475,0,1,1,1859,7,40,14,0,0,0,146,45,33,19,303,78,84,64,100.3,4.5,2.7,40,24.8,1191,813,59.4,1.5,861,539,61.5,0.8,Forward,460.69999999999993,120,120,9,68
780,Videl Valor,C,0,NOL,68,66,88268,35,40,75,-3,24,14,15,29,12247,2,1,3,1052,1,1271,655,0,0,0,75,56,54,40,212,69,64,71,98.2,2.9,2.8,35.4,28.5,1194,1097,52.1,3.8,860,707,54.9,4.1,Forward,377.6,119,119,10,68
1143,Angus McFife XVIII,RD,0,ATL,68,66,93349,19,29,48,47,48,8,11,19,13953,0,2,2,10191,4,0,0,0,0,0,81,10,71,157,212,70,61,79,104.8,4.4,1.9,36.8,26.7,1135,886,56.2,1.7,828,608,57.7,3.9,Defense,400.3,52,52,1,68
1701,Puddles O'Duck,LD,0,ATL,68,66,91448,17,34,51,29,52,9,15,24,13598,2,5,7,10122,4,0,0,0,0,0,59,6,44,141,249,67,61,74,103.3,3.7,2,34.1,27.1,1069,892,54.5,-0.8,772,601,56.2,1.6,Defense,395.20000000000005,52,52,2,68
1276,Jonas Kahnwald,LD,0,SEA,68,66,87592,18,33,51,50,38,7,17,24,10799,0,1,1,4304,4,0,0,0,0,0,77,7,55,77,206,68,63,72,105,4.1,1.7,31.1,21,1088,683,61.4,1.5,759,502,60.2,-0.9,Defense,332.90000000000003,51,51,3,68
732,Sven Svechnikov,LD,0,MAN,68,66,92265,18,29,47,13,36,6,5,11,14930,0,1,1,2595,4,1,0,0,0,0,84,9,52,126,216,66,61,71,100.7,4.1,3.4,35.6,31.2,1190,1059,52.9,-1.2,861,753,53.3,-0.1,Defense,370.80000000000007,47,47,4,68
1892,Kermit Murphy,LD,0,SEA,68,66,91029,14,50,64,44,40,9,17,26,10553,1,1,2,8727,0,0,0,0,0,0,58,6,35,107,203,67,62,72,104.4,3.9,1.6,32.5,21.5,1086,730,59.8,-0.9,760,505,60.1,-1,Defense,386.4,45,45,5,68
2630,Rand al'Thor,RD,0,EDM,68,66,86888,20,15,35,-20,38,6,10,16,9239,0,1,1,2006,4,0,0,0,0,0,69,6,67,53,209,63,59,68,99.3,2.2,3,25.4,32.1,886,968,47.8,0,625,780,44.5,-2.1,Defense,263,43,43,6,68
1194,Ethan Duncan,LD,0,WPG,68,66,81652,5,34,39,41,36,0,2,2,2839,0,6,6,7811,2,0,0,0,0,0,71,4,42,127,137,65,59,71,101.6,4,2.3,36.3,24.4,1136,936,54.8,-2.6,836,597,58.3,-1,Defense,305.8,42,42,7,68
806,Michael Withecheck,RD,0,ATL,68,66,84098,14,24,38,33,30,1,1,2,3947,0,5,5,6382,6,0,0,0,0,0,74,11,40,151,169,66,60,73,102.4,3.5,2.1,34.6,27.6,1178,941,55.6,0.8,850,668,56,1.4,Defense,344.2,41,41,8,68
1837,Bean Beanman,LD,0,BUF,68,66,92604,9,40,49,35,18,4,12,16,14594,1,2,3,8047,2,0,0,0,0,0,68,9,55,118,186,67,60,75,101.7,4.4,2.3,44.1,27.1,1308,950,57.9,3.6,981,629,60.9,6.4,Defense,345.2,40,40,9,68
2553,Zayne Dangle,LD,0,BUF,68,66,85652,20,35,55,7,42,16,11,27,14723,0,3,3,4017,3,0,0,0,0,0,59,5,41,116,151,65,60,71,100,3.9,3.1,39.1,31.4,1140,943,54.7,-1.2,854,689,55.3,-1.9,Defense,358.3,39,39,10,68
2200,Lev Lebedev,C,0,MAN,69,66,88763,40,44,84,19,34,10,11,21,10573,10,4,14,8723,3,963,576,0,0,0,56,59,31,59,193,76,75,72,99,3.3,2.9,38.1,29.9,1190,960,55.3,0.6,867,670,56.4,1.2,Forward,407.69999999999993,178,178,1,69
1239,Dogwood Maple,RW,0,CGY,69,66,80928,38,47,85,41,20,3,12,15,9157,5,1,6,4681,3,275,117,0,0,0,105,54,35,22,217,78,80,72,104.2,4.7,2.7,35.1,29.5,998,1007,49.8,1.5,752,635,54.2,2.6,Forward,413.3,176,176,2,69
1676,Konstantin Selich,C,0,BUF,69,66,91050,52,64,116,42,34,24,18,42,14432,1,6,7,9814,8,1329,741,0,0,0,56,82,54,49,303,77,73,78,101.6,5.1,2.8,44.7,28.3,1352,858,61.2,5.4,990,617,61.6,4.4,Forward,542.6999999999999,175,175,3,69
726,Jay Cue,C,0,ATL,69,66,89597,50,63,113,23,48,11,24,35,11621,5,5,10,9182,6,1111,618,0,0,0,85,63,51,29,270,78,79,74,98.1,4.3,3.3,42.6,27.5,1270,864,59.5,2.9,935,619,60.2,1.3,Forward,521.4,161,161,4,69
1804,Vlastislav Malik,C,0,TOR,69,66,83616,27,22,49,-53,46,11,11,22,15890,0,1,1,2651,1,908,284,0,0,0,87,56,49,46,116,67,64,71,101.4,1.9,4,18.1,43,513,1201,29.9,2.1,386,905,29.9,2,Forward,271.20000000000005,161,161,5,69
2433,Max Manning,C,0,SEA,69,66,86250,55,54,109,52,56,18,19,37,11652,1,1,2,3565,9,1026,551,0,0,0,70,64,36,32,239,76,77,71,103.6,4.4,1.6,35.2,18.1,1115,694,61.6,2.2,815,439,65,4.5,Forward,500.9,161,161,6,69
91,Makrus The Tater Jager,C,0,NEW,69,66,89805,32,54,86,19,44,10,23,33,12120,1,4,5,8784,5,1347,766,0,0,0,59,81,52,55,235,76,72,79,100.7,3.3,2.2,36.6,26.5,1116,894,55.5,-1.5,832,615,57.5,0.1,Forward,417.1,160,160,7,69
1867,KEKW Kekkonen,C,0,BUF,69,66,82270,35,31,66,22,37,6,3,9,4096,0,2,2,4276,7,1076,596,1,0,1,43,96,58,30,269,70,66,71,99.6,3.5,2.6,41.9,30.2,1336,1008,57,-1,1022,714,58.9,0.2,Forward,348.9,160,160,8,69
157,Mats Marner,LW,0,CHI,69,66,77915,38,44,82,25,14,10,14,24,12142,0,0,0,53,6,9,2,0,0,0,121,34,38,22,256,76,81,65,101.1,4.3,2.6,38.1,25.4,1149,789,59.3,5,831,540,60.6,5.4,Forward,422.40000000000003,158,158,9,69
929,Conner Snooks,C,0,PHI,69,66,82725,38,34,72,13,45,5,7,12,9253,1,1,2,4215,6,1152,612,1,0,1,80,76,48,22,235,72,69,71,98.1,3.9,3,41.4,26.3,1220,805,60.2,0.1,916,605,60.2,-0.7,Forward,369.7,156,156,10,69
1143,Angus McFife XVIII,RD,0,ATL,69,66,94837,20,35,55,18,46,10,9,19,11877,2,8,10,10019,2,1,0,0,0,0,76,12,63,167,228,68,61,77,98.8,2.9,2.3,39.5,27.3,1261,962,56.7,-1.4,934,652,58.9,-0.7,Defense,434.09999999999997,72,72,1,69
1701,Puddles O'Duck,LD,0,ATL,69,66,90688,18,37,55,21,30,9,14,23,11898,0,5,5,9886,3,14,5,0,0,0,62,11,57,158,245,68,60,77,100.1,3.2,2.2,39.9,27.2,1193,913,56.6,-1.5,879,619,58.7,-1,Defense,423.5,70,70,2,69
1276,Jonas Kahnwald,LD,0,SEA,69,66,87858,13,40,53,27,34,6,15,21,11647,0,2,2,4720,2,0,0,0,0,0,70,2,64,94,189,68,63,73,100.9,3.3,1.9,33.7,21.1,1077,718,60,-0.3,793,499,61.4,-1,Defense,341.3,64,64,3,69
732,Sven Svechnikov,LD,0,MAN,69,66,95320,16,31,47,26,41,7,8,15,10830,0,6,6,8047,3,1,0,0,0,0,71,10,49,154,197,67,60,75,100.5,3.4,2.3,36.8,26.5,1238,1056,54,-1.6,888,660,57.4,2.6,Defense,383.1,63,63,4,69
1892,Kermit Murphy,LD,0,SEA,69,66,90552,15,39,54,30,46,8,19,27,11332,0,4,4,9278,3,0,0,0,0,0,58,7,55,98,213,67,62,72,100.6,3.6,2.1,35.4,21.6,1127,706,61.5,2,791,488,61.8,-0.3,Defense,352.3,60,60,5,69
2630,Rand al'Thor,RD,0,EDM,69,66,88041,17,35,52,-6,34,12,13,25,11695,1,2,3,3018,2,0,0,0,0,0,56,10,62,49,258,63,59,67,97.7,3.2,3.6,34.1,30.2,1095,885,55.3,1.6,808,717,53,0.4,Defense,316.9,60,60,6,69
2166,Hans Graf,RD,0,PHI,69,66,87876,21,39,60,26,38,8,16,24,13888,1,3,4,4022,2,0,0,0,0,0,106,8,48,109,255,69,66,72,99.7,4.1,2.5,42.9,25.9,1244,856,59.2,-1.5,937,599,61,0.5,Defense,418,57,57,7,69
806,Michael Withecheck,RD,0,ATL,69,66,84059,12,37,49,47,40,1,3,4,3148,0,5,5,5774,0,0,0,0,0,0,66,9,54,125,185,65,59,71,101.2,4.6,2.7,39.8,26.6,1324,911,59.2,2.5,966,649,59.8,0.7,Defense,353.4,53,53,8,69
2251,Jonathon Hagan,RD,0,MTL,69,66,86618,19,35,54,52,48,9,12,21,11083,1,3,4,4991,4,0,0,0,0,0,48,7,51,128,187,66,60,73,104.4,4.8,2.3,37.4,26.7,1151,903,56,0.7,869,626,58.1,1.9,Defense,371.5,53,53,9,69
2370,Borje Samuelsson,LD,0,NEW,69,66,88093,15,42,57,14,30,8,15,23,12209,0,0,0,3559,2,0,0,0,0,0,62,6,32,61,216,65,64,65,100.6,3.5,2.5,36.4,28.5,1202,950,55.9,-1.1,859,678,55.9,-2.4,Defense,330.5,53,53,10,69
1676,Konstantin Selich,C,0,BUF,70,66,92491,56,47,103,30,48,13,10,23,14546,3,4,7,9802,8,1294,712,0,0,0,92,93,47,50,351,78,75,78,100,4.6,3.2,44.7,30.4,1293,969,57.2,1.8,982,687,58.8,3,Forward,537.1,231,231,1,70
2433,Max Manning,C,0,SEA,70,66,88399,63,47,110,23,37,18,25,43,12354,2,2,4,3506,10,1145,624,0,0,0,79,63,42,23,252,77,80,72,100.1,3.6,2.5,35.6,25.4,1135,838,57.5,2.2,833,583,58.8,3.1,Forward,514,224,224,2,70
1239,Dogwood Maple,RW,0,CGY,70,66,73548,37,34,71,20,32,2,5,7,4410,1,1,2,2310,5,24,9,0,0,0,94,61,32,5,216,75,79,64,102.9,4.1,3.1,32.4,31,954,1075,47,-0.4,716,676,51.4,-0.3,Forward,355.40000000000003,213,213,3,70
1014,Evil AllBran,C,0,PHI,70,66,87430,58,62,120,51,49,12,23,35,17511,4,2,6,5022,7,929,502,0,0,0,76,63,35,32,317,76,79,69,103.1,5.5,2.6,44.4,28.1,1252,836,60,0.2,942,599,61.1,0.6,Forward,562.7,208,208,4,70
2200,Lev Lebedev,C,0,MAN,70,66,88661,27,47,74,-35,32,5,10,15,11453,4,1,5,8321,2,1073,609,0,0,0,65,46,42,50,188,72,71,67,97.5,3.7,5.2,35.7,40.7,1085,1219,47.1,1.2,795,911,46.6,1.6,Forward,361.4,205,205,5,70
929,Conner Snooks,RW,0,EDM,70,66,84281,43,53,96,6,45,20,21,41,12352,0,1,1,2411,8,476,268,0,0,0,125,73,37,33,254,78,83,67,99.9,4,3.3,38.7,31.1,1201,954,55.7,-0.7,881,720,55,0.2,Forward,477,199,199,6,70
726,Jay Cue,LW,0,ATL,70,66,83725,32,39,71,26,34,2,2,4,3999,7,4,11,11343,5,122,72,0,0,0,127,61,30,43,194,81,85,70,99.2,4,3,40,27.8,1203,888,57.5,-0.9,896,618,59.2,-0.8,Forward,379.8,193,193,7,70
1867,KEKW Kekkonen,C,0,BUF,70,66,84378,33,48,81,18,42,0,3,3,3592,3,2,5,5442,4,1163,621,0,0,0,66,90,48,39,297,70,69,66,98.9,4.3,3.6,42.3,32.5,1392,1072,56.5,0.8,1045,796,56.8,-0.2,Forward,414.9,193,193,8,70
2620,Red Kirkby,C,0,PHI,70,66,91894,63,69,132,62,58,23,31,54,17690,5,3,8,11018,10,1465,853,0,0,0,96,70,57,57,268,81,80,81,104.6,5.8,2.4,45.2,29.5,1265,846,59.9,0.2,929,600,60.8,0.1,Forward,612,187,187,9,70
91,Makrus The Tater Jager,C,0,NEW,70,66,80565,24,39,63,23,38,1,2,3,4121,1,1,2,4339,5,964,601,0,0,0,66,55,48,48,163,70,69,69,99.5,4.3,3.2,42.8,30.3,1313,1033,56,4.2,998,694,59,5,Forward,317.09999999999997,184,184,10,70
1701,Puddles O'Duck,LD,0,ATL,70,66,91528,22,36,58,36,50,11,12,23,12950,0,4,4,11264,2,4,4,0,0,0,74,10,53,162,228,69,62,76,101.3,4.5,2.5,42.4,26.6,1227,837,59.4,2,921,585,61.2,2.2,Defense,439.8,92,92,1,70
1143,Angus McFife XVIII,RD,0,ATL,70,66,94021,18,48,66,53,42,8,13,21,12938,0,4,4,11538,4,0,0,0,0,0,90,13,54,141,261,69,62,76,103.3,4.9,2.1,42.9,26.5,1294,854,60.2,3.3,970,599,61.8,3.3,Defense,457.20000000000005,90,90,2,70
2166,Hans Graf,RD,0,PHI,70,66,94149,25,50,75,37,36,16,20,36,17376,0,6,6,12161,5,1,1,0,0,0,90,17,56,158,257,71,63,80,101.9,4.6,2.5,45.9,30.7,1283,925,58.1,-2.6,961,665,59.1,-2.5,Defense,505.30000000000007,82,82,3,70
1892,Kermit Murphy,LD,0,SEA,70,66,91853,19,36,55,22,38,11,11,22,12105,0,5,5,9331,3,1,0,0,0,0,66,7,49,117,211,67,62,72,100.9,3.5,2.5,33.2,26.3,1044,805,56.5,0.6,747,596,55.6,-1.8,Defense,379,79,79,4,70
2529,Christian Kinsinger,LD,0,WPG,70,66,93252,28,55,83,59,46,18,19,37,13719,2,6,8,10990,3,0,0,0,0,0,73,13,73,142,263,71,64,78,101.9,4.8,2.2,42.1,23.1,1300,797,62,3.1,945,520,64.5,3.3,Defense,512.9,79,79,5,70
732,Sven Svechnikov,LD,0,NEW,70,66,97515,14,44,58,16,30,4,13,17,13975,2,3,5,11378,2,1,0,0,0,0,103,19,59,212,214,70,62,79,100.1,3.8,3.1,38.4,31.8,1226,1149,51.6,-2.6,897,739,54.8,-1.5,Defense,484.2,77,77,6,70
1276,Jonas Kahnwald,RD,0,CHI,70,66,82341,10,22,32,-20,40,1,2,3,3601,1,0,1,2607,2,0,0,0,0,0,72,5,48,103,149,64,59,68,96.8,2.8,3.8,30.2,30,1096,977,52.9,-1.1,748,723,50.8,-4.2,Defense,272.2,74,74,7,70
2553,Zayne Dangle,LD,0,BUF,70,66,92042,18,34,52,24,44,11,12,23,14337,0,5,5,9705,2,0,0,0,0,0,67,16,63,153,219,68,60,78,100.6,4.2,2.9,40.3,29.7,1211,922,56.8,1.2,902,659,57.8,1.3,Defense,404.20000000000005,69,69,8,70
2630,Rand al'Thor,LD,0,MTL,70,66,69553,8,21,29,22,24,0,0,0,356,0,1,1,3011,1,0,0,0,0,0,60,4,24,48,124,60,57,61,100.4,4,3.1,38.8,31.4,1131,977,53.7,-1.1,834,680,55.1,-0.1,Defense,199.39999999999998,68,68,9,70
1837,Bean Beanman,LD,0,BUF,70,66,90450,15,33,48,19,28,8,10,18,14536,0,1,1,5603,3,0,0,0,0,0,70,9,55,164,188,68,60,75,100.8,4.2,3.2,41.6,33.8,1271,1078,54.1,-2.9,950,780,54.9,-3.1,Defense,391,67,67,10,70
1676,Konstantin Selich,C,0,BUF,71,66,90792,47,56,103,44,36,10,14,24,12910,7,1,8,9741,10,1283,703,0,0,0,72,77,63,62,308,79,74,81,102.6,5,2.6,43.7,29.7,1315,901,59.3,3.9,989,654,60.2,4.6,Forward,514.4,278,278,1,71
1014,Evil AllBran,C,0,PHI,71,66,92770,60,62,122,25,50,16,25,41,15454,4,3,7,12599,6,1234,713,0,0,0,96,61,46,41,336,80,82,75,100,5.2,3.4,46.6,30.7,1335,864,60.7,0.8,991,644,60.6,0.3,Forward,589.8,268,268,2,71
2433,Max Manning,C,0,SEA,71,66,95840,41,46,87,1,55,17,11,28,11676,2,6,8,9315,5,1086,584,1,0,1,84,68,46,44,256,78,82,71,97.8,3.1,3.3,31.6,27.1,1085,920,54.1,5,766,649,54.1,4.9,Forward,438.8,265,265,3,71
1239,Dogwood Maple,RW,0,HAM,71,66,84675,30,47,77,-15,42,8,15,23,17247,1,4,5,4005,2,94,40,0,0,0,146,68,47,9,296,77,79,69,98.9,4.2,4.5,37.1,36.5,1040,951,52.2,2,762,754,50.3,1.3,Forward,413.6,243,243,4,71
2200,Lev Lebedev,LW,0,HAM,71,66,76193,35,32,67,-13,30,1,1,2,4101,3,1,4,1809,5,70,16,0,0,0,115,62,37,30,235,69,73,58,96.9,4.1,4.8,36.5,32.8,1167,1033,53,3.4,847,769,52.4,4.6,Forward,370.5,240,240,5,71
91,Makrus The Tater Jager,C,0,NEW,71,66,80400,53,44,97,57,46,3,3,6,3557,6,3,9,4816,6,1147,719,0,0,0,47,76,42,41,230,72,72,68,102.4,4.8,2.2,42.1,25,1355,887,60.4,1.6,1012,589,63.2,2.9,Forward,456.40000000000003,237,237,6,71
1867,KEKW Kekkonen,C,0,BUF,71,66,80475,36,41,77,37,32,3,0,3,4303,2,1,3,3653,6,1040,582,0,0,0,55,94,49,30,257,70,67,69,102.1,4.3,2.5,41.2,30.3,1348,986,57.8,1.6,998,724,58,1.3,Forward,384.1,229,229,7,71
929,Conner Snooks,LW,0,EDM,71,66,71452,29,36,65,30,16,3,3,6,3186,1,1,2,1793,5,80,34,0,0,0,107,44,37,33,209,76,79,69,101.9,4.4,2.7,41.4,29.9,1252,884,58.6,1.9,896,651,57.9,1.9,Forward,349.3,228,228,8,71
2620,Red Kirkby,C,0,PHI,71,66,92861,33,61,94,36,65,4,21,25,15299,2,4,6,11472,2,1094,586,0,0,0,95,67,67,52,280,80,74,82,102.3,4.8,2.3,45.3,28.4,1349,870,60.8,0.9,977,623,61.1,0.9,Forward,468.2,220,220,9,71
2718,Mads McBride,LW,0,MTL,71,66,81565,48,47,95,34,38,8,10,18,12999,1,1,2,1086,3,136,45,0,0,0,105,58,27,22,233,78,86,63,103.3,5.2,3,38.6,29.2,1150,940,55,2.3,841,680,55.3,0.7,Forward,458.09999999999997,219,219,10,71
2529,Christian Kinsinger,LD,0,WPG,71,66,91767,25,47,72,65,38,14,20,34,15408,1,6,7,11223,7,0,0,0,0,0,73,9,70,153,261,72,64,80,105.2,5.1,1.9,40.8,26.7,1188,884,57.3,-0.7,858,571,60,0.7,Defense,486.20000000000005,104,104,1,71
1701,Puddles O'Duck,LD,0,ATL,71,66,90310,11,31,42,33,59,4,11,15,8343,0,3,3,10242,4,23,7,1,0,1,71,13,51,172,203,67,60,76,102.2,4,2.3,39.6,29.3,1248,968,56.3,-2.4,925,676,57.8,-2.6,Defense,381.1,103,103,2,71
1143,Angus McFife XVIII,RD,0,ATL,71,66,95212,10,35,45,13,46,3,14,17,13727,0,3,3,10341,1,0,0,0,0,0,96,9,54,139,222,69,63,76,100.3,3.1,2.2,39.1,29.4,1229,955,56.3,-2.5,907,674,57.4,-3.2,Defense,375.1,100,100,3,71
2166,Hans Graf,RD,0,PHI,71,66,84960,9,35,44,49,38,2,2,4,3659,1,2,3,11504,1,0,0,0,0,0,70,9,53,115,150,66,59,72,102.6,5.2,2.8,44.2,30.2,1359,912,59.8,-0.5,1013,694,59.3,-1.7,Defense,317.5,91,91,4,71
732,Sven Svechnikov,LD,0,NEW,71,66,93910,12,41,53,40,67,7,12,19,13249,0,2,2,10937,1,0,0,0,0,0,83,17,48,177,261,68,61,76,101.7,4.8,2.5,43.4,27.3,1297,906,58.9,-0.8,998,612,62,1,Defense,441.8,89,89,5,71
1892,Kermit Murphy,RD,0,SEA,71,66,89267,8,23,31,3,46,3,1,4,4125,0,0,0,5616,3,0,0,0,0,0,61,6,41,148,154,64,58,70,100.8,3.3,2.9,29.4,28.2,1066,1008,51.4,0.7,779,731,51.6,1,Defense,304.8,87,87,6,71
2370,Borje Samuelsson,RD,0,NEW,71,66,88126,22,59,81,60,30,5,18,23,12917,1,0,1,4500,3,0,0,0,0,0,79,8,56,53,300,69,68,67,104.1,5.6,2.2,44.9,26.8,1382,860,61.6,3.4,1037,618,62.7,2,Defense,434.3,84,84,7,71
1276,Jonas Kahnwald,LD,0,CHI,71,66,87920,9,21,30,2,20,0,1,1,3825,1,4,5,9564,2,0,0,0,0,0,65,12,54,178,151,65,58,72,98.7,3.7,3.6,36.5,31.5,1262,1145,52.4,-0.2,886,757,53.9,1.2,Defense,330.5,83,83,8,71
877,Adelie de Pengu,RD,0,CHI,71,66,93786,16,40,56,18,52,9,9,18,13359,0,2,2,4501,0,23,12,0,0,0,68,17,54,238,222,70,61,80,100.5,4.1,3.1,37.4,29.4,1303,1120,53.8,2,925,722,56.2,4.8,Defense,492,81,81,9,71
1837,Bean Beanman,LD,0,BUF,71,66,86208,14,28,42,36,20,5,8,13,13445,0,0,0,4666,3,0,0,0,0,0,65,9,44,137,150,66,59,73,103.6,4.9,2.6,40.1,30.3,1260,970,56.5,-0.4,936,679,58,1.2,Defense,334.3,81,81,10,71
1676,Konstantin Selich,C,0,BUF,72,66,93115,59,60,119,29,42,21,20,41,16154,7,1,8,11466,9,1531,787,0,0,0,75,72,50,64,355,80,77,80,101.1,4.8,3.3,45,34.2,1303,978,57.1,4.5,962,731,56.8,4.1,Forward,590.9,337,337,1,72
1014,Evil AllBran,C,0,PHI,72,66,87343,42,59,101,28,68,13,29,42,17352,3,0,3,4417,8,1359,800,0,0,0,69,58,48,37,282,75,74,75,99.9,4.6,2.9,45.8,28.3,1372,849,61.8,2.7,994,610,62,2.4,Forward,479.40000000000003,310,310,2,72
2433,Max Manning,C,0,WPG,72,66,80447,33,50,83,41,57,1,2,3,4762,1,4,5,6489,8,1091,611,1,0,1,56,79,49,39,263,73,74,69,99.2,4.8,2.9,45,25,1366,852,61.6,0,1013,585,63.4,0.9,Forward,406.69999999999993,298,298,3,72
91,Makrus The Tater Jager,C,0,NEW,72,66,77576,37,45,82,33,46,5,7,12,5285,1,3,4,8484,8,989,555,0,0,0,63,81,47,41,242,71,71,69,99.7,5,3.3,46.8,29.6,1284,891,59,0.8,966,629,60.6,0.7,Forward,405.40000000000003,274,274,4,72
2200,Lev Lebedev,RW,0,CGY,72,66,73842,31,17,48,-38,30,2,1,3,899,1,1,2,1422,3,221,67,0,0,0,75,65,32,26,211,68,74,54,99,2.7,4.7,29.3,45.6,955,1401,40.5,-0.1,672,1061,38.8,0,Forward,283.90000000000003,271,271,5,72
1239,Dogwood Maple,RW,0,HAM,72,66,78563,25,31,56,-17,43,0,2,2,4433,1,1,2,5511,5,172,65,0,0,0,99,55,27,9,222,66,66,61,98.6,3.7,4.5,35.4,37.7,1089,1100,49.7,-2.2,796,850,48.4,-2.6,Forward,304.6,268,268,6,72
2207,Lias Ekholm-Gunnarsson,C,0,WPG,72,66,88592,46,70,116,35,42,19,32,51,17194,3,5,8,11810,8,1443,837,0,0,0,52,66,52,55,298,80,79,79,100.5,4.7,2.6,43.6,25.6,1184,716,62.3,1,854,504,62.9,0.1,Forward,537.2,261,261,7,72
2718,Mads McBride,LW,0,MTL,72,66,88284,40,56,96,16,38,7,14,21,13859,0,4,4,3543,8,131,41,0,0,0,113,65,29,33,263,81,89,64,100,4.5,3.4,40.7,30.5,1259,1028,55.1,2.5,922,748,55.2,2.4,Forward,471.9,259,259,8,72
2371,Grogu Mandosson,C,0,MTL,72,66,88147,44,60,104,37,46,10,15,25,13979,2,3,5,10400,4,1324,773,0,0,0,62,68,50,74,237,78,76,79,102.8,5.4,3.1,41.6,30.7,1139,944,54.7,1.9,831,672,55.3,2.4,Forward,496.3,256,256,9,72
2620,Red Kirkby,RW,0,PHI,72,66,87558,35,62,97,20,60,8,26,34,17459,0,1,1,2320,5,156,98,0,0,0,172,49,52,36,270,82,87,70,99.3,4.5,3,47.1,29.3,1440,894,61.7,2.6,1064,661,61.7,2,Forward,497.40000000000003,255,255,10,72
2529,Christian Kinsinger,LD,0,WPG,72,66,91322,27,38,65,35,54,18,18,36,17648,0,3,3,7078,1,0,0,0,0,0,66,9,52,131,265,69,62,76,100.3,4.4,2.5,42.5,24.5,1280,791,61.8,0.3,938,546,63.2,0.6,Defense,445.79999999999995,131,131,1,72
1701,Puddles O'Duck,LD,0,ATL,72,66,88996,14,27,41,15,51,11,11,22,15286,1,2,3,7614,2,17,8,1,1,0,72,8,71,143,264,68,60,77,99.3,3.3,2.5,41.6,29.2,1260,898,58.4,0.8,914,622,59.5,0.7,Defense,373.70000000000005,117,117,2,72
1143,Angus McFife XVIII,RD,0,ATL,72,66,93954,16,31,47,8,46,8,9,17,15506,1,6,7,12076,1,0,0,0,0,0,109,15,57,133,264,70,66,75,98.3,3.1,2.5,43.7,28.4,1297,883,59.5,2.4,946,615,60.6,2.3,Defense,399.5,116,116,3,72
2370,Borje Samuelsson,LD,0,NEW,72,66,82055,26,42,68,26,53,19,19,38,19757,0,1,1,1865,3,0,0,0,0,0,74,10,64,22,255,67,66,66,101.4,5,2.9,47.1,31.8,1176,793,59.7,1.8,906,642,58.5,-2.4,Defense,355.90000000000003,110,110,4,72
1892,Kermit Murphy,RD,0,BAP,72,66,94034,15,42,57,-11,60,9,17,26,15650,0,3,3,9977,2,0,0,0,0,0,68,11,63,171,216,66,61,72,98.3,3.7,3.9,37.6,33.6,1116,1021,52.2,3.8,838,741,53.1,3.9,Defense,431.9,102,102,5,72
877,Adelie de Pengu,RD,0,CHI,72,66,92695,20,37,57,54,54,11,18,29,17628,1,1,2,5303,4,11,3,0,0,0,81,11,56,158,225,71,66,77,105.5,5,2.2,40.1,31.2,1249,999,55.6,0.9,911,698,56.6,2.7,Defense,433.1,101,101,6,72
2166,Hans Graf,RD,0,PHI,72,66,79777,9,29,38,45,32,3,0,3,1369,0,5,5,13971,2,3,0,0,0,0,56,10,41,165,164,66,58,75,101.6,4.9,2.9,43.9,30.2,1281,884,59.2,-1.3,926,642,59.1,-2,Defense,343.1,100,100,7,72
2486,Jay O'Neil,RD,0,WPG,72,66,97972,26,46,72,34,52,17,18,35,17371,0,4,4,11664,2,0,0,0,0,0,88,9,66,194,241,72,64,81,99.6,4.5,2.8,43.2,25.5,1361,879,60.8,-1.3,992,585,62.9,0.2,Defense,524.1,100,100,8,72
732,Sven Svechnikov,RD,0,NEW,72,66,91100,10,34,44,57,56,1,3,4,5445,1,3,4,13252,1,0,0,0,0,0,77,13,53,187,171,67,60,75,100.9,5.3,2.8,47.8,27.8,1441,1001,59,0.8,1108,675,62.1,3.3,Defense,392.40000000000003,99,99,9,72
2553,Zayne Dangle,LD,0,BUF,72,66,93574,16,43,59,26,54,12,11,23,16900,0,6,6,11049,3,1,0,0,0,0,64,16,68,159,198,69,61,78,101.1,4.5,3.1,43.3,32.9,1267,989,56.2,3,947,705,57.3,4.8,Defense,421.1,95,95,10,72
1676,Konstantin Selich,C,0,BUF,73,66,91044,45,59,104,27,46,12,20,32,13151,7,4,11,10425,8,1310,677,0,0,0,81,95,52,52,368,77,75,77,100.2,4.3,3,45.2,33,1387,986,58.4,4.2,1002,709,58.6,3.1,Forward,531,382,382,1,73
1014,Evil AllBran,LW,0,PHI,73,66,80689,33,40,73,35,44,1,4,5,3784,6,4,10,13044,6,62,31,0,0,0,157,63,40,52,252,83,84,75,100,4.1,2.6,46.5,29.4,1332,849,61.1,3,981,607,61.8,2.9,Forward,421.6,343,343,2,73
2433,Max Manning,C,0,WPG,73,66,73603,31,37,68,27,40,0,0,0,1562,3,4,7,5865,6,939,518,0,0,0,58,84,46,48,260,69,68,67,99.9,4.4,3.2,42.5,30.7,1218,915,57.1,-2.6,904,653,58.1,-2.6,Forward,365,329,329,3,73
2207,Lias Ekholm-Gunnarsson,C,0,WPG,73,66,89369,56,69,125,32,50,17,31,48,14119,4,8,12,10696,3,1325,738,0,0,0,69,76,49,78,290,78,76,79,100.4,4.7,3,41.3,27,1193,836,58.8,0,865,586,59.6,-0.2,Forward,592.4,317,317,4,73
91,Makrus The Tater Jager,C,0,NEW,73,66,70282,34,38,72,57,28,0,1,1,613,1,2,3,2103,3,859,496,0,0,0,58,65,40,44,264,71,71,69,104,4.7,1.8,44,27.3,1308,912,58.9,1,975,628,60.8,2.2,Forward,378.79999999999995,308,308,5,73
2652,Ivan Lacksamus,C,0,NEW,73,66,92732,65,77,142,57,56,22,25,47,15688,6,3,9,11195,11,1459,882,0,0,0,76,72,58,66,350,82,83,80,103,5.6,2.7,47.2,30.7,1323,937,58.5,0.5,1000,654,60.5,1.7,Forward,666,305,305,6,73
1239,Dogwood Maple,RW,0,HAM,73,66,68613,35,27,62,-9,26,0,0,0,554,2,0,2,1062,4,91,25,0,0,0,94,71,22,31,273,68,73,55,98.4,4.1,4.7,39,38.7,1207,1205,50,-1.4,841,857,49.5,-2.8,Forward,359.1,303,303,7,73
2718,Mads McBride,LW,0,WPG,73,66,81893,43,50,93,41,48,9,18,27,13802,4,1,5,3683,4,62,13,0,0,0,120,56,55,36,305,81,79,79,103.2,4.7,2.1,45.8,29.3,1304,866,60.1,1.9,948,626,60.2,0.7,Forward,483.1,302,302,8,73
2200,Lev Lebedev,RW,0,CGY,73,66,82767,28,41,69,-30,34,9,8,17,10709,0,1,1,505,4,20,5,0,0,0,99,67,47,26,208,75,77,69,99.2,3.3,4.6,34.7,44.5,1048,1354,43.6,3.4,789,1035,43.3,3.6,Forward,352.6,299,299,9,73
2620,Red Kirkby,RW,0,PHI,73,66,85922,42,70,112,36,46,12,26,38,16056,4,3,7,4315,7,70,39,0,0,0,167,46,40,45,287,83,90,69,101.7,5,2.9,47.5,32.4,1360,950,58.9,-0.3,1032,701,59.5,-0.4,Forward,557.9,297,297,10,73
2529,Christian Kinsinger,LD,0,WPG,73,66,83699,4,39,43,45,42,1,2,3,4076,0,6,6,11441,1,0,0,0,0,0,53,10,33,148,119,65,59,72,101.1,4.9,2.9,44.4,28.9,1313,932,58.5,-0.5,979,646,60.2,0.7,Defense,323.1,135,135,1,73
1143,Angus McFife XVIII,RD,0,ATL,73,66,90593,14,30,44,20,40,5,7,12,13887,0,2,2,10057,0,0,0,0,0,0,78,8,53,146,176,68,64,73,101.2,4.8,3.5,42.7,34.9,1280,1032,55.4,-1.2,943,763,55.3,-2.6,Defense,361.4,130,130,2,73
1701,Puddles O'Duck,LD,0,ATL,73,66,83557,8,23,31,27,36,1,1,2,3058,0,3,3,7295,0,9,3,0,0,0,63,14,45,128,137,64,58,68,101.2,4.6,3.3,43,35.7,1388,1158,54.5,-2.6,1047,853,55.1,-3,Defense,282.5,125,125,3,73
2370,Borje Samuelsson,RD,0,NEW,73,66,74146,11,47,58,48,42,6,22,28,15398,0,1,1,1433,1,0,0,0,0,0,70,8,38,13,184,64,63,64,106.3,5.3,2.1,43.3,34.6,1103,807,57.7,-0.7,807,649,55.4,-5.6,Defense,279.9,121,121,4,73
2486,Jay O'Neil,RD,0,WPG,73,66,93553,19,44,63,20,59,13,15,28,14238,0,4,4,10922,0,0,0,0,0,0,109,11,75,90,213,66,57,77,99.4,3.8,2.6,43.2,27.4,1289,907,58.7,-0.2,958,618,60.8,1.5,Defense,396.5,119,119,5,73
877,Adelie de Pengu,RD,0,CHI,73,66,91167,17,39,56,11,51,10,19,29,16289,1,1,2,5144,1,15,9,0,0,0,74,14,56,139,203,70,65,75,100.9,3.4,2.6,37.1,31.1,1213,1018,54.4,2.5,872,712,55.1,3,Defense,400.6,118,118,6,73
1892,Kermit Murphy,RD,0,BAP,73,66,86801,7,27,34,30,48,0,2,2,2680,0,0,0,9442,0,0,0,0,0,0,43,12,58,182,134,65,58,73,101.7,4.6,3.4,41.2,35.4,1344,1210,52.6,3.7,998,875,53.3,3.5,Defense,330.2,109,109,7,73
2166,Hans Graf,LD,0,PHI,73,66,72536,9,21,30,40,24,0,0,0,592,2,1,3,5442,3,0,0,0,0,0,59,9,65,72,96,61,54,68,101.2,4.6,2.9,43.3,30.9,1274,953,57.2,-2.8,957,688,58.2,-2.4,Defense,216.2,109,109,8,73
2488,San-sam Emerson,LD,0,PHI,73,66,87691,20,50,70,63,44,13,21,34,15485,0,3,3,5973,4,0,0,0,0,0,93,6,79,127,198,72,67,76,105.1,5.8,2.1,48.4,31,1400,911,60.6,2.3,1048,674,60.9,1.6,Defense,440.9,108,108,9,73
732,Sven Svechnikov,RD,0,NEW,73,66,80264,7,27,34,48,30,0,4,4,2573,0,1,1,8218,0,1,1,0,0,0,68,5,56,109,109,63,55,70,101.7,5.2,2.9,44.5,29.1,1378,954,59.1,1.3,1012,678,59.9,0.8,Defense,267,106,106,10,73
1676,Konstantin Selich,LW,0,BUF,74,66,87433,47,80,127,62,28,8,18,26,14533,2,6,8,4650,1,260,138,0,0,0,157,62,58,57,296,82,86,72,104.1,5.9,2.6,48.4,32.2,1378,989,58.2,3.9,1070,714,60,6.2,Forward,613.8,429,429,1,74
1014,Evil AllBran,LW,0,PHI,74,66,75714,23,47,70,30,38,2,5,7,4751,2,3,5,3723,3,86,49,0,0,0,105,49,32,69,209,75,74,72,100.7,4.2,2.7,45.2,31.4,1343,1004,57.2,-1.2,988,697,58.6,-0.6,Forward,379.09999999999997,366,366,2,74
2652,Ivan Lacksamus,C,0,NEW,74,66,92071,51,58,109,19,55,10,28,38,13451,5,5,10,13062,6,1518,835,1,0,1,63,95,49,59,394,78,78,77,99.7,4.2,3.2,44.6,32.9,1262,996,55.9,-0.5,935,716,56.6,-1.5,Forward,556.8,356,356,3,74
91,Makrus The Tater Jager,C,0,NEW,74,66,68164,39,32,71,24,38,0,0,0,905,3,1,4,2077,6,873,527,0,0,0,66,84,42,32,279,67,67,65,99.1,4.6,3.5,46.3,32.4,1331,974,57.7,2.3,1010,675,59.9,3.4,Forward,381.29999999999995,347,347,4,74
2207,Lias Ekholm-Gunnarsson,C,0,WPG,74,66,84498,28,35,63,15,32,2,6,8,8211,4,4,8,4226,3,902,500,0,0,0,71,90,39,54,283,72,71,72,99.2,3.2,2.7,38.9,30,1291,1013,56,0.1,912,712,56.2,0.4,Forward,362.69999999999993,345,345,5,74
2433,Max Manning,RW,0,BAP,74,66,73017,14,46,60,28,26,0,0,0,1388,1,2,3,2731,6,129,74,0,0,0,87,65,28,66,141,70,70,68,102.6,4.5,3.2,39.1,35.5,1207,1103,52.3,-2.1,887,806,52.4,-2.1,Forward,310.70000000000005,343,343,6,74
1239,Dogwood Maple,C,0,TOR,74,66,83572,35,39,74,-37,36,7,12,19,11116,1,0,1,3638,4,981,259,0,0,0,93,72,53,50,254,66,63,69,99.3,3.5,4.9,34.2,45,1035,1391,42.7,-2.1,767,1007,43.2,0.2,Forward,400.4,338,338,7,74
2718,Mads McBride,LW,0,TEX,74,66,84544,31,53,84,16,61,10,18,28,14188,1,1,2,1294,5,111,34,1,0,1,151,71,52,43,245,79,83,69,100.7,4,2.8,42.5,31.9,1321,1029,56.2,3.8,940,710,57,4.1,Forward,442.7,333,333,8,74
1394,Paul Koivu,LW,0,HAM,74,66,81070,41,50,91,17,35,9,16,25,15805,3,0,3,3263,6,87,24,0,0,0,123,72,23,27,274,75,82,63,101.7,5.2,3.8,43.5,37.1,1190,1045,53.2,1.3,887,754,54.1,2.1,Forward,461.59999999999997,329,329,9,74
2620,Red Kirkby,RW,0,PHI,74,66,83333,32,63,95,25,28,9,32,41,15681,1,0,1,1070,5,69,15,0,0,0,148,55,41,48,248,79,83,69,101.2,4,2.3,45.3,29.8,1320,943,58.3,0.5,983,661,59.8,1.1,Forward,479.4,329,329,10,74
1143,Angus McFife XVIII,RD,0,ATL,74,66,92709,21,24,45,24,40,12,6,18,11475,0,2,2,8502,1,0,0,0,0,0,69,8,50,143,175,66,59,73,100.8,4.4,3.1,43.7,33.9,1413,1135,55.5,0.5,1046,808,56.4,0.6,Defense,364.8,151,151,1,74
2529,Christian Kinsinger,LD,0,WPG,74,66,84071,14,40,54,23,38,10,19,29,15981,1,0,1,2315,1,1,0,0,0,0,61,11,48,108,192,67,61,73,102.1,4.4,2.7,38.8,29.2,1198,906,56.9,1.4,837,626,57.2,2,Defense,355.2,149,149,2,74
2370,Borje Samuelsson,RD,0,NEW,74,66,69463,18,23,41,7,30,12,9,21,13272,1,1,2,742,2,0,0,0,0,0,44,6,42,14,193,63,61,62,100,4.3,3.3,47,35.6,1136,805,58.5,3.2,855,640,57.2,-0.7,Defense,229.1,139,139,3,74
2486,Jay O'Neil,RD,0,WPG,74,66,92714,14,45,59,17,54,11,17,28,15887,0,6,6,9154,0,0,0,0,0,0,86,13,76,127,171,66,57,77,99.8,3.9,3,38.8,28.8,1251,906,58,3,861,632,57.7,2.7,Defense,391,133,133,4,74
1701,Puddles O'Duck,LD,0,ATL,74,66,81546,6,19,25,18,18,1,2,3,4010,1,1,2,6135,1,9,3,0,0,0,54,8,50,139,125,64,57,71,100.6,4.1,3.3,41.7,35.3,1308,1147,53.3,-2.8,972,830,53.9,-3.2,Defense,265.2,131,131,5,74
2488,San-sam Emerson,LD,0,PHI,74,66,89737,23,48,71,38,48,17,15,32,14749,1,3,4,3879,4,0,0,0,0,0,79,15,59,135,257,70,67,73,101.3,4.7,2.7,46.5,30.8,1439,1040,58,0.1,1088,717,60.3,1.9,Defense,466.20000000000005,131,131,6,74
2841,Louise St. Martin,RD,0,EDM,74,66,90809,25,47,72,54,36,12,18,30,18091,1,1,2,5255,2,0,0,0,0,0,89,8,71,98,265,72,68,76,104.4,5.1,2,45.6,29.5,1357,903,60,-0.1,1008,656,60.6,-0.7,Defense,444.3,130,130,7,74
877,Adelie de Pengu,RD,0,CHI,74,66,86022,6,18,24,-8,28,0,1,1,5084,0,2,2,6616,0,0,0,0,0,0,54,14,35,202,138,64,57,71,98.4,3.6,4,38.1,36.6,1255,1259,49.9,-2.7,922,886,51,-0.6,Defense,322.8,124,124,8,74
2553,Zayne Dangle,RD,0,BUF,74,66,92404,17,36,53,51,24,6,14,20,14501,2,3,5,9646,3,0,0,0,0,0,53,11,45,164,173,69,61,77,104,5.3,2.6,44.6,33.9,1305,1064,55.1,-0.8,1010,767,56.8,1.4,Defense,396.70000000000005,121,121,9,74
2440,Dirty Boots,LD,0,TEX,74,66,90274,14,34,48,34,36,9,7,16,13556,0,0,0,6137,3,0,0,0,0,0,64,7,57,203,180,69,61,78,102.8,4.7,2.7,40.8,31,1281,1079,54.3,1.2,926,725,56.1,-2.5,Defense,420.3,113,113,10,74
1676,Konstantin Selich,LW,0,BUF,75,66,84476,24,51,75,9,45,4,15,19,12365,1,1,2,4813,1,130,71,1,0,1,126,60,53,26,234,76,80,67,101.3,3.8,2.9,40.2,36.2,1169,1068,52.3,-1.8,877,771,53.2,-0.9,Forward,385.20000000000005,453,453,1,75
2652,Ivan Lacksamus,C,0,NEW,75,66,86543,39,57,96,20,42,14,13,27,14003,3,2,5,6164,6,1057,573,0,0,0,91,77,74,8,290,73,74,69,102.4,5.2,3.7,42.6,38,1268,1109,53.3,-0.9,927,819,53.1,-2.3,Forward,455.2,395,395,2,75
1014,Evil AllBran,LW,0,PHI,75,66,72205,28,33,61,35,26,0,2,2,4040,2,2,4,4412,3,72,34,0,0,0,109,62,40,44,202,70,69,68,101.5,5,3.2,43.5,31.3,1300,921,58.5,0.3,923,659,58.3,-0.9,Forward,341.6,394,394,3,75
2207,Lias Ekholm-Gunnarsson,C,0,WPG,75,66,84875,37,35,72,-1,43,9,9,18,11923,3,2,5,5043,8,1099,580,0,0,0,68,96,52,63,205,72,66,77,99.7,3,2.7,32.5,28.7,1069,889,54.6,-1.2,732,622,54.1,-1.3,Forward,379.5,382,382,4,75
2564,Shoyo Hinata,C,0,ATL,75,66,85798,47,56,103,19,68,9,21,30,12166,2,2,4,3449,6,947,514,2,0,2,81,79,58,31,358,75,76,70,99.3,4.7,3.5,48.4,33.6,1460,1097,57.1,4.9,1078,770,58.3,4.3,Forward,514.4,374,374,5,75
2718,Mads McBride,LW,0,TEX,75,66,85111,40,61,101,46,38,8,17,25,14948,0,1,1,1923,9,64,13,0,0,0,148,72,54,46,291,80,83,72,104.4,5,2.2,40.8,28.5,1301,1035,55.7,3.5,904,640,58.5,0.6,Forward,517.1,373,373,6,75
91,Makrus The Tater Jager,LW,0,NEW,75,66,62577,22,34,56,27,12,0,0,0,174,0,1,1,493,2,16,5,0,0,0,78,55,25,6,217,64,64,59,101.7,4.4,2.9,46.5,37,1229,1019,54.7,1,916,742,55.2,0.9,Forward,289.90000000000003,369,369,7,75
1394,Paul Koivu,LW,0,HAM,75,66,77696,34,50,84,12,32,5,17,22,14849,0,0,0,532,4,39,10,0,0,0,114,53,32,32,239,72,72,69,102.2,5,3.9,41.3,39.5,1141,1111,50.7,-0.4,834,797,51.1,0.1,Forward,422.5,363,363,8,75
2886,Evan Winter,C,0,EDM,75,66,81357,45,46,91,65,39,4,3,7,3886,2,3,5,6935,3,784,422,0,0,0,74,90,37,41,270,72,74,68,103.5,5.4,2.3,44.5,27.2,1382,931,59.7,0.5,1022,652,61.1,1.3,Forward,453.20000000000005,363,363,9,75
1239,Dogwood Maple,C,0,TOR,75,66,82953,23,34,57,-16,32,2,1,3,2877,3,1,4,6987,4,298,79,0,0,0,101,75,32,37,170,73,75,64,98.7,3.4,4.3,35.6,39.6,1214,1261,49.1,2.3,856,945,47.5,1.2,Forward,307.59999999999997,361,361,10,75
2529,Christian Kinsinger,LD,0,WPG,75,66,85447,11,23,34,26,26,3,7,10,7620,2,3,5,7110,2,0,0,0,0,0,62,11,51,101,175,65,59,71,101.9,3.7,2.5,32.9,27.4,1161,896,56.4,1.6,780,640,54.9,0,Defense,281.20000000000005,160,160,1,75
1143,Angus McFife XVIII,RD,0,ATL,75,66,84503,8,28,36,25,32,1,2,3,3705,0,6,6,10756,2,0,0,0,0,0,57,9,45,157,110,64,58,71,100.6,4.6,3.3,44.4,34,1375,1102,55.5,2.4,1007,771,56.6,1.7,Defense,313.1,159,159,2,75
2488,San-sam Emerson,LD,0,PHI,75,66,94385,17,32,49,40,62,7,8,15,13289,1,2,3,11590,1,0,0,0,0,0,72,12,54,155,199,68,65,72,101,5.6,3.7,47.5,34.8,1412,1109,56,-3.7,1069,783,57.7,-2,Defense,392,148,148,3,75
2370,Borje Samuelsson,RD,0,NEW,75,66,63804,3,22,25,15,32,2,0,2,3388,0,0,0,511,0,0,0,0,0,0,52,7,31,18,107,58,56,60,101.6,5.1,4,46.3,42,1226,1008,54.9,1.3,885,820,51.9,-4,Defense,147.1,142,142,4,75
2486,Jay O'Neil,RD,0,WPG,75,66,92205,9,24,33,5,26,5,7,12,11975,0,5,5,8415,2,0,0,0,0,0,76,5,69,98,160,63,55,72,100.5,3.3,3,31.2,29.3,1124,940,54.5,-1.5,753,675,52.7,-3.4,Defense,274.6,142,142,5,75
877,Adelie de Pengu,LD,0,MIN,75,64,88003,14,22,36,3,57,8,6,14,9650,0,4,4,4422,2,3,2,1,0,1,50,14,57,151,132,64,58,72,100.9,3.5,3.4,32.6,33.9,1112,1142,49.3,3.2,781,828,48.5,3,Defense,317.5,138,138,6,75
2841,Louise St. Martin,RD,0,EDM,75,66,80778,7,21,28,43,41,1,1,2,4848,0,2,2,2328,1,0,0,0,0,0,59,9,51,83,154,65,61,69,102.1,4.6,2.5,42.2,28.9,1365,951,58.9,-0.8,1010,700,59.1,-1.9,Defense,235.5,137,137,7,75
1701,Puddles O'Duck,LD,0,ATL,75,66,83342,4,24,28,-8,32,0,4,4,4123,0,3,3,6423,1,3,1,0,0,0,54,10,41,139,118,62,56,65,96.6,3.8,4.3,44.4,36.3,1414,1229,53.5,-0.6,1059,868,55,-0.9,Defense,270.1,135,135,8,75
2553,Zayne Dangle,RD,0,BUF,75,66,90980,12,30,42,7,50,8,10,18,12464,0,4,4,9292,3,0,0,0,0,0,66,11,54,178,163,67,60,76,99.8,3.6,3.2,41.2,35.5,1185,1116,51.5,-2.9,910,796,53.3,-0.8,Defense,373.5,133,133,9,75
2440,Dirty Boots,LD,0,TEX,75,66,87243,13,38,51,22,36,6,20,26,13960,1,3,4,6498,3,0,0,0,0,0,57,14,45,207,174,68,59,78,99.9,3.6,2.5,38.7,27,1165,1073,52.1,-2.1,841,592,58.7,0.8,Defense,427.3,126,126,10,75
1676,Konstantin Selich,LW,0,BUF,76,66,83181,31,51,82,27,36,3,11,14,12074,6,0,6,3643,5,60,29,0,0,0,122,70,55,27,239,77,81,66,101.6,4.7,3.1,44.2,34.8,1395,1058,56.9,5.3,975,770,55.9,4.6,Forward,413.7,484,484,1,76
2652,Ivan Lacksamus,C,0,NEW,76,66,83226,31,45,76,-7,58,9,16,25,12759,3,2,5,5562,3,856,470,0,0,0,95,90,48,7,315,72,74,66,97.7,3.4,3.8,41.8,36.8,1206,1030,53.9,-0.1,896,784,53.3,0.2,Forward,395.7,426,426,2,76
2207,Lias Ekholm-Gunnarsson,C,0,WPG,76,66,87269,40,56,96,11,28,11,28,39,12825,2,6,8,8864,5,1282,693,0,0,0,68,62,50,53,287,75,74,75,99.8,3.7,3.1,40.3,32.6,1212,922,56.8,6.1,854,690,55.3,6.9,Forward,473.1,422,422,3,76
1014,Evil AllBran,LW,0,PHI,76,66,71119,25,36,61,29,28,0,1,1,3310,0,0,0,453,1,52,22,0,0,0,131,59,41,31,211,73,77,62,101.3,4.1,2.5,40.7,28.6,1250,959,56.6,1.8,898,642,58.3,2.2,Forward,342.30000000000007,419,419,4,76
2718,Mads McBride,LW,0,TEX,76,66,84821,39,42,81,23,32,6,8,14,11505,2,2,4,3464,3,49,12,0,0,0,133,59,42,41,251,78,84,66,99.7,4.2,3,42.6,29.3,1350,1062,56,2.4,985,672,59.4,4.1,Forward,435.1,412,412,5,76
2564,Shoyo Hinata,C,0,ATL,76,66,86643,28,47,75,-15,58,7,15,22,17333,0,1,1,3552,5,837,497,0,0,0,71,93,47,36,265,74,74,71,98.2,3.2,3.4,39.1,33.7,1157,1057,52.3,1.5,837,731,53.4,0.8,Forward,382.5,402,402,6,76
1239,Dogwood Maple,C,0,EDM,76,66,78892,35,16,51,-32,52,3,2,5,3540,1,0,1,10000,2,1040,292,0,0,0,63,73,49,45,199,65,63,66,100.4,2.9,4.6,27.7,46.2,850,1317,39.2,-4.1,581,962,37.7,-3.4,Forward,299.9,396,396,7,76
2886,Evan Winter,LW,0,LAP,76,66,74830,28,40,68,43,28,1,1,2,2924,2,3,5,3730,5,118,68,0,0,0,107,58,45,56,209,77,78,71,101.9,5,3,40.2,28.5,1275,1003,56,-1,894,662,57.5,-0.4,Forward,371.1,391,391,8,76
1394,Paul Koivu,RW,0,HAM,76,66,71263,16,34,50,-16,40,2,3,5,1883,1,0,1,1029,1,75,24,0,0,0,96,53,33,15,205,66,68,57,96.8,3.2,4.1,40.9,36.6,1271,1101,53.6,-0.1,924,822,52.9,-1,Forward,274.9,379,379,9,76
2433,Max Manning,LW,0,BAP,76,66,69776,15,28,43,8,26,1,0,1,2942,0,2,2,2841,5,21,8,0,0,0,100,47,44,19,115,69,68,67,102.3,3.6,3,32.7,34.2,960,967,49.8,-2.6,678,721,48.5,-5.2,Forward,229.9,372,372,10,76
2529,Christian Kinsinger,LD,0,WPG,76,66,89912,17,34,51,4,26,9,14,23,13175,2,2,4,5026,3,0,0,0,0,0,67,6,64,75,194,65,61,68,100.4,3.3,3.1,35.5,35,1190,1089,52.2,-0.7,819,818,50,-1,Defense,322.5,177,177,1,76
1143,Angus McFife XVIII,RD,0,ATL,75,66,84503,8,28,36,25,32,1,2,3,3705,0,6,6,10756,2,0,0,0,0,0,57,9,45,157,110,64,58,71,100.6,4.6,3.3,44.4,34,1375,1102,55.5,2.4,1007,771,56.6,1.7,Defense,313.1,159,159,2,76
2486,Jay O'Neil,RD,0,WPG,76,66,92734,16,35,51,-7,22,14,13,27,13053,0,3,3,8628,0,0,0,0,0,0,74,7,66,135,164,66,57,75,99.6,3.1,3.2,35.1,34.8,1153,1087,51.5,-1.8,802,811,49.7,-1.5,Defense,369.29999999999995,158,158,3,76
2488,San-sam Emerson,LD,0,PHI,76,66,81539,9,21,30,11,51,2,2,4,4352,0,2,2,4671,1,0,0,0,0,0,54,18,31,178,136,63,57,69,98.4,3.8,3.4,41.3,31.1,1323,1114,54.3,-1.7,967,718,57.4,0.9,Defense,321.6,157,157,4,76
2841,Louise St. Martin,RD,0,TOR,76,66,87659,11,27,38,-23,40,8,7,15,13281,0,2,2,4070,1,0,0,0,0,0,76,10,71,113,152,66,59,73,98.7,3.3,3.7,40.5,38.7,1259,1180,51.6,2.1,917,900,50.5,0.3,Defense,302.7,148,148,5,76
2370,Borje Samuelsson,RD,0,WPG,76,66,60704,2,11,13,-17,20,0,0,0,355,0,0,0,1181,1,0,0,0,0,0,33,14,26,17,88,58,55,60,98.5,2.6,3.6,33.4,39.1,965,916,51.3,-1.9,650,735,46.9,-5.3,Defense,95.9,144,144,6,76
877,Adelie de Pengu,LD,0,MIN,76,66,65808,2,14,16,-1,24,0,0,0,1029,0,3,3,9983,0,0,0,0,0,0,54,8,64,102,97,61,53,70,98.5,3,3.2,37.1,34,968,853,53.2,4.1,670,601,52.7,0.8,Defense,192.5,140,140,7,76
1701,Puddles O'Duck,RD,0,ATL,76,66,65560,4,19,23,0,22,0,0,0,947,0,2,2,3593,1,0,0,0,0,0,53,8,36,71,69,58,52,63,98.9,3.3,3.5,36.7,34.9,985,997,49.7,-2.2,732,705,50.9,-2.8,Defense,178.8,139,139,8,76
2553,Zayne Dangle,RD,0,BUF,76,66,83535,6,16,22,9,36,1,2,3,3772,0,3,3,4987,0,0,0,0,0,0,44,9,41,179,109,64,57,71,100.4,3.8,3.4,40.2,38,1415,1309,51.9,-2.3,994,923,51.9,-1.5,Defense,283.4,139,139,9,76
2440,Dirty Boots,RD,0,TEX,76,66,79502,6,24,30,49,28,0,0,0,960,0,1,1,10063,0,0,0,0,0,0,49,10,58,130,122,63,53,73,103.7,4.6,2.3,39.5,29.5,1252,993,55.8,2,900,662,57.6,1.2,Defense,269.2,132,132,10,76
1676,Konstantin Selich,C,0,BUF,77,66,75571,18,25,43,-22,36,0,1,1,4400,1,1,2,4255,2,786,342,0,0,0,72,75,35,19,230,59,57,58,98.6,3.1,4.3,34.7,41,1077,1168,48,-5.4,770,885,46.5,-7.5,Forward,256.2,502,502,1,77
2652,Ivan Lacksamus,C,0,NEW,77,66,79844,31,36,67,25,51,2,3,5,6026,2,3,5,7319,2,1049,531,0,0,0,73,76,35,10,247,68,69,64,101.7,4.3,3.2,41,35.9,1225,989,55.3,-0.4,896,775,53.6,0.1,Forward,341.3,457,457,2,77
2207,Lias Ekholm-Gunnarsson,C,0,WPG,77,66,90987,31,41,72,-19,40,10,18,28,15043,4,2,6,11312,4,1287,634,0,0,0,81,70,41,73,187,75,71,78,99,3,4,30.3,37.4,991,1139,46.5,-0.6,654,812,44.6,-1.3,Forward,379.3,453,453,3,77
2718,Mads McBride,LW,0,TEX,77,66,75043,22,43,65,40,34,0,2,2,4371,2,2,4,3701,4,74,20,0,0,0,135,63,33,43,196,79,80,69,101.3,4.8,2.6,43.3,26.8,1368,917,59.9,2.9,966,593,62,4,Forward,355.6,434,434,4,77
2564,Shoyo Hinata,C,0,ATL,77,66,79134,27,33,60,-1,40,3,2,5,5601,2,1,3,4766,5,1029,481,1,0,1,62,96,45,43,270,70,69,68,99.7,3.7,3.5,38.6,35.8,1182,1132,51.1,-1.2,865,814,51.5,-2.3,Forward,338.6,429,429,5,77
1239,Dogwood Maple,C,0,EDM,77,66,84584,27,25,52,-65,50,7,15,22,13740,0,0,0,49,1,871,207,0,0,0,77,49,39,14,219,66,68,60,95.9,2,5,28,44.4,931,1414,39.7,-3.4,655,1015,39.2,-2.3,Forward,287.9,423,423,6,77
1014,Evil AllBran,LW,0,PHI,76,66,71119,25,36,61,29,28,0,1,1,3310,0,0,0,453,1,52,22,0,0,0,131,59,41,31,211,73,77,62,101.3,4.1,2.5,40.7,28.6,1250,959,56.6,1.8,898,642,58.3,2.2,Forward,342.30000000000007,419,419,7,77
2886,Evan Winter,C,0,LAP,77,66,72818,17,38,55,22,42,0,3,3,2956,0,4,4,9547,2,699,385,0,0,0,71,65,54,45,206,69,65,72,100,3.9,2.9,40.5,30.1,1129,807,58.3,0.6,789,597,56.9,-0.4,Forward,299.2,408,408,8,77
1394,Paul Koivu,RW,0,HAM,77,66,70971,12,27,39,-36,37,1,1,2,1111,0,0,0,940,2,86,30,1,1,0,86,55,26,16,148,64,66,55,97.2,2.9,4.6,31.4,39,1050,1193,46.8,-0.5,710,874,44.8,-1.8,Forward,217.4,391,391,9,77
2544,Aksel Fiske,LW,0,MAN,77,66,87048,25,40,65,-36,34,7,12,19,16810,2,0,2,4374,0,231,74,0,0,0,170,71,55,52,203,77,77,73,96.9,3.3,4.5,35.4,36.7,1069,1096,49.4,3.6,754,820,47.9,3.3,Forward,380.09999999999997,383,383,10,77
2529,Christian Kinsinger,RD,0,WPG,77,66,82468,7,25,32,-17,61,1,2,3,3366,1,1,2,7275,0,0,0,0,0,0,51,5,29,82,137,63,61,62,98.5,2.8,3.8,33.1,38.2,1132,1213,48.3,2.1,770,905,46,0.8,Defense,238.3,184,184,1,77
2488,San-sam Emerson,LD,0,PHI,77,66,84022,9,33,42,57,38,3,1,4,4640,0,5,5,13828,0,0,0,0,0,0,95,7,61,120,124,64,56,73,102.2,5.3,2.8,44.4,28.5,1286,843,60.4,3.8,931,621,60,3.4,Defense,318.2,166,166,2,77
2486,Jay O'Neil,RD,0,MIN,77,67,76243,5,22,27,5,44,2,1,3,5615,0,4,4,10767,1,0,0,0,0,0,55,10,65,107,121,63,54,74,99.7,2.8,2.6,37.4,33.6,1113,963,53.6,2.4,722,659,52.3,-2.6,Defense,240.60000000000002,163,163,3,77
1143,Angus McFife XVIII,RD,0,ATL,75,66,84503,8,28,36,25,32,1,2,3,3705,0,6,6,10756,2,0,0,0,0,0,57,9,45,157,110,64,58,71,100.6,4.6,3.3,44.4,34,1375,1102,55.5,2.4,1007,771,56.6,1.7,Defense,313.1,159,159,4,77
2841,Louise St. Martin,RD,0,TOR,77,66,75700,2,17,19,-10,34,0,0,0,1864,0,0,0,6688,1,0,0,0,0,0,46,6,36,122,89,62,56,67,99.1,3.3,3.9,35.6,38.1,1087,1165,48.3,-1.1,782,840,48.2,-2.5,Defense,213.9,150,150,5,77
2370,Borje Samuelsson,RD,0,MTL,77,66,62907,3,7,10,-69,24,0,0,0,758,0,0,0,2473,0,0,0,0,0,0,31,6,34,32,72,52,50,53,95,2.5,6.7,29.4,49.9,849,1277,39.9,-3,578,1001,36.6,-5.3,Defense,95.8,147,147,6,77
877,Adelie de Pengu,LD,0,MIN,77,66,76214,5,30,35,33,40,1,0,1,892,0,2,2,5521,1,0,0,0,0,0,39,14,42,233,117,62,52,75,101,4.3,3,38.4,29.6,1236,1183,51.1,-1.5,874,685,56.1,1.2,Defense,370.4,145,145,7,77
1701,Puddles O'Duck,RD,0,ATL,77,66,66376,6,18,24,-2,28,0,2,2,2656,0,2,2,2553,0,2,1,0,0,0,60,9,31,75,70,57,52,61,98.3,4,4.4,38,35.5,1052,982,51.7,-0.2,751,692,52,-1.3,Defense,190.5,145,145,8,77
2553,Zayne Dangle,RD,0,BUF,77,66,83259,6,17,23,3,26,2,1,3,4877,0,0,0,5790,1,0,0,0,0,0,61,16,39,169,122,64,57,71,100.1,3.8,3.7,38.6,38.1,1287,1275,50.2,-2.2,925,905,50.5,-1.6,Defense,288.1,145,145,9,77
2440,Dirty Boots,RD,0,TEX,77,66,77437,3,25,28,48,38,0,0,0,1228,0,9,9,13331,1,0,0,0,0,0,67,9,49,116,108,63,54,72,101.6,4.8,2.6,42.7,27.5,1280,817,61,4.5,885,556,61.4,3,Defense,250.60000000000002,135,135,10,77
1676,Konstantin Selich,C,0,BUF,78,66,69268,19,21,40,-21,26,0,0,0,703,0,2,2,1344,1,789,363,0,0,0,49,60,41,21,193,61,60,62,98.2,3,4.2,35.1,40.9,1102,1172,48.5,-4.2,777,888,46.7,-5.8,Forward,229.1,521,521,1,78
2652,Ivan Lacksamus,C,0,NEW,78,66,71511,22,42,64,-5,24,1,2,3,2804,0,0,0,660,3,936,491,0,0,0,59,38,48,7,216,67,67,62,98.9,4.1,4.2,42,38.4,1356,1152,54.1,1.4,934,853,52.3,1.1,Forward,306.6,479,479,2,78
2207,Lias Ekholm-Gunnarsson,C,0,WPG,77,66,90987,31,41,72,-19,40,10,18,28,15043,4,2,6,11312,4,1287,634,0,0,0,81,70,41,73,187,75,71,78,99,3,4,30.3,37.4,991,1139,46.5,-0.6,654,812,44.6,-1.3,Forward,379.3,453,453,3,78
2564,Shoyo Hinata,RW,0,ATL,78,66,71604,21,30,51,19,28,0,0,0,469,1,0,1,3046,2,80,39,0,0,0,106,42,37,47,192,74,76,67,100.9,4,3.1,39,33.2,1222,1152,51.5,-1,875,761,53.5,-1,Forward,302.2,450,450,4,78
1239,Dogwood Maple,RW,0,EDM,78,66,74676,24,12,36,-64,38,1,0,1,3524,4,0,4,2467,0,61,18,0,0,0,85,70,22,30,202,68,76,52,96.4,2.1,5.3,27,47,943,1476,39,-1.7,611,1052,36.7,-2.1,Forward,244.6,447,447,5,78
2718,Mads McBride,LW,0,WPG,78,66,76388,11,25,36,-10,30,2,2,4,2655,2,4,6,10952,2,41,12,0,0,0,112,92,36,53,149,72,72,68,98.5,2.9,3.8,32.1,36.8,981,1081,47.6,2.7,659,763,46.3,2.7,Forward,240.3,445,445,6,78
1014,Evil AllBran,LW,0,PHI,76,66,71119,25,36,61,29,28,0,1,1,3310,0,0,0,453,1,52,22,0,0,0,131,59,41,31,211,73,77,62,101.3,4.1,2.5,40.7,28.6,1250,959,56.6,1.8,898,642,58.3,2.2,Forward,342.30000000000007,419,419,7,78
2886,Evan Winter,C,0,LAP,78,66,66943,11,32,43,18,38,0,0,0,717,1,2,3,5230,1,785,414,0,0,0,42,41,44,37,138,66,61,70,101.3,3.2,2.3,35.8,30.4,1095,907,54.7,-2.5,725,628,53.6,-3.3,Forward,220.4,419,419,8,78
2935,M'Baku Olubori,C,0,BAP,78,66,85114,45,38,83,10,38,12,9,21,8340,2,5,7,4405,7,1072,629,0,0,0,45,93,57,34,290,73,74,70,99.6,3.6,3.1,39.3,33,1273,1120,53.2,0.7,924,786,54,1.3,Forward,419.4,407,407,9,78
2952,Benjamin Surkhi-Ze'ev,RW,0,NOL,78,66,81362,28,32,60,2,36,1,2,3,3240,0,1,1,3785,5,161,58,0,0,0,99,75,39,37,220,73,80,58,98.3,3.6,3.5,35.7,29.7,1274,1171,52.1,0.6,877,725,54.7,0.8,Forward,335.8,402,402,10,78
2529,Christian Kinsinger,LD,0,WPG,78,66,74826,6,15,21,-23,30,0,0,0,1140,0,0,0,2784,0,1,1,0,0,0,52,12,36,70,99,60,57,63,98.1,2.3,3.6,31.7,39,1035,1188,46.6,1.3,722,899,44.5,0.1,Defense,182.5,190,190,1,78
2486,Jay O'Neil,RD,0,WPG,78,66,88382,19,28,47,-20,46,12,9,21,12921,0,4,4,6344,2,139,54,0,0,0,51,23,47,129,200,65,59,70,100.1,2.7,3.5,30.2,40.5,1001,1205,45.4,-0.5,694,917,43.1,-2.1,Defense,356.5,182,182,2,78
2488,San-sam Emerson,LD,0,PHI,78,66,82157,7,19,26,30,44,1,0,1,4370,1,6,7,11234,0,0,0,1,0,1,66,12,70,125,128,63,54,72,100.7,4,3,41.3,33.1,1259,992,55.9,0.4,894,716,55.5,0.4,Defense,262.3,173,173,3,78
1143,Angus McFife XVIII,RD,0,ATL,75,66,84503,8,28,36,25,32,1,2,3,3705,0,6,6,10756,2,0,0,0,0,0,57,9,45,157,110,64,58,71,100.6,4.6,3.3,44.4,34,1375,1102,55.5,2.4,1007,771,56.6,1.7,Defense,313.1,159,159,4,78
2841,Louise St. Martin,RD,0,TOR,78,66,67640,4,17,21,3,14,0,0,0,424,0,1,1,2894,2,0,0,0,0,0,40,9,42,99,92,61,55,66,101.5,3.6,3.5,33.8,38.1,1070,1186,47.4,-2.6,714,781,47.8,-2.9,Defense,199.7,154,154,5,78
2553,Zayne Dangle,LD,0,EDM,78,66,82148,4,14,18,-53,34,1,3,4,3787,0,0,0,3941,1,0,0,0,0,0,57,13,64,149,85,62,56,69,96.4,2.1,4.5,28.7,41.9,1064,1429,42.7,4,716,1041,40.8,4.1,Defense,240.39999999999998,149,149,6,78
2370,Borje Samuelsson,RD,0,MTL,77,66,62907,3,7,10,-69,24,0,0,0,758,0,0,0,2473,0,0,0,0,0,0,31,6,34,32,72,52,50,53,95,2.5,6.7,29.4,49.9,849,1277,39.9,-3,578,1001,36.6,-5.3,Defense,95.8,147,147,7,78
877,Adelie de Pengu,LD,0,MIN,78,66,75818,1,22,23,10,35,0,1,1,1116,0,0,0,9725,0,0,0,1,0,1,44,15,36,234,94,63,51,77,100.7,3.7,3.2,36.8,34.3,1115,1093,50.5,2.2,786,735,51.7,2.6,Defense,326.4,146,146,8,78
1701,Puddles O'Duck,RD,0,ATL,77,66,66376,6,18,24,-2,28,0,2,2,2656,0,2,2,2553,0,2,1,0,0,0,60,9,31,75,70,57,52,61,98.3,4,4.4,38,35.5,1052,982,51.7,-0.2,751,692,52,-1.3,Defense,190.5,145,145,9,78
2440,Dirty Boots,LD,0,TEX,78,66,75854,5,19,24,30,37,0,1,1,1101,0,1,1,12250,0,0,0,0,0,0,79,6,49,132,108,64,54,74,100.4,4,2.6,41.4,28.7,1161,876,57,0.8,846,582,59.2,0.7,Defense,259.8,140,140,10,78
1676,Konstantin Selich,LW,0,BUF,79,66,65236,12,27,39,3,26,0,0,0,146,0,0,0,391,3,50,28,0,0,0,100,58,37,40,125,62,57,65,101.6,3.2,3,33.4,38.3,1049,1170,47.3,-2.4,719,803,47.2,-2.7,Forward,230.5,533,533,1,79
2652,Ivan Lacksamus,C,0,NEW,79,66,65980,15,36,51,-3,32,1,2,3,698,0,0,0,800,3,907,463,0,0,0,51,57,44,33,192,64,62,65,99.1,3.5,3.6,38.8,36,1170,1078,52,0.2,789,759,51,-0.2,Forward,265.8,494,494,2,79
2564,Shoyo Hinata,RW,0,ATL,79,66,70721,23,34,57,18,32,0,1,1,400,5,1,6,3842,2,120,54,0,0,0,115,42,40,44,164,70,69,67,100.6,3.5,2.9,37.4,33.2,1164,1061,52.3,-0.7,816,705,53.6,-1.2,Forward,315.59999999999997,473,473,3,79
2718,Mads McBride,LW,0,WPG,79,66,73132,15,25,40,-14,45,0,3,3,1361,1,4,5,9767,0,52,16,2,1,1,108,42,36,61,117,70,68,68,98.3,2.4,3.4,29.5,34.4,897,1007,47.1,1.4,611,698,46.7,1.7,Forward,249.9,460,460,4,79
2207,Lias Ekholm-Gunnarsson,C,0,WPG,77,66,90987,31,41,72,-19,40,10,18,28,15043,4,2,6,11312,4,1287,634,0,0,0,81,70,41,73,187,75,71,78,99,3,4,30.3,37.4,991,1139,46.5,-0.6,654,812,44.6,-1.3,Forward,379.3,453,453,5,79
2935,M'Baku Olubori,C,0,BAP,79,66,78910,44,25,69,11,38,3,1,4,2792,2,3,5,4205,3,886,471,0,0,0,63,78,52,40,271,71,71,68,101.2,3.7,3.4,34.8,35.4,1162,1229,48.6,-2.5,795,843,48.5,-3,Forward,381.5,451,451,6,79
1239,Dogwood Maple,RW,0,EDM,78,66,74676,24,12,36,-64,38,1,0,1,3524,4,0,4,2467,0,61,18,0,0,0,85,70,22,30,202,68,76,52,96.4,2.1,5.3,27,47,943,1476,39,-1.7,611,1052,36.7,-2.1,Forward,244.6,447,447,7,79
2952,Benjamin Surkhi-Ze'ev,C,0,EDM,79,66,86866,23,36,59,-17,36,0,4,4,5464,6,5,11,10997,1,808,432,0,0,0,71,44,68,77,192,73,71,74,98.8,2.8,4,33.7,42.5,1154,1334,46.4,1.7,780,974,44.5,3,Forward,332.2,425,425,8,79
3378,Adam Prpich,LW,0,LAP,79,66,88065,46,48,94,34,49,7,8,15,13550,7,3,10,7910,9,573,304,0,0,0,101,59,45,46,243,80,85,71,102.1,4.6,2.9,38.6,29.7,1238,999,55.3,1.5,852,652,56.6,3.8,Forward,468.9,420,420,9,79
1014,Evil AllBran,LW,0,PHI,76,66,71119,25,36,61,29,28,0,1,1,3310,0,0,0,453,1,52,22,0,0,0,131,59,41,31,211,73,77,62,101.3,4.1,2.5,40.7,28.6,1250,959,56.6,1.8,898,642,58.3,2.2,Forward,342.30000000000007,419,419,10,79
2529,Christian Kinsinger,LD,0,WPG,78,66,74826,6,15,21,-23,30,0,0,0,1140,0,0,0,2784,0,1,1,0,0,0,52,12,36,70,99,60,57,63,98.1,2.3,3.6,31.7,39,1035,1188,46.6,1.3,722,899,44.5,0.1,Defense,182.5,190,190,1,79
2486,Jay O'Neil,RD,0,WPG,78,66,88382,19,28,47,-20,46,12,9,21,12921,0,4,4,6344,2,139,54,0,0,0,51,23,47,129,200,65,59,70,100.1,2.7,3.5,30.2,40.5,1001,1205,45.4,-0.5,694,917,43.1,-2.1,Defense,356.5,182,182,2,79
2488,San-sam Emerson,LD,0,PHI,79,66,74097,9,21,30,30,41,1,1,2,717,1,0,1,7154,0,0,0,1,0,1,63,8,58,104,107,61,53,69,101.4,4.4,3,37.2,29.1,1203,1009,54.4,-1.8,802,638,55.7,-0.9,Defense,249.90000000000003,182,182,3,79
1143,Angus McFife XVIII,RD,0,ATL,75,66,84503,8,28,36,25,32,1,2,3,3705,0,6,6,10756,2,0,0,0,0,0,57,9,45,157,110,64,58,71,100.6,4.6,3.3,44.4,34,1375,1102,55.5,2.4,1007,771,56.6,1.7,Defense,313.1,159,159,4,79
2841,Louise St. Martin,RD,0,TOR,78,66,67640,4,17,21,3,14,0,0,0,424,0,1,1,2894,2,0,0,0,0,0,40,9,42,99,92,61,55,66,101.5,3.6,3.5,33.8,38.1,1070,1186,47.4,-2.6,714,781,47.8,-2.9,Defense,199.7,154,154,5,79
2553,Zayne Dangle,LD,0,EDM,78,66,82148,4,14,18,-53,34,1,3,4,3787,0,0,0,3941,1,0,0,0,0,0,57,13,64,149,85,62,56,69,96.4,2.1,4.5,28.7,41.9,1064,1429,42.7,4,716,1041,40.8,4.1,Defense,240.39999999999998,149,149,6,79
2370,Borje Samuelsson,RD,0,MTL,77,66,62907,3,7,10,-69,24,0,0,0,758,0,0,0,2473,0,0,0,0,0,0,31,6,34,32,72,52,50,53,95,2.5,6.7,29.4,49.9,849,1277,39.9,-3,578,1001,36.6,-5.3,Defense,95.8,147,147,7,79
877,Adelie de Pengu,LD,0,MIN,78,66,75818,1,22,23,10,35,0,1,1,1116,0,0,0,9725,0,0,0,1,0,1,44,15,36,234,94,63,51,77,100.7,3.7,3.2,36.8,34.3,1115,1093,50.5,2.2,786,735,51.7,2.6,Defense,326.4,146,146,8,79
1701,Puddles O'Duck,RD,0,ATL,77,66,66376,6,18,24,-2,28,0,2,2,2656,0,2,2,2553,0,2,1,0,0,0,60,9,31,75,70,57,52,61,98.3,4,4.4,38,35.5,1052,982,51.7,-0.2,751,692,52,-1.3,Defense,190.5,145,145,9,79
2976,Seamus O'Slapahan,LD,0,NEW,79,66,90644,10,22,32,-1,35,6,7,13,16013,0,3,3,10707,0,20,8,0,0,0,54,16,50,181,185,67,58,77,100.5,3.6,3.2,38.1,36,1139,1045,52.2,0.4,794,758,51.2,0.1,Defense,346,145,145,10,79
1676,Konstantin Selich,LW,0,BUF,79,66,65236,12,27,39,3,26,0,0,0,146,0,0,0,391,3,50,28,0,0,0,100,58,37,40,125,62,57,65,101.6,3.2,3,33.4,38.3,1049,1170,47.3,-2.4,719,803,47.2,-2.7,Forward,230.5,533,533,1,80
2652,Ivan Lacksamus,RW,0,NEW,80,66,65913,13,31,44,-12,40,0,0,0,863,1,1,2,962,1,92,18,0,0,0,88,58,19,41,151,66,67,59,98.8,3.5,4.3,33.8,37,1043,1169,47.2,-2.5,706,774,47.7,-1.1,Forward,250.1,507,507,2,80
2564,Shoyo Hinata,RW,0,ATL,80,66,61037,16,42,58,37,28,0,1,1,267,0,1,1,664,4,52,18,0,0,0,91,34,30,50,128,68,67,65,101.9,4.9,2.8,42.4,28.4,1130,887,56,-1.1,815,555,59.5,-0.4,Forward,294.8,489,489,3,80
2935,M'Baku Olubori,LW,0,BAP,80,66,77858,16,36,52,-20,30,8,14,22,11327,0,0,0,2857,2,65,25,0,0,0,108,57,35,33,187,77,79,70,98,2.8,3.6,35.5,35.8,1073,1064,50.2,0.1,742,755,49.6,0.9,Forward,291.1,467,467,4,80
2718,Mads McBride,LW,0,WPG,79,66,73132,15,25,40,-14,45,0,3,3,1361,1,4,5,9767,0,52,16,2,1,1,108,42,36,61,117,70,68,68,98.3,2.4,3.4,29.5,34.4,897,1007,47.1,1.4,611,698,46.7,1.7,Forward,249.9,460,460,5,80
2207,Lias Ekholm-Gunnarsson,C,0,WPG,77,66,90987,31,41,72,-19,40,10,18,28,15043,4,2,6,11312,4,1287,634,0,0,0,81,70,41,73,187,75,71,78,99,3,4,30.3,37.4,991,1139,46.5,-0.6,654,812,44.6,-1.3,Forward,379.3,453,453,6,80
2952,Benjamin Surkhi-Ze'ev,C,0,EDM,80,66,79536,25,21,46,-33,34,0,1,1,4173,3,1,4,7588,1,833,410,0,0,0,49,54,53,38,175,69,69,66,97.8,2.7,4.4,29.6,38.8,965,1156,45.5,2.2,666,849,44,3,Forward,257.9,450,450,7,80
1239,Dogwood Maple,RW,0,EDM,78,66,74676,24,12,36,-64,38,1,0,1,3524,4,0,4,2467,0,61,18,0,0,0,85,70,22,30,202,68,76,52,96.4,2.1,5.3,27,47,943,1476,39,-1.7,611,1052,36.7,-2.1,Forward,244.6,447,447,8,80
3378,Adam Prpich,LW,0,LAP,80,66,84772,21,42,63,0,41,2,7,9,6929,3,5,8,14341,3,176,95,0,0,0,113,80,30,65,239,78,85,65,99.1,3.5,3.7,34.1,33.5,1060,993,51.6,-2.7,709,682,51,-3.9,Forward,365.9,441,441,9,80
3287,Jack St. Clair,C,0,TEX,80,66,89222,35,42,77,16,52,7,8,15,17969,2,2,4,4695,7,895,476,0,0,0,74,48,42,65,226,75,71,78,101.4,4,2.9,36.2,30.3,1174,1024,53.4,1.7,782,661,54.2,2.7,Forward,402.40000000000003,429,429,10,80
2529,Christian Kinsinger,LD,0,WPG,78,66,74826,6,15,21,-23,30,0,0,0,1140,0,0,0,2784,0,1,1,0,0,0,52,12,36,70,99,60,57,63,98.1,2.3,3.6,31.7,39,1035,1188,46.6,1.3,722,899,44.5,0.1,Defense,182.5,190,190,1,80
2488,San-sam Emerson,LD,0,PHI,80,66,73442,6,17,23,24,48,0,0,0,737,0,2,2,8368,1,0,0,0,0,0,61,8,68,94,95,60,53,68,101.4,4.5,3.6,37.7,34,1150,961,54.5,0.4,798,717,52.7,-0.8,Defense,212.5,188,188,2,80
2486,Jay O'Neil,RD,0,WPG,78,66,88382,19,28,47,-20,46,12,9,21,12921,0,4,4,6344,2,139,54,0,0,0,51,23,47,129,200,65,59,70,100.1,2.7,3.5,30.2,40.5,1001,1205,45.4,-0.5,694,917,43.1,-2.1,Defense,356.5,182,182,3,80
1143,Angus McFife XVIII,RD,0,ATL,75,66,84503,8,28,36,25,32,1,2,3,3705,0,6,6,10756,2,0,0,0,0,0,57,9,45,157,110,64,58,71,100.6,4.6,3.3,44.4,34,1375,1102,55.5,2.4,1007,771,56.6,1.7,Defense,313.1,159,159,4,80
2841,Louise St. Martin,RD,0,TOR,78,66,67640,4,17,21,3,14,0,0,0,424,0,1,1,2894,2,0,0,0,0,0,40,9,42,99,92,61,55,66,101.5,3.6,3.5,33.8,38.1,1070,1186,47.4,-2.6,714,781,47.8,-2.9,Defense,199.7,154,154,5,80
2553,Zayne Dangle,LD,0,EDM,78,66,82148,4,14,18,-53,34,1,3,4,3787,0,0,0,3941,1,0,0,0,0,0,57,13,64,149,85,62,56,69,96.4,2.1,4.5,28.7,41.9,1064,1429,42.7,4,716,1041,40.8,4.1,Defense,240.39999999999998,149,149,6,80
2440,Dirty Boots,LD,0,TEX,80,66,71226,5,21,26,12,34,0,1,1,462,1,3,4,11017,1,0,0,0,0,0,68,15,52,79,100,60,52,69,100.3,3.9,3.6,35.2,32.9,1051,919,53.4,1.5,675,644,51.2,-1.7,Defense,211.3,148,148,7,80
2370,Borje Samuelsson,RD,0,MTL,77,66,62907,3,7,10,-69,24,0,0,0,758,0,0,0,2473,0,0,0,0,0,0,31,6,34,32,72,52,50,53,95,2.5,6.7,29.4,49.9,849,1277,39.9,-3,578,1001,36.6,-5.3,Defense,95.8,147,147,8,80
877,Adelie de Pengu,LD,0,MIN,78,66,75818,1,22,23,10,35,0,1,1,1116,0,0,0,9725,0,0,0,1,0,1,44,15,36,234,94,63,51,77,100.7,3.7,3.2,36.8,34.3,1115,1093,50.5,2.2,786,735,51.7,2.6,Defense,326.4,146,146,9,80
1701,Puddles O'Duck,RD,0,ATL,77,66,66376,6,18,24,-2,28,0,2,2,2656,0,2,2,2553,0,2,1,0,0,0,60,9,31,75,70,57,52,61,98.3,4,4.4,38,35.5,1052,982,51.7,-0.2,751,692,52,-1.3,Defense,190.5,145,145,10,80
1676,Konstantin Selich,LW,0,BUF,79,66,65236,12,27,39,3,26,0,0,0,146,0,0,0,391,3,50,28,0,0,0,100,58,37,40,125,62,57,65,101.6,3.2,3,33.4,38.3,1049,1170,47.3,-2.4,719,803,47.2,-2.7,Forward,230.5,533,533,1,81
2652,Ivan Lacksamus,RW,0,NEW,80,66,65913,13,31,44,-12,40,0,0,0,863,1,1,2,962,1,92,18,0,0,0,88,58,19,41,151,66,67,59,98.8,3.5,4.3,33.8,37,1043,1169,47.2,-2.5,706,774,47.7,-1.1,Forward,250.1,507,507,2,81
2564,Shoyo Hinata,RW,0,ATL,81,66,63536,11,28,39,12,30,1,0,1,377,0,0,0,246,0,49,22,0,0,0,100,43,29,47,101,67,65,64,99.9,3.6,2.9,38.3,30.7,1165,982,54.3,-0.7,805,626,56.3,-0.7,Forward,226.5,500,500,3,81
2935,M'Baku Olubori,RW,0,BAP,81,66,79822,17,36,53,9,24,0,0,0,811,3,4,7,11844,2,51,16,0,0,0,115,93,39,32,185,77,80,69,100.1,3.3,3.2,34.6,33.9,1130,1070,51.4,2.2,749,751,49.9,2,Forward,296.7,484,484,4,81
3378,Adam Prpich,C,0,LAP,81,66,76301,29,31,60,33,26,0,0,0,846,1,2,3,8764,3,890,459,0,0,0,38,49,50,59,151,71,69,71,104,4.5,2.9,36.1,33.3,1162,1082,51.8,0.4,780,730,51.7,-0.6,Forward,304.9,470,470,5,81
3477,Erik Bergmark,LW,0,BAP,81,66,88229,36,40,76,-11,38,12,12,24,16182,0,0,0,731,6,46,14,0,0,0,132,78,47,28,251,77,83,67,99.7,3.1,3.1,34.6,34.2,1228,1117,52.4,3.8,806,795,50.3,2.8,Forward,408.90000000000003,462,462,6,81
2718,Mads McBride,LW,0,WPG,79,66,73132,15,25,40,-14,45,0,3,3,1361,1,4,5,9767,0,52,16,2,1,1,108,42,36,61,117,70,68,68,98.3,2.4,3.4,29.5,34.4,897,1007,47.1,1.4,611,698,46.7,1.7,Forward,249.9,460,460,7,81
3524,Viktor Hargreeves,C,0,SFP,81,66,82304,29,41,70,38,32,1,1,2,3961,7,2,9,9537,5,1054,588,0,0,0,59,55,47,47,180,73,71,72,101.7,4.2,2.6,44.2,32.5,1451,1046,58.1,0.5,984,750,56.7,-0.3,Forward,344.8,455,455,8,81
3287,Jack St. Clair,C,0,TEX,81,66,86833,25,59,84,38,42,7,10,17,15897,1,1,2,4093,5,1243,659,0,0,0,85,43,64,66,165,75,71,80,103.6,5,2.7,43,33.9,1330,1128,54.1,1.2,901,722,55.5,2.3,Forward,400.1,454,454,9,81
2207,Lias Ekholm-Gunnarsson,C,0,WPG,77,66,90987,31,41,72,-19,40,10,18,28,15043,4,2,6,11312,4,1287,634,0,0,0,81,70,41,73,187,75,71,78,99,3,4,30.3,37.4,991,1139,46.5,-0.6,654,812,44.6,-1.3,Forward,379.3,453,453,10,81
2488,San-sam Emerson,LD,0,PHI,81,66,70864,8,18,26,29,46,0,0,0,199,1,0,1,6067,1,0,0,0,0,0,66,9,46,91,121,61,53,68,102.9,4.4,3.1,38.2,35.6,1205,1010,54.4,2.7,815,756,51.9,1,Defense,230.6,196,196,1,81
2529,Christian Kinsinger,LD,0,WPG,78,66,74826,6,15,21,-23,30,0,0,0,1140,0,0,0,2784,0,1,1,0,0,0,52,12,36,70,99,60,57,63,98.1,2.3,3.6,31.7,39,1035,1188,46.6,1.3,722,899,44.5,0.1,Defense,182.5,190,190,2,81
2486,Jay O'Neil,RD,0,WPG,78,66,88382,19,28,47,-20,46,12,9,21,12921,0,4,4,6344,2,139,54,0,0,0,51,23,47,129,200,65,59,70,100.1,2.7,3.5,30.2,40.5,1001,1205,45.4,-0.5,694,917,43.1,-2.1,Defense,356.5,182,182,3,81
1143,Angus McFife XVIII,RD,0,ATL,75,66,84503,8,28,36,25,32,1,2,3,3705,0,6,6,10756,2,0,0,0,0,0,57,9,45,157,110,64,58,71,100.6,4.6,3.3,44.4,34,1375,1102,55.5,2.4,1007,771,56.6,1.7,Defense,313.1,159,159,4,81
2841,Louise St. Martin,RD,0,TOR,78,66,67640,4,17,21,3,14,0,0,0,424,0,1,1,2894,2,0,0,0,0,0,40,9,42,99,92,61,55,66,101.5,3.6,3.5,33.8,38.1,1070,1186,47.4,-2.6,714,781,47.8,-2.9,Defense,199.7,154,154,5,81
3412,Nathaniel Barca,RD,0,PHI,81,66,84916,17,38,55,-18,60,12,15,27,14285,0,2,2,2495,2,0,0,0,0,0,65,11,52,141,259,67,64,70,97.9,3.3,3.7,38.6,34.6,1233,1144,51.9,-1,859,772,52.7,2.2,Defense,412.6,150,150,6,81
2553,Zayne Dangle,LD,0,EDM,78,66,82148,4,14,18,-53,34,1,3,4,3787,0,0,0,3941,1,0,0,0,0,0,57,13,64,149,85,62,56,69,96.4,2.1,4.5,28.7,41.9,1064,1429,42.7,4,716,1041,40.8,4.1,Defense,240.39999999999998,149,149,7,81
2440,Dirty Boots,LD,0,BAP,81,66,45113,1,10,11,-8,33,0,0,0,438,0,2,2,7598,0,0,0,1,0,1,34,1,26,95,53,58,52,65,98.5,2.7,3.8,31.2,37,590,635,48.2,-2.2,383,449,46,-3.1,Defense,149,149,149,8,81
2370,Borje Samuelsson,RD,0,MTL,77,66,62907,3,7,10,-69,24,0,0,0,758,0,0,0,2473,0,0,0,0,0,0,31,6,34,32,72,52,50,53,95,2.5,6.7,29.4,49.9,849,1277,39.9,-3,578,1001,36.6,-5.3,Defense,95.8,147,147,9,81
877,Adelie de Pengu,LD,0,MIN,78,66,75818,1,22,23,10,35,0,1,1,1116,0,0,0,9725,0,0,0,1,0,1,44,15,36,234,94,63,51,77,100.7,3.7,3.2,36.8,34.3,1115,1093,50.5,2.2,786,735,51.7,2.6,Defense,326.4,146,146,10,81
1676,Konstantin Selich,LW,0,BUF,79,66,65236,12,27,39,3,26,0,0,0,146,0,0,0,391,3,50,28,0,0,0,100,58,37,40,125,62,57,65,101.6,3.2,3,33.4,38.3,1049,1170,47.3,-2.4,719,803,47.2,-2.7,Forward,230.5,533,533,1,82
2652,Ivan Lacksamus,RW,0,NEW,80,66,65913,13,31,44,-12,40,0,0,0,863,1,1,2,962,1,92,18,0,0,0,88,58,19,41,151,66,67,59,98.8,3.5,4.3,33.8,37,1043,1169,47.2,-2.5,706,774,47.7,-1.1,Forward,250.1,507,507,2,82
2564,Shoyo Hinata,RW,0,ATL,81,66,63536,11,28,39,12,30,1,0,1,377,0,0,0,246,0,49,22,0,0,0,100,43,29,47,101,67,65,64,99.9,3.6,2.9,38.3,30.7,1165,982,54.3,-0.7,805,626,56.3,-0.7,Forward,226.5,500,500,3,82
2935,M'Baku Olubori,RW,0,BAP,81,66,79822,17,36,53,9,24,0,0,0,811,3,4,7,11844,2,51,16,0,0,0,115,93,39,32,185,77,80,69,100.1,3.3,3.2,34.6,33.9,1130,1070,51.4,2.2,749,751,49.9,2,Forward,296.7,484,484,4,82
3378,Adam Prpich,C,0,LAP,81,66,76301,29,31,60,33,26,0,0,0,846,1,2,3,8764,3,890,459,0,0,0,38,49,50,59,151,71,69,71,104,4.5,2.9,36.1,33.3,1162,1082,51.8,0.4,780,730,51.7,-0.6,Forward,304.9,470,470,5,82
3477,Erik Bergmark,LW,0,BAP,81,66,88229,36,40,76,-11,38,12,12,24,16182,0,0,0,731,6,46,14,0,0,0,132,78,47,28,251,77,83,67,99.7,3.1,3.1,34.6,34.2,1228,1117,52.4,3.8,806,795,50.3,2.8,Forward,408.90000000000003,462,462,6,82
2718,Mads McBride,LW,0,WPG,79,66,73132,15,25,40,-14,45,0,3,3,1361,1,4,5,9767,0,52,16,2,1,1,108,42,36,61,117,70,68,68,98.3,2.4,3.4,29.5,34.4,897,1007,47.1,1.4,611,698,46.7,1.7,Forward,249.9,460,460,7,82
3524,Viktor Hargreeves,C,0,SFP,81,66,82304,29,41,70,38,32,1,1,2,3961,7,2,9,9537,5,1054,588,0,0,0,59,55,47,47,180,73,71,72,101.7,4.2,2.6,44.2,32.5,1451,1046,58.1,0.5,984,750,56.7,-0.3,Forward,344.8,455,455,8,82
3287,Jack St. Clair,C,0,TEX,81,66,86833,25,59,84,38,42,7,10,17,15897,1,1,2,4093,5,1243,659,0,0,0,85,43,64,66,165,75,71,80,103.6,5,2.7,43,33.9,1330,1128,54.1,1.2,901,722,55.5,2.3,Forward,400.1,454,454,9,82
2207,Lias Ekholm-Gunnarsson,C,0,WPG,77,66,90987,31,41,72,-19,40,10,18,28,15043,4,2,6,11312,4,1287,634,0,0,0,81,70,41,73,187,75,71,78,99,3,4,30.3,37.4,991,1139,46.5,-0.6,654,812,44.6,-1.3,Forward,379.3,453,453,10,82
2488,San-sam Emerson,LD,0,PHI,81,66,70864,8,18,26,29,46,0,0,0,199,1,0,1,6067,1,0,0,0,0,0,66,9,46,91,121,61,53,68,102.9,4.4,3.1,38.2,35.6,1205,1010,54.4,2.7,815,756,51.9,1,Defense,230.6,196,196,1,82
2529,Christian Kinsinger,LD,0,WPG,78,66,74826,6,15,21,-23,30,0,0,0,1140,0,0,0,2784,0,1,1,0,0,0,52,12,36,70,99,60,57,63,98.1,2.3,3.6,31.7,39,1035,1188,46.6,1.3,722,899,44.5,0.1,Defense,182.5,190,190,2,82
2486,Jay O'Neil,RD,0,WPG,78,66,88382,19,28,47,-20,46,12,9,21,12921,0,4,4,6344,2,139,54,0,0,0,51,23,47,129,200,65,59,70,100.1,2.7,3.5,30.2,40.5,1001,1205,45.4,-0.5,694,917,43.1,-2.1,Defense,356.5,182,182,3,82
1143,Angus McFife XVIII,RD,0,ATL,75,66,84503,8,28,36,25,32,1,2,3,3705,0,6,6,10756,2,0,0,0,0,0,57,9,45,157,110,64,58,71,100.6,4.6,3.3,44.4,34,1375,1102,55.5,2.4,1007,771,56.6,1.7,Defense,313.1,159,159,4,82
2841,Louise St. Martin,RD,0,TOR,78,66,67640,4,17,21,3,14,0,0,0,424,0,1,1,2894,2,0,0,0,0,0,40,9,42,99,92,61,55,66,101.5,3.6,3.5,33.8,38.1,1070,1186,47.4,-2.6,714,781,47.8,-2.9,Defense,199.7,154,154,5,82
3412,Nathaniel Barca,RD,0,PHI,81,66,84916,17,38,55,-18,60,12,15,27,14285,0,2,2,2495,2,0,0,0,0,0,65,11,52,141,259,67,64,70,97.9,3.3,3.7,38.6,34.6,1233,1144,51.9,-1,859,772,52.7,2.2,Defense,412.6,150,150,6,82
2553,Zayne Dangle,LD,0,EDM,78,66,82148,4,14,18,-53,34,1,3,4,3787,0,0,0,3941,1,0,0,0,0,0,57,13,64,149,85,62,56,69,96.4,2.1,4.5,28.7,41.9,1064,1429,42.7,4,716,1041,40.8,4.1,Defense,240.39999999999998,149,149,7,82
2440,Dirty Boots,LD,0,BAP,81,66,45113,1,10,11,-8,33,0,0,0,438,0,2,2,7598,0,0,0,1,0,1,34,1,26,95,53,58,52,65,98.5,2.7,3.8,31.2,37,590,635,48.2,-2.2,383,449,46,-3.1,Defense,149,149,149,8,82
2370,Borje Samuelsson,RD,0,MTL,77,66,62907,3,7,10,-69,24,0,0,0,758,0,0,0,2473,0,0,0,0,0,0,31,6,34,32,72,52,50,53,95,2.5,6.7,29.4,49.9,849,1277,39.9,-3,578,1001,36.6,-5.3,Defense,95.8,147,147,9,82
877,Adelie de Pengu,LD,0,MIN,78,66,75818,1,22,23,10,35,0,1,1,1116,0,0,0,9725,0,0,0,1,0,1,44,15,36,234,94,63,51,77,100.7,3.7,3.2,36.8,34.3,1115,1093,50.5,2.2,786,735,51.7,2.6,Defense,326.4,146,146,10,82
1676,Konstantin Selich,LW,0,BUF,79,66,65236,12,27,39,3,26,0,0,0,146,0,0,0,391,3,50,28,0,0,0,100,58,37,40,125,62,57,65,101.6,3.2,3,33.4,38.3,1049,1170,47.3,-2.4,719,803,47.2,-2.7,Forward,230.5,533,533,1,83
2652,Ivan Lacksamus,RW,0,NEW,80,66,65913,13,31,44,-12,40,0,0,0,863,1,1,2,962,1,92,18,0,0,0,88,58,19,41,151,66,67,59,98.8,3.5,4.3,33.8,37,1043,1169,47.2,-2.5,706,774,47.7,-1.1,Forward,250.1,507,507,2,83
2564,Shoyo Hinata,RW,0,ATL,81,66,63536,11,28,39,12,30,1,0,1,377,0,0,0,246,0,49,22,0,0,0,100,43,29,47,101,67,65,64,99.9,3.6,2.9,38.3,30.7,1165,982,54.3,-0.7,805,626,56.3,-0.7,Forward,226.5,500,500,3,83
2935,M'Baku Olubori,RW,0,BAP,81,66,79822,17,36,53,9,24,0,0,0,811,3,4,7,11844,2,51,16,0,0,0,115,93,39,32,185,77,80,69,100.1,3.3,3.2,34.6,33.9,1130,1070,51.4,2.2,749,751,49.9,2,Forward,296.7,484,484,4,83
3378,Adam Prpich,C,0,LAP,81,66,76301,29,31,60,33,26,0,0,0,846,1,2,3,8764,3,890,459,0,0,0,38,49,50,59,151,71,69,71,104,4.5,2.9,36.1,33.3,1162,1082,51.8,0.4,780,730,51.7,-0.6,Forward,304.9,470,470,5,83
3477,Erik Bergmark,LW,0,BAP,81,66,88229,36,40,76,-11,38,12,12,24,16182,0,0,0,731,6,46,14,0,0,0,132,78,47,28,251,77,83,67,99.7,3.1,3.1,34.6,34.2,1228,1117,52.4,3.8,806,795,50.3,2.8,Forward,408.90000000000003,462,462,6,83
2718,Mads McBride,LW,0,WPG,79,66,73132,15,25,40,-14,45,0,3,3,1361,1,4,5,9767,0,52,16,2,1,1,108,42,36,61,117,70,68,68,98.3,2.4,3.4,29.5,34.4,897,1007,47.1,1.4,611,698,46.7,1.7,Forward,249.9,460,460,7,83
3524,Viktor Hargreeves,C,0,SFP,81,66,82304,29,41,70,38,32,1,1,2,3961,7,2,9,9537,5,1054,588,0,0,0,59,55,47,47,180,73,71,72,101.7,4.2,2.6,44.2,32.5,1451,1046,58.1,0.5,984,750,56.7,-0.3,Forward,344.8,455,455,8,83
3287,Jack St. Clair,C,0,TEX,81,66,86833,25,59,84,38,42,7,10,17,15897,1,1,2,4093,5,1243,659,0,0,0,85,43,64,66,165,75,71,80,103.6,5,2.7,43,33.9,1330,1128,54.1,1.2,901,722,55.5,2.3,Forward,400.1,454,454,9,83
2207,Lias Ekholm-Gunnarsson,C,0,WPG,77,66,90987,31,41,72,-19,40,10,18,28,15043,4,2,6,11312,4,1287,634,0,0,0,81,70,41,73,187,75,71,78,99,3,4,30.3,37.4,991,1139,46.5,-0.6,654,812,44.6,-1.3,Forward,379.3,453,453,10,83
2488,San-sam Emerson,LD,0,PHI,81,66,70864,8,18,26,29,46,0,0,0,199,1,0,1,6067,1,0,0,0,0,0,66,9,46,91,121,61,53,68,102.9,4.4,3.1,38.2,35.6,1205,1010,54.4,2.7,815,756,51.9,1,Defense,230.6,196,196,1,83
2529,Christian Kinsinger,LD,0,WPG,78,66,74826,6,15,21,-23,30,0,0,0,1140,0,0,0,2784,0,1,1,0,0,0,52,12,36,70,99,60,57,63,98.1,2.3,3.6,31.7,39,1035,1188,46.6,1.3,722,899,44.5,0.1,Defense,182.5,190,190,2,83
2486,Jay O'Neil,RD,0,WPG,78,66,88382,19,28,47,-20,46,12,9,21,12921,0,4,4,6344,2,139,54,0,0,0,51,23,47,129,200,65,59,70,100.1,2.7,3.5,30.2,40.5,1001,1205,45.4,-0.5,694,917,43.1,-2.1,Defense,356.5,182,182,3,83
1143,Angus McFife XVIII,RD,0,ATL,75,66,84503,8,28,36,25,32,1,2,3,3705,0,6,6,10756,2,0,0,0,0,0,57,9,45,157,110,64,58,71,100.6,4.6,3.3,44.4,34,1375,1102,55.5,2.4,1007,771,56.6,1.7,Defense,313.1,159,159,4,83
2841,Louise St. Martin,RD,0,TOR,78,66,67640,4,17,21,3,14,0,0,0,424,0,1,1,2894,2,0,0,0,0,0,40,9,42,99,92,61,55,66,101.5,3.6,3.5,33.8,38.1,1070,1186,47.4,-2.6,714,781,47.8,-2.9,Defense,199.7,154,154,5,83
3412,Nathaniel Barca,RD,0,PHI,81,66,84916,17,38,55,-18,60,12,15,27,14285,0,2,2,2495,2,0,0,0,0,0,65,11,52,141,259,67,64,70,97.9,3.3,3.7,38.6,34.6,1233,1144,51.9,-1,859,772,52.7,2.2,Defense,412.6,150,150,6,83
2553,Zayne Dangle,LD,0,EDM,78,66,82148,4,14,18,-53,34,1,3,4,3787,0,0,0,3941,1,0,0,0,0,0,57,13,64,149,85,62,56,69,96.4,2.1,4.5,28.7,41.9,1064,1429,42.7,4,716,1041,40.8,4.1,Defense,240.39999999999998,149,149,7,83
2440,Dirty Boots,LD,0,BAP,81,66,45113,1,10,11,-8,33,0,0,0,438,0,2,2,7598,0,0,0,1,0,1,34,1,26,95,53,58,52,65,98.5,2.7,3.8,31.2,37,590,635,48.2,-2.2,383,449,46,-3.1,Defense,149,149,149,8,83
2370,Borje Samuelsson,RD,0,MTL,77,66,62907,3,7,10,-69,24,0,0,0,758,0,0,0,2473,0,0,0,0,0,0,31,6,34,32,72,52,50,53,95,2.5,6.7,29.4,49.9,849,1277,39.9,-3,578,1001,36.6,-5.3,Defense,95.8,147,147,9,83
877,Adelie de Pengu,LD,0,MIN,78,66,75818,1,22,23,10,35,0,1,1,1116,0,0,0,9725,0,0,0,1,0,1,44,15,36,234,94,63,51,77,100.7,3.7,3.2,36.8,34.3,1115,1093,50.5,2.2,786,735,51.7,2.6,Defense,326.4,146,146,10,83
