id,name,position,league,team,season,gamesPlayed,timeOnIce,goals,assists,points,plusMinus,pim,ppGoals,ppAssists,ppPoints,ppTimeOnIce,shGoals,shAssists,shPoints,shTimeOnIce,gwg,faceoffs,faceoffWins,fights,fightWins,fightLosses,hits,giveaways,takeaways,shotsBlocked,shotsOnGoal,gameRating,offensiveGameRating,defensiveGameRating,advancedStats.PDO,advancedStats.GF60,advancedStats.GA60,advancedStats.SF60,advancedStats.SA60,advancedStats.CF,advancedStats.CA,advancedStats.CFPct,advancedStats.CFPctRel,advancedStats.FF,advancedStats.FA,advancedStats.FFPct,advancedStats.FFPctRel,pos,fantasy,cum_shotsBlocked,label,rank,season_label
NA, ,NA,NA,ATL,NA,NA,NA,NA,NA,NA,NA,NA,NA,NA,NA,NA,NA,NA,NA,NA,NA,NA,NA,NA,NA,NA,NA,NA,NA,NA,NA,NA,NA,NA,NA,NA,NA,NA,NA,NA,NA,NA,NA,NA,NA,NA,NA,Forward,NA,0, ,1,65
NA, ,NA,NA,ATL,NA,NA,NA,NA,NA,NA,NA,NA,NA,NA,NA,NA,NA,NA,NA,NA,NA,NA,NA,NA,NA,NA,NA,NA,NA,NA,NA,NA,NA,NA,NA,NA,NA,NA,NA,NA,NA,NA,NA,NA,NA,NA,NA,Forward,NA,0, ,2,65
NA, ,NA,NA,ATL,NA,NA,NA,NA,NA,NA,NA,NA,NA,NA,NA,NA,NA,NA,NA,NA,NA,NA,NA,NA,NA,NA,NA,NA,NA,NA,NA,NA,NA,NA,NA,NA,NA,NA,NA,NA,NA,NA,NA,NA,NA,NA,NA,Forward,NA,0, ,3,65
NA, ,NA,NA,ATL,NA,NA,NA,NA,NA,NA,NA,NA,NA,NA,NA,NA,NA,NA,NA,NA,NA,NA,NA,NA,NA,NA,NA,NA,NA,NA,NA,NA,NA,NA,NA,NA,NA,NA,NA,NA,NA,NA,NA,NA,NA,NA,NA,Forward,NA,0, ,4,65
NA, ,NA,NA,ATL,NA,NA,NA,NA,NA,NA,NA,NA,NA,NA,NA,NA,NA,NA,NA,NA,NA,NA,NA,NA,NA,NA,NA,NA,NA,NA,NA,NA,NA,NA,NA,NA,NA,NA,NA,NA,NA,NA,NA,NA,NA,NA,NA,Forward,NA,0, ,5,65
NA, ,NA,NA,ATL,NA,NA,NA,NA,NA,NA,NA,NA,NA,NA,NA,NA,NA,NA,NA,NA,NA,NA,NA,NA,NA,NA,NA,NA,NA,NA,NA,NA,NA,NA,NA,NA,NA,NA,NA,NA,NA,NA,NA,NA,NA,NA,NA,Forward,NA,0, ,6,65
NA, ,NA,NA,ATL,NA,NA,NA,NA,NA,NA,NA,NA,NA,NA,NA,NA,NA,NA,NA,NA,NA,NA,NA,NA,NA,NA,NA,NA,NA,NA,NA,NA,NA,NA,NA,NA,NA,NA,NA,NA,NA,NA,NA,NA,NA,NA,NA,Forward,NA,0, ,7,65
NA, ,NA,NA,ATL,NA,NA,NA,NA,NA,NA,NA,NA,NA,NA,NA,NA,NA,NA,NA,NA,NA,NA,NA,NA,NA,NA,NA,NA,NA,NA,NA,NA,NA,NA,NA,NA,NA,NA,NA,NA,NA,NA,NA,NA,NA,NA,NA,Forward,NA,0, ,8,65
NA, ,NA,NA,ATL,NA,NA,NA,NA,NA,NA,NA,NA,NA,NA,NA,NA,NA,NA,NA,NA,NA,NA,NA,NA,NA,NA,NA,NA,NA,NA,NA,NA,NA,NA,NA,NA,NA,NA,NA,NA,NA,NA,NA,NA,NA,NA,NA,Forward,NA,0, ,9,65
NA, ,NA,NA,ATL,NA,NA,NA,NA,NA,NA,NA,NA,NA,NA,NA,NA,NA,NA,NA,NA,NA,NA,NA,NA,NA,NA,NA,NA,NA,NA,NA,NA,NA,NA,NA,NA,NA,NA,NA,NA,NA,NA,NA,NA,NA,NA,NA,Forward,NA,0, ,10,65
1820,Eero Makela,RD,0,CGY,66,66,92641,11,41,52,-11,42,3,15,18,14646,0,5,5,8231,1,1,0,0,0,0,66,15,75,273,192,69,55,85,98.9,3,3.1,32.2,30.2,966,1080,47.2,2.8,710,692,50.6,4.1,Defense,496.70000000000005,273,273,1,66
1968,Billy Brooks,RD,0,BUF,66,66,86359,4,17,21,17,26,1,0,1,3190,0,1,1,7693,2,0,0,0,0,0,62,10,38,248,167,65,52,78,97.9,3.2,2.6,39.5,25.2,1293,972,57.1,0.9,965,639,60.2,4.9,Defense,365.1,248,248,2,66
1327,Teylora Petrov,RD,0,MAN,66,66,90863,13,29,42,25,30,6,11,17,11585,0,5,5,9166,0,0,0,0,0,0,66,11,39,239,155,66,54,78,101.9,4.1,3,35.4,31.3,1112,1067,51,-0.8,809,715,53.1,1.2,Defense,427,239,239,3,66
1466,Pasta the Turtle,RD,0,CHI,66,66,78032,6,24,30,46,26,0,1,1,377,1,2,3,7996,1,0,0,0,0,0,45,14,34,235,91,63,51,76,102,4.9,2.7,39.2,26.1,1261,926,57.7,0.9,908,605,60,2.2,Defense,352.8,235,235,4,66
981,Ruggs McOoooh,RD,0,SFP,66,66,82705,9,16,25,32,19,0,0,0,481,0,1,1,9418,2,0,0,1,0,1,43,14,52,234,127,63,51,77,99.5,3.9,2.6,39.3,24.7,1300,976,57.1,-1.5,957,586,62,2.2,Defense,349.9,234,234,5,66
1246,Dee Centerman IV,LD,0,SEA,66,66,79310,5,32,37,32,24,0,0,0,528,0,3,3,9190,0,0,0,0,0,0,51,12,53,225,118,64,52,77,101.2,4,2.6,35.5,25.4,1119,939,54.4,-2,813,586,58.1,0.4,Defense,374.3,225,225,6,66
1389,Conner Tanner,LD,0,MIN,66,66,88847,6,17,23,-59,28,3,10,13,10234,0,0,0,3055,0,0,0,0,0,0,61,16,58,219,112,65,57,75,98,1.9,4.2,23.9,43.6,844,1492,36.1,-0.2,605,1064,36.2,1.7,Defense,330.1,219,219,7,66
356,Collin Gibbles,RD,0,MIN,66,66,91064,4,18,22,-47,56,2,4,6,10720,0,0,0,7395,0,0,0,0,0,0,51,15,48,215,93,63,51,76,99.8,2.1,4,23.8,44.4,811,1460,35.7,-0.8,578,1032,35.9,1.2,Defense,311.8,215,215,8,66
1079,Jasper Maximov,RD,0,NOL,66,66,84011,12,21,33,21,22,1,0,1,294,1,1,2,6867,1,0,0,0,0,0,25,7,47,214,145,64,52,78,100.8,2.9,2.1,33.8,26.5,1162,1080,51.8,0.7,830,686,54.7,2,Defense,357.1,214,214,9,66
369,Slip McScruff,RD,0,BAP,66,66,80607,5,7,12,-35,30,0,0,0,897,0,0,0,10409,2,0,0,0,0,0,52,16,42,213,85,61,51,73,97.7,2,3.7,26.8,38.1,834,1211,40.8,-3.4,616,859,41.8,-1.2,Defense,279,213,213,10,66
323,Julio Tokolosh,RW,0,EDM,66,66,90041,18,28,46,-104,44,6,13,19,11807,4,1,5,10003,1,293,93,0,0,0,124,53,42,77,151,70,70,65,94.1,1.7,7,22.8,52.3,706,1385,33.8,-2.8,529,1170,31.1,-1.3,Forward,297.1,77,77,1,66
1319,Jonathan Granstrom,LW,0,MAN,66,66,84575,16,40,56,11,38,0,3,3,3792,3,1,4,9265,3,235,110,0,0,0,123,66,35,74,164,79,79,72,100.4,3.5,3.2,34.5,32.2,1060,1054,50.1,-2.2,798,751,51.5,-1.1,Forward,326.79999999999995,74,74,2,66
2536,Stephan Gill,RW,0,CHI,66,66,68572,17,41,58,28,18,0,0,0,123,3,5,8,8125,4,60,39,0,0,0,116,41,31,74,141,66,60,68,101.1,3.8,2.6,37.9,29.8,985,863,53.3,-5.3,735,589,55.5,-4.3,Forward,324.1,74,74,3,66
64,Kyle Sutton,LW,0,EDM,66,66,90004,16,42,58,-82,60,4,16,20,12640,0,1,1,4548,1,83,38,0,0,0,169,50,34,66,172,72,73,67,95.8,2.6,6.2,29.5,47.8,949,1319,41.8,9.8,691,1128,38,9.4,Forward,348.8,66,66,4,66
1926,Ville Kurri,C,0,NOL,66,66,78164,7,26,33,-16,16,0,1,1,743,0,1,1,4189,1,749,389,0,0,0,62,42,51,64,109,65,59,69,95.9,2.4,3.2,34.2,29.2,1090,1089,50,-2.1,812,707,53.5,0,Forward,201.9,64,64,5,66
2188,Roderic Banes,RW,0,MTL,66,66,86899,31,57,88,24,24,8,16,24,13078,3,1,4,10851,6,75,26,0,0,0,118,67,34,64,182,75,71,76,104.6,4.6,2.8,34.1,31.7,929,948,49.5,-0.6,691,653,51.4,1.5,Forward,435.2,64,64,6,66
365,Dwight Knight,LW,0,TBB,66,66,87562,41,31,72,9,36,11,6,17,11512,1,1,2,6669,6,325,158,0,0,0,125,70,44,63,235,81,80,75,100.2,4,3.4,36.1,31.2,1107,1007,52.4,1.7,812,732,52.6,1.3,Forward,415.3,63,63,7,66
1904,Rafael Boeck,LW,0,EDM,66,60,67311,8,21,29,-92,46,2,2,4,4655,0,1,1,850,1,142,83,0,0,0,125,39,34,63,73,65,65,61,95.9,1.8,6.9,21.3,54.4,587,1315,30.9,-7.6,427,1109,27.8,-6.9,Forward,204.7,63,63,8,66
2704,Alix Nunez,C,0,MIN,66,66,76860,6,13,19,-66,29,2,0,2,2184,0,1,1,3126,0,908,388,1,0,1,49,40,28,62,79,59,56,61,96.3,1.5,4.8,22.7,46.8,735,1456,33.5,-4.1,534,1103,32.6,-3.8,Forward,143.5,62,62,9,66
1316,Igor Victory,LW,0,PHI,66,66,85975,30,38,68,11,38,4,11,15,11216,2,3,5,8952,2,325,98,0,0,0,121,62,53,61,235,79,83,69,100.9,3.8,3.4,33,32.8,983,945,51,2,704,690,50.5,2.3,Forward,389.5,61,61,10,66
1820,Eero Makela,RD,0,CGY,67,66,90606,12,40,52,7,20,5,14,19,13482,0,5,5,6031,1,1,0,0,0,0,73,12,63,299,155,69,55,84,101,3.2,2.9,29.5,30,956,1121,46,0.8,674,691,49.4,2.2,Defense,512.8,572,572,1,67
1466,Pasta the Turtle,RD,0,CHI,67,66,77906,4,19,23,28,22,0,0,0,398,0,2,2,7057,0,0,0,0,0,0,46,15,37,264,116,63,51,78,99.8,3.5,2.3,34.1,21.8,1060,944,52.9,-2.1,770,505,60.4,5.8,Defense,363.8,499,499,2,67
1327,Teylora Petrov,RD,0,MAN,67,66,92953,9,32,41,-6,36,7,11,18,13581,0,1,1,8196,0,0,0,0,0,0,82,13,64,242,170,67,54,80,99.1,3.1,3.1,32.7,29.9,1038,1039,50,-0.8,744,697,51.6,0.1,Defense,433.6,481,481,3,67
1968,Billy Brooks,RD,0,BUF,67,66,90580,13,39,52,26,37,5,12,17,12399,1,7,8,8228,3,0,0,1,1,0,79,7,57,211,185,66,54,79,101.1,4.2,2.9,35.8,27.9,1115,942,54.2,1.9,815,633,56.3,4.7,Defense,446,459,459,4,67
1389,Conner Tanner,LD,0,MIN,67,66,89276,4,13,17,-64,36,2,4,6,10219,1,1,2,3528,1,0,0,0,0,0,74,14,45,229,113,66,58,74,97.3,1.3,4,19.1,41.1,705,1457,32.6,-1.6,492,1028,32.4,2.4,Defense,324.6,448,448,5,67
356,Collin Gibbles,RD,0,MIN,67,66,87375,3,14,17,-44,28,0,0,0,2822,0,2,2,7477,0,0,0,0,0,0,40,12,29,211,79,61,52,73,98.5,1.4,3.5,18.7,40.8,721,1444,33.3,-0.5,489,1035,32.1,1.9,Defense,283.6,426,426,6,67
1246,Dee Centerman IV,LD,0,LAP,67,66,81221,3,24,27,25,34,0,0,0,897,0,1,1,8080,0,0,0,0,0,0,47,8,41,192,107,61,52,72,101.5,4,3,36.1,31.2,1202,1061,53.1,-1,872,709,55.2,0.7,Defense,307.70000000000005,417,417,7,67
2653,Jamal Nightingale,LD,0,BAP,67,66,82730,3,9,12,-26,48,1,1,2,982,1,0,1,8985,0,0,0,0,0,0,74,14,47,198,80,61,52,71,99.2,2.5,4,25.2,36.9,823,1234,40,1.4,593,877,40.3,1.5,Defense,270.8,395,395,8,67
105,Axel Foley,RD,0,TBB,67,66,87003,4,24,28,8,28,0,0,0,3037,1,1,2,8193,0,0,0,0,0,0,57,15,55,195,111,63,52,74,99.6,3.8,3.5,36.6,32.5,1228,1152,51.6,1,893,823,52,2,Defense,319.6,389,389,9,67
1684,A-Rye Izzy,RD,0,CGY,67,66,72585,5,23,28,36,21,0,0,0,487,0,3,3,4030,0,0,0,1,1,0,53,8,37,192,99,61,51,73,105.3,4.8,2.9,33.2,32.4,965,1114,46.4,1.4,735,719,50.6,4,Defense,312.70000000000005,377,377,10,67
2536,Stephan Gill,RW,0,CHI,67,66,70120,17,23,40,14,24,0,0,0,67,1,2,3,8028,3,50,28,0,0,0,122,45,24,63,149,75,76,68,99.9,3,2.4,32.6,26.1,923,814,53.1,-1.7,668,531,55.7,-1,Forward,268.3,137,137,1,67
872,Eric Hudson,C,0,TEX,67,66,77361,19,19,38,-24,26,0,0,0,1551,1,2,3,8504,1,982,518,0,0,0,54,56,44,78,129,65,59,70,99.9,2.6,4,24.7,38.3,757,1115,40.4,-4.7,540,846,39,-4.2,Forward,240.09999999999997,133,133,2,67
1670,Igor Petrov,C,0,CGY,67,66,77708,7,37,44,10,36,1,1,2,3139,2,4,6,3661,0,889,452,0,0,0,64,32,48,77,76,65,58,70,102.4,3.6,3.1,29.6,32.3,996,1206,45.2,-0.4,699,776,47.4,-0.7,Forward,233.6,132,132,3,67
91,Makrus The Tater Jager,C,0,NEW,67,66,91637,46,42,88,1,30,12,11,23,9871,0,3,3,6782,8,1229,706,0,0,0,49,53,81,77,236,75,68,80,100.1,3.6,3.5,32.3,31.2,1063,1044,50.5,2.6,792,760,51,3.6,Forward,446.6,130,130,4,67
1319,Jonathan Granstrom,C,0,MAN,67,66,82729,27,37,64,7,35,2,2,4,3683,1,2,3,8363,3,769,366,0,0,0,68,51,60,55,183,71,66,75,99.8,3.6,3.2,34.7,30.2,1115,1015,52.3,2.8,798,693,53.5,3,Forward,334.09999999999997,129,129,5,67
2704,Alix Nunez,C,0,MIN,67,66,61431,7,17,24,-46,31,0,1,1,436,0,3,3,2585,1,660,326,0,0,0,48,44,24,66,61,61,53,61,97.1,1.7,4.7,19.2,40.1,546,1075,33.7,0.1,366,779,32,1.5,Forward,156.1,128,128,6,67
17,Cormac Ponaire,LW,0,LAP,67,66,74187,26,26,52,5,21,0,1,1,3272,3,1,4,7961,3,221,62,0,0,0,86,55,32,80,157,74,73,71,100.4,3.8,3.3,34.2,31.2,983,965,50.5,-4.8,703,628,52.8,-2.6,Forward,311.5,124,124,7,67
365,Dwight Knight,LW,0,TBB,67,66,86044,21,35,56,2,38,5,8,13,11698,0,3,3,8076,5,41,9,0,0,0,149,74,34,61,227,79,78,74,99.4,3.4,3.2,38,33,1128,968,53.8,4.2,829,698,54.3,5.2,Forward,353.30000000000007,124,124,8,67
1190,Lord Raiden,C,0,BAP,67,66,95878,30,52,82,-47,46,12,26,38,14047,4,3,7,9174,3,1382,743,0,0,0,89,56,64,68,151,75,68,82,97.3,2.2,4.1,25.3,35.9,833,1196,41.1,3,602,853,41.4,3.1,Forward,397.70000000000005,123,123,9,67
2188,Roderic Banes,RW,0,MTL,67,66,86830,29,46,75,9,22,10,14,24,12638,2,2,4,10927,5,72,37,0,0,0,127,60,22,58,215,74,73,72,101.3,3.4,3,32.3,31.8,955,906,51.3,-0.7,682,672,50.4,-0.8,Forward,404.1,122,122,10,67
1820,Eero Makela,RD,0,CGY,68,66,87287,15,34,49,-6,39,8,15,23,14537,0,0,0,2849,2,0,0,1,0,1,51,10,62,275,162,67,54,81,100.8,3.6,3.5,28.1,29.6,872,1076,44.8,-3.9,643,681,48.6,-1.8,Defense,478.5,847,847,1,68
1466,Pasta the Turtle,RD,0,CHI,68,66,79912,8,18,26,27,18,0,0,0,831,0,0,0,8740,1,0,0,0,0,0,56,9,38,266,105,64,52,78,98.9,3.9,2.6,37,22,1166,889,56.7,-2.5,853,517,62.3,1.9,Defense,379.3,765,765,2,68
1327,Teylora Petrov,LD,0,TEX,68,66,87547,3,13,16,-35,26,0,0,0,2653,0,4,4,8044,0,0,0,0,0,0,46,13,52,225,114,65,56,74,97.9,2,3.7,26.7,38.9,956,1299,42.4,-0.5,666,970,40.7,0.3,Defense,306.1,706,706,3,68
1968,Billy Brooks,RD,0,BUF,68,66,85575,6,24,30,44,30,1,1,2,3570,0,2,2,7525,1,0,0,0,0,0,51,17,38,228,113,64,52,78,101.2,4.6,2.6,44.3,27.6,1380,1026,57.4,2.8,1040,666,61,6.7,Defense,355.5,687,687,4,68
1246,Dee Centerman IV,LD,0,LAP,68,66,89310,3,14,17,-22,22,1,0,1,3072,0,3,3,7599,1,0,0,0,0,0,50,10,24,263,92,62,52,73,98.9,2.7,3.6,28.1,33.7,1027,1276,44.6,-3.3,716,878,44.9,-0.4,Defense,338.3,680,680,5,68
1389,Conner Tanner,LD,0,MIN,68,66,92396,5,20,25,-46,30,5,7,12,14248,0,1,1,9941,0,0,0,0,0,0,97,12,75,207,131,71,64,79,97.5,1.4,3.2,25,38.4,774,1137,40.5,-0.3,552,839,39.7,-0.1,Defense,344.4,655,655,6,68
105,Axel Foley,RD,0,TBB,68,66,91444,2,13,15,-48,20,0,2,2,3034,0,0,0,8142,0,0,0,0,0,0,59,18,45,234,98,61,51,73,96.6,2.4,4.6,29.4,39.9,1028,1377,42.7,-2,776,1025,43.1,-1.2,Defense,310.6,623,623,7,68
2653,Jamal Nightingale,LD,0,BAP,68,66,78888,4,11,15,-24,34,0,0,0,661,0,1,1,9968,1,0,0,0,0,0,68,17,37,171,61,60,52,69,99.6,2.3,3.6,24.7,36.5,751,1125,40,-3,554,817,40.4,-2.2,Defense,248.4,566,566,8,68
356,Collin Gibbles,RD,0,MIN,68,66,78160,5,7,12,-47,29,0,2,2,3857,0,0,0,3563,0,0,0,1,1,0,75,7,43,136,112,63,59,67,96.4,1.8,4.2,24.9,39.2,839,1224,40.7,0,592,907,39.5,-0.4,Defense,227,562,562,9,68
1150,Slavakov Vladimirashenko,LD,0,SFP,68,66,106654,2,28,30,-53,54,0,10,10,10396,0,3,3,8691,0,0,0,0,0,0,57,18,76,241,167,64,53,76,95.7,2.2,4.4,27,35.3,1053,1430,42.4,0.9,767,1003,43.3,3.6,Defense,381.8,553,553,10,68
1190,Lord Raiden,C,0,BAP,68,66,95926,33,35,68,-38,36,12,12,24,15057,2,2,4,10633,2,1296,636,0,0,0,112,45,56,86,178,75,69,79,98.4,2.9,4.5,27.9,37.4,862,1113,43.6,2.5,640,841,43.2,2.1,Forward,386.8,209,209,1,68
17,Cormac Ponaire,RW,0,LAP,68,66,82802,13,22,35,-42,29,4,5,9,9890,2,0,2,3286,1,52,10,0,0,0,127,51,45,65,165,75,74,72,96.1,2.1,3.9,26.6,33.2,892,1026,46.5,-0.1,623,766,44.9,-0.4,Forward,257.3,189,189,2,68
2536,Stephan Gill,C,0,EDM,68,66,83762,22,47,69,5,44,4,15,19,9881,1,2,3,7475,5,1256,682,0,0,0,61,64,49,48,131,72,66,77,101.7,3.3,2.9,28,28.6,825,826,50,3.2,599,631,48.7,4.2,Forward,321.5,185,185,3,68
91,Makrus The Tater Jager,C,0,NEW,68,66,93246,61,49,110,21,43,13,17,30,11244,4,2,6,9044,5,1167,699,1,0,1,75,73,52,49,259,76,76,72,99.9,4.4,3.4,38.2,28.7,1202,943,56,5.2,897,668,57.3,5.6,Forward,528.1,179,179,4,68
1670,Igor Petrov,RW,0,EDM,68,66,76825,11,31,42,7,24,0,0,0,810,1,1,2,4097,1,54,25,0,0,0,113,40,41,46,101,71,71,66,101.6,3,2.7,27.6,29.2,874,911,49,1.8,633,705,47.3,2.2,Forward,240.1,178,178,5,68
365,Dwight Knight,LW,0,TBB,68,66,87409,30,27,57,-39,44,8,10,18,10688,2,1,3,6151,0,75,16,0,0,0,123,75,40,53,236,79,81,70,96.8,2.6,4.3,29.9,37,954,1196,44.4,0.6,709,866,45,1.8,Forward,352.8,177,177,6,68
1926,Ville Kurri,C,0,NOL,68,66,81986,6,19,25,-28,18,0,1,1,564,0,1,1,6928,1,1106,557,0,0,0,64,38,56,67,114,68,60,73,94.7,1.7,3.1,29.9,28.3,1050,1113,48.5,-1.7,744,715,51,-2,Forward,180.99999999999997,176,176,7,68
645,Dwayne Gretzky,C,0,MTL,68,66,87511,30,42,72,14,46,7,11,18,12069,3,1,4,7771,6,1022,565,0,0,0,80,50,46,57,184,76,76,74,100.1,4.3,3.3,36.4,28.1,1128,858,56.8,3.4,821,626,56.7,3,Forward,367.4,173,173,8,68
1398,KnockedOut ByOvechkin,C,0,TEX,68,66,73961,11,19,30,-31,20,0,0,0,594,3,0,3,7216,1,1048,505,0,0,0,69,39,42,72,66,65,59,70,97.3,2.2,4.1,26,36.2,823,1104,42.7,0,565,808,41.2,0.9,Forward,191.6,173,173,9,68
2652,Ivan Lacksamus,C,0,NEW,68,66,83977,31,40,71,25,24,0,1,1,3308,2,3,5,8738,5,886,501,0,0,0,74,65,52,73,195,74,71,74,101.8,4.1,2.9,35.5,30.2,1115,966,53.6,1.4,825,697,54.2,0.7,Forward,375.90000000000003,172,172,10,68
1820,Eero Makela,RD,0,CGY,69,66,86077,13,35,48,14,26,8,11,19,12285,0,2,2,3859,1,0,0,0,0,0,58,8,38,248,162,66,54,79,100.2,3,2.4,32.9,26.8,1010,1050,49,0.4,751,619,54.8,3.5,Defense,452,1095,1095,1,69
1389,Conner Tanner,LD,0,MIN,69,66,86976,3,17,20,-33,47,1,3,4,3812,0,1,1,7650,0,0,0,0,0,0,62,16,55,278,77,64,51,79,97.7,2.1,3.7,28,36.8,948,1324,41.7,3.4,697,919,43.1,7.2,Defense,361.1,933,933,2,69
1968,Billy Brooks,RD,0,BUF,69,66,81504,3,19,22,22,36,0,2,2,3593,0,1,1,5118,0,1,0,0,0,0,40,15,42,203,125,62,51,74,99.4,3.7,2.7,42.3,29,1351,1030,56.7,-1.4,1007,677,59.8,1.7,Defense,305.20000000000005,890,890,3,69
1466,Pasta the Turtle,RD,0,CHI,69,66,67023,2,15,17,11,32,0,0,0,758,0,1,1,3380,0,12,7,0,0,0,64,8,55,49,119,59,53,66,100,3.8,3.1,34.5,28.7,984,775,55.9,0,711,604,54.1,-4.1,Defense,158.39999999999998,814,814,4,69
1246,Dee Centerman IV,LD,0,ATL,69,66,64861,7,25,32,23,32,0,1,1,496,1,2,3,1789,0,0,0,0,0,0,54,8,24,129,114,58,52,65,98.2,4.3,3.1,39.5,24.3,1086,784,58.1,0.6,813,512,61.4,2.9,Defense,274.9,809,809,5,69
1327,Teylora Petrov,LD,0,TEX,69,66,73024,2,13,15,-24,16,0,0,0,479,0,0,0,10156,1,0,0,0,0,0,112,12,57,94,74,62,53,71,97.7,2.3,3.9,28.6,37.4,818,942,46.5,2.9,574,763,42.9,0.4,Defense,198.60000000000002,800,800,6,69
105,Axel Foley,RD,0,TBB,69,66,93495,8,18,26,-28,49,4,5,9,10609,0,1,1,7326,0,0,0,0,0,0,89,14,51,171,117,62,52,75,99.1,2.5,3.5,30,37.9,1001,1184,45.8,1.7,741,919,44.6,2,Defense,310.6,794,794,7,69
1150,Slavakov Vladimirashenko,RD,0,CHI,69,66,86601,9,28,37,34,37,2,1,3,3393,0,2,2,7296,1,0,0,1,0,1,70,12,35,231,104,65,53,79,101.7,4.1,2.7,35.1,26.8,1230,1044,54.1,-2.9,880,665,57,0.1,Defense,387.1,784,784,8,69
1722,Ole Olson,RD,0,NOL,69,66,93650,14,40,54,20,42,8,14,22,14244,0,4,4,7566,1,0,0,0,0,0,67,8,54,230,170,68,55,82,101.2,3.7,2.4,33.5,24.8,1050,990,51.5,4,771,589,56.7,5.9,Defense,460.8,774,774,9,69
2653,Jamal Nightingale,LD,0,BAP,69,66,79409,3,5,8,-33,28,0,0,0,2320,0,1,1,7693,0,0,0,0,0,0,69,12,49,176,75,61,52,71,98.1,1.7,3.5,21.6,36.8,695,1128,38.1,-1.6,494,825,37.5,-0.7,Defense,235.5,742,742,10,69
1190,Lord Raiden,C,0,BAP,69,66,95788,26,44,70,-34,51,11,17,28,14312,0,2,2,7585,2,1312,694,1,0,1,95,36,70,68,159,76,68,81,99.1,2.6,3.9,25,34.8,848,1079,44,7.6,610,822,42.6,7.3,Forward,362.5,277,277,1,69
1926,Ville Kurri,C,0,NOL,69,66,70835,17,31,48,16,22,0,0,0,200,5,3,8,8748,3,238,115,0,0,0,80,53,27,75,104,67,62,69,102,3.1,2.7,28.7,30.1,829,1002,45.3,-5.1,589,609,49.2,-5.1,Forward,269.2,251,251,2,69
2536,Stephan Gill,RW,0,EDM,69,66,74010,17,35,52,-1,31,1,2,3,3023,2,3,5,10363,2,224,118,0,0,0,123,47,27,66,134,75,77,68,99.9,3,3.2,29.5,31,818,761,51.8,-3.4,602,597,50.2,-3.6,Forward,302,251,251,3,69
17,Cormac Ponaire,LW,0,LAP,69,66,90468,12,27,39,-47,24,2,8,10,12923,0,1,1,3494,1,56,19,0,0,0,170,56,45,60,203,80,81,74,98.1,1.9,3.7,22.5,36.1,789,1112,41.5,-4.6,544,857,38.8,-4.2,Forward,293.9,249,249,4,69
1835,Jonny Tsunami,RW,0,TOR,69,66,78860,4,15,19,-50,24,0,2,2,4698,2,2,4,10028,0,52,19,0,0,0,54,59,24,82,87,67,67,65,98.8,1.3,4.1,17.3,45.6,493,1243,28.4,-0.2,374,949,28.3,-0.4,Forward,157.89999999999998,245,245,5,69
365,Dwight Knight,RW,0,TBB,69,66,88409,29,32,61,-28,33,11,8,19,9544,2,1,3,7733,3,195,46,0,0,0,123,71,44,66,204,79,80,72,97.9,2.7,4,32.4,38.5,990,1138,46.5,2.7,740,887,45.5,3.3,Forward,362,243,243,6,69
91,Makrus The Tater Jager,C,0,NEW,69,66,89805,32,54,86,19,44,10,23,33,12120,1,4,5,8784,5,1347,766,0,0,0,59,81,52,55,235,76,72,79,100.7,3.3,2.2,36.6,26.5,1116,894,55.5,-1.5,832,615,57.5,0.1,Forward,417.1,234,234,7,69
962,Sven Svenson,LW,0,SFP,69,66,84028,23,23,46,-67,30,3,2,5,3568,0,2,2,9180,0,316,86,0,0,0,103,55,31,67,164,70,76,56,97.5,2.7,6.1,24.4,44.9,788,1297,37.8,-4.8,570,1047,35.3,-4.9,Forward,291.59999999999997,234,234,8,69
781,Atticus Hale,LW,0,NOL,69,66,89770,46,42,88,30,38,10,12,22,13669,2,2,4,7815,3,291,72,0,0,0,103,59,30,76,252,80,85,72,102.9,4.1,2.3,35,26.1,1061,980,52,4.8,776,586,57,6.3,Forward,472.40000000000003,231,231,9,69
645,Dwayne Gretzky,C,0,MTL,69,66,79585,32,49,81,44,22,3,6,9,5109,1,4,5,3957,8,940,518,0,0,0,57,48,37,54,156,72,72,69,104,4.6,2.6,35,28.4,1135,929,55,-0.9,819,658,55.5,-2.2,Forward,377,227,227,10,69
1820,Eero Makela,RD,0,CGY,70,66,83586,9,24,33,27,35,2,4,6,4251,0,1,1,9023,3,0,0,0,0,0,60,15,45,314,116,67,53,83,102.3,4.1,2.8,33.9,28.8,1065,1131,48.5,1.9,787,684,53.5,2.8,Defense,449.40000000000003,1409,1409,1,70
1389,Conner Tanner,LD,0,MIN,70,66,84497,3,23,26,-27,39,0,0,0,731,0,0,0,10060,0,0,0,0,0,0,79,17,53,226,79,63,55,72,98.7,3.1,4.4,30.4,39,1038,1284,44.7,-0.8,750,934,44.5,0.8,Defense,339.70000000000005,1159,1159,2,70
1968,Billy Brooks,RD,0,BUF,70,66,72777,9,16,25,27,28,0,0,0,999,2,2,4,5532,1,0,0,0,0,0,42,15,30,198,139,61,51,73,99.4,4.2,3,44.2,29.2,1249,918,57.6,2.5,953,642,59.7,4.3,Defense,320.70000000000005,1088,1088,3,70
1722,Ole Olson,RD,0,NOL,70,66,94122,9,33,42,1,36,8,14,22,14924,0,2,2,10069,1,0,0,0,0,0,56,11,61,219,147,66,55,80,100.4,3.7,3.3,34.2,31.9,1046,1087,49,2,763,724,51.3,3.1,Defense,398.6,993,993,4,70
105,Axel Foley,RD,0,TBB,70,66,78496,1,12,13,-35,31,0,0,0,1136,0,0,0,3479,0,0,0,0,0,0,48,10,37,189,72,59,51,69,98.4,2.4,4.2,28.6,41.2,948,1299,42.2,0,694,984,41.4,0.1,Defense,250.89999999999998,983,983,5,70
1150,Slavakov Vladimirashenko,RD,0,SFP,70,66,89717,21,16,37,-21,36,14,6,20,14893,0,0,0,7027,3,1,0,0,0,0,56,13,43,188,165,66,59,74,99.8,3.2,3.6,32.3,34.8,938,1113,45.7,-0.3,696,768,47.5,2.1,Defense,373.1,972,972,6,70
1246,Dee Centerman IV,RD,0,BAP,70,66,68270,3,15,18,-21,22,0,0,0,301,0,3,3,5509,0,0,0,0,0,0,46,9,26,138,54,57,51,64,98.1,2.4,4,29.1,39.4,864,1042,45.3,0.1,589,803,42.3,-1.3,Defense,215.8,947,947,7,70
883,Sean Gatez,RD,0,MAN,70,66,95666,4,36,40,-49,32,2,9,11,11515,0,4,4,7867,0,0,0,0,0,0,70,17,59,202,194,65,59,72,96.3,3.4,5.3,35.4,40.2,1171,1341,46.6,0.5,852,994,46.2,0.9,Defense,392,927,927,8,70
1684,A-Rye Izzy,RD,0,CGY,70,66,70431,4,15,19,23,38,0,1,1,491,0,0,0,3561,2,1,0,0,0,0,32,6,41,184,86,62,51,76,104.4,3.5,2.2,30.3,31.3,910,1069,46,-1.9,657,672,49.4,-3.2,Defense,265.2,920,920,9,70
2930,Ben Der,RD,0,TOR,70,66,94472,8,27,35,-67,55,2,10,12,15680,0,1,1,9069,1,0,0,1,1,0,48,23,59,370,101,66,52,81,98.6,2.2,5,24.7,47.8,792,1500,34.6,2.1,561,1087,34,5,Defense,495.5,914,914,10,70
1190,Lord Raiden,C,0,BAP,70,66,95105,29,49,78,-21,32,16,16,32,14875,2,7,9,10069,4,1260,656,0,0,0,99,35,72,74,167,76,69,83,99.5,2.7,3.6,30.3,38.6,977,1150,45.9,1,695,885,44,1.2,Forward,397.1,351,351,1,70
365,Dwight Knight,RW,0,TBB,70,66,85106,26,33,59,-34,29,6,7,13,12643,0,0,0,1635,5,36,12,0,0,0,139,65,38,78,209,80,81,72,99.5,2.9,4.1,29.7,40,960,1259,43.3,1.6,697,923,43,2.6,Forward,368.1,321,321,2,70
2536,Stephan Gill,RW,0,BAP,70,66,74380,18,24,42,-31,30,0,1,1,3799,1,0,1,2244,1,339,169,0,0,0,86,49,33,59,160,66,65,64,98.5,2.8,4.4,29.3,39,915,1110,45.2,-0.1,646,857,43,-0.3,Forward,261.8,310,310,3,70
17,Cormac Ponaire,LW,0,LAP,70,66,82853,19,24,43,-32,24,1,1,2,3945,0,2,2,3247,2,56,19,0,0,0,153,56,38,60,193,69,66,67,98.7,2.7,4.1,30.5,41.2,1098,1357,44.7,-2.7,765,1018,42.9,-2.9,Forward,303.1,309,309,4,70
1926,Ville Kurri,C,0,NOL,70,66,74571,10,31,41,0,42,0,0,0,390,2,1,3,3486,0,857,422,0,0,0,85,42,42,58,96,65,59,69,99.9,2.9,3.1,29.5,31.4,975,1120,46.5,-1.8,680,741,47.9,-2.1,Forward,230.60000000000002,309,309,5,70
1948,Friedensreich Hundertwasser,C,0,MTL,70,66,86781,35,71,106,42,24,10,23,33,12838,8,3,11,9651,9,1001,564,0,0,0,98,63,39,61,180,79,79,75,102.8,4.5,2.6,38.6,29.5,1120,873,56.2,2.6,822,619,57,2.7,Forward,482.8,287,287,6,70
1564,Long John Donair,RW,0,LAP,70,66,84214,30,24,54,-20,36,2,0,2,4022,3,0,3,3702,2,104,34,0,0,0,152,80,38,65,204,66,63,64,99.9,3.1,4,31.4,40.1,1117,1341,45.4,-1.6,785,1009,43.8,-1.6,Forward,353,285,285,7,70
645,Dwayne Gretzky,C,0,MTL,70,66,82160,25,38,63,23,49,1,2,3,3783,2,5,7,4646,6,939,510,0,0,0,60,54,43,56,170,71,71,68,100.3,3.9,3,38.7,30.8,1245,1058,54.1,-0.5,927,757,55,-0.2,Forward,322.6,283,283,8,70
91,Makrus The Tater Jager,C,0,NEW,70,66,80565,24,39,63,23,38,1,2,3,4121,1,1,2,4339,5,964,601,0,0,0,66,55,48,48,163,70,69,69,99.5,4.3,3.2,42.8,30.3,1313,1033,56,4.2,998,694,59,5,Forward,317.09999999999997,282,282,9,70
781,Atticus Hale,LW,0,NOL,70,66,88563,30,50,80,3,52,7,21,28,15271,0,2,2,3518,4,169,37,0,0,0,113,50,43,48,224,81,81,76,101.5,3.9,3.4,35.1,34.6,1107,1114,49.8,3.2,807,777,50.9,2.6,Forward,411.2,279,279,10,70
1820,Eero Makela,RD,0,CGY,70,66,83586,9,24,33,27,35,2,4,6,4251,0,1,1,9023,3,0,0,0,0,0,60,15,45,314,116,67,53,83,102.3,4.1,2.8,33.9,28.8,1065,1131,48.5,1.9,787,684,53.5,2.8,Defense,449.40000000000003,1409,1409,1,71
1968,Billy Brooks,LD,0,BAP,71,66,86316,7,38,45,26,28,0,1,1,3172,0,6,6,9210,1,0,0,0,0,0,54,12,39,231,120,63,53,74,101.3,4.4,3.4,36.7,31.7,1150,1183,49.3,-4.1,868,784,52.5,0.6,Defense,407.5,1319,1319,2,71
1389,Conner Tanner,LD,0,TOR,71,66,94675,2,16,18,-72,36,0,1,1,4320,1,3,4,7906,1,0,0,0,0,0,61,26,76,146,65,59,52,66,95.9,2,5.3,26.1,45.9,944,1676,36,0.5,701,1241,36.1,2.6,Defense,231.3,1305,1305,3,71
2930,Ben Der,RD,0,TOR,71,66,100484,3,23,26,-72,54,1,7,8,15817,1,5,6,7745,0,0,0,0,0,0,55,23,67,336,87,64,52,77,97.2,2.4,5.4,27.1,45.8,915,1602,36.4,1,685,1155,37.2,4.3,Defense,431.5,1250,1250,4,71
1722,Ole Olson,RD,0,NOL,71,66,93772,20,30,50,9,30,12,14,26,11528,1,0,1,11634,1,0,0,0,0,0,73,17,51,234,174,67,54,81,100.6,2.9,2.6,30.9,29.6,1012,1113,47.6,1.9,707,716,49.7,1.8,Defense,462,1227,1227,5,71
105,Axel Foley,RD,0,TBB,71,66,75503,8,16,24,-35,50,2,6,8,14226,0,0,0,3939,2,0,0,0,0,0,46,14,42,168,106,64,60,69,100.5,2.8,3.9,29.4,42.6,771,1014,43.2,-0.3,568,781,42.1,0,Defense,281.4,1151,1151,6,71
1150,Slavakov Vladimirashenko,RD,0,SFP,71,66,88416,8,26,34,-18,36,6,12,18,11024,0,0,0,3971,1,0,0,0,0,0,86,12,69,150,168,65,58,72,98.5,3.1,3.9,30.6,33.5,1027,1131,47.6,2.3,761,811,48.4,1.9,Defense,329.8,1122,1122,7,71
883,Sean Gatez,RD,0,CGY,71,66,94996,13,17,30,-40,34,9,6,15,14172,0,0,0,7981,1,0,0,0,0,0,97,12,51,159,141,66,60,73,98.4,2.4,3.7,27.5,35.9,860,1179,42.2,-1.5,633,867,42.2,-1.1,Defense,327.20000000000005,1086,1086,8,71
877,Adelie de Pengu,RD,0,CHI,71,66,93786,16,40,56,18,52,9,9,18,13359,0,2,2,4501,0,23,12,0,0,0,68,17,54,238,222,70,61,80,100.5,4.1,3.1,37.4,29.4,1303,1120,53.8,2,925,722,56.2,4.8,Defense,492,1074,1074,9,71
2454,Wendolene Ramsbottom,RD,0,SEA,71,66,98949,9,27,36,-1,32,6,8,14,12290,0,2,2,9322,1,0,0,0,0,0,78,15,63,227,189,70,60,80,98.2,2.6,2.7,31,26,1058,944,52.8,3,759,653,53.8,4.3,Defense,409.2,1050,1050,10,71
1190,Lord Raiden,RW,0,BAP,71,66,82258,25,43,68,-8,28,4,8,12,9272,0,1,1,4867,2,34,9,0,0,0,126,58,39,68,194,73,73,71,98,4,4.2,37.6,33,1144,1031,52.6,1,834,742,52.9,1.1,Forward,378.40000000000003,419,419,1,71
365,Dwight Knight,RW,0,TBB,71,66,82761,24,31,55,-5,18,1,0,1,3485,0,0,0,2077,1,21,6,0,0,0,84,63,45,59,208,74,77,66,101.9,3.2,3.4,31,40.1,1076,1356,44.2,1.4,783,1024,43.3,1.9,Forward,320.4,380,380,2,71
2536,Stephan Gill,C,0,BAP,71,66,67258,15,34,49,9,22,1,0,1,399,1,0,1,2222,0,844,476,0,0,0,73,34,41,53,122,65,61,68,99.6,4.1,3.6,36,31,1041,944,52.4,0.8,768,676,53.2,1.5,Forward,259.6,363,363,3,71
17,Cormac Ponaire,LW,0,LAP,71,66,71301,9,21,30,-7,20,0,1,1,302,1,3,4,8659,2,44,14,0,0,0,143,52,35,50,143,68,64,67,98.2,2.4,3.1,33.1,33.6,994,959,50.9,-2.9,693,695,49.9,-1.8,Forward,229.10000000000002,359,359,4,71
1817,Greg Davies,RW,0,SFP,71,66,83293,20,36,56,0,24,0,2,2,3298,2,5,7,9175,1,317,121,0,0,0,151,56,31,90,159,71,66,73,100.5,3.5,3.8,30.9,35.2,998,1139,46.7,0.9,731,815,47.3,0.2,Forward,350.1,346,346,5,71
1464,Kev Kevens,LW,0,CHI,71,66,83603,23,38,61,-12,28,4,12,16,11645,6,1,7,8665,1,242,58,0,0,0,111,42,46,78,174,78,77,76,95.8,3.5,4.2,34.8,29,1041,901,53.6,1.5,719,597,54.6,2.1,Forward,349.40000000000003,339,339,6,71
1948,Friedensreich Hundertwasser,RW,0,CGY,71,66,77021,12,31,43,-37,33,0,8,8,5273,1,1,2,1557,1,82,43,0,0,0,104,55,32,50,178,72,74,65,96.8,2.3,3.9,29,35.6,882,1129,43.9,1.1,657,820,44.5,2.3,Forward,266,337,337,7,71
2652,Ivan Lacksamus,C,0,NEW,71,66,92012,49,63,112,55,61,13,21,34,12772,4,2,6,11027,13,1550,890,0,0,0,67,73,37,59,247,78,77,78,104,5,2,43,26.1,1285,855,60,0.9,960,590,61.9,0.9,Forward,521.3000000000001,335,335,8,71
1564,Long John Donair,RW,0,LAP,71,66,71868,12,21,33,-13,12,1,2,3,3567,0,0,0,482,1,62,9,0,0,0,136,60,33,48,126,63,60,63,98.9,2.9,3.5,34.6,36.6,1099,1118,49.6,-5,765,821,48.2,-4.4,Forward,232,333,333,9,71
1812,Giannis Kroustis,C,0,NOL,71,66,87666,24,46,70,-9,57,10,30,40,11950,0,1,1,11512,1,1005,544,0,0,0,109,59,52,59,174,75,70,79,98.5,2.6,3.1,31.4,31.6,914,1012,47.5,1.6,645,661,49.4,1.3,Forward,365.2,332,332,10,71
2930,Ben Der,RD,0,TOR,72,66,97052,4,28,32,-62,34,2,11,13,18466,0,4,4,10576,0,0,0,0,0,0,71,24,70,331,109,66,52,81,99.3,2.5,5.1,26.3,49.8,797,1506,34.6,-4.2,590,1099,34.9,-1.2,Defense,459,1581,1581,1,72
1389,Conner Tanner,RD,0,NEW,72,64,72483,2,15,17,-35,40,0,0,0,621,0,2,2,9008,0,0,0,0,0,0,48,20,43,154,58,61,54,69,97.5,2.3,4.5,30.4,44.4,832,1176,41.4,1.7,636,913,41.1,2,Defense,228.2,1459,1459,2,72
1968,Billy Brooks,LD,0,BAP,72,66,81534,5,33,38,5,40,0,0,0,969,1,3,4,10421,1,0,0,0,0,0,87,13,59,106,135,61,55,68,99.2,3.7,3.7,36.3,33.7,1120,1036,51.9,3.4,829,759,52.2,2.6,Defense,289.70000000000005,1425,1425,3,72
1820,Eero Makela,RD,0,CGY,70,66,83586,9,24,33,27,35,2,4,6,4251,0,1,1,9023,3,0,0,0,0,0,60,15,45,314,116,67,53,83,102.3,4.1,2.8,33.9,28.8,1065,1131,48.5,1.9,787,684,53.5,2.8,Defense,449.40000000000003,1409,1409,4,72
1722,Ole Olson,LD,0,ATL,72,66,65580,7,20,27,17,24,0,0,0,602,0,1,1,2613,1,0,0,0,0,0,60,3,30,157,116,60,52,70,99.5,3.8,3,39.7,30.2,1158,935,55.3,-3.8,823,628,56.7,-3.4,Defense,288.1,1384,1384,5,72
105,Axel Foley,RD,0,TBB,72,66,76008,7,24,31,-15,44,5,11,16,13419,0,0,0,3960,2,0,0,0,0,0,44,15,72,172,93,66,60,72,101.9,3.6,4.1,32.9,44.9,882,1160,43.2,-1.6,627,877,41.7,-2.4,Defense,300.3,1323,1323,6,72
1150,Slavakov Vladimirashenko,RD,0,SFP,72,66,82252,11,28,39,-17,48,7,14,21,16629,0,0,0,5743,3,2,1,0,0,0,104,15,55,140,172,67,63,71,101.1,4,4.3,34.5,41.7,873,1109,44,0.5,665,819,44.8,-1,Defense,347.2,1262,1262,7,72
2454,Wendolene Ramsbottom,RD,0,SEA,72,66,103354,14,30,44,-21,40,8,9,17,9900,0,1,1,7910,2,0,0,0,0,0,121,19,82,184,138,68,57,80,98.8,2.4,3.1,27.3,30.6,1116,1257,47,6.7,760,856,47,7.4,Defense,401.4,1234,1234,8,72
877,Adelie de Pengu,RD,0,CHI,72,66,92695,20,37,57,54,54,11,18,29,17628,1,1,2,5303,4,11,3,0,0,0,81,11,56,158,225,71,66,77,105.5,5,2.2,40.1,31.2,1249,999,55.6,0.9,911,698,56.6,2.7,Defense,433.1,1232,1232,9,72
1246,Dee Centerman IV,RD,0,SEA,72,66,82254,3,12,15,-38,36,0,0,0,3201,0,1,1,3554,1,0,0,0,0,0,70,18,45,155,72,57,51,64,99.2,2.9,4.8,27.2,42.1,950,1386,40.7,-3.6,698,1008,40.9,-2.4,Defense,237.1,1201,1201,10,72
1190,Lord Raiden,LW,0,BAP,72,66,73320,16,26,42,-9,40,1,0,1,3408,0,2,2,3901,3,45,10,0,0,0,98,50,42,43,166,70,69,67,97.7,3,3.5,36.1,33.4,1074,986,52.1,3.6,772,719,51.8,1.8,Forward,256.8,462,462,1,72
365,Dwight Knight,RW,0,TBB,72,66,82459,15,41,56,-19,22,0,1,1,3656,1,1,2,3324,2,27,4,0,0,0,102,65,36,64,227,74,78,63,99.5,3.1,4.1,33.5,41,1141,1402,44.9,0.8,823,1012,44.9,2.3,Forward,330.29999999999995,444,444,2,72
1824,Tomas Lind,LW,0,MAN,72,66,91905,18,27,45,-82,22,5,7,12,16245,0,0,0,3320,1,87,23,0,0,0,98,59,50,84,221,78,80,71,97.3,2.2,5.1,28,47.7,923,1477,38.5,0.4,662,1108,37.4,1.6,Forward,308.9,416,416,3,72
2536,Stephan Gill,RW,0,SEA,72,66,73426,8,22,30,-37,26,0,3,3,3303,1,0,1,2334,2,46,24,0,0,0,78,49,22,48,141,70,74,59,97.9,1.9,3.8,24.4,37.8,789,1160,40.5,-3.5,543,828,39.6,-4,Forward,200.3,411,411,4,72
1464,Kev Kevens,LW,0,CHI,72,66,82970,32,57,89,34,34,11,19,30,15638,4,2,6,8990,4,275,73,0,0,0,131,41,49,68,209,84,82,81,103.5,4.5,2.4,40.1,31.3,1077,879,55.1,0.1,767,583,56.8,2.8,Forward,454.90000000000003,407,407,5,72
2652,Ivan Lacksamus,C,0,NEW,72,66,92906,55,76,131,33,70,24,34,58,19504,4,7,11,13494,7,1579,912,0,0,0,82,92,56,67,334,82,80,83,100.6,4.4,2.6,45.2,28.6,1130,801,58.5,0,885,557,61.4,1.8,Forward,621.2,402,402,6,72
1817,Greg Davies,LW,0,SFP,72,66,75904,28,32,60,-12,52,1,1,2,5349,0,5,5,2870,0,128,58,0,0,0,111,64,29,52,183,67,64,65,100.5,3.6,4.1,32.3,38.4,919,1236,42.6,-1.5,690,844,45,-0.8,Forward,338.49999999999994,398,398,7,72
2585,Connor O'Bryne,C,0,SFP,72,66,82736,21,26,47,-19,42,2,0,2,5338,4,2,6,10668,3,887,424,0,0,0,67,67,63,72,188,67,63,69,98.4,3.1,4.2,34.5,39.4,952,1251,43.2,-0.7,728,863,45.8,0.4,Forward,288.40000000000003,395,395,8,72
781,Atticus Hale,LW,0,NOL,72,66,89859,30,38,68,-13,36,4,12,16,15468,0,0,0,7713,4,337,101,0,0,0,91,66,45,72,217,77,77,74,100.7,3.5,3.5,32,34.9,966,1137,45.9,4.9,699,770,47.6,3.8,Forward,378.7,394,394,9,72
1948,Friedensreich Hundertwasser,C,0,CGY,72,66,74644,18,28,46,-26,40,8,7,15,11872,0,1,1,869,2,544,290,0,0,0,81,38,33,50,120,67,64,69,100.4,2.5,3.7,28,43.6,793,1165,40.5,-0.2,574,886,39.3,0.8,Forward,254.4,387,387,10,72
2930,Ben Der,RD,0,TOR,73,66,81797,1,18,19,-20,18,0,1,1,587,0,2,2,10165,0,0,0,0,0,0,48,19,30,321,62,64,51,79,100.1,2.9,4.1,29.7,42.2,941,1447,39.4,-3.1,706,978,41.9,1.3,Defense,384.70000000000005,1902,1902,1,73
1968,Billy Brooks,LD,0,BAP,73,66,79282,4,38,42,39,41,0,1,1,587,0,6,6,9079,1,0,0,0,0,0,60,13,43,117,105,62,54,70,103.4,4.4,2.8,39.1,35.7,1229,1138,51.9,2.5,896,828,52,1.4,Defense,290.8,1542,1542,2,73
1389,Conner Tanner,RD,0,NEW,72,64,72483,2,15,17,-35,40,0,0,0,621,0,2,2,9008,0,0,0,0,0,0,48,20,43,154,58,61,54,69,97.5,2.3,4.5,30.4,44.4,832,1176,41.4,1.7,636,913,41.1,2,Defense,228.2,1459,1459,3,73
1722,Ole Olson,LD,0,ATL,73,66,62867,5,23,28,34,18,0,0,0,304,0,0,0,1516,1,0,0,0,0,0,63,9,34,61,112,58,53,63,101.8,5,3.1,46.6,34.6,1252,942,57.1,1.3,916,705,56.5,-0.8,Defense,202.70000000000002,1445,1445,4,73
2454,Wendolene Ramsbottom,RD,0,SEA,73,66,94375,5,21,26,-15,47,3,3,6,11581,0,3,3,7405,0,0,0,1,0,1,124,14,80,191,121,68,56,81,100.2,2.6,3.2,26.3,33.6,952,1233,43.6,5.9,651,831,43.9,7.8,Defense,340.8,1425,1425,5,73
1820,Eero Makela,RD,0,CGY,70,66,83586,9,24,33,27,35,2,4,6,4251,0,1,1,9023,3,0,0,0,0,0,60,15,45,314,116,67,53,83,102.3,4.1,2.8,33.9,28.8,1065,1131,48.5,1.9,787,684,53.5,2.8,Defense,449.40000000000003,1409,1409,6,73
1150,Slavakov Vladimirashenko,RD,0,CHI,73,66,85589,6,26,32,2,42,0,4,4,4927,1,5,6,10081,0,0,0,0,0,0,65,12,32,132,113,62,58,66,99.3,3.7,3.8,40.6,38.7,1272,1143,52.7,-0.1,942,857,52.4,-1,Defense,280.7,1394,1394,7,73
877,Adelie de Pengu,RD,0,CHI,73,66,91167,17,39,56,11,51,10,19,29,16289,1,1,2,5144,1,15,9,0,0,0,74,14,56,139,203,70,65,75,100.9,3.4,2.6,37.1,31.1,1213,1018,54.4,2.5,872,712,55.1,3,Defense,400.6,1371,1371,8,73
2440,Dirty Boots,LD,0,TEX,73,66,91767,13,32,45,-1,51,9,10,19,15801,0,4,4,6349,3,0,0,1,0,1,53,14,44,196,222,67,60,74,97.6,3.5,3.3,39.1,29,1207,1064,53.1,3.4,886,667,57.1,6.2,Defense,412.20000000000005,1371,1371,9,73
1246,Dee Centerman IV,RD,0,SEA,73,66,73562,3,5,8,-45,27,0,0,0,973,0,2,2,4233,0,0,0,1,1,0,56,10,33,131,90,57,51,62,96.2,1.7,4.4,25.6,41.3,807,1227,39.7,0,569,915,38.3,-0.4,Defense,194.3,1332,1332,10,73
1190,Lord Raiden,RW,0,BAP,73,66,73189,19,34,53,0,25,5,5,10,7903,1,0,1,2485,0,25,7,0,0,0,103,44,27,51,200,71,70,67,100.4,3.9,3.6,36.9,35.4,1056,1080,49.4,-1.2,753,739,50.5,-0.8,Forward,309.8,513,513,1,73
1824,Tomas Lind,LW,0,MAN,73,66,90621,37,28,65,-64,50,7,7,14,14302,1,1,2,8752,0,57,5,0,0,0,123,76,50,76,227,78,80,71,98.5,3.3,6,30.8,49.7,932,1398,40,-0.6,687,1121,38,0.4,Forward,394.90000000000003,492,492,2,73
781,Atticus Hale,LW,0,NOL,73,66,92181,33,38,71,-8,49,4,12,16,15419,7,3,10,13723,5,401,75,1,0,1,116,95,36,77,212,79,82,72,97.9,2.9,3.4,34.2,32.7,1037,1055,49.6,3,711,684,51,2.4,Forward,402.2,471,471,3,73
1464,Kev Kevens,LW,0,CHI,73,66,85764,23,50,73,2,38,5,15,20,16143,5,3,8,10408,3,256,122,0,0,0,119,39,31,63,182,80,80,77,99.1,3.8,3.6,39.2,34.1,1038,934,52.6,-0.1,760,648,54,1.4,Forward,382.00000000000006,470,470,4,73
2652,Ivan Lacksamus,C,0,NEW,73,66,92732,65,77,142,57,56,22,25,47,15688,6,3,9,11195,11,1459,882,0,0,0,76,72,58,66,350,82,83,80,103,5.6,2.7,47.2,30.7,1323,937,58.5,0.5,1000,654,60.5,1.7,Forward,666,468,468,5,73
645,Dwayne Gretzky,C,0,MTL,73,66,91441,24,30,54,-58,29,4,12,16,13410,3,1,4,3637,3,1118,626,0,0,0,74,69,62,75,172,72,70,72,96.5,2,4.1,28.8,39.2,1059,1314,44.6,11.2,713,954,42.8,10,Forward,312.2,453,453,6,73
2544,Aksel Fiske,RW,0,MAN,73,66,94018,23,29,52,-89,40,7,9,16,14479,2,1,3,8854,1,344,97,0,0,0,90,82,48,107,246,71,68,71,95.5,2.8,6.5,32.3,50,1020,1440,41.5,1.7,742,1155,39.1,2.2,Forward,353,453,453,7,73
2585,Connor O'Bryne,C,0,SFP,73,66,77136,17,36,53,-35,22,2,3,5,4070,0,0,0,1324,1,904,443,0,0,0,71,56,58,53,164,65,62,66,98,3.4,5,34.1,42.5,1074,1393,43.5,-2.5,795,1002,44.2,-3,Forward,285.4,448,448,8,73
365,Dwight Knight,RW,0,TBB,72,66,82459,15,41,56,-19,22,0,1,1,3656,1,1,2,3324,2,27,4,0,0,0,102,65,36,64,227,74,78,63,99.5,3.1,4.1,33.5,41,1141,1402,44.9,0.8,823,1012,44.9,2.3,Forward,330.29999999999995,444,444,9,73
1817,Greg Davies,LW,0,SFP,73,66,77496,24,32,56,-23,32,5,13,18,11168,1,1,2,3524,4,55,16,0,0,0,118,56,47,42,215,66,63,68,99,3.3,4.2,33.5,39.6,935,1198,43.8,-1.9,696,826,45.7,-0.6,Forward,328.9,440,440,10,73
2930,Ben Der,RD,0,TOR,73,66,81797,1,18,19,-20,18,0,1,1,587,0,2,2,10165,0,0,0,0,0,0,48,19,30,321,62,64,51,79,100.1,2.9,4.1,29.7,42.2,941,1447,39.4,-3.1,706,978,41.9,1.3,Defense,384.70000000000005,1902,1902,1,74
2454,Wendolene Ramsbottom,RD,0,SEA,74,66,97681,4,16,20,-43,51,2,5,7,10992,0,1,1,8248,0,2,0,0,0,0,100,17,52,290,109,67,52,83,98.2,1.8,3.5,23.7,36.5,853,1368,38.4,4.3,599,933,39.1,6.4,Defense,397.7,1715,1715,2,74
3321,Hodor,RD,0,TEX,74,66,81372,5,17,22,34,36,0,0,0,609,0,3,3,9383,1,0,0,0,0,0,31,15,35,331,79,67,51,85,101.2,3.5,2,39.8,26.8,1290,1175,52.3,-1.8,935,643,59.3,2.3,Defense,405.00000000000006,1637,1637,3,74
1968,Billy Brooks,LD,0,BUF,74,66,63791,2,18,20,33,29,0,0,0,468,1,0,1,3053,0,0,0,0,0,0,57,10,46,57,85,59,52,67,102.7,4.5,2.7,42.3,34.4,1126,835,57.4,2.5,833,664,55.6,-0.3,Defense,161.6,1599,1599,4,74
2440,Dirty Boots,LD,0,TEX,74,66,90274,14,34,48,34,36,9,7,16,13556,0,0,0,6137,3,0,0,0,0,0,64,7,57,203,180,69,61,78,102.8,4.7,2.7,40.8,31,1281,1079,54.3,1.2,926,725,56.1,-2.5,Defense,420.3,1574,1574,5,74
877,Adelie de Pengu,RD,0,CHI,74,66,86022,6,18,24,-8,28,0,1,1,5084,0,2,2,6616,0,0,0,0,0,0,54,14,35,202,138,64,57,71,98.4,3.6,4,38.1,36.6,1255,1259,49.9,-2.7,922,886,51,-0.6,Defense,322.8,1573,1573,6,74
1150,Slavakov Vladimirashenko,RD,0,CHI,74,66,84847,6,14,20,42,55,1,0,1,4071,1,3,4,9503,2,2,2,0,0,0,62,6,46,102,112,64,57,71,103.6,3.8,2.3,40,38,1251,1133,52.5,1.4,937,860,52.1,1.2,Defense,216.2,1496,1496,7,74
1246,Dee Centerman IV,RD,0,SEA,74,66,78649,4,9,13,-66,49,0,0,0,3814,0,1,1,4195,0,0,0,2,1,1,73,11,47,145,44,57,51,63,95.9,1.8,5.3,22.3,43.9,754,1361,35.7,0,536,990,35.1,0.3,Defense,215.9,1477,1477,8,74
1389,Conner Tanner,RD,0,NEW,72,64,72483,2,15,17,-35,40,0,0,0,621,0,2,2,9008,0,0,0,0,0,0,48,20,43,154,58,61,54,69,97.5,2.3,4.5,30.4,44.4,832,1176,41.4,1.7,636,913,41.1,2,Defense,228.2,1459,1459,9,74
1722,Ole Olson,LD,0,ATL,73,66,62867,5,23,28,34,18,0,0,0,304,0,0,0,1516,1,0,0,0,0,0,63,9,34,61,112,58,53,63,101.8,5,3.1,46.6,34.6,1252,942,57.1,1.3,916,705,56.5,-0.8,Defense,202.70000000000002,1445,1445,10,74
1824,Tomas Lind,LW,0,MAN,74,66,89838,32,29,61,-88,64,10,10,20,15270,2,0,2,8920,2,33,11,0,0,0,112,98,45,92,245,76,76,71,95.3,2.7,6.7,31.9,50.2,935,1382,40.4,0.7,682,1063,39.1,1,Forward,388.5,584,584,1,74
2544,Aksel Fiske,RW,0,MAN,74,66,93172,40,35,75,-89,24,11,11,22,15368,0,2,2,9160,0,352,106,0,0,0,110,83,44,119,253,72,69,71,96.4,3.2,6.7,33,50.5,1014,1462,41,1.6,720,1098,39.6,1.8,Forward,456.29999999999995,572,572,2,74
1190,Lord Raiden,LW,0,TOR,74,66,73407,16,38,54,-16,16,0,2,2,2324,1,1,2,2577,2,54,12,0,0,0,129,42,33,44,178,71,77,56,100.8,3.9,4.8,34.2,44.6,1027,1373,42.8,-1.9,759,1002,43.1,0,Forward,309.4,557,557,3,74
1464,Kev Kevens,LW,0,CHI,74,66,85196,25,55,80,30,56,7,13,20,15822,6,4,10,9769,3,262,64,0,0,0,110,54,25,68,201,78,82,70,103.7,4.5,2.6,39,33.3,1044,918,53.2,2.3,743,638,53.8,3.4,Forward,410.1,538,538,4,74
2652,Ivan Lacksamus,C,0,NEW,74,66,92071,51,58,109,19,55,10,28,38,13451,5,5,10,13062,6,1518,835,1,0,1,63,95,49,59,394,78,78,77,99.7,4.2,3.2,44.6,32.9,1262,996,55.9,-0.5,935,716,56.6,-1.5,Forward,556.8,527,527,5,74
781,Atticus Hale,RW,0,NOL,74,66,84094,27,46,73,-1,62,7,15,22,13973,0,0,0,1972,5,172,57,0,0,0,130,79,26,55,221,77,81,68,100.4,3.7,3.4,35.2,34.1,1072,1182,47.6,-1.8,775,748,50.9,-1.2,Forward,397.3,526,526,6,74
1428,Vaseline Podcalzone,LW,0,SEA,74,66,89917,19,20,39,-73,54,3,9,12,11429,1,0,1,1508,1,278,89,0,0,0,121,65,32,90,207,72,72,69,93.1,1.3,4.4,25.2,36.8,918,1335,40.7,8.1,639,922,40.9,9.3,Forward,300.5,510,510,7,74
1817,Greg Davies,RW,0,CGY,74,66,72057,6,28,34,-30,26,0,1,1,2820,0,0,0,400,1,21,8,0,0,0,100,52,37,53,106,71,73,62,98.2,2.8,4.3,30.1,38.4,925,1193,43.7,1.9,662,866,43.3,3.9,Forward,211.60000000000002,493,493,8,74
3000,Taschen Messer,C,0,TBB,74,66,79281,17,33,50,-13,24,2,5,7,3771,1,1,2,9895,2,1072,612,0,0,0,47,47,49,66,153,69,62,74,99.3,3.3,3.9,39.2,42,1142,1159,49.6,-2.1,827,883,48.4,-3.2,Forward,271.3,491,491,9,74
1676,Konstantin Selich,LW,0,BUF,74,66,87433,47,80,127,62,28,8,18,26,14533,2,6,8,4650,1,260,138,0,0,0,157,62,58,57,296,82,86,72,104.1,5.9,2.6,48.4,32.2,1378,989,58.2,3.9,1070,714,60,6.2,Forward,613.8,482,482,10,74
2454,Wendolene Ramsbottom,RD,0,SEA,75,66,96193,5,13,18,-67,34,1,2,3,9222,0,2,2,6100,0,0,0,0,0,0,90,15,39,314,70,64,52,78,95.1,1.7,4.6,20.6,34.8,837,1409,37.3,1.4,559,908,38.1,5.2,Defense,398.6,2029,2029,1,75
3321,Hodor,RD,0,TEX,75,66,82275,6,21,27,26,20,1,1,2,1132,0,5,5,10643,0,0,0,0,0,0,40,11,40,329,93,66,52,83,99.6,3.4,2.3,39.1,25.6,1265,1134,52.7,-1.1,899,603,59.9,2.6,Defense,427,1966,1966,2,75
2930,Ben Der,RD,0,TOR,73,66,81797,1,18,19,-20,18,0,1,1,587,0,2,2,10165,0,0,0,0,0,0,48,19,30,321,62,64,51,79,100.1,2.9,4.1,29.7,42.2,941,1447,39.4,-3.1,706,978,41.9,1.3,Defense,384.70000000000005,1902,1902,3,75
2440,Dirty Boots,LD,0,TEX,75,66,87243,13,38,51,22,36,6,20,26,13960,1,3,4,6498,3,0,0,0,0,0,57,14,45,207,174,68,59,78,99.9,3.6,2.5,38.7,27,1165,1073,52.1,-2.1,841,592,58.7,0.8,Defense,427.3,1781,1781,4,75
877,Adelie de Pengu,LD,0,MIN,75,64,88003,14,22,36,3,57,8,6,14,9650,0,4,4,4422,2,3,2,1,0,1,50,14,57,151,132,64,58,72,100.9,3.5,3.4,32.6,33.9,1112,1142,49.3,3.2,781,828,48.5,3,Defense,317.5,1724,1724,5,75
1246,Dee Centerman IV,RD,0,SEA,75,66,75593,3,10,13,-85,26,0,0,0,522,0,2,2,3188,0,0,0,0,0,0,68,19,37,154,62,54,50,58,94.4,1.9,6.2,22.7,44.3,792,1375,36.5,0.3,535,1031,34.2,-0.7,Defense,226.39999999999998,1631,1631,6,75
1968,Billy Brooks,LD,0,BUF,74,66,63791,2,18,20,33,29,0,0,0,468,1,0,1,3053,0,0,0,0,0,0,57,10,46,57,85,59,52,67,102.7,4.5,2.7,42.3,34.4,1126,835,57.4,2.5,833,664,55.6,-0.3,Defense,161.6,1599,1599,7,75
1113,Ryosuke Sato,LD,0,TOR,75,66,80052,4,17,21,-21,28,0,0,0,577,1,2,3,7241,0,0,0,0,0,0,59,17,28,241,94,61,51,72,97.3,3.1,4.3,36.8,39.2,1150,1300,46.9,-0.9,847,919,48,1.8,Defense,335.70000000000005,1588,1588,8,75
2976,Seamus O'Slapahan,LD,0,NEW,75,66,93635,9,37,46,37,34,2,8,10,14105,0,3,3,9318,0,0,0,0,0,0,70,15,46,225,192,69,60,78,102.5,5.1,2.9,47.1,34.5,1416,1182,54.5,0.8,1075,775,58.1,5.2,Defense,435.1,1526,1526,9,75
1150,Slavakov Vladimirashenko,RD,0,CHI,74,66,84847,6,14,20,42,55,1,0,1,4071,1,3,4,9503,2,2,2,0,0,0,62,6,46,102,112,64,57,71,103.6,3.8,2.3,40,38,1251,1133,52.5,1.4,937,860,52.1,1.2,Defense,216.2,1496,1496,10,75
1824,Tomas Lind,LW,0,MAN,75,66,86370,24,45,69,-21,54,4,8,12,12830,1,1,2,2950,0,56,12,0,0,0,147,62,50,57,174,78,77,74,98.9,3.9,4.7,36.9,41,1175,1317,47.2,3.6,848,953,47.1,4.8,Forward,376.2,641,641,1,75
1464,Kev Kevens,LW,0,CHI,75,66,78843,19,42,61,14,20,0,0,0,272,2,5,7,10036,2,263,115,0,0,0,106,46,53,84,167,76,74,73,100.5,3.5,3.2,34.5,33.1,1113,1070,51,1.4,796,767,50.9,3.7,Forward,344.9,622,622,2,75
2544,Aksel Fiske,RW,0,MAN,75,66,89630,32,46,78,-27,26,10,11,21,13191,1,1,2,3308,1,188,58,0,0,0,159,88,43,50,299,77,84,62,98.8,3.7,4.8,36.7,41.8,1218,1395,46.6,2.9,872,1016,46.2,3.5,Forward,449.3,622,622,3,75
1190,Lord Raiden,LW,0,TOR,75,66,71200,11,25,36,-23,17,0,0,0,183,0,0,0,2960,5,64,21,1,0,1,105,52,25,48,125,64,62,62,99,3,4.2,35.5,44.5,1007,1317,43.3,-6.2,760,987,43.5,-4.8,Forward,227.3,605,605,4,75
781,Atticus Hale,RW,0,NOL,75,66,81593,24,44,68,-7,26,5,16,21,11687,0,0,0,563,1,111,33,0,0,0,134,98,50,71,215,76,79,70,97.6,3.3,3.3,37.2,29.7,1180,1077,52.3,2.3,841,688,55,3.8,Forward,388.70000000000005,597,597,5,75
1428,Vaseline Podcalzone,LW,0,SEA,75,66,88074,21,22,43,-77,52,2,8,10,9862,0,0,0,1324,2,58,17,0,0,0,107,83,26,64,187,68,70,63,95.1,1.9,5.3,24,41.2,904,1449,38.4,3.3,605,1027,37.1,3.9,Forward,287.3,574,574,6,75
3000,Taschen Messer,C,0,TBB,75,66,78355,25,38,63,17,35,2,0,2,3576,0,1,1,9055,3,1020,557,1,1,0,58,58,54,73,184,69,62,75,102.6,4.2,2.9,38.9,35.3,1170,1015,53.5,-1.1,840,752,52.8,-0.9,Forward,336.2,564,564,7,75
1817,Greg Davies,RW,0,CGY,75,66,70289,7,39,46,-20,35,0,2,2,2814,0,0,0,374,2,40,18,1,0,1,86,59,18,47,89,70,73,62,99.8,3.1,4,28.6,36.4,913,1149,44.3,2.7,614,826,42.6,2.4,Forward,234.29999999999998,540,540,8,75
1506,William Salming,RW,0,SEA,75,66,89216,14,23,37,-99,26,7,1,8,9859,0,0,0,2097,0,127,41,0,0,0,89,64,36,62,139,68,70,60,92.1,1.6,6,23.9,40.7,899,1450,38.3,3,616,1031,37.4,4.5,Forward,239.49999999999997,539,539,9,75
2652,Ivan Lacksamus,C,0,NEW,75,66,86543,39,57,96,20,42,14,13,27,14003,3,2,5,6164,6,1057,573,0,0,0,91,77,74,8,290,73,74,69,102.4,5.2,3.7,42.6,38,1268,1109,53.3,-0.9,927,819,53.1,-2.3,Forward,455.2,535,535,10,75
3321,Hodor,RD,0,TEX,76,66,83406,7,25,32,32,42,0,1,1,906,1,3,4,10487,1,0,0,0,0,0,40,13,30,335,101,67,52,83,100.6,4,2.8,38.7,28.8,1292,1162,52.6,-2.8,922,697,56.9,0.2,Defense,450.8,2301,2301,1,76
2454,Wendolene Ramsbottom,RD,0,SEA,76,66,85421,2,8,10,-30,25,0,0,0,718,0,2,2,7745,0,0,0,0,0,0,83,11,39,270,62,65,52,79,98.4,1.9,3.3,24.6,35.4,901,1381,39.5,0.3,623,900,40.9,4.3,Defense,326.8,2299,2299,2,76
2440,Dirty Boots,RD,0,TEX,76,66,79502,6,24,30,49,28,0,0,0,960,0,1,1,10063,0,0,0,0,0,0,49,10,58,130,122,63,53,73,103.7,4.6,2.3,39.5,29.5,1252,993,55.8,2,900,662,57.6,1.2,Defense,269.2,1911,1911,3,76
2930,Ben Der,RD,0,TOR,73,66,81797,1,18,19,-20,18,0,1,1,587,0,2,2,10165,0,0,0,0,0,0,48,19,30,321,62,64,51,79,100.1,2.9,4.1,29.7,42.2,941,1447,39.4,-3.1,706,978,41.9,1.3,Defense,384.70000000000005,1902,1902,4,76
877,Adelie de Pengu,LD,0,MIN,76,66,65808,2,14,16,-1,24,0,0,0,1029,0,3,3,9983,0,0,0,0,0,0,54,8,64,102,97,61,53,70,98.5,3,3.2,37.1,34,968,853,53.2,4.1,670,601,52.7,0.8,Defense,192.5,1826,1826,5,76
1246,Dee Centerman IV,LD,0,SEA,76,66,65050,3,6,9,-75,26,0,0,0,282,0,0,0,3830,0,0,0,0,0,0,66,13,31,132,55,55,50,60,93.5,1.5,5.9,24.8,46.7,736,1190,38.2,-1.5,485,917,34.6,-5.1,Defense,191.7,1763,1763,6,76
1113,Ryosuke Sato,LD,0,TOR,76,66,69641,1,20,21,2,24,0,0,0,338,0,0,0,4441,0,0,0,0,0,0,50,17,32,165,59,58,50,68,99.8,4.1,4,36.4,35.1,1051,1090,49.1,-1.6,761,729,51.1,1.1,Defense,250.2,1753,1753,7,76
2976,Seamus O'Slapahan,LD,0,NEW,76,66,93283,15,37,52,-4,54,9,10,19,12741,0,4,4,9302,2,0,0,0,0,0,59,12,55,215,199,68,60,76,96.9,3.8,4,44.8,34.6,1390,1137,55,1.6,1016,823,55.2,3.2,Defense,447.79999999999995,1741,1741,8,76
3271,Nevek Kove,LD,0,MIN,76,66,89600,3,16,19,-11,42,0,2,2,1831,0,3,3,8984,0,0,0,0,0,0,37,10,57,258,114,64,52,78,98.1,2.9,3.2,34,31.2,1237,1334,48.1,-3.3,876,815,51.8,-0.5,Defense,341.2,1666,1666,9,76
2553,Zayne Dangle,RD,0,BUF,76,66,83535,6,16,22,9,36,1,2,3,3772,0,3,3,4987,0,0,0,0,0,0,44,9,41,179,109,64,57,71,100.4,3.8,3.4,40.2,38,1415,1309,51.9,-2.3,994,923,51.9,-1.5,Defense,283.4,1639,1639,10,76
1824,Tomas Lind,LW,0,MAN,76,66,79221,19,42,61,12,49,4,2,6,4633,2,1,3,3241,2,93,24,1,0,1,128,58,32,71,162,75,76,70,101.9,3.6,3.1,35.4,37.5,1130,1253,47.4,1.6,823,855,49,3.7,Forward,344.40000000000003,712,712,1,76
2544,Aksel Fiske,RW,0,MAN,76,66,87951,42,47,89,-3,52,10,20,30,13703,3,0,3,2579,6,178,44,2,0,2,144,82,43,52,301,79,85,66,100.7,3.6,3.6,37.6,40.7,1215,1292,48.5,3.3,874,958,47.7,1.7,Forward,488.1,674,674,2,76
1190,Lord Raiden,LW,0,EDM,76,66,83156,10,33,43,-30,30,0,4,4,4407,0,1,1,11494,0,176,42,0,0,0,127,73,52,61,105,70,66,69,100.8,2.7,4.2,27.7,47.4,859,1358,38.7,-4.9,593,1031,36.5,-5.2,Forward,257.90000000000003,666,666,3,76
3000,Taschen Messer,C,0,MTL,76,66,86730,26,25,51,-55,38,1,2,3,4209,3,3,6,8437,2,960,480,0,0,0,67,66,53,86,144,69,68,67,98.8,2.5,5.2,25.3,47.8,893,1523,37,0.3,606,1146,34.6,1.7,Forward,300.6,650,650,4,76
781,Atticus Hale,LW,0,NOL,76,66,76127,31,30,61,23,24,2,3,5,4064,0,0,0,1019,4,139,37,0,0,0,111,89,30,50,218,75,80,63,102.6,3.7,2.4,35.6,30.5,1183,1081,52.3,1.7,806,692,53.8,1.9,Forward,353.79999999999995,647,647,5,76
1464,Kev Kevens,LW,0,CHI,75,66,78843,19,42,61,14,20,0,0,0,272,2,5,7,10036,2,263,115,0,0,0,106,46,53,84,167,76,74,73,100.5,3.5,3.2,34.5,33.1,1113,1070,51,1.4,796,767,50.9,3.7,Forward,344.9,622,622,6,76
1428,Vaseline Podcalzone,LW,0,SEA,76,66,82910,15,18,33,-46,62,2,2,4,9692,0,0,0,2238,0,40,7,2,0,2,92,71,50,45,216,72,74,68,97.5,1.9,4,24.6,39,846,1294,39.5,0.4,559,911,38,0,Forward,242.60000000000002,619,619,7,76
1506,William Salming,RW,0,SEA,76,66,88287,20,32,52,-47,22,6,12,18,12018,2,0,2,7386,0,20,8,0,0,0,104,70,31,73,154,72,72,70,96.9,2.1,4.4,25.8,38.4,863,1281,40.3,1.5,573,870,39.7,2.4,Forward,307.6,612,612,8,76
1817,Greg Davies,LW,0,CGY,76,66,65770,21,30,51,-18,36,1,5,6,4316,1,2,3,6047,2,42,17,0,0,0,88,65,36,44,185,71,72,65,98.9,3.6,4.9,32.6,40.2,868,979,47,-2.8,584,723,44.7,-3.9,Forward,291.09999999999997,584,584,9,76
1082,Melvin Majestik-Moose,LW,0,WPG,76,66,64587,20,24,44,0,21,0,0,0,308,0,0,0,616,4,45,16,0,0,0,107,64,41,48,188,71,74,61,100.5,2.9,2.9,34.3,36.5,1052,994,51.4,-1.8,708,735,49.1,-2.4,Forward,280,547,547,10,76
3321,Hodor,RD,0,TEX,77,66,82676,8,28,36,29,49,2,0,2,1133,0,5,5,12532,2,0,0,0,0,0,61,15,28,321,108,66,52,82,98.8,3.9,2.8,41.9,26.7,1360,1009,57.4,-0.9,960,616,60.9,2.4,Defense,461.70000000000005,2622,2622,1,77
2454,Wendolene Ramsbottom,RD,0,SEA,77,66,84311,6,13,19,-11,40,1,1,2,3644,0,1,1,8625,0,0,0,0,0,0,49,9,39,308,75,64,52,76,102.6,3.3,4,24.9,37.3,888,1384,39.1,0,587,888,39.8,1.9,Defense,382.29999999999995,2607,2607,2,77
877,Adelie de Pengu,LD,0,MIN,77,66,76214,5,30,35,33,40,1,0,1,892,0,2,2,5521,1,0,0,0,0,0,39,14,42,233,117,62,52,75,101,4.3,3,38.4,29.6,1236,1183,51.1,-1.5,874,685,56.1,1.2,Defense,370.4,2059,2059,3,77
2440,Dirty Boots,RD,0,TEX,77,66,77437,3,25,28,48,38,0,0,0,1228,0,9,9,13331,1,0,0,0,0,0,67,9,49,116,108,63,54,72,101.6,4.8,2.6,42.7,27.5,1280,817,61,4.5,885,556,61.4,3,Defense,250.60000000000002,2027,2027,4,77
3271,Nevek Kove,LD,0,MIN,77,66,97653,14,31,45,31,61,7,4,11,15242,0,4,4,9485,5,0,0,1,0,1,78,8,52,279,188,69,55,84,101.5,4.4,3,38.9,29.8,1326,1178,53,1.4,924,695,57.1,2.7,Defense,487.70000000000005,1945,1945,5,77
2976,Seamus O'Slapahan,LD,0,NEW,77,66,95580,17,41,58,31,62,14,20,34,17662,0,2,2,12421,0,0,0,0,0,0,61,12,52,203,251,70,62,79,102.9,4.4,2.6,40.9,33.6,1221,949,56.3,1,873,725,54.6,1.7,Defense,473.4,1944,1944,6,77
2930,Ben Der,RD,0,TOR,73,66,81797,1,18,19,-20,18,0,1,1,587,0,2,2,10165,0,0,0,0,0,0,48,19,30,321,62,64,51,79,100.1,2.9,4.1,29.7,42.2,941,1447,39.4,-3.1,706,978,41.9,1.3,Defense,384.70000000000005,1902,1902,7,77
2553,Zayne Dangle,RD,0,BUF,77,66,83259,6,17,23,3,26,2,1,3,4877,0,0,0,5790,1,0,0,0,0,0,61,16,39,169,122,64,57,71,100.1,3.8,3.7,38.6,38.1,1287,1275,50.2,-2.2,925,905,50.5,-1.6,Defense,288.1,1808,1808,8,77
1246,Dee Centerman IV,LD,0,SEA,76,66,65050,3,6,9,-75,26,0,0,0,282,0,0,0,3830,0,0,0,0,0,0,66,13,31,132,55,55,50,60,93.5,1.5,5.9,24.8,46.7,736,1190,38.2,-1.5,485,917,34.6,-5.1,Defense,191.7,1763,1763,9,77
1113,Ryosuke Sato,LD,0,TOR,76,66,69641,1,20,21,2,24,0,0,0,338,0,0,0,4441,0,0,0,0,0,0,50,17,32,165,59,58,50,68,99.8,4.1,4,36.4,35.1,1051,1090,49.1,-1.6,761,729,51.1,1.1,Defense,250.2,1753,1753,10,77
1824,Tomas Lind,LW,0,MAN,77,66,68573,19,40,59,15,55,0,0,0,976,2,1,3,3593,4,52,21,0,0,0,105,54,39,67,116,68,66,66,104.2,4.6,3.9,30.3,36.3,968,1124,46.3,-1.1,647,760,46,0.3,Forward,313,779,779,1,77
2544,Aksel Fiske,LW,0,MAN,77,66,87048,25,40,65,-36,34,7,12,19,16810,2,0,2,4374,0,231,74,0,0,0,170,71,55,52,203,77,77,73,96.9,3.3,4.5,35.4,36.7,1069,1096,49.4,3.6,754,820,47.9,3.3,Forward,380.09999999999997,726,726,2,77
1190,Lord Raiden,RW,0,EDM,77,66,76067,7,24,31,-60,22,1,0,1,216,0,0,0,3281,0,94,26,0,0,0,113,63,37,48,137,65,66,59,94.3,2,5,30.3,40.3,1056,1287,45.1,5,723,942,43.4,4.1,Forward,215.10000000000002,714,714,3,77
3000,Taschen Messer,RW,0,MTL,77,66,72748,13,22,35,-52,28,0,0,0,1013,1,1,2,2121,0,122,63,0,0,0,84,62,33,60,142,64,64,61,97,2.4,5.1,27.1,43.7,923,1351,40.6,-2.1,614,998,38.1,-3.1,Forward,230.2,710,710,4,77
1506,William Salming,LW,0,SEA,77,66,77464,20,25,45,-14,30,0,1,1,3265,3,0,3,7693,4,46,15,0,0,0,97,41,39,72,108,70,68,68,102.4,3.2,4,24.1,37,823,1212,40.4,2,535,810,39.8,1.8,Forward,269.40000000000003,684,684,5,77
781,Atticus Hale,C,0,NOL,77,66,66188,19,27,46,21,36,0,0,0,172,1,0,1,846,3,740,400,0,0,0,50,50,38,21,151,67,66,65,101.3,3.6,2.5,35.4,28,1127,980,53.5,1.4,752,603,55.5,1.9,Forward,234.9,668,668,6,77
1428,Vaseline Podcalzone,LW,0,SEA,77,66,70612,13,26,39,-29,20,0,0,0,3702,3,1,4,4226,0,28,8,0,0,0,97,28,34,46,95,68,66,66,101,2.4,4,22.1,41.8,680,1213,35.9,-4.5,452,863,34.4,-6,Forward,224.9,665,665,7,77
1464,Kev Kevens,LW,0,CHI,75,66,78843,19,42,61,14,20,0,0,0,272,2,5,7,10036,2,263,115,0,0,0,106,46,53,84,167,76,74,73,100.5,3.5,3.2,34.5,33.1,1113,1070,51,1.4,796,767,50.9,3.7,Forward,344.9,622,622,8,77
1082,Melvin Majestik-Moose,LW,0,WPG,77,66,68005,16,23,39,-19,34,0,0,0,504,0,0,0,1407,3,76,25,0,0,0,77,31,22,47,131,68,70,61,99.2,3,4.1,31.3,39.5,1019,1171,46.5,-0.6,672,851,44.1,-2.1,Forward,231.3,594,594,9,77
1817,Greg Davies,LW,0,CGY,76,66,65770,21,30,51,-18,36,1,5,6,4316,1,2,3,6047,2,42,17,0,0,0,88,65,36,44,185,71,72,65,98.9,3.6,4.9,32.6,40.2,868,979,47,-2.8,584,723,44.7,-3.9,Forward,291.09999999999997,584,584,10,77
3321,Hodor,LD,0,TEX,78,66,79773,8,33,41,48,44,1,2,3,1153,0,4,4,12836,2,0,0,0,0,0,49,7,36,313,145,68,53,84,102.1,4.4,2.1,42.3,24.8,1270,987,56.3,-0.3,897,557,61.7,4.4,Defense,475.79999999999995,2935,2935,1,78
2454,Wendolene Ramsbottom,LD,0,SEA,78,66,81867,2,16,18,-25,24,1,2,3,4408,0,6,6,8451,0,0,0,0,0,0,34,19,36,282,56,63,51,77,98.6,2.2,3.7,26.4,38.2,897,1292,41,0.8,617,855,41.9,1.4,Defense,340.20000000000005,2889,2889,2,78
877,Adelie de Pengu,LD,0,MIN,78,66,75818,1,22,23,10,35,0,1,1,1116,0,0,0,9725,0,0,0,1,0,1,44,15,36,234,94,63,51,77,100.7,3.7,3.2,36.8,34.3,1115,1093,50.5,2.2,786,735,51.7,2.6,Defense,326.4,2293,2293,3,78
3271,Nevek Kove,LD,0,MIN,78,66,94025,5,28,33,-7,28,0,6,6,6911,0,1,1,9511,1,0,0,0,0,0,65,18,50,280,110,66,53,80,99.4,3.7,3.8,36.9,35.6,1321,1401,48.5,-0.8,923,897,50.7,1.3,Defense,415,2225,2225,4,78
2976,Seamus O'Slapahan,LD,0,NEW,78,66,89212,9,36,45,22,28,2,11,13,12584,0,4,4,7555,3,15,7,0,0,0,52,19,47,216,211,68,59,78,101.9,4.2,2.9,42.2,35.8,1330,1158,53.5,0.5,931,830,52.9,2,Defense,422.5,2160,2160,5,78
2440,Dirty Boots,LD,0,TEX,78,66,75854,5,19,24,30,37,0,1,1,1101,0,1,1,12250,0,0,0,0,0,0,79,6,49,132,108,64,54,74,100.4,4,2.6,41.4,28.7,1161,876,57,0.8,846,582,59.2,0.7,Defense,259.8,2159,2159,6,78
3395,Toasty,LD,0,SFP,78,66,78539,3,31,34,50,30,0,0,0,1228,0,3,3,10009,0,0,0,0,0,0,53,17,39,212,123,64,52,78,101.4,4.8,2.4,47.1,27.8,1510,1005,60,-0.6,1031,611,62.8,1.2,Defense,353.90000000000003,1963,1963,7,78
2553,Zayne Dangle,LD,0,EDM,78,66,82148,4,14,18,-53,34,1,3,4,3787,0,0,0,3941,1,0,0,0,0,0,57,13,64,149,85,62,56,69,96.4,2.1,4.5,28.7,41.9,1064,1429,42.7,4,716,1041,40.8,4.1,Defense,240.39999999999998,1957,1957,8,78
2930,Ben Der,RD,0,TOR,73,66,81797,1,18,19,-20,18,0,1,1,587,0,2,2,10165,0,0,0,0,0,0,48,19,30,321,62,64,51,79,100.1,2.9,4.1,29.7,42.2,941,1447,39.4,-3.1,706,978,41.9,1.3,Defense,384.70000000000005,1902,1902,9,78
3245,Emil Egli,RD,0,MIN,78,66,88592,9,26,35,-14,38,1,7,8,10115,0,0,0,2863,2,0,0,0,0,0,56,13,54,227,153,67,58,78,98.5,3.1,3.7,35.9,35.7,1256,1377,47.7,-2.1,881,902,49.4,-0.8,Defense,386.6,1900,1900,10,78
2544,Aksel Fiske,LW,0,MAN,78,66,79352,16,31,47,-14,44,0,1,1,4763,0,0,0,4863,1,227,60,0,0,0,79,66,48,63,133,67,64,68,99.5,3.4,3.9,32.4,35.7,1019,1152,46.9,-2.4,721,829,46.5,-1.5,Forward,266.3,789,789,1,78
1824,Tomas Lind,LW,0,MAN,77,66,68573,19,40,59,15,55,0,0,0,976,2,1,3,3593,4,52,21,0,0,0,105,54,39,67,116,68,66,66,104.2,4.6,3.9,30.3,36.3,968,1124,46.3,-1.1,647,760,46,0.3,Forward,313,779,779,2,78
3000,Taschen Messer,RW,0,MTL,78,62,63752,12,16,28,-34,28,0,0,0,259,0,0,0,819,0,83,43,0,0,0,79,43,37,48,116,62,59,60,97.9,2.2,4.2,29.4,43.1,889,1255,41.5,-2.6,610,906,40.2,-2,Forward,191.2,758,758,3,78
1190,Lord Raiden,C,0,EDM,78,66,71324,6,21,27,-41,24,0,2,2,3256,0,2,2,2292,0,806,207,0,0,0,45,52,52,27,77,54,52,57,100.1,2.5,4.5,25.2,46.8,855,1441,37.2,-4.3,548,1004,35.3,-4.2,Forward,144.29999999999998,741,741,4,78
1506,William Salming,LW,0,SEA,78,66,69178,10,22,32,-27,20,1,2,3,827,2,0,2,2081,0,26,3,0,0,0,79,39,26,57,106,65,63,63,100.6,2.4,4,22.2,39.2,767,1287,37.3,-4.6,498,851,36.9,-5.9,Forward,203.6,741,741,5,78
781,Atticus Hale,C,0,NOL,78,66,65038,15,26,41,6,24,0,0,0,342,0,0,0,634,1,802,440,0,0,0,35,35,37,32,125,65,62,64,99,3.3,3,35.7,29,1089,1055,50.8,-1.3,744,632,54.1,-0.2,Forward,208.7,700,700,6,78
1428,Vaseline Podcalzone,RW,0,SEA,78,66,64509,12,17,29,-30,15,0,1,1,576,1,0,1,241,1,26,11,1,0,1,90,35,32,21,100,64,63,58,100,2.3,4,22.8,40.4,733,1223,37.5,-4.3,491,824,37.3,-5.2,Forward,177.6,686,686,7,78
1464,Kev Kevens,LW,0,CHI,75,66,78843,19,42,61,14,20,0,0,0,272,2,5,7,10036,2,263,115,0,0,0,106,46,53,84,167,76,74,73,100.5,3.5,3.2,34.5,33.1,1113,1070,51,1.4,796,767,50.9,3.7,Forward,344.9,622,622,8,78
2917,JR Frankenstero,RW,0,SFP,78,66,62949,13,50,63,47,24,0,0,0,336,0,0,0,485,3,40,11,0,0,0,121,35,27,34,108,68,67,64,103.1,5.2,2.5,44.6,28.9,1335,908,59.5,-1.3,903,577,61,-1.4,Forward,303.2,613,613,9,78
1803,Patya Perevalov,RW,0,NOL,78,66,66623,18,36,54,4,26,0,0,0,474,0,0,0,695,2,40,13,0,0,0,87,64,34,54,134,68,67,65,98.8,3.5,3.3,36.1,30.2,1088,1110,49.5,-3.2,755,664,53.2,-1.4,Forward,287.4,595,595,10,78
3321,Hodor,LD,0,TEX,79,66,80580,8,28,36,23,63,2,1,3,552,0,9,9,11511,0,0,0,1,0,1,34,14,36,284,139,65,52,81,98.3,3.9,3,41.1,27.1,1318,1046,55.8,0.6,939,612,60.5,5.8,Defense,426.9,3219,3219,1,79
2454,Wendolene Ramsbottom,RD,0,SEA,79,66,72416,4,15,19,-19,24,1,0,1,163,0,3,3,7604,0,0,0,0,0,0,39,10,33,266,60,61,51,73,99.2,2.9,4.1,26.8,35.4,858,1367,38.6,-4.8,579,779,42.6,-1.3,Defense,334,3155,3155,2,79
2976,Seamus O'Slapahan,LD,0,NEW,79,66,90644,10,22,32,-1,35,6,7,13,16013,0,3,3,10707,0,20,8,0,0,0,54,16,50,181,185,67,58,77,100.5,3.6,3.2,38.1,36,1139,1045,52.2,0.4,794,758,51.2,0.1,Defense,346,2341,2341,3,79
877,Adelie de Pengu,LD,0,MIN,78,66,75818,1,22,23,10,35,0,1,1,1116,0,0,0,9725,0,0,0,1,0,1,44,15,36,234,94,63,51,77,100.7,3.7,3.2,36.8,34.3,1115,1093,50.5,2.2,786,735,51.7,2.6,Defense,326.4,2293,2293,4,79
2440,Dirty Boots,LD,0,TEX,79,66,74685,3,23,26,28,42,0,2,2,587,1,1,2,11696,0,0,0,0,0,0,65,12,51,108,109,62,53,71,100.8,4.3,3.1,40.4,31.6,1200,938,56.1,1.1,818,639,56.1,-0.9,Defense,236.89999999999998,2267,2267,5,79
3271,Nevek Kove,LD,0,MIN,78,66,94025,5,28,33,-7,28,0,6,6,6911,0,1,1,9511,1,0,0,0,0,0,65,18,50,280,110,66,53,80,99.4,3.7,3.8,36.9,35.6,1321,1401,48.5,-0.8,923,897,50.7,1.3,Defense,415,2225,2225,6,79
3395,Toasty,LD,0,SFP,79,66,92205,27,46,73,58,38,11,13,24,15242,1,6,7,7448,2,0,0,0,0,0,67,6,73,128,251,68,63,76,104.2,5.6,2.7,40,27.5,1341,946,58.6,1.1,920,628,59.4,2.6,Defense,463.3,2091,2091,7,79
3290,Filip Lund,LD,0,NOL,79,66,76852,3,20,23,-3,28,0,2,2,4526,0,0,0,4338,0,0,0,0,0,0,44,9,36,169,130,62,52,73,99.3,2.8,2.8,33.8,31.2,1146,1105,50.9,-0.3,755,696,52,-1.5,Defense,280.7,1968,1968,8,79
3491,Lester Oiduser,RD,0,NOL,79,66,79774,7,23,30,5,50,0,2,2,4730,0,0,0,4447,0,0,0,0,0,0,68,15,60,169,127,63,54,74,99.7,3.5,3.1,35,30,1230,1125,52.2,1.7,818,706,53.7,1,Defense,314.4,1965,1965,9,79
2553,Zayne Dangle,LD,0,EDM,78,66,82148,4,14,18,-53,34,1,3,4,3787,0,0,0,3941,1,0,0,0,0,0,57,13,64,149,85,62,56,69,96.4,2.1,4.5,28.7,41.9,1064,1429,42.7,4,716,1041,40.8,4.1,Defense,240.39999999999998,1957,1957,10,79
2544,Aksel Fiske,RW,0,MAN,79,66,76522,14,35,49,-36,30,0,6,6,3588,1,1,2,3823,1,197,58,0,0,0,97,62,29,54,169,67,68,60,96.9,3,4.8,32.7,39.1,1084,1221,47,0.3,725,855,45.9,0.4,Forward,282.9,843,843,1,79
1506,William Salming,LW,0,HAM,79,66,72128,9,29,38,-35,20,0,1,1,5854,0,0,0,4147,1,188,56,0,0,0,83,44,19,55,94,64,64,59,98.8,2.9,4.4,30,40.4,968,1142,45.9,-1.5,618,826,42.8,-2.2,Forward,217.39999999999998,796,796,2,79
1824,Tomas Lind,LW,0,MAN,77,66,68573,19,40,59,15,55,0,0,0,976,2,1,3,3593,4,52,21,0,0,0,105,54,39,67,116,68,66,66,104.2,4.6,3.9,30.3,36.3,968,1124,46.3,-1.1,647,760,46,0.3,Forward,313,779,779,3,79
3000,Taschen Messer,RW,0,MTL,78,62,63752,12,16,28,-34,28,0,0,0,259,0,0,0,819,0,83,43,0,0,0,79,43,37,48,116,62,59,60,97.9,2.2,4.2,29.4,43.1,889,1255,41.5,-2.6,610,906,40.2,-2,Forward,191.2,758,758,4,79
1190,Lord Raiden,C,0,EDM,78,66,71324,6,21,27,-41,24,0,2,2,3256,0,2,2,2292,0,806,207,0,0,0,45,52,52,27,77,54,52,57,100.1,2.5,4.5,25.2,46.8,855,1441,37.2,-4.3,548,1004,35.3,-4.2,Forward,144.29999999999998,741,741,5,79
781,Atticus Hale,RW,0,NOL,79,66,73562,20,30,50,-3,18,7,14,21,11285,0,0,0,320,1,31,10,0,0,0,119,64,47,36,152,76,80,67,99,3.1,3,35.4,30.5,1045,990,51.4,0.3,701,608,53.6,0.8,Forward,284.8,736,736,6,79
1428,Vaseline Podcalzone,RW,0,SEA,78,66,64509,12,17,29,-30,15,0,1,1,576,1,0,1,241,1,26,11,1,0,1,90,35,32,21,100,64,63,58,100,2.3,4,22.8,40.4,733,1223,37.5,-4.3,491,824,37.3,-5.2,Forward,177.6,686,686,7,79
3142,Meta Knight,RW,0,MIN,79,66,91051,16,36,52,-17,40,5,11,16,17609,1,2,3,11327,2,206,120,0,0,0,134,84,43,77,222,77,75,78,99.1,3,3.2,35,34,1031,1051,49.5,-0.2,725,696,51,1.6,Forward,338.4,672,672,8,79
2917,JR Frankenstero,LW,0,WPG,79,66,77694,10,50,60,-29,38,4,15,19,11983,0,0,0,557,2,66,14,0,0,0,112,55,40,47,126,75,75,69,98.6,3,3.9,28.6,32.7,897,1062,45.8,-0.6,604,707,46.1,0.8,Forward,300.8,660,660,9,79
1803,Patya Perevalov,LW,0,NOL,79,66,69912,13,23,36,-5,26,1,1,2,1675,0,0,0,2216,3,79,31,0,0,0,99,62,34,50,122,73,74,68,98.7,2.8,3.1,33.1,30.9,1096,1057,50.9,-0.3,726,671,52,-1.5,Forward,227.2,645,645,10,79
3321,Hodor,RD,0,TEX,80,66,79202,5,26,31,22,34,0,1,1,652,0,2,2,11569,1,0,0,0,0,0,45,11,20,260,100,65,52,79,101.2,3.8,2.9,35.5,30.4,1182,1053,52.9,0.9,779,664,54,2.4,Defense,380,3479,3479,1,80
2454,Wendolene Ramsbottom,RD,0,SEA,79,66,72416,4,15,19,-19,24,1,0,1,163,0,3,3,7604,0,0,0,0,0,0,39,10,33,266,60,61,51,73,99.2,2.9,4.1,26.8,35.4,858,1367,38.6,-4.8,579,779,42.6,-1.3,Defense,334,3155,3155,2,80
2440,Dirty Boots,LD,0,TEX,80,66,71226,5,21,26,12,34,0,1,1,462,1,3,4,11017,1,0,0,0,0,0,68,15,52,79,100,60,52,69,100.3,3.9,3.6,35.2,32.9,1051,919,53.4,1.5,675,644,51.2,-1.7,Defense,211.3,2346,2346,3,80
2976,Seamus O'Slapahan,LD,0,NEW,79,66,90644,10,22,32,-1,35,6,7,13,16013,0,3,3,10707,0,20,8,0,0,0,54,16,50,181,185,67,58,77,100.5,3.6,3.2,38.1,36,1139,1045,52.2,0.4,794,758,51.2,0.1,Defense,346,2341,2341,4,80
877,Adelie de Pengu,LD,0,MIN,78,66,75818,1,22,23,10,35,0,1,1,1116,0,0,0,9725,0,0,0,1,0,1,44,15,36,234,94,63,51,77,100.7,3.7,3.2,36.8,34.3,1115,1093,50.5,2.2,786,735,51.7,2.6,Defense,326.4,2293,2293,5,80
3395,Toasty,LD,0,SFP,80,66,84757,10,30,40,62,41,1,2,3,4997,1,3,4,8404,0,0,0,1,0,1,63,7,54,144,168,66,59,73,102.6,5.2,2.5,45,27.5,1468,979,60,0.7,1030,639,61.7,2.1,Defense,335.20000000000005,2235,2235,6,80
3271,Nevek Kove,LD,0,MIN,78,66,94025,5,28,33,-7,28,0,6,6,6911,0,1,1,9511,1,0,0,0,0,0,65,18,50,280,110,66,53,80,99.4,3.7,3.8,36.9,35.6,1321,1401,48.5,-0.8,923,897,50.7,1.3,Defense,415,2225,2225,7,80
2228,Marcel Beck,RD,0,WPG,80,66,83290,8,23,31,-22,28,2,0,2,2859,0,3,3,8955,2,0,0,0,0,0,69,14,44,200,104,65,57,73,99.4,2.9,4,30.3,39.4,1036,1385,42.8,1.5,723,933,43.7,1.6,Defense,339.79999999999995,2154,2154,8,80
3290,Filip Lund,RD,0,SFP,80,66,72846,8,26,34,55,32,0,0,0,370,0,7,7,7793,1,0,0,0,0,0,45,3,43,146,136,62,53,72,101.6,5.2,2.7,44.5,26.2,1353,872,60.8,1.9,925,549,62.8,3.5,Defense,300.20000000000005,2114,2114,9,80
3256,Chuchichaschtli Zopf,LD,0,EDM,80,66,82548,1,15,16,-48,49,0,1,1,4951,0,1,1,10326,0,0,0,1,1,0,48,17,42,172,88,62,56,68,97.1,2.5,4.9,29,42.7,927,1226,43.1,-1.5,652,948,40.8,-1.9,Defense,249.40000000000003,2007,2007,10,80
2544,Aksel Fiske,RW,0,MAN,80,66,81038,11,43,54,-19,37,3,16,19,15122,2,0,2,3668,2,157,35,0,0,0,119,47,30,46,160,72,70,72,99.2,2.8,3.3,33.9,36.8,1020,1085,48.5,-2.2,681,751,47.6,-2.1,Forward,296.20000000000005,889,889,1,80
1506,William Salming,LW,0,HAM,80,66,63225,18,26,44,-23,24,1,2,3,3096,0,1,1,1129,3,53,20,0,0,0,85,68,36,30,103,68,72,57,99.2,2.8,4.1,28.3,38.1,882,946,48.2,-3.8,568,747,43.2,-6.1,Forward,232.9,826,826,2,80
1824,Tomas Lind,LW,0,MAN,77,66,68573,19,40,59,15,55,0,0,0,976,2,1,3,3593,4,52,21,0,0,0,105,54,39,67,116,68,66,66,104.2,4.6,3.9,30.3,36.3,968,1124,46.3,-1.1,647,760,46,0.3,Forward,313,779,779,3,80
3000,Taschen Messer,RW,0,MTL,78,62,63752,12,16,28,-34,28,0,0,0,259,0,0,0,819,0,83,43,0,0,0,79,43,37,48,116,62,59,60,97.9,2.2,4.2,29.4,43.1,889,1255,41.5,-2.6,610,906,40.2,-2,Forward,191.2,758,758,4,80
781,Atticus Hale,RW,0,NOL,80,66,68939,13,33,46,9,32,1,2,3,3578,0,0,0,595,0,28,7,0,0,0,86,57,23,7,179,72,79,59,99.4,3.2,2.6,37.7,28.3,1229,933,56.8,3,802,611,56.8,2,Forward,243.29999999999998,743,743,5,80
1190,Lord Raiden,C,0,EDM,78,66,71324,6,21,27,-41,24,0,2,2,3256,0,2,2,2292,0,806,207,0,0,0,45,52,52,27,77,54,52,57,100.1,2.5,4.5,25.2,46.8,855,1441,37.2,-4.3,548,1004,35.3,-4.2,Forward,144.29999999999998,741,741,6,80
3142,Meta Knight,C,0,MIN,80,66,78171,24,27,51,-42,39,7,9,16,15469,0,1,1,3217,1,799,411,0,0,0,78,63,39,51,192,69,66,70,97.3,2.8,4.8,31,40.9,833,1137,42.3,-0.7,579,807,41.8,-0.8,Forward,296.40000000000003,723,723,7,80
3270,Hai Nam Hoang,C,0,MIN,80,66,79440,17,21,38,-47,40,1,0,1,3716,0,0,0,1052,2,1026,606,0,0,0,43,64,41,68,149,66,63,67,96.9,2.3,4.4,28.3,39.1,1014,1363,42.7,-0.2,682,943,42,-0.6,Forward,233.7,687,687,8,80
1428,Vaseline Podcalzone,RW,0,SEA,78,66,64509,12,17,29,-30,15,0,1,1,576,1,0,1,241,1,26,11,1,0,1,90,35,32,21,100,64,63,58,100,2.3,4,22.8,40.4,733,1223,37.5,-4.3,491,824,37.3,-5.2,Forward,177.6,686,686,9,80
2947,Rikkert Biemans,LW,0,TBB,80,66,83738,39,31,70,24,28,1,2,3,4740,8,1,9,12385,4,45,12,0,0,0,122,46,43,83,193,81,82,74,100.3,4.2,3.2,40.4,31.8,1255,1058,54.3,1.4,878,688,56.1,0.9,Forward,405.5,661,661,10,80
3321,Hodor,RD,0,TEX,81,66,81742,3,32,35,33,36,0,0,0,805,0,1,1,11619,0,0,0,0,0,0,43,17,37,337,76,67,52,84,101.2,4.6,3.1,39.5,29.4,1357,1133,54.5,1.8,890,663,57.3,4.9,Defense,451.3,3816,3816,1,81
2454,Wendolene Ramsbottom,RD,0,SEA,79,66,72416,4,15,19,-19,24,1,0,1,163,0,3,3,7604,0,0,0,0,0,0,39,10,33,266,60,61,51,73,99.2,2.9,4.1,26.8,35.4,858,1367,38.6,-4.8,579,779,42.6,-1.3,Defense,334,3155,3155,2,81
2440,Dirty Boots,LD,0,BAP,81,66,45113,1,10,11,-8,33,0,0,0,438,0,2,2,7598,0,0,0,1,0,1,34,1,26,95,53,58,52,65,98.5,2.7,3.8,31.2,37,590,635,48.2,-2.2,383,449,46,-3.1,Defense,149,2441,2441,3,81
3395,Toasty Soderberg-Snooks,LD,0,SFP,81,66,87549,4,31,35,45,28,1,2,3,4108,0,3,3,9016,1,0,0,0,0,0,40,13,51,206,144,65,53,78,102.4,4.7,2.5,44.4,31,1580,1123,58.5,1,1063,775,57.8,1.4,Defense,353.6,2441,2441,4,81
2976,Seamus O'Slapahan,LD,0,NEW,79,66,90644,10,22,32,-1,35,6,7,13,16013,0,3,3,10707,0,20,8,0,0,0,54,16,50,181,185,67,58,77,100.5,3.6,3.2,38.1,36,1139,1045,52.2,0.4,794,758,51.2,0.1,Defense,346,2341,2341,5,81
2228,Marcel Beck,RD,0,WPG,81,66,66954,4,15,19,0,31,0,1,1,1011,1,0,1,2315,1,0,0,1,0,1,48,8,23,148,90,61,54,68,100.9,3.3,3.5,30.7,35.2,981,1207,44.8,-2.8,648,765,45.9,0.2,Defense,240.40000000000003,2302,2302,6,81
877,Adelie de Pengu,LD,0,MIN,78,66,75818,1,22,23,10,35,0,1,1,1116,0,0,0,9725,0,0,0,1,0,1,44,15,36,234,94,63,51,77,100.7,3.7,3.2,36.8,34.3,1115,1093,50.5,2.2,786,735,51.7,2.6,Defense,326.4,2293,2293,7,81
3271,Nevek Kove,LD,0,MIN,78,66,94025,5,28,33,-7,28,0,6,6,6911,0,1,1,9511,1,0,0,0,0,0,65,18,50,280,110,66,53,80,99.4,3.7,3.8,36.9,35.6,1321,1401,48.5,-0.8,923,897,50.7,1.3,Defense,415,2225,2225,8,81
3290,Filip Lund,LD,0,MTL,81,66,60800,4,13,17,7,22,0,0,0,567,1,0,1,2654,1,0,0,0,0,0,44,2,51,78,91,59,52,66,100.5,4.1,3.8,36.8,34.9,1001,942,51.5,-2,662,670,49.7,-2.3,Defense,170.10000000000002,2192,2192,9,81
3448,Jolngustraaduvich DuBolk,RD,0,TBB,81,66,79279,9,21,30,-8,28,0,1,1,5425,0,3,3,6884,0,0,0,0,0,0,60,4,41,152,114,63,57,68,95.5,3.5,4.2,39.6,31.5,1230,1083,53.2,-1.5,874,700,55.5,-1.4,Defense,294,2102,2102,10,81
2544,Aksel Fiske,RW,0,MAN,81,66,66787,8,28,36,-32,26,0,0,0,3795,1,0,1,953,0,80,21,0,0,0,89,50,36,46,152,68,71,60,97.5,2.3,4.1,30.9,40.6,930,1176,44.2,-1.5,626,826,43.1,-0.3,Forward,224.79999999999998,935,935,1,81
1506,William Salming,LW,0,HAM,81,66,59533,15,13,28,-55,26,1,0,1,894,0,1,1,4572,2,41,12,0,0,0,62,43,25,34,144,60,60,55,92.4,2,5.7,34.1,42.5,911,1048,46.5,-2.7,622,756,45.1,-3.7,Forward,187.4,860,860,2,81
1824,Tomas Lind,LW,0,MAN,77,66,68573,19,40,59,15,55,0,0,0,976,2,1,3,3593,4,52,21,0,0,0,105,54,39,67,116,68,66,66,104.2,4.6,3.9,30.3,36.3,968,1124,46.3,-1.1,647,760,46,0.3,Forward,313,779,779,3,81
3142,Meta Knight,C,0,TOR,81,66,72649,22,28,50,-15,18,0,0,0,419,0,1,1,2217,2,828,413,0,0,0,33,57,39,48,152,65,64,64,100.2,3.5,4.3,33.2,41.9,1103,1395,44.2,0.4,755,950,44.3,-0.2,Forward,259.59999999999997,771,771,4,81
3000,Taschen Messer,RW,0,MTL,78,62,63752,12,16,28,-34,28,0,0,0,259,0,0,0,819,0,83,43,0,0,0,79,43,37,48,116,62,59,60,97.9,2.2,4.2,29.4,43.1,889,1255,41.5,-2.6,610,906,40.2,-2,Forward,191.2,758,758,5,81
781,Atticus Hale,RW,0,NOL,80,66,68939,13,33,46,9,32,1,2,3,3578,0,0,0,595,0,28,7,0,0,0,86,57,23,7,179,72,79,59,99.4,3.2,2.6,37.7,28.3,1229,933,56.8,3,802,611,56.8,2,Forward,243.29999999999998,743,743,6,81
1190,Lord Raiden,C,0,EDM,78,66,71324,6,21,27,-41,24,0,2,2,3256,0,2,2,2292,0,806,207,0,0,0,45,52,52,27,77,54,52,57,100.1,2.5,4.5,25.2,46.8,855,1441,37.2,-4.3,548,1004,35.3,-4.2,Forward,144.29999999999998,741,741,7,81
3008,Tom Pedersen,LW,0,CGY,81,66,73929,19,38,57,28,34,0,1,1,545,1,5,6,15245,3,331,89,0,0,0,83,55,33,73,150,70,68,71,103,4.3,3,36,33.7,1030,1029,50,-1.4,692,637,52.1,-1.5,Forward,312,724,724,8,81
2947,Rikkert Biemans,LW,0,TBB,81,66,81032,23,26,49,8,38,2,2,4,5345,4,1,5,9761,1,89,20,0,0,0,120,52,48,60,181,78,79,71,98.6,3.8,3.4,36.9,29.3,1195,1032,53.7,-0.8,822,644,56.1,-0.5,Forward,308.3,721,721,9,81
3294,Dusty Rhodes,RW,0,NOL,81,66,70870,23,40,63,17,26,0,0,0,453,1,5,6,5893,2,111,47,0,0,0,85,63,27,50,216,73,80,60,100.3,3.8,3.2,36,31.1,1136,1016,52.8,-1.6,745,653,53.3,-2,Forward,340.8,695,695,10,81
3321,Hodor,RD,0,TEX,81,66,81742,3,32,35,33,36,0,0,0,805,0,1,1,11619,0,0,0,0,0,0,43,17,37,337,76,67,52,84,101.2,4.6,3.1,39.5,29.4,1357,1133,54.5,1.8,890,663,57.3,4.9,Defense,451.3,3816,3816,1,82
2454,Wendolene Ramsbottom,RD,0,SEA,79,66,72416,4,15,19,-19,24,1,0,1,163,0,3,3,7604,0,0,0,0,0,0,39,10,33,266,60,61,51,73,99.2,2.9,4.1,26.8,35.4,858,1367,38.6,-4.8,579,779,42.6,-1.3,Defense,334,3155,3155,2,82
2440,Dirty Boots,LD,0,BAP,81,66,45113,1,10,11,-8,33,0,0,0,438,0,2,2,7598,0,0,0,1,0,1,34,1,26,95,53,58,52,65,98.5,2.7,3.8,31.2,37,590,635,48.2,-2.2,383,449,46,-3.1,Defense,149,2441,2441,3,82
3395,Toasty Soderberg-Snooks,LD,0,SFP,81,66,87549,4,31,35,45,28,1,2,3,4108,0,3,3,9016,1,0,0,0,0,0,40,13,51,206,144,65,53,78,102.4,4.7,2.5,44.4,31,1580,1123,58.5,1,1063,775,57.8,1.4,Defense,353.6,2441,2441,4,82
2976,Seamus O'Slapahan,LD,0,NEW,79,66,90644,10,22,32,-1,35,6,7,13,16013,0,3,3,10707,0,20,8,0,0,0,54,16,50,181,185,67,58,77,100.5,3.6,3.2,38.1,36,1139,1045,52.2,0.4,794,758,51.2,0.1,Defense,346,2341,2341,5,82
2228,Marcel Beck,RD,0,WPG,81,66,66954,4,15,19,0,31,0,1,1,1011,1,0,1,2315,1,0,0,1,0,1,48,8,23,148,90,61,54,68,100.9,3.3,3.5,30.7,35.2,981,1207,44.8,-2.8,648,765,45.9,0.2,Defense,240.40000000000003,2302,2302,6,82
877,Adelie de Pengu,LD,0,MIN,78,66,75818,1,22,23,10,35,0,1,1,1116,0,0,0,9725,0,0,0,1,0,1,44,15,36,234,94,63,51,77,100.7,3.7,3.2,36.8,34.3,1115,1093,50.5,2.2,786,735,51.7,2.6,Defense,326.4,2293,2293,7,82
3271,Nevek Kove,LD,0,MIN,78,66,94025,5,28,33,-7,28,0,6,6,6911,0,1,1,9511,1,0,0,0,0,0,65,18,50,280,110,66,53,80,99.4,3.7,3.8,36.9,35.6,1321,1401,48.5,-0.8,923,897,50.7,1.3,Defense,415,2225,2225,8,82
3290,Filip Lund,LD,0,MTL,81,66,60800,4,13,17,7,22,0,0,0,567,1,0,1,2654,1,0,0,0,0,0,44,2,51,78,91,59,52,66,100.5,4.1,3.8,36.8,34.9,1001,942,51.5,-2,662,670,49.7,-2.3,Defense,170.10000000000002,2192,2192,9,82
3448,Jolngustraaduvich DuBolk,RD,0,TBB,81,66,79279,9,21,30,-8,28,0,1,1,5425,0,3,3,6884,0,0,0,0,0,0,60,4,41,152,114,63,57,68,95.5,3.5,4.2,39.6,31.5,1230,1083,53.2,-1.5,874,700,55.5,-1.4,Defense,294,2102,2102,10,82
2544,Aksel Fiske,RW,0,MAN,81,66,66787,8,28,36,-32,26,0,0,0,3795,1,0,1,953,0,80,21,0,0,0,89,50,36,46,152,68,71,60,97.5,2.3,4.1,30.9,40.6,930,1176,44.2,-1.5,626,826,43.1,-0.3,Forward,224.79999999999998,935,935,1,82
1506,William Salming,LW,0,HAM,81,66,59533,15,13,28,-55,26,1,0,1,894,0,1,1,4572,2,41,12,0,0,0,62,43,25,34,144,60,60,55,92.4,2,5.7,34.1,42.5,911,1048,46.5,-2.7,622,756,45.1,-3.7,Forward,187.4,860,860,2,82
1824,Tomas Lind,LW,0,MAN,77,66,68573,19,40,59,15,55,0,0,0,976,2,1,3,3593,4,52,21,0,0,0,105,54,39,67,116,68,66,66,104.2,4.6,3.9,30.3,36.3,968,1124,46.3,-1.1,647,760,46,0.3,Forward,313,779,779,3,82
3142,Meta Knight,C,0,TOR,81,66,72649,22,28,50,-15,18,0,0,0,419,0,1,1,2217,2,828,413,0,0,0,33,57,39,48,152,65,64,64,100.2,3.5,4.3,33.2,41.9,1103,1395,44.2,0.4,755,950,44.3,-0.2,Forward,259.59999999999997,771,771,4,82
3000,Taschen Messer,RW,0,MTL,78,62,63752,12,16,28,-34,28,0,0,0,259,0,0,0,819,0,83,43,0,0,0,79,43,37,48,116,62,59,60,97.9,2.2,4.2,29.4,43.1,889,1255,41.5,-2.6,610,906,40.2,-2,Forward,191.2,758,758,5,82
781,Atticus Hale,RW,0,NOL,80,66,68939,13,33,46,9,32,1,2,3,3578,0,0,0,595,0,28,7,0,0,0,86,57,23,7,179,72,79,59,99.4,3.2,2.6,37.7,28.3,1229,933,56.8,3,802,611,56.8,2,Forward,243.29999999999998,743,743,6,82
1190,Lord Raiden,C,0,EDM,78,66,71324,6,21,27,-41,24,0,2,2,3256,0,2,2,2292,0,806,207,0,0,0,45,52,52,27,77,54,52,57,100.1,2.5,4.5,25.2,46.8,855,1441,37.2,-4.3,548,1004,35.3,-4.2,Forward,144.29999999999998,741,741,7,82
3008,Tom Pedersen,LW,0,CGY,81,66,73929,19,38,57,28,34,0,1,1,545,1,5,6,15245,3,331,89,0,0,0,83,55,33,73,150,70,68,71,103,4.3,3,36,33.7,1030,1029,50,-1.4,692,637,52.1,-1.5,Forward,312,724,724,8,82
2947,Rikkert Biemans,LW,0,TBB,81,66,81032,23,26,49,8,38,2,2,4,5345,4,1,5,9761,1,89,20,0,0,0,120,52,48,60,181,78,79,71,98.6,3.8,3.4,36.9,29.3,1195,1032,53.7,-0.8,822,644,56.1,-0.5,Forward,308.3,721,721,9,82
3294,Dusty Rhodes,RW,0,NOL,81,66,70870,23,40,63,17,26,0,0,0,453,1,5,6,5893,2,111,47,0,0,0,85,63,27,50,216,73,80,60,100.3,3.8,3.2,36,31.1,1136,1016,52.8,-1.6,745,653,53.3,-2,Forward,340.8,695,695,10,82
3321,Hodor,RD,0,TEX,81,66,81742,3,32,35,33,36,0,0,0,805,0,1,1,11619,0,0,0,0,0,0,43,17,37,337,76,67,52,84,101.2,4.6,3.1,39.5,29.4,1357,1133,54.5,1.8,890,663,57.3,4.9,Defense,451.3,3816,3816,1,83
2454,Wendolene Ramsbottom,RD,0,SEA,79,66,72416,4,15,19,-19,24,1,0,1,163,0,3,3,7604,0,0,0,0,0,0,39,10,33,266,60,61,51,73,99.2,2.9,4.1,26.8,35.4,858,1367,38.6,-4.8,579,779,42.6,-1.3,Defense,334,3155,3155,2,83
2440,Dirty Boots,LD,0,BAP,81,66,45113,1,10,11,-8,33,0,0,0,438,0,2,2,7598,0,0,0,1,0,1,34,1,26,95,53,58,52,65,98.5,2.7,3.8,31.2,37,590,635,48.2,-2.2,383,449,46,-3.1,Defense,149,2441,2441,3,83
3395,Toasty Soderberg-Snooks,LD,0,SFP,81,66,87549,4,31,35,45,28,1,2,3,4108,0,3,3,9016,1,0,0,0,0,0,40,13,51,206,144,65,53,78,102.4,4.7,2.5,44.4,31,1580,1123,58.5,1,1063,775,57.8,1.4,Defense,353.6,2441,2441,4,83
2976,Seamus O'Slapahan,LD,0,NEW,79,66,90644,10,22,32,-1,35,6,7,13,16013,0,3,3,10707,0,20,8,0,0,0,54,16,50,181,185,67,58,77,100.5,3.6,3.2,38.1,36,1139,1045,52.2,0.4,794,758,51.2,0.1,Defense,346,2341,2341,5,83
2228,Marcel Beck,RD,0,WPG,81,66,66954,4,15,19,0,31,0,1,1,1011,1,0,1,2315,1,0,0,1,0,1,48,8,23,148,90,61,54,68,100.9,3.3,3.5,30.7,35.2,981,1207,44.8,-2.8,648,765,45.9,0.2,Defense,240.40000000000003,2302,2302,6,83
877,Adelie de Pengu,LD,0,MIN,78,66,75818,1,22,23,10,35,0,1,1,1116,0,0,0,9725,0,0,0,1,0,1,44,15,36,234,94,63,51,77,100.7,3.7,3.2,36.8,34.3,1115,1093,50.5,2.2,786,735,51.7,2.6,Defense,326.4,2293,2293,7,83
3271,Nevek Kove,LD,0,MIN,78,66,94025,5,28,33,-7,28,0,6,6,6911,0,1,1,9511,1,0,0,0,0,0,65,18,50,280,110,66,53,80,99.4,3.7,3.8,36.9,35.6,1321,1401,48.5,-0.8,923,897,50.7,1.3,Defense,415,2225,2225,8,83
3290,Filip Lund,LD,0,MTL,81,66,60800,4,13,17,7,22,0,0,0,567,1,0,1,2654,1,0,0,0,0,0,44,2,51,78,91,59,52,66,100.5,4.1,3.8,36.8,34.9,1001,942,51.5,-2,662,670,49.7,-2.3,Defense,170.10000000000002,2192,2192,9,83
3448,Jolngustraaduvich DuBolk,RD,0,TBB,81,66,79279,9,21,30,-8,28,0,1,1,5425,0,3,3,6884,0,0,0,0,0,0,60,4,41,152,114,63,57,68,95.5,3.5,4.2,39.6,31.5,1230,1083,53.2,-1.5,874,700,55.5,-1.4,Defense,294,2102,2102,10,83
2544,Aksel Fiske,RW,0,MAN,81,66,66787,8,28,36,-32,26,0,0,0,3795,1,0,1,953,0,80,21,0,0,0,89,50,36,46,152,68,71,60,97.5,2.3,4.1,30.9,40.6,930,1176,44.2,-1.5,626,826,43.1,-0.3,Forward,224.79999999999998,935,935,1,83
1506,William Salming,LW,0,HAM,81,66,59533,15,13,28,-55,26,1,0,1,894,0,1,1,4572,2,41,12,0,0,0,62,43,25,34,144,60,60,55,92.4,2,5.7,34.1,42.5,911,1048,46.5,-2.7,622,756,45.1,-3.7,Forward,187.4,860,860,2,83
1824,Tomas Lind,LW,0,MAN,77,66,68573,19,40,59,15,55,0,0,0,976,2,1,3,3593,4,52,21,0,0,0,105,54,39,67,116,68,66,66,104.2,4.6,3.9,30.3,36.3,968,1124,46.3,-1.1,647,760,46,0.3,Forward,313,779,779,3,83
3142,Meta Knight,C,0,TOR,81,66,72649,22,28,50,-15,18,0,0,0,419,0,1,1,2217,2,828,413,0,0,0,33,57,39,48,152,65,64,64,100.2,3.5,4.3,33.2,41.9,1103,1395,44.2,0.4,755,950,44.3,-0.2,Forward,259.59999999999997,771,771,4,83
3000,Taschen Messer,RW,0,MTL,78,62,63752,12,16,28,-34,28,0,0,0,259,0,0,0,819,0,83,43,0,0,0,79,43,37,48,116,62,59,60,97.9,2.2,4.2,29.4,43.1,889,1255,41.5,-2.6,610,906,40.2,-2,Forward,191.2,758,758,5,83
781,Atticus Hale,RW,0,NOL,80,66,68939,13,33,46,9,32,1,2,3,3578,0,0,0,595,0,28,7,0,0,0,86,57,23,7,179,72,79,59,99.4,3.2,2.6,37.7,28.3,1229,933,56.8,3,802,611,56.8,2,Forward,243.29999999999998,743,743,6,83
1190,Lord Raiden,C,0,EDM,78,66,71324,6,21,27,-41,24,0,2,2,3256,0,2,2,2292,0,806,207,0,0,0,45,52,52,27,77,54,52,57,100.1,2.5,4.5,25.2,46.8,855,1441,37.2,-4.3,548,1004,35.3,-4.2,Forward,144.29999999999998,741,741,7,83
3008,Tom Pedersen,LW,0,CGY,81,66,73929,19,38,57,28,34,0,1,1,545,1,5,6,15245,3,331,89,0,0,0,83,55,33,73,150,70,68,71,103,4.3,3,36,33.7,1030,1029,50,-1.4,692,637,52.1,-1.5,Forward,312,724,724,8,83
2947,Rikkert Biemans,LW,0,TBB,81,66,81032,23,26,49,8,38,2,2,4,5345,4,1,5,9761,1,89,20,0,0,0,120,52,48,60,181,78,79,71,98.6,3.8,3.4,36.9,29.3,1195,1032,53.7,-0.8,822,644,56.1,-0.5,Forward,308.3,721,721,9,83
3294,Dusty Rhodes,RW,0,NOL,81,66,70870,23,40,63,17,26,0,0,0,453,1,5,6,5893,2,111,47,0,0,0,85,63,27,50,216,73,80,60,100.3,3.8,3.2,36,31.1,1136,1016,52.8,-1.6,745,653,53.3,-2,Forward,340.8,695,695,10,83
