id,name,position,league,team,season,gamesPlayed,timeOnIce,goals,assists,points,plusMinus,pim,ppGoals,ppAssists,ppPoints,ppTimeOnIce,shGoals,shAssists,shPoints,shTimeOnIce,gwg,faceoffs,faceoffWins,fights,fightWins,fightLosses,hits,giveaways,takeaways,shotsBlocked,shotsOnGoal,gameRating,offensiveGameRating,defensiveGameRating,advancedStats.PDO,advancedStats.GF60,advancedStats.GA60,advancedStats.SF60,advancedStats.SA60,advancedStats.CF,advancedStats.CA,advancedStats.CFPct,advancedStats.CFPctRel,advancedStats.FF,advancedStats.FA,advancedStats.FFPct,advancedStats.FFPctRel,pos,fantasy,cum_hits,label,rank,season_label
NA, ,NA,NA,ATL,NA,NA,NA,NA,NA,NA,NA,NA,NA,NA,NA,NA,NA,NA,NA,NA,NA,NA,NA,NA,NA,NA,NA,NA,NA,NA,NA,NA,NA,NA,NA,NA,NA,NA,NA,NA,NA,NA,NA,NA,NA,NA,NA,Forward,NA,0, ,1,65
NA, ,NA,NA,ATL,NA,NA,NA,NA,NA,NA,NA,NA,NA,NA,NA,NA,NA,NA,NA,NA,NA,NA,NA,NA,NA,NA,NA,NA,NA,NA,NA,NA,NA,NA,NA,NA,NA,NA,NA,NA,NA,NA,NA,NA,NA,NA,NA,Forward,NA,0, ,2,65
NA, ,NA,NA,ATL,NA,NA,NA,NA,NA,NA,NA,NA,NA,NA,NA,NA,NA,NA,NA,NA,NA,NA,NA,NA,NA,NA,NA,NA,NA,NA,NA,NA,NA,NA,NA,NA,NA,NA,NA,NA,NA,NA,NA,NA,NA,NA,NA,Forward,NA,0, ,3,65
NA, ,NA,NA,ATL,NA,NA,NA,NA,NA,NA,NA,NA,NA,NA,NA,NA,NA,NA,NA,NA,NA,NA,NA,NA,NA,NA,NA,NA,NA,NA,NA,NA,NA,NA,NA,NA,NA,NA,NA,NA,NA,NA,NA,NA,NA,NA,NA,Forward,NA,0, ,4,65
NA, ,NA,NA,ATL,NA,NA,NA,NA,NA,NA,NA,NA,NA,NA,NA,NA,NA,NA,NA,NA,NA,NA,NA,NA,NA,NA,NA,NA,NA,NA,NA,NA,NA,NA,NA,NA,NA,NA,NA,NA,NA,NA,NA,NA,NA,NA,NA,Forward,NA,0, ,5,65
NA, ,NA,NA,ATL,NA,NA,NA,NA,NA,NA,NA,NA,NA,NA,NA,NA,NA,NA,NA,NA,NA,NA,NA,NA,NA,NA,NA,NA,NA,NA,NA,NA,NA,NA,NA,NA,NA,NA,NA,NA,NA,NA,NA,NA,NA,NA,NA,Forward,NA,0, ,6,65
NA, ,NA,NA,ATL,NA,NA,NA,NA,NA,NA,NA,NA,NA,NA,NA,NA,NA,NA,NA,NA,NA,NA,NA,NA,NA,NA,NA,NA,NA,NA,NA,NA,NA,NA,NA,NA,NA,NA,NA,NA,NA,NA,NA,NA,NA,NA,NA,Forward,NA,0, ,7,65
NA, ,NA,NA,ATL,NA,NA,NA,NA,NA,NA,NA,NA,NA,NA,NA,NA,NA,NA,NA,NA,NA,NA,NA,NA,NA,NA,NA,NA,NA,NA,NA,NA,NA,NA,NA,NA,NA,NA,NA,NA,NA,NA,NA,NA,NA,NA,NA,Forward,NA,0, ,8,65
NA, ,NA,NA,ATL,NA,NA,NA,NA,NA,NA,NA,NA,NA,NA,NA,NA,NA,NA,NA,NA,NA,NA,NA,NA,NA,NA,NA,NA,NA,NA,NA,NA,NA,NA,NA,NA,NA,NA,NA,NA,NA,NA,NA,NA,NA,NA,NA,Forward,NA,0, ,9,65
NA, ,NA,NA,ATL,NA,NA,NA,NA,NA,NA,NA,NA,NA,NA,NA,NA,NA,NA,NA,NA,NA,NA,NA,NA,NA,NA,NA,NA,NA,NA,NA,NA,NA,NA,NA,NA,NA,NA,NA,NA,NA,NA,NA,NA,NA,NA,NA,Forward,NA,0, ,10,65
64,Kyle Sutton,LW,0,EDM,66,66,90004,16,42,58,-82,60,4,16,20,12640,0,1,1,4548,1,83,38,0,0,0,169,50,34,66,172,72,73,67,95.8,2.6,6.2,29.5,47.8,949,1319,41.8,9.8,691,1128,38,9.4,Forward,348.8,169,169,1,66
299,Chimkin Wing,RW,0,BUF,66,66,81995,27,54,81,12,34,9,13,22,10711,0,1,1,327,4,25,9,0,0,0,166,55,32,26,177,79,86,64,98.2,3.9,3,37.9,24.9,1196,832,59,3.7,884,592,59.9,4.3,Forward,405.1,166,166,2,66
933,Jukka Timonen,LW,0,CHI,66,66,76562,29,30,59,25,23,1,3,4,3132,0,0,0,2536,1,101,28,1,0,1,162,46,46,25,207,73,65,68,100.2,4.3,2.8,41.3,28.1,1266,904,58.3,2,947,645,59.5,1.4,Forward,347.90000000000003,162,162,3,66
1970,Salzberger Lillehammersson,RW,0,ATL,66,66,77841,26,60,86,36,36,8,15,23,10887,0,0,0,580,5,112,31,0,0,0,156,53,45,48,175,82,82,76,101.6,4.6,2.5,39.3,25,1131,811,58.2,-2.4,834,542,60.6,-1.1,Forward,427.7,156,156,4,66
1170,Steve Harrington,LW,0,BUF,66,66,82206,33,52,85,25,24,10,17,27,10814,2,0,2,805,2,117,33,0,0,0,155,46,48,5,203,80,87,65,100.1,4.1,2.7,38.6,25,1199,827,59.2,4,881,593,59.8,4.1,Forward,413.9,155,155,5,66
1172,Burlok Sulfurgold,RW,0,ATL,66,66,77398,11,43,54,45,32,0,1,1,1819,2,2,4,2249,3,40,16,0,0,0,152,38,43,56,134,74,66,72,101.6,4.3,2.2,39.9,24.3,1287,832,60.7,1.3,953,594,61.6,0.4,Forward,307.6,152,152,6,66
1428,Vaseline Podcalzone,RW,0,SEA,66,66,88637,21,36,57,-13,38,4,7,11,11590,0,3,3,5013,2,262,87,0,0,0,146,51,61,55,220,82,82,76,96.5,2.6,3,35.3,27.5,1140,955,54.4,-2,827,641,56.3,-2.4,Forward,349.4,146,146,7,66
750,Kaarlo Kekkonen,RW,0,PHI,66,66,81451,18,24,42,-21,30,2,1,3,2877,5,3,8,9754,3,80,46,0,0,0,142,66,31,58,176,75,81,62,96.5,2.1,3.6,30.7,34.1,999,1008,49.8,0.2,713,762,48.3,-0.9,Forward,288.40000000000003,142,142,8,66
1464,Kev Kevens,LW,0,SFP,66,66,81562,43,48,91,24,35,14,13,27,11649,0,1,1,818,7,31,8,0,0,0,142,49,51,54,252,82,82,77,99.9,4.3,2.8,40.5,26.2,1266,862,59.5,2.1,929,591,61.1,0.9,Forward,480.8,142,142,9,66
2457,Mikko Rashford,RW,0,WPG,66,66,70025,15,33,48,-3,26,0,0,0,3672,0,0,0,362,2,19,6,0,0,0,142,47,21,18,175,72,78,56,97.6,3.9,4,36.8,30.5,1052,825,56,0.7,774,657,54.1,-0.6,Forward,279.1,142,142,10,66
1370,Nathan Thomas,LD,0,PHI,66,66,87689,14,28,42,1,24,8,11,19,11637,0,2,2,4214,2,0,0,0,0,0,123,18,68,119,213,71,65,76,99.2,2.7,2.8,33.3,31.3,1056,1006,51.2,2.4,787,735,51.7,4.2,Defense,360.20000000000005,123,123,1,66
2630,Rand al'Thor,LD,0,EDM,66,66,96380,12,13,25,-87,59,6,7,13,12280,0,1,1,5631,0,0,0,0,0,0,120,12,68,22,160,64,66,61,95.7,1.7,5.3,25.9,49.7,914,1460,38.5,4.7,675,1258,34.9,4.7,Defense,202.8,120,120,2,66
536,Nicholas Owens,LD,0,BUF,66,66,70596,3,14,17,4,22,0,0,0,563,1,0,1,2926,0,0,0,0,0,0,117,4,41,43,118,60,54,64,98.8,3.4,3.2,34.4,29.2,1080,788,57.8,1.9,772,623,55.3,-2.5,Defense,174.90000000000003,117,117,3,66
806,Michael Withecheck,RD,0,ATL,66,66,91031,17,46,63,48,38,8,16,24,12274,0,2,2,7326,3,0,0,0,0,0,109,13,66,123,251,72,68,75,102.7,4.6,2.2,40.8,25.1,1312,836,61.1,1.9,953,593,61.6,0.5,Defense,435.6,109,109,4,66
968,Guy O'Shea,RD,0,HAM,66,66,94754,12,32,44,-20,42,9,9,18,15346,0,1,1,5120,1,0,0,0,0,0,109,14,77,132,182,65,56,73,100,3.5,4.3,35,43,1132,1260,47.3,-0.8,843,1016,45.3,1,Defense,361,109,109,5,66
1248,Rikard Bjerg,RD,0,SFP,66,66,95457,13,39,52,18,49,8,12,20,11060,0,2,2,8206,2,0,0,0,0,0,108,6,106,92,209,67,57,77,99.1,4,2.9,40.9,27.5,1370,923,59.7,2.6,1024,672,60.4,-0.2,Defense,357.7,108,108,6,66
500,Bjorn Leppanen,LD,0,TEX,66,66,93046,12,23,35,-19,56,6,11,17,10119,0,1,1,9231,2,2,1,0,0,0,107,16,82,115,153,69,58,81,99.8,2.6,3.3,30.7,38,1038,1184,46.7,2.1,757,927,45,2.2,Defense,309.20000000000005,107,107,7,66
76,Samuel Michaud,RD,0,PHI,66,66,87497,5,19,24,11,52,1,9,10,11382,0,0,0,7743,0,0,0,0,0,0,99,16,65,106,162,65,55,76,101.9,3,2.4,32,32.6,979,1000,49.5,-0.3,711,741,49,0,Defense,260.6,99,99,8,66
737,Zak Wilson,RD,0,MTL,66,66,86149,10,23,33,23,29,0,4,4,3144,0,2,2,10799,1,0,0,0,0,0,99,8,37,113,122,63,55,73,103.6,4,2.7,31.1,29.6,1028,975,51.3,2.2,736,705,51.1,1.1,Defense,286.9,99,99,9,66
2331,Kayden Pale,RD,0,NEW,66,66,90418,10,23,33,-26,30,5,8,13,13005,0,1,1,8122,0,0,0,0,0,0,98,19,65,135,143,64,55,73,100.3,3.1,3.9,30.1,39.1,903,1179,43.4,1.9,677,883,43.4,2.4,Defense,312.6,98,98,10,66
1970,Salzberger Lillehammersson,RW,0,ATL,67,66,86846,45,55,100,38,24,12,14,26,10497,10,4,14,10178,7,63,20,0,0,0,173,57,51,43,251,84,91,67,100.5,4.6,3,38.3,26,1110,837,57,1.5,835,580,59,2.6,Forward,515.3,329,329,1,67
1261,Liam Slate,LW,0,SEA,67,66,79063,16,46,62,10,25,1,12,13,9234,0,0,0,570,1,59,21,1,0,1,181,55,44,36,180,78,82,66,98.3,3.7,2.9,37.1,24.5,1220,822,59.7,1,834,553,60.1,-0.7,Forward,350,321,321,2,67
299,Chimkin Wing,RW,0,BUF,67,66,82054,20,55,75,-10,44,1,20,21,12384,0,0,0,626,2,29,11,0,0,0,145,58,48,28,163,77,83,64,97,3.8,4,36.1,29.1,1070,925,53.6,1,814,667,55,2.7,Forward,368.7,311,311,3,67
1170,Steve Harrington,LW,0,BUF,67,66,80090,26,53,79,13,38,8,14,22,12633,1,0,1,455,3,58,18,0,0,0,148,64,34,20,194,77,83,63,100.4,4.4,3.3,36.7,29.1,1061,892,54.3,2,798,628,56,4.1,Forward,392.4,303,303,4,67
1269,Theo Kondos,RW,0,CHI,67,66,85829,27,38,65,12,29,5,4,9,11999,2,3,5,2751,4,181,76,0,0,0,164,58,42,46,177,81,81,76,99.3,3.5,2.7,33.1,23.8,1083,875,55.3,1.5,760,551,58,2.3,Forward,368.30000000000007,298,298,5,67
2152,Gonzo Gobbledygook,RW,0,WPG,67,66,83875,28,41,69,41,32,1,4,5,2520,2,3,5,8847,2,38,10,0,0,0,154,61,38,21,194,79,82,71,100.8,4.3,2.5,37,23,1240,746,62.4,1.6,874,553,61.2,0.8,Forward,367.40000000000003,291,291,6,67
1658,Kaapo Kampainen,LW,0,WPG,67,66,85232,25,54,79,33,37,4,14,18,10109,1,2,3,3449,3,29,7,0,0,0,160,40,38,28,235,80,87,66,100.9,4,2.2,39.5,23.7,1314,764,63.2,2.9,926,552,62.7,3,Forward,413.3,288,288,7,67
1172,Burlok Sulfurgold,RW,0,ATL,67,66,75070,21,28,49,37,26,0,2,2,1072,2,0,2,3462,4,127,40,0,0,0,134,57,32,45,135,71,63,71,103.2,3.5,1.7,37.3,27.8,1125,913,55.2,-1.2,840,648,56.5,-1.2,Forward,289.1,286,286,8,67
1316,Igor Victory,RW,0,PHI,67,66,84276,27,47,74,20,38,6,7,13,11269,2,0,2,1949,5,143,39,0,0,0,160,66,38,37,220,77,82,66,102.7,3.9,2.4,35.8,30.1,1169,931,55.7,3.6,841,707,54.3,2.5,Forward,401.2,281,281,9,67
408,Zoltan Topalo,RW,0,TBB,67,66,83908,31,34,65,-20,46,7,10,17,12565,0,0,0,853,3,157,43,0,0,0,156,57,39,55,254,77,83,66,96.9,3.1,3.8,38.8,34,1220,1065,53.4,3.7,894,774,53.6,4.3,Forward,397.6,279,279,10,67
968,Guy O'Shea,RD,0,HAM,67,66,91253,9,16,25,-102,22,7,4,11,11553,0,2,2,3181,1,0,0,0,0,0,100,12,76,124,101,60,55,64,94.3,1.9,6.4,24.3,47.3,842,1422,37.2,2.1,604,1185,33.8,2.1,Defense,265.90000000000003,209,209,1,67
737,Zak Wilson,RD,0,MTL,67,66,91974,18,34,52,29,37,12,8,20,13087,0,5,5,10054,3,0,0,0,0,0,100,12,63,93,155,65,57,75,104.5,4.2,2.7,31.3,30.5,994,960,50.9,-1.4,690,692,49.9,-1.4,Defense,344.2,199,199,2,67
1370,Nathan Thomas,LD,0,PHI,67,66,82677,8,22,30,21,30,0,1,1,3788,0,1,1,3857,0,0,0,0,0,0,76,11,56,94,140,66,62,70,101.9,3.6,2.7,34.6,32.4,1144,1080,51.4,-2.9,850,787,51.9,-1.2,Defense,255,199,199,3,67
2251,Jonathon Hagan,RD,0,MTL,67,66,91473,13,34,47,0,50,9,13,22,13275,0,2,2,6236,1,0,0,0,0,0,99,11,69,148,179,69,61,77,99.7,3.3,3.3,33.4,32.5,1100,1006,52.2,0.7,808,753,51.8,1.4,Defense,380.5,193,193,4,67
536,Nicholas Owens,LD,0,BUF,67,66,70012,8,17,25,7,32,0,0,0,340,1,1,2,3623,1,0,0,0,0,0,74,6,57,58,122,59,53,64,100.7,3.8,3.5,33.5,33.7,1003,911,52.4,-0.8,725,731,49.8,-5.1,Defense,201.39999999999998,191,191,5,67
2630,Rand al'Thor,RD,0,EDM,67,66,93858,11,27,38,-30,60,7,9,16,13768,0,1,1,2493,1,0,0,0,0,0,68,7,61,52,176,64,61,66,101.3,3,4,26.3,39.1,929,1276,42.1,1.8,670,993,40.3,1.9,Defense,251.8,188,188,6,67
806,Michael Withecheck,RD,0,ATL,67,66,85723,10,33,43,50,34,2,2,4,3480,0,4,4,6018,2,0,0,0,0,0,76,9,50,155,204,69,64,75,102.8,4.2,2.2,39.3,27.5,1293,1002,56.3,0.5,958,692,58.1,1.3,Defense,370.1,185,185,7,67
2488,San-sam Emerson,RD,0,PHI,67,66,82962,5,21,26,34,26,0,0,0,3504,0,0,0,7601,1,0,0,0,0,0,91,8,70,45,132,63,54,73,104.2,3.5,1.9,33.8,31.6,1094,929,54.1,1.2,800,732,52.2,-0.7,Defense,199.5,184,184,8,67
632,Sabarro Torretta,LD,0,MTL,67,66,61726,4,14,18,-3,58,0,0,0,430,0,1,1,1142,1,0,0,0,0,0,99,10,31,48,91,66,55,70,98.5,3.2,3.5,32.1,30.6,938,839,52.8,1.4,641,606,51.4,0.7,Defense,168.10000000000002,183,183,9,67
2486,Jay O'Neil,RD,0,WPG,67,66,84549,7,40,47,24,34,5,11,16,9900,0,1,1,4166,1,0,0,0,0,0,92,7,73,89,170,65,56,74,99.7,3.7,2.4,37.3,23.4,1246,759,62.1,1.2,869,544,61.5,1.2,Defense,315.90000000000003,179,179,10,67
1970,Salzberger Lillehammersson,RW,0,ATL,68,66,87326,22,53,75,33,26,6,17,23,13186,5,1,6,11326,3,34,4,0,0,0,171,39,39,36,210,84,90,70,102.7,3.9,2.1,37.3,26.5,1054,778,57.5,3.6,759,548,58.1,4.3,Forward,400,500,500,1,68
299,Chimkin Wing,RW,0,BUF,68,66,80386,33,57,90,32,20,7,15,22,14089,1,0,1,338,4,23,7,0,0,0,168,51,35,29,232,78,84,65,102,5.2,3,42.7,29.5,1187,886,57.3,2.5,911,645,58.5,2.8,Forward,457.2,479,479,2,68
1261,Liam Slate,RW,0,SEA,68,66,74729,18,44,62,53,24,1,0,1,2018,1,0,1,691,3,67,15,0,0,0,143,41,32,17,106,77,84,62,104.9,4.4,1.8,32.9,20.9,1118,716,61,0.8,780,497,61.1,0.5,Forward,303.2,464,464,3,68
1170,Steve Harrington,LW,0,BUF,68,66,77552,45,41,86,47,36,2,1,3,4022,0,0,0,948,9,44,18,0,0,0,155,50,38,24,245,76,83,62,102.2,5.3,2.9,44,29.1,1371,973,58.5,4.6,1009,698,59.1,3.8,Forward,452.9,458,458,4,68
1269,Theo Kondos,RW,0,CHI,68,66,78660,19,41,60,13,24,4,14,18,10279,0,0,0,304,2,64,21,0,0,0,159,52,36,43,177,80,79,76,98.6,3.3,2.2,39.6,22.9,1204,838,59,0.8,878,512,63.2,3.2,Forward,341.5,457,457,5,68
1172,Burlok Sulfurgold,LW,0,NEW,68,66,76873,14,41,55,13,32,1,1,2,2132,0,0,0,3899,3,60,28,0,0,0,151,62,33,47,143,74,75,67,101.3,4,3.2,34,30.4,1069,1010,51.4,-1.9,785,722,52.1,-2.5,Forward,310.5,437,437,6,68
1428,Vaseline Podcalzone,LW,0,SEA,68,66,83126,30,56,86,51,36,5,20,25,10684,3,2,5,2684,6,176,40,0,0,0,152,53,60,30,157,85,86,78,105.3,4.1,1.4,32,19.5,1030,669,60.6,0.3,739,444,62.5,2.5,Forward,413.90000000000003,431,431,7,68
2598,Yannick Svoboda,RW,0,LAP,68,66,88144,36,36,72,-17,28,7,10,17,10351,0,0,0,383,2,117,31,0,0,0,159,61,46,40,248,75,80,62,98.7,3.7,4,33.1,32.2,1122,1063,51.4,7.5,842,808,51,9.4,Forward,414,431,431,8,68
1506,William Salming,RW,0,SEA,68,66,77801,8,53,61,47,33,0,0,0,2025,0,3,3,9425,0,30,11,1,0,1,152,36,32,47,96,77,78,72,104.4,4.1,1.7,30.5,19.1,955,645,59.7,-1.1,669,425,61.2,0.6,Forward,308.8,429,429,9,68
1402,Lemo Pihl,LW,0,PHI,68,66,78985,20,44,64,12,39,3,9,12,14119,3,2,5,3855,3,22,5,0,0,0,152,48,61,23,226,76,71,78,99,3.8,2.9,37.7,26.3,1019,710,58.9,2.4,746,528,58.6,1.6,Forward,354.40000000000003,428,428,10,68
968,Guy O'Shea,RD,0,HAM,68,66,87345,10,23,33,-62,22,8,11,19,13538,0,0,0,3087,1,0,0,0,0,0,78,15,85,143,124,62,54,71,98.9,2.2,5,23.6,47.5,762,1309,36.8,-0.9,537,1074,33.3,-0.7,Defense,306.1,287,287,1,68
737,Zak Wilson,RD,0,MTL,68,66,89054,5,24,29,5,62,3,8,11,12216,0,1,1,9847,1,0,0,0,0,0,84,7,52,101,153,65,55,75,100.6,3,2.4,32.2,27.6,981,907,52,-3.8,697,620,52.9,-2.6,Defense,262.4,283,283,2,68
2486,Jay O'Neil,RD,0,WPG,68,66,82398,15,32,47,64,16,1,1,2,2826,1,5,6,4911,3,0,0,0,0,0,97,6,68,104,144,65,55,76,104.6,4.8,2,37,24.3,1239,885,58.3,2.7,904,604,59.9,1.5,Defense,331.6,276,276,3,68
941,Ethan Bouchard,LD,0,TBB,68,66,85603,10,25,35,-37,44,5,13,18,11059,0,0,0,4098,1,1,0,0,0,0,84,13,57,124,159,65,59,71,97.9,2.5,3.9,31.1,38.7,955,1174,44.9,1.3,726,889,45,1.7,Defense,307.9,262,262,4,68
1973,Luc Blouin,LD,0,PHI,68,66,93657,17,54,71,37,28,5,21,26,14492,1,6,7,11257,2,0,0,0,0,0,111,11,60,128,206,72,69,75,102.4,4.2,2.2,37.6,25.2,1139,820,58.1,1.4,848,553,60.5,4.6,Defense,451.40000000000003,260,260,5,68
806,Michael Withecheck,RD,0,ATL,68,66,84098,14,24,38,33,30,1,1,2,3947,0,5,5,6382,6,0,0,0,0,0,74,11,40,151,169,66,60,73,102.4,3.5,2.1,34.6,27.6,1178,941,55.6,0.8,850,668,56,1.4,Defense,344.2,259,259,6,68
2488,San-sam Emerson,LD,0,PHI,68,66,85426,6,22,28,-2,44,1,4,5,4308,0,3,3,11583,0,1,0,0,0,0,75,10,65,64,142,62,55,70,96.1,2.7,3.2,36.7,28.7,1128,858,56.8,-0.7,829,657,55.8,-2.5,Defense,220.2,259,259,7,68
889,Matej Winters,RD,0,BAP,68,66,86867,7,21,28,-35,42,5,8,13,15622,1,1,2,5866,2,0,0,0,0,0,88,8,59,128,130,65,59,71,98.7,2.1,3.6,25.6,36.9,754,1073,41.3,-1.1,545,780,41.1,-1.1,Defense,280.4,257,257,8,68
2251,Jonathon Hagan,RD,0,MTL,68,66,91298,13,35,48,19,48,5,10,15,12272,1,1,2,6909,3,0,0,0,0,0,64,12,64,153,167,67,61,75,100.1,4.1,3.2,35.7,28.6,1198,954,55.7,1.8,873,676,56.4,2.6,Defense,370.4,257,257,9,68
2630,Rand al'Thor,RD,0,EDM,68,66,86888,20,15,35,-20,38,6,10,16,9239,0,1,1,2006,4,0,0,0,0,0,69,6,67,53,209,63,59,68,99.3,2.2,3,25.4,32.1,886,968,47.8,0,625,780,44.5,-2.1,Defense,263,257,257,10,68
1970,Salzberger Lillehammersson,RW,0,ATL,69,66,83250,33,58,91,32,62,8,18,26,11538,4,2,6,3934,8,219,60,0,0,0,132,50,39,33,257,79,86,66,99.5,4.4,2.8,42.7,25.5,1263,806,61,5.1,920,564,62,4,Forward,455.70000000000005,632,632,1,69
299,Chimkin Wing,RW,0,BUF,69,66,78476,32,59,91,31,34,5,13,18,14128,1,0,1,458,3,18,5,0,0,0,136,44,34,38,209,78,83,66,101.1,4.8,2.8,44.6,29,1288,811,61.4,5.6,946,595,61.4,4,Forward,444.90000000000003,615,615,2,69
1261,Liam Slate,RW,0,SEA,69,66,71518,17,40,57,23,20,0,2,2,2476,0,0,0,350,1,65,17,0,0,0,132,46,36,30,109,78,80,70,100.5,3.6,2.3,33.1,21.6,1037,696,59.8,-0.5,737,478,60.7,-2,Forward,291.5,596,596,3,69
2598,Yannick Svoboda,RW,0,LAP,69,66,88892,25,40,65,-18,30,1,13,14,12264,0,0,0,380,1,99,30,0,0,0,157,59,52,29,167,77,83,65,99.2,3,3.5,29.5,31.7,1003,1025,49.5,7.9,725,799,47.6,9.6,Forward,350.3,588,588,4,69
1170,Steve Harrington,LW,0,BUF,69,66,71304,24,35,59,21,28,1,6,7,3643,0,0,0,787,4,38,13,0,0,0,129,46,39,22,202,73,78,62,100.3,3.6,2.4,42.2,29.2,1187,895,57,-0.9,905,627,59.1,0.5,Forward,326.40000000000003,587,587,5,69
1428,Vaseline Podcalzone,LW,0,SEA,69,66,83051,29,50,79,34,42,11,19,30,11715,1,0,1,3152,3,190,61,0,0,0,151,71,55,35,173,83,82,78,101.8,3.6,1.6,34.8,18.9,1068,693,60.6,0.7,766,436,63.7,2.5,Forward,399.29999999999995,582,582,6,69
2152,Gonzo Gobbledygook,LW,0,WPG,69,66,87343,41,59,100,44,48,13,16,29,11342,6,3,9,9360,5,41,16,0,0,0,159,58,47,41,229,88,89,80,102,4.3,2.2,37.7,23.1,1117,723,60.7,-1.5,803,501,61.6,-2.5,Forward,497.90000000000003,574,574,7,69
1269,Theo Kondos,RW,0,CHI,69,66,76687,16,41,57,32,24,1,1,2,3409,1,0,1,575,3,64,23,0,0,0,110,56,28,47,143,73,73,67,101.8,3.9,2.3,35.6,25.2,1200,900,57.1,1.9,851,595,58.9,2.9,Forward,302.09999999999997,567,567,8,69
1402,Lemo Pihl,LW,0,PHI,69,66,77657,25,52,77,46,34,1,5,6,5423,2,2,4,2652,4,56,19,0,0,0,134,66,35,25,201,79,82,69,101.4,4.8,2.5,42.8,25.6,1293,794,62,2.7,961,569,62.8,3.2,Forward,384.90000000000003,562,562,9,69
1506,William Salming,RW,0,SEA,69,66,76522,18,37,55,52,22,1,4,5,2951,2,3,5,9846,1,19,6,0,0,0,133,54,61,53,134,76,74,75,104.6,4.1,1.4,34,18.3,1003,627,61.5,1.9,710,388,64.7,3.8,Forward,308.2,562,562,10,69
1973,Luc Blouin,LD,0,PHI,69,66,88233,12,38,50,25,54,3,15,18,13434,1,2,3,4835,1,0,0,0,0,0,108,19,54,106,228,70,65,75,100.5,3.7,2.1,42.3,25.4,1284,828,60.8,0.9,955,587,61.9,1.9,Defense,369,368,368,1,69
941,Ethan Bouchard,LD,0,TBB,69,66,90827,6,24,30,-17,41,0,9,9,10641,1,2,3,3169,1,0,0,0,0,0,102,8,74,86,152,67,63,70,100.2,2.6,3.2,29.3,36.9,1011,1194,45.9,1.7,739,924,44.4,1.7,Defense,259.8,364,364,2,69
737,Zak Wilson,RD,0,MTL,69,66,88066,8,26,34,29,38,3,2,5,5245,0,3,3,7882,0,0,0,0,0,0,77,12,57,116,141,64,55,74,101.9,3.4,2.3,34.3,28.2,1202,986,54.9,-1,854,690,55.3,-2.4,Defense,287.5,360,360,3,69
2486,Jay O'Neil,RD,0,WPG,69,66,84225,12,22,34,52,40,2,0,2,2455,0,3,3,6126,4,0,0,0,0,0,84,7,62,91,207,64,57,69,100.5,4.5,2.4,38.7,22,1309,784,62.5,1.3,928,536,63.4,0.2,Defense,291.6,360,360,4,69
2488,San-sam Emerson,LD,0,PHI,69,66,84156,8,19,27,24,46,0,1,1,3389,0,6,6,9549,0,0,0,0,0,0,87,18,55,65,177,62,54,71,98.6,3.5,2.6,42.2,27.1,1299,858,60.2,0,952,640,59.8,-1.3,Defense,235.4,346,346,5,69
2166,Hans Graf,RD,0,PHI,69,66,87876,21,39,60,26,38,8,16,24,13888,1,3,4,4022,2,0,0,0,0,0,106,8,48,109,255,69,66,72,99.7,4.1,2.5,42.9,25.9,1244,856,59.2,-1.5,937,599,61,0.5,Defense,418,345,345,6,69
1951,Gregory Goode,RD,0,BAP,69,66,87273,7,14,21,-60,32,4,10,14,14776,0,0,0,1911,1,1,1,0,0,0,76,5,52,116,137,63,58,69,95.4,1.3,3.8,21.6,36.4,695,1089,39,-0.4,501,826,37.8,-0.3,Defense,245.9,327,327,7,69
806,Michael Withecheck,RD,0,ATL,69,66,84059,12,37,49,47,40,1,3,4,3148,0,5,5,5774,0,0,0,0,0,0,66,9,54,125,185,65,59,71,101.2,4.6,2.7,39.8,26.6,1324,911,59.2,2.5,966,649,59.8,0.7,Defense,353.4,325,325,8,69
889,Matej Winters,RD,0,BAP,69,66,77868,4,9,13,-48,24,1,0,1,4181,0,0,0,1995,0,0,0,0,0,0,59,5,39,80,78,59,55,59,97.1,1.9,4.3,22.2,37.7,745,1171,38.9,-0.5,534,874,37.9,0,Defense,162,316,316,9,69
2630,Rand al'Thor,RD,0,EDM,69,66,88041,17,35,52,-6,34,12,13,25,11695,1,2,3,3018,2,0,0,0,0,0,56,10,62,49,258,63,59,67,97.7,3.2,3.6,34.1,30.2,1095,885,55.3,1.6,808,717,53,0.4,Defense,316.9,313,313,10,69
299,Chimkin Wing,RW,0,BUF,70,66,80346,12,64,76,31,26,1,18,19,13933,0,0,0,661,2,45,14,0,0,0,178,32,41,26,186,78,83,68,101.7,4.5,2.6,43.6,29.6,1238,885,58.3,3.5,931,646,59,3.2,Forward,382.6,793,793,1,70
1970,Salzberger Lillehammersson,RW,0,ATL,70,66,79838,36,53,89,35,46,10,17,27,13371,3,1,4,3227,8,169,49,0,0,0,158,73,36,35,210,78,84,67,102.1,5.1,2.9,41.7,28.5,1175,830,58.6,0.8,871,592,59.5,-0.3,Forward,450.2,790,790,2,70
2598,Yannick Svoboda,RW,0,LAP,70,66,91438,35,29,64,-53,44,9,10,19,11149,0,0,0,1072,1,68,9,0,0,0,182,63,43,47,268,76,79,68,94.4,2.9,5,37.7,38,1372,1304,51.3,7.9,989,1008,49.5,7.9,Forward,408.4,770,770,3,70
1170,Steve Harrington,LW,0,BUF,70,66,73279,22,37,59,8,38,1,1,2,3135,0,0,0,725,0,71,20,0,0,0,157,63,31,8,198,72,78,58,98.6,4.1,3.6,41.6,32.4,1294,974,57.1,1.7,946,718,56.9,-0.1,Forward,326,744,744,4,70
1428,Vaseline Podcalzone,LW,0,SEA,70,66,85497,15,59,74,19,36,7,22,29,12091,1,1,2,3349,5,205,55,0,0,0,162,60,48,54,176,84,85,79,101.1,3.2,2.2,33.3,26.2,1055,838,55.7,-0.5,770,592,56.5,-0.5,Forward,387,744,744,5,70
1402,Lemo Pihl,LW,0,PHI,70,66,76207,29,49,78,57,44,0,2,2,4225,3,5,8,4783,4,81,28,0,0,0,170,49,46,32,264,81,82,74,103.5,5.1,2.4,43.5,29.5,1266,881,59,-1.3,942,646,59.3,-2.1,Forward,429.4,732,732,6,70
1082,Melvin Majestik-Moose,RW,0,CHI,70,66,84551,22,39,61,0,20,6,10,16,11710,0,2,2,2589,6,124,50,0,0,0,168,50,41,44,171,80,86,67,99.2,3.5,3.2,33.7,29,1101,904,54.9,2,780,655,54.4,1.2,Forward,349.9,722,722,7,70
1506,William Salming,RW,0,SEA,70,66,77548,14,28,42,12,36,0,1,1,2508,3,1,4,9315,1,29,9,0,0,0,153,42,40,38,118,74,74,70,100.4,3.1,2.5,30.9,26.5,962,791,54.9,-1.8,665,554,54.6,-3.3,Forward,259.40000000000003,715,715,8,70
1316,Igor Victory,LW,0,PHI,70,66,72961,24,46,70,46,46,0,0,0,364,6,5,11,11316,3,57,14,0,0,0,167,56,32,65,240,82,83,75,101.8,4.6,2.5,44.1,29.4,1192,838,58.7,-1.6,879,583,60.1,-0.9,Forward,411.8,712,712,9,70
1261,Liam Slate,LW,0,SFP,70,66,82209,10,30,40,-29,57,0,1,1,4445,0,0,0,7603,0,223,55,1,1,0,113,61,38,52,141,69,66,69,98,2.6,3.7,30.8,36,972,1183,45.1,-1.3,712,833,46.1,0,Forward,248.7,709,709,10,70
941,Ethan Bouchard,LD,0,TBB,70,66,90379,9,16,25,-50,52,4,3,7,12393,0,0,0,2438,0,0,0,0,0,0,100,12,51,104,157,65,62,68,97,2.3,4.1,30.4,39,1056,1343,44,2.9,754,958,44,4.2,Defense,264.7,464,464,1,70
2486,Jay O'Neil,RD,0,WPG,70,66,93958,19,47,66,57,36,11,15,26,13344,0,3,3,11608,4,0,0,0,0,0,97,11,82,123,225,68,58,79,101.7,5,2.3,42.8,23.5,1326,791,62.6,4.1,972,537,64.4,3.2,Defense,434,457,457,2,70
2488,San-sam Emerson,LD,0,PHI,70,66,87406,18,52,70,64,58,11,16,27,17683,0,4,4,4959,0,1,0,0,0,0,105,15,77,137,238,73,67,79,104.6,5.4,1.9,44.7,26.1,1264,814,60.8,1.5,944,556,62.9,3.3,Defense,464.7,451,451,3,70
1973,Luc Blouin,RD,0,PHI,70,66,81421,9,37,46,51,28,2,3,5,4747,0,7,7,6394,0,0,0,0,0,0,75,3,41,115,154,68,63,72,102.2,4.9,2.7,44.8,30.8,1340,924,59.2,-1,1010,692,59.3,-2.2,Defense,326.7,443,443,4,70
2166,Hans Graf,RD,0,PHI,70,66,94149,25,50,75,37,36,16,20,36,17376,0,6,6,12161,5,1,1,0,0,0,90,17,56,158,257,71,63,80,101.9,4.6,2.5,45.9,30.7,1283,925,58.1,-2.6,961,665,59.1,-2.5,Defense,505.30000000000007,435,435,5,70
737,Zak Wilson,RD,0,MTL,70,66,82576,5,30,35,42,36,0,3,3,4743,0,4,4,8931,0,0,0,0,0,0,73,11,59,100,145,63,55,73,103.3,4.5,2.5,39.2,30.7,1184,973,54.9,0.8,857,698,55.1,-0.1,Defense,272.7,433,433,6,70
2370,Borje Samuelsson,LD,0,NEW,70,66,82278,9,25,34,35,38,0,1,1,4673,0,2,2,3989,3,0,0,1,0,1,110,10,49,54,174,66,63,67,101.1,4.7,3.2,40.6,30.2,1311,1062,55.2,3.1,983,738,57.1,2.1,Defense,255.79999999999998,411,411,7,70
806,Michael Withecheck,RD,0,ATL,70,66,83756,11,32,43,41,34,4,4,8,4320,1,5,6,7427,1,0,0,0,0,0,85,14,65,143,183,67,62,72,101.1,4.5,2.9,40,28.1,1254,963,56.6,-2.4,951,659,59.1,-1,Defense,357.6,410,410,8,70
1951,Gregory Goode,RD,0,BAP,70,66,80527,3,10,13,-46,25,1,2,3,7686,0,1,1,2367,1,0,0,1,0,1,78,6,47,38,118,59,57,59,96.8,2.4,4.5,29.4,40,943,1150,45.1,-0.3,676,932,42,-1.8,Defense,142.8,405,405,9,70
1143,Angus McFife XVIII,RD,0,ATL,70,66,94021,18,48,66,53,42,8,13,21,12938,0,4,4,11538,4,0,0,0,0,0,90,13,54,141,261,69,62,76,103.3,4.9,2.1,42.9,26.5,1294,854,60.2,3.3,970,599,61.8,3.3,Defense,457.20000000000005,399,399,10,70
2598,Yannick Svoboda,RW,0,LAP,71,66,92647,36,43,79,-14,32,6,15,21,12010,0,1,1,3486,3,63,18,0,0,0,197,71,42,34,282,79,86,64,97.2,3.6,3.9,40.6,33,1458,1079,57.5,7.1,1035,839,55.2,6.5,Forward,456.8,967,967,1,71
299,Chimkin Wing,RW,0,BUF,71,66,76506,23,38,61,22,26,1,3,4,3639,0,0,0,428,2,40,15,0,0,0,152,59,45,34,217,76,82,64,101.6,3.7,2.4,38.9,30.8,1295,1010,56.2,-0.9,947,732,56.4,-1.1,Forward,352.3,945,945,2,71
1970,Salzberger Lillehammersson,RW,0,ATL,71,66,79198,18,41,59,8,22,0,1,1,4077,0,3,3,4022,1,251,80,0,0,0,135,61,33,40,229,73,76,63,97.3,3.5,3.1,40.9,27.9,1291,915,58.5,1,952,639,59.8,0.5,Forward,341.7,925,925,3,71
1402,Lemo Pihl,LW,0,PHI,71,66,74057,22,52,74,31,37,1,7,8,3679,2,3,5,4026,5,35,6,0,0,0,176,52,31,25,201,79,81,68,100.5,4.8,3.2,44.1,31.1,1258,891,58.5,-2.5,948,668,58.7,-2.7,Forward,389.70000000000005,908,908,4,71
1428,Vaseline Podcalzone,LW,0,SEA,71,66,89602,25,36,61,3,62,4,12,16,12143,2,1,3,3953,1,229,64,0,0,0,150,65,39,37,183,83,85,75,99,2.8,2.5,31.8,26,1062,870,55,6.2,758,625,54.8,5.9,Forward,345.09999999999997,894,894,5,71
1506,William Salming,RW,0,SEA,71,66,89855,14,52,66,0,42,1,17,18,11392,2,2,4,9261,0,300,75,0,0,0,160,49,42,48,122,77,76,75,98.7,3.1,3.2,30.7,28.2,986,874,53,3.1,701,631,52.6,2.5,Forward,341.40000000000003,875,875,6,71
1082,Melvin Majestik-Moose,RW,0,CHI,71,66,88086,28,38,66,-8,66,6,11,17,12671,3,2,5,3332,2,192,60,0,0,0,150,64,43,48,240,79,86,65,97.7,3.4,3.5,35.4,29.3,1182,1009,53.9,2.1,830,691,54.6,2.1,Forward,386.8,872,872,7,71
1316,Igor Victory,LW,0,PHI,71,66,70464,43,40,83,58,20,1,0,1,320,3,3,6,4631,4,176,61,0,0,0,158,45,36,33,232,77,81,66,102.1,5.4,2.6,45.3,26.7,1334,844,61.2,1.6,966,587,62.2,2.6,Forward,444.6,870,870,8,71
1170,Steve Harrington,LW,0,BUF,71,66,71381,21,32,53,32,30,0,0,0,3806,2,1,3,1964,5,31,11,0,0,0,121,39,27,6,172,68,67,64,102.6,4.1,2.4,39.9,31.1,1211,917,56.9,0.2,880,679,56.4,-1,Forward,283.6,865,865,9,71
2404,Petr Svoboda,LW,0,NEW,71,66,81318,47,43,90,55,36,10,11,21,12725,1,0,1,1003,11,58,36,0,0,0,180,54,42,26,268,82,88,69,104.2,5.2,1.9,44.4,24.6,1295,806,61.6,3.3,976,552,63.9,3.8,Forward,485,846,846,10,71
2486,Jay O'Neil,RD,0,WPG,71,66,91629,18,47,65,32,50,13,24,37,15280,0,5,5,10524,5,0,0,0,0,0,107,17,95,126,257,68,57,80,100.2,4.4,3,39.8,27.5,1180,842,58.4,0.8,862,569,60.2,1,Defense,446.30000000000007,564,564,1,71
2488,San-sam Emerson,LD,0,PHI,71,66,88692,23,49,72,40,52,13,15,28,15442,0,5,5,4965,3,0,0,0,0,0,80,13,67,128,262,71,67,75,101.4,5.2,2.7,47,27.6,1394,871,61.5,2.1,1038,622,62.5,3.2,Defense,464.8,531,531,2,71
941,Ethan Bouchard,LD,0,TBB,71,66,93949,5,21,26,-44,36,3,4,7,14616,0,0,0,7427,0,0,0,0,0,0,54,15,74,109,161,63,57,69,99.3,3,4.4,31.1,42.2,996,1251,44.3,1.5,737,979,42.9,1.3,Defense,251,518,518,3,71
1973,Luc Blouin,RD,0,PHI,71,66,77738,11,35,46,44,30,2,4,6,3812,1,4,5,5835,2,0,0,0,0,0,72,7,36,125,158,65,59,70,100.6,4.9,3,44.4,29.1,1332,895,59.8,-0.6,988,657,60.1,-0.6,Defense,337.70000000000005,515,515,4,71
2166,Hans Graf,RD,0,PHI,71,66,84960,9,35,44,49,38,2,2,4,3659,1,2,3,11504,1,0,0,0,0,0,70,9,53,115,150,66,59,72,102.6,5.2,2.8,44.2,30.2,1359,912,59.8,-0.5,1013,694,59.3,-1.7,Defense,317.5,505,505,5,71
1143,Angus McFife XVIII,RD,0,ATL,71,66,95212,10,35,45,13,46,3,14,17,13727,0,3,3,10341,1,0,0,0,0,0,96,9,54,139,222,69,63,76,100.3,3.1,2.2,39.1,29.4,1229,955,56.3,-2.5,907,674,57.4,-3.2,Defense,375.1,495,495,6,71
737,Zak Wilson,RD,0,MTL,71,66,82396,8,27,35,53,36,1,0,1,3301,0,4,4,8612,0,0,0,0,0,0,59,8,34,107,114,62,54,71,105.2,4.6,2.2,35.6,28.8,1123,970,53.7,0.2,827,677,55,0.2,Defense,267.09999999999997,492,492,7,71
2370,Borje Samuelsson,RD,0,NEW,71,66,88126,22,59,81,60,30,5,18,23,12917,1,0,1,4500,3,0,0,0,0,0,79,8,56,53,300,69,68,67,104.1,5.6,2.2,44.9,26.8,1382,860,61.6,3.4,1037,618,62.7,2,Defense,434.3,490,490,8,71
2228,Marcel Beck,RD,0,WPG,71,66,83670,3,36,39,43,48,0,3,3,3517,0,4,4,7412,1,0,0,0,0,0,102,12,68,104,205,65,55,75,101.2,4,2.5,40.9,28.9,1331,963,58,0.3,964,676,58.8,-1.3,Defense,315.90000000000003,484,484,9,71
806,Michael Withecheck,RD,0,ATL,71,66,82595,4,27,31,18,32,1,1,2,4626,0,3,3,6483,1,0,0,0,0,0,66,10,43,105,175,63,58,68,97.8,3.6,2.9,42.7,27.6,1345,884,60.3,3.8,1001,629,61.4,3,Defense,270.4,476,476,10,71
2598,Yannick Svoboda,RW,0,LAP,72,66,90705,30,46,76,19,54,4,14,18,13696,1,0,1,4219,3,129,35,0,0,0,156,72,42,45,310,79,83,69,101.4,4,2.5,41.7,30.7,1368,1042,56.8,3.1,991,750,56.9,4.8,Forward,440.4,1123,1123,1,72
1970,Salzberger Lillehammersson,RW,0,ATL,72,66,78594,34,37,71,21,62,3,4,7,4858,7,0,7,4566,4,294,99,0,0,0,151,59,40,45,258,77,83,64,98.8,3.7,2.9,42.4,29.5,1310,944,58.1,0.4,957,659,59.2,0.3,Forward,411.79999999999995,1076,1076,2,72
299,Chimkin Wing,RW,0,BUF,72,66,73517,22,33,55,0,34,1,2,3,5013,1,0,1,2307,5,73,27,0,0,0,120,48,36,41,189,73,77,63,99.6,3.5,3.4,38.8,35.3,1141,1019,52.8,-2.1,852,753,53.1,-1.6,Forward,316.3,1065,1065,3,72
1402,Lemo Pihl,LW,0,PHI,72,66,71892,19,32,51,35,18,0,0,0,299,4,6,10,14555,1,30,10,0,0,0,145,62,36,35,194,79,81,71,99.9,4.2,2.7,43.7,27.5,1207,730,62.3,3.3,838,508,62.3,2.6,Forward,309.2,1053,1053,4,72
1082,Melvin Majestik-Moose,RW,0,CHI,72,66,87900,37,64,101,30,53,17,18,35,16355,0,2,2,3733,6,223,59,0,0,0,176,70,44,43,224,81,86,71,103.2,4.6,2.8,39.8,33.9,1242,1016,55,0.1,881,725,54.9,0,Forward,503.40000000000003,1048,1048,5,72
1578,Ty Murphy,RW,0,BUF,72,66,81332,37,64,101,33,48,6,22,28,16197,0,1,1,862,5,34,9,0,0,0,183,59,39,17,246,81,84,71,103.1,5,2.7,45.1,33.8,1292,947,57.7,5.3,950,708,57.3,4.7,Forward,497.2,1017,1017,6,72
1316,Igor Victory,LW,0,PHI,72,66,67146,29,37,66,44,32,0,0,0,475,1,2,3,4248,4,59,18,0,0,0,139,56,40,37,210,77,78,71,102,4.7,2.4,44.6,27.9,1246,856,59.3,-1.1,899,591,60.3,-0.1,Forward,367.8,1009,1009,7,72
2404,Petr Svoboda,LW,0,NEW,72,66,79793,36,55,91,12,51,17,23,40,19754,0,0,0,1502,5,78,40,0,0,0,158,60,41,31,259,79,83,70,99.4,4.4,3.1,46.1,30.8,1156,844,57.8,-1.1,859,601,58.8,-1.9,Forward,468.5,1004,1004,8,72
1506,William Salming,RW,0,SEA,72,66,86603,26,44,70,-30,49,7,13,20,9868,2,0,2,2722,4,169,49,0,0,0,121,56,52,53,160,74,74,70,98.2,2.8,4.1,27.6,34.3,984,1180,45.5,4,694,826,45.7,5,Forward,364.2,996,996,9,72
1170,Steve Harrington,LW,0,BUF,72,66,63606,16,28,44,17,40,0,0,0,197,3,1,4,5014,2,60,20,0,0,0,118,57,26,9,133,67,67,63,102.4,3.9,3,36.7,36.7,974,935,51,-4.5,697,702,49.8,-6.1,Forward,240.50000000000003,983,983,10,72
2486,Jay O'Neil,RD,0,WPG,72,66,97972,26,46,72,34,52,17,18,35,17371,0,4,4,11664,2,0,0,0,0,0,88,9,66,194,241,72,64,81,99.6,4.5,2.8,43.2,25.5,1361,879,60.8,-1.3,992,585,62.9,0.2,Defense,524.1,652,652,1,72
2488,San-sam Emerson,LD,0,PHI,72,66,91061,23,41,64,23,60,16,13,29,16773,0,2,2,6083,2,0,0,1,0,1,94,18,83,136,293,72,67,79,99.3,3.8,2.5,44.5,27.6,1363,891,60.5,0.7,1017,617,62.2,2.8,Defense,462.9,625,625,2,72
1143,Angus McFife XVIII,RD,0,ATL,72,66,93954,16,31,47,8,46,8,9,17,15506,1,6,7,12076,1,0,0,0,0,0,109,15,57,133,264,70,66,75,98.3,3.1,2.5,43.7,28.4,1297,883,59.5,2.4,946,615,60.6,2.3,Defense,399.5,604,604,3,72
1973,Luc Blouin,RD,0,PHI,72,66,77380,7,24,31,34,54,1,1,2,5508,0,2,2,6022,0,0,0,0,0,0,60,13,43,122,158,63,57,70,99.2,4.9,3.2,46.9,28.9,1360,896,60.3,0.4,991,643,60.6,0.4,Defense,281.2,575,575,4,72
941,Ethan Bouchard,LD,0,TBB,72,66,93321,7,25,32,-22,48,2,8,10,13944,0,2,2,8699,1,0,0,0,0,0,50,9,81,131,148,64,58,72,100.5,3.5,4.4,32.3,43,1024,1300,44.1,-0.4,759,993,43.3,-0.1,Defense,285.3,568,568,5,72
2370,Borje Samuelsson,LD,0,NEW,72,66,82055,26,42,68,26,53,19,19,38,19757,0,1,1,1865,3,0,0,0,0,0,74,10,64,22,255,67,66,66,101.4,5,2.9,47.1,31.8,1176,793,59.7,1.8,906,642,58.5,-2.4,Defense,355.90000000000003,564,564,6,72
2166,Hans Graf,RD,0,PHI,72,66,79777,9,29,38,45,32,3,0,3,1369,0,5,5,13971,2,3,0,0,0,0,56,10,41,165,164,66,58,75,101.6,4.9,2.9,43.9,30.2,1281,884,59.2,-1.3,926,642,59.1,-2,Defense,343.1,561,561,7,72
2228,Marcel Beck,RD,0,WPG,72,66,88107,11,29,40,49,42,1,1,2,4557,0,4,4,11796,1,0,0,0,0,0,73,9,80,109,161,65,55,75,100.3,4.9,2.5,45.3,23.6,1434,829,63.4,2.8,1060,567,65.2,3.7,Defense,306.6,557,557,8,72
737,Zak Wilson,RD,0,MTL,72,66,73812,5,22,27,20,39,0,0,0,619,0,0,0,10250,3,0,0,0,0,0,57,4,31,100,104,61,54,69,101,4.1,3.1,37.1,31.1,1051,951,52.5,-1.4,761,670,53.2,-0.7,Defense,230,549,549,9,72
806,Michael Withecheck,RD,0,ATL,72,66,70536,7,28,35,26,36,1,0,1,634,0,4,4,7541,2,0,0,0,0,0,69,9,30,98,139,61,57,66,99.2,3.9,3.1,41.6,30.4,1177,919,56.2,-2.6,857,624,57.9,-1.8,Defense,269.5,545,545,10,72
2598,Yannick Svoboda,RW,0,LAP,73,66,84637,34,46,80,0,40,5,9,14,13779,5,1,6,3956,3,32,9,0,0,0,126,62,50,32,321,78,81,70,98.9,4.4,4.3,42.3,37.5,1270,1099,53.6,3.1,915,843,52,3.1,Forward,439.90000000000003,1249,1249,1,73
1082,Melvin Majestik-Moose,RW,0,CHI,73,66,88059,25,49,74,-12,36,10,18,28,15784,0,1,1,3151,1,167,52,0,0,0,164,64,59,49,243,79,84,69,97.9,3.3,3.6,40.2,34.7,1235,1099,52.9,0.3,916,769,54.4,2.1,Forward,414.9,1212,1212,2,73
1970,Salzberger Lillehammersson,LW,0,ATL,73,66,75813,34,55,89,46,30,0,0,0,785,3,1,4,4379,5,195,64,0,0,0,121,51,31,48,273,76,78,67,102.4,5.6,3.3,46.3,33.9,1414,1097,56.3,0.2,1061,777,57.7,1.1,Forward,460.09999999999997,1197,1197,3,73
299,Chimkin Wing,LW,0,BUF,73,66,70528,17,39,56,21,20,0,2,2,2285,0,2,2,1331,2,27,10,0,0,0,129,55,22,28,194,72,77,60,100.6,4,2.9,42.4,31.9,1247,1025,54.9,-1.1,931,707,56.8,0.5,Forward,311.6,1194,1194,4,73
1578,Ty Murphy,RW,0,BUF,73,66,81795,35,44,79,25,41,7,7,14,13339,0,1,1,1394,9,40,18,0,0,0,158,41,39,21,222,79,85,67,101.3,4.6,3.1,44.6,33.7,1367,996,57.9,3.3,979,722,57.6,1.6,Forward,414.40000000000003,1175,1175,5,73
1402,Lemo Pihl,RW,0,PHI,73,66,63781,19,48,67,51,30,0,0,0,462,0,1,1,1143,3,33,14,0,0,0,113,44,25,31,150,68,67,64,104.5,5.4,2.5,43.9,32,1191,905,56.8,-3.2,887,658,57.4,-3.5,Forward,328.8,1166,1166,6,73
2404,Petr Svoboda,LW,0,NEW,73,66,79938,37,76,113,53,56,11,28,39,15881,1,0,1,836,7,50,17,0,0,0,141,55,40,29,253,80,85,69,104,5.8,2.5,46.4,29.6,1263,878,59,1.1,948,617,60.6,1.8,Forward,525.6999999999999,1145,1145,7,73
1170,Steve Harrington,RW,0,TOR,73,66,84586,26,42,68,-18,36,3,3,6,5269,2,0,2,10161,2,211,57,0,0,0,125,73,39,19,155,75,77,66,102.5,3.9,4.6,29.8,43.5,964,1322,42.2,1.1,679,984,40.8,-0.4,Forward,337.9,1108,1108,8,73
1506,William Salming,RW,0,SEA,73,66,83997,12,37,49,-41,18,2,1,3,3806,1,1,2,3398,1,111,37,0,0,0,88,59,31,65,153,70,72,63,97.6,2.6,4.3,28.7,38,1019,1339,43.2,5.6,730,963,43.1,7.1,Forward,279.1,1084,1084,9,73
2154,Greyson Cooper,LW,0,BUF,73,66,73841,32,35,67,23,26,0,2,2,3203,1,2,3,854,5,62,17,0,0,0,145,57,25,23,222,73,78,61,101.1,4.2,3,41.4,33,1364,1053,56.4,1.2,967,742,56.6,0.2,Forward,371.40000000000003,1083,1083,10,73
2486,Jay O'Neil,RD,0,WPG,73,66,93553,19,44,63,20,59,13,15,28,14238,0,4,4,10922,0,0,0,0,0,0,109,11,75,90,213,66,57,77,99.4,3.8,2.6,43.2,27.4,1289,907,58.7,-0.2,958,618,60.8,1.5,Defense,396.5,761,761,1,73
2488,San-sam Emerson,LD,0,PHI,73,66,87691,20,50,70,63,44,13,21,34,15485,0,3,3,5973,4,0,0,0,0,0,93,6,79,127,198,72,67,76,105.1,5.8,2.1,48.4,31,1400,911,60.6,2.3,1048,674,60.9,1.6,Defense,440.9,718,718,2,73
1143,Angus McFife XVIII,RD,0,ATL,73,66,90593,14,30,44,20,40,5,7,12,13887,0,2,2,10057,0,0,0,0,0,0,78,8,53,146,176,68,64,73,101.2,4.8,3.5,42.7,34.9,1280,1032,55.4,-1.2,943,763,55.3,-2.6,Defense,361.4,682,682,3,73
2370,Borje Samuelsson,RD,0,NEW,73,66,74146,11,47,58,48,42,6,22,28,15398,0,1,1,1433,1,0,0,0,0,0,70,8,38,13,184,64,63,64,106.3,5.3,2.1,43.3,34.6,1103,807,57.7,-0.7,807,649,55.4,-5.6,Defense,279.9,634,634,4,73
1973,Luc Blouin,RD,0,PHI,73,66,73131,6,28,34,30,34,0,0,0,914,0,2,2,5544,0,0,0,0,0,0,58,6,29,103,119,62,57,66,100.8,4.4,3,43.5,32.1,1304,991,56.8,-3.4,968,725,57.2,-4,Defense,259.59999999999997,633,633,5,73
2228,Marcel Beck,RD,0,WPG,73,66,81835,11,30,41,72,54,4,1,5,4502,1,3,4,7065,5,0,0,1,0,1,74,7,41,141,141,66,59,73,104.4,5.9,2.5,44.5,27.9,1369,932,59.5,1.1,1015,652,60.9,1.8,Defense,332.8,631,631,6,73
941,Ethan Bouchard,LD,0,TBB,73,66,65738,4,14,18,-30,30,0,0,0,695,1,0,1,5024,2,0,0,0,0,0,58,15,43,108,78,60,54,66,98.1,3.1,5,36.4,47.4,979,1134,46.3,-2.5,709,907,43.9,-4.2,Defense,201.8,626,626,7,73
2166,Hans Graf,LD,0,PHI,73,66,72536,9,21,30,40,24,0,0,0,592,2,1,3,5442,3,0,0,0,0,0,59,9,65,72,96,61,54,68,101.2,4.6,2.9,43.3,30.9,1274,953,57.2,-2.8,957,688,58.2,-2.4,Defense,216.2,620,620,8,73
732,Sven Svechnikov,RD,0,NEW,73,66,80264,7,27,34,48,30,0,4,4,2573,0,1,1,8218,0,1,1,0,0,0,68,5,56,109,109,63,55,70,101.7,5.2,2.9,44.5,29.1,1378,954,59.1,1.3,1012,678,59.9,0.8,Defense,267,606,606,9,73
806,Michael Withecheck,RD,0,ATL,73,66,72398,4,21,25,39,18,0,0,0,357,0,4,4,7513,0,0,0,0,0,0,56,7,33,119,108,62,56,68,101.4,4.9,3.1,46.6,34.6,1310,979,57.2,1.5,968,730,57,0,Defense,240.90000000000003,601,601,10,73
2598,Yannick Svoboda,RW,0,LAP,74,66,75857,35,36,71,39,40,3,2,5,3968,2,4,6,4741,6,30,8,0,0,0,147,59,51,30,251,76,82,63,103.2,5,3.3,41.9,37.5,1277,1061,54.6,2.6,927,824,52.9,2.9,Forward,400.1,1396,1396,1,74
1082,Melvin Majestik-Moose,RW,0,CHI,74,66,85240,28,57,85,1,61,10,19,29,16544,0,1,1,1486,1,165,51,1,0,1,147,74,40,63,211,76,72,77,100.8,4,3.4,39.5,36.4,1172,1077,52.1,0.8,849,787,51.9,0.8,Forward,442.90000000000003,1359,1359,2,74
299,Chimkin Wing,LW,0,BUF,74,66,66006,29,38,67,28,20,0,1,1,224,1,1,2,548,3,50,19,0,0,0,134,45,32,10,200,68,65,65,102.1,4.5,3,42.2,35.7,1249,995,55.7,0.1,910,750,54.8,-1.6,Forward,349.6,1328,1328,3,74
1970,Salzberger Lillehammersson,LW,0,ATL,74,66,75340,24,51,75,43,14,0,0,0,1053,0,3,3,3660,3,200,61,0,0,0,102,48,32,57,218,76,78,68,102.5,5,3,46.6,35.3,1418,1102,56.3,1.8,1071,825,56.5,0.7,Forward,389.4,1299,1299,4,74
1578,Ty Murphy,LW,0,TEX,74,66,77988,23,43,66,28,20,0,2,2,3352,1,1,2,1089,3,64,20,0,0,0,122,62,37,58,219,74,77,64,100.4,4.3,2.9,42.3,30.5,1353,1183,53.4,-0.2,996,737,57.5,-0.4,Forward,370.3,1297,1297,5,74
2404,Petr Svoboda,LW,0,TEX,74,66,78085,32,33,65,7,40,9,12,21,13813,0,0,0,376,3,49,19,0,0,0,129,54,43,9,249,75,78,66,99.3,3.4,2.5,42,28.1,1180,963,55.1,2.3,876,602,59.3,2.3,Forward,358.7,1274,1274,6,74
1428,Vaseline Podcalzone,LW,0,SEA,74,66,89917,19,20,39,-73,54,3,9,12,11429,1,0,1,1508,1,278,89,0,0,0,121,65,32,90,207,72,72,69,93.1,1.3,4.4,25.2,36.8,918,1335,40.7,8.1,639,922,40.9,9.3,Forward,300.5,1199,1199,7,74
2154,Greyson Cooper,RW,0,BUF,74,66,69629,29,36,65,40,30,1,1,2,566,5,3,8,4607,4,26,9,0,0,0,111,61,27,36,203,69,68,64,102.7,4.4,2.6,42.1,34.1,1244,969,56.2,0.9,895,715,55.6,-0.4,Forward,350.9,1194,1194,8,74
1506,William Salming,RW,0,SEA,74,66,86093,9,19,28,-63,31,0,2,2,4103,1,0,1,2432,0,178,60,1,1,0,99,69,24,70,151,68,70,60,94.9,1.5,4.3,24.8,38,930,1389,40.1,7.2,664,975,40.5,8.9,Forward,219.9,1183,1183,9,74
2794,Reed Kobo,RW,0,LAP,74,66,91418,31,61,92,26,50,11,16,27,14374,6,4,10,11317,6,153,53,0,0,0,126,73,49,35,228,83,84,76,103.3,4.8,3.5,40.6,40.1,1221,1059,53.6,0.9,873,855,50.5,-0.8,Forward,446.79999999999995,1177,1177,10,74
2486,Jay O'Neil,RD,0,WPG,74,66,92714,14,45,59,17,54,11,17,28,15887,0,6,6,9154,0,0,0,0,0,0,86,13,76,127,171,66,57,77,99.8,3.9,3,38.8,28.8,1251,906,58,3,861,632,57.7,2.7,Defense,391,847,847,1,74
2488,San-sam Emerson,LD,0,PHI,74,66,89737,23,48,71,38,48,17,15,32,14749,1,3,4,3879,4,0,0,0,0,0,79,15,59,135,257,70,67,73,101.3,4.7,2.7,46.5,30.8,1439,1040,58,0.1,1088,717,60.3,1.9,Defense,466.20000000000005,797,797,2,74
1143,Angus McFife XVIII,RD,0,ATL,74,66,92709,21,24,45,24,40,12,6,18,11475,0,2,2,8502,1,0,0,0,0,0,69,8,50,143,175,66,59,73,100.8,4.4,3.1,43.7,33.9,1413,1135,55.5,0.5,1046,808,56.4,0.6,Defense,364.8,751,751,3,74
2454,Wendolene Ramsbottom,RD,0,SEA,74,66,97681,4,16,20,-43,51,2,5,7,10992,0,1,1,8248,0,2,0,0,0,0,100,17,52,290,109,67,52,83,98.2,1.8,3.5,23.7,36.5,853,1368,38.4,4.3,599,933,39.1,6.4,Defense,397.7,696,696,4,74
1973,Luc Blouin,RD,0,PHI,74,66,72449,2,30,32,41,26,0,0,0,918,0,2,2,4738,1,0,0,0,0,0,57,12,36,119,117,63,57,69,101.6,4.8,2.8,45.4,31.2,1350,970,58.2,0.3,985,698,58.5,-0.8,Defense,263,690,690,5,74
2228,Marcel Beck,RD,0,WPG,74,66,80154,9,21,30,10,22,2,3,5,5119,0,2,2,5717,2,0,0,0,0,0,53,4,41,138,145,64,58,72,100,3.5,3.2,36.6,33.2,1220,1038,54,-3,829,758,52.2,-5.6,Defense,287.9,684,684,6,74
2340,Landon Fischermann,LD,0,SEA,74,66,101636,6,26,32,-53,34,3,6,9,11003,1,1,2,8445,0,0,0,0,0,0,92,19,75,198,162,69,60,78,97.1,1.7,3.6,23.6,36.2,873,1431,37.9,3.6,622,974,39,6.3,Defense,365.6,682,682,7,74
2370,Borje Samuelsson,RD,0,NEW,74,66,69463,18,23,41,7,30,12,9,21,13272,1,1,2,742,2,0,0,0,0,0,44,6,42,14,193,63,61,62,100,4.3,3.3,47,35.6,1136,805,58.5,3.2,855,640,57.2,-0.7,Defense,229.1,678,678,8,74
732,Sven Svechnikov,LD,0,NEW,74,66,68253,1,27,28,18,61,1,1,2,832,0,2,2,3336,0,2,0,0,0,0,67,7,47,97,115,60,53,67,99.3,4.1,3.4,46.7,35.7,1285,950,57.5,1.9,972,738,56.8,-1.3,Defense,233.60000000000002,673,673,9,74
3028,Tommi Koivu,LD,0,HAM,74,66,90510,18,44,62,16,42,14,15,29,16208,0,4,4,10153,6,13,1,0,0,0,92,14,102,98,158,66,57,75,100.9,4.8,4.1,41.3,38,1160,1064,52.2,-0.3,861,795,52,-0.9,Defense,376.4,670,670,10,74
1082,Melvin Majestik-Moose,RW,0,WPG,75,66,74459,18,43,61,29,20,1,1,2,3498,0,0,0,713,4,41,13,0,0,0,103,56,35,45,143,74,81,62,103.3,4,2.5,32.5,27.4,1125,900,55.6,0.2,763,634,54.6,-0.5,Forward,312.1,1462,1462,1,75
2598,Yannick Svoboda,RW,0,LAP,74,66,75857,35,36,71,39,40,3,2,5,3968,2,4,6,4741,6,30,8,0,0,0,147,59,51,30,251,76,82,63,103.2,5,3.3,41.9,37.5,1277,1061,54.6,2.6,927,824,52.9,2.9,Forward,400.1,1396,1396,2,75
1578,Ty Murphy,LW,0,TEX,75,66,68156,13,29,42,-3,20,2,3,5,3029,0,1,1,178,3,13,5,0,0,0,97,51,46,59,166,68,63,69,96.7,3,3,38.8,27.4,1154,1052,52.3,-1.7,822,572,59,1.2,Forward,263,1394,1394,3,75
1970,Salzberger Lillehammersson,LW,0,ATL,75,66,66991,25,32,57,4,28,0,2,2,566,0,0,0,1230,3,59,24,0,0,0,93,55,45,61,208,64,59,65,98.8,4.3,4,42.1,35.3,1245,1125,52.5,-2,901,746,54.7,-1.2,Forward,332.2,1392,1392,4,75
2404,Petr Svoboda,LW,0,TEX,75,66,76802,29,45,74,17,28,10,16,26,14078,0,0,0,631,3,45,10,0,0,0,110,56,46,8,203,74,78,66,100.6,4.1,2.8,39.7,29.2,1072,952,53,-0.7,804,594,57.5,-0.9,Forward,360.7,1384,1384,5,75
299,Chimkin Wing,LW,0,BUF,74,66,66006,29,38,67,28,20,0,1,1,224,1,1,2,548,3,50,19,0,0,0,134,45,32,10,200,68,65,65,102.1,4.5,3,42.2,35.7,1249,995,55.7,0.1,910,750,54.8,-1.6,Forward,349.6,1328,1328,6,75
1428,Vaseline Podcalzone,LW,0,SEA,75,66,88074,21,22,43,-77,52,2,8,10,9862,0,0,0,1324,2,58,17,0,0,0,107,83,26,64,187,68,70,63,95.1,1.9,5.3,24,41.2,904,1449,38.4,3.3,605,1027,37.1,3.9,Forward,287.3,1306,1306,7,75
2154,Greyson Cooper,LW,0,TOR,75,66,69146,18,30,48,-10,18,0,0,0,300,0,2,2,2635,2,85,23,0,0,0,97,39,43,19,163,69,70,61,98.4,3.4,4.1,39.2,39.5,1128,1142,49.7,3.2,832,856,49.3,3.7,Forward,261.1,1291,1291,8,75
2457,Mikko Rashford,LW,0,WPG,75,66,82488,21,38,59,4,28,5,10,15,11914,3,3,6,3169,2,36,14,0,0,0,114,70,45,46,161,76,79,70,100.2,2.9,2.4,32.5,27.3,1059,866,55,-0.6,717,597,54.6,-0.6,Forward,319.50000000000006,1280,1280,9,75
2794,Reed Kobo,LW,0,LAP,75,66,81426,28,55,83,41,34,3,6,9,5964,3,3,6,3581,2,212,55,0,0,0,96,57,46,23,250,76,78,68,102.9,5.1,3.1,41.3,32.7,1381,1058,56.6,3.3,969,777,55.5,2.2,Forward,404.2,1273,1273,10,75
2486,Jay O'Neil,RD,0,WPG,75,66,92205,9,24,33,5,26,5,7,12,11975,0,5,5,8415,2,0,0,0,0,0,76,5,69,98,160,63,55,72,100.5,3.3,3,31.2,29.3,1124,940,54.5,-1.5,753,675,52.7,-3.4,Defense,274.6,923,923,1,75
2488,San-sam Emerson,LD,0,PHI,75,66,94385,17,32,49,40,62,7,8,15,13289,1,2,3,11590,1,0,0,0,0,0,72,12,54,155,199,68,65,72,101,5.6,3.7,47.5,34.8,1412,1109,56,-3.7,1069,783,57.7,-2,Defense,392,869,869,2,75
1143,Angus McFife XVIII,RD,0,ATL,75,66,84503,8,28,36,25,32,1,2,3,3705,0,6,6,10756,2,0,0,0,0,0,57,9,45,157,110,64,58,71,100.6,4.6,3.3,44.4,34,1375,1102,55.5,2.4,1007,771,56.6,1.7,Defense,313.1,808,808,3,75
2340,Landon Fischermann,LD,0,SEA,75,66,100166,5,9,14,-66,32,0,2,2,9244,1,0,1,6630,0,2,0,0,0,0,117,27,71,180,154,68,63,72,95.4,1.7,4.4,21.7,35.5,903,1480,37.9,2.5,613,982,38.4,6,Defense,302,799,799,4,75
2454,Wendolene Ramsbottom,RD,0,SEA,75,66,96193,5,13,18,-67,34,1,2,3,9222,0,2,2,6100,0,0,0,0,0,0,90,15,39,314,70,64,52,78,95.1,1.7,4.6,20.6,34.8,837,1409,37.3,1.4,559,908,38.1,5.2,Defense,398.6,786,786,5,75
3028,Tommi Koivu,LD,0,HAM,75,66,90203,10,36,46,26,42,6,10,16,15373,0,2,2,9754,1,14,2,0,0,0,90,14,73,134,145,65,56,76,103.8,5.6,3.9,41.6,40.3,1230,1122,52.3,2,886,839,51.4,0.4,Defense,348.1,760,760,6,75
2228,Marcel Beck,RD,0,WPG,75,66,81313,6,21,27,37,30,0,1,1,3581,0,3,3,5468,1,0,0,0,0,0,63,8,50,88,123,64,54,73,102.1,3.7,2.1,35.1,25.1,1198,891,57.3,3,838,618,57.6,4,Defense,228.3,747,747,7,75
732,Sven Svechnikov,LD,0,NEW,75,66,65512,1,27,28,13,39,0,0,0,645,0,2,2,2227,0,0,0,1,0,1,70,12,52,104,80,58,53,65,100.6,5.2,4.7,44.6,41.9,1250,1062,54.1,0.1,906,855,51.4,-4.7,Defense,230.60000000000002,743,743,8,75
1973,Luc Blouin,RD,0,EDM,75,66,69481,4,21,25,55,28,0,1,1,404,0,3,3,12275,0,0,0,0,0,0,40,15,38,142,90,63,55,71,103.7,5.5,2.6,43.7,29.5,1104,780,58.6,-1.2,798,563,58.6,-2.3,Defense,249.8,730,730,9,75
2370,Borje Samuelsson,RD,0,NEW,75,66,63804,3,22,25,15,32,2,0,2,3388,0,0,0,511,0,0,0,0,0,0,52,7,31,18,107,58,56,60,101.6,5.1,4,46.3,42,1226,1008,54.9,1.3,885,820,51.9,-4,Defense,147.1,730,730,10,75
1082,Melvin Majestik-Moose,LW,0,WPG,76,66,64587,20,24,44,0,21,0,0,0,308,0,0,0,616,4,45,16,0,0,0,107,64,41,48,188,71,74,61,100.5,2.9,2.9,34.3,36.5,1052,994,51.4,-1.8,708,735,49.1,-2.4,Forward,280,1569,1569,1,76
2404,Petr Svoboda,LW,0,TEX,76,66,70131,23,31,54,8,32,2,4,6,7291,0,0,0,239,2,35,11,0,0,0,121,42,43,8,186,72,75,62,100.7,4,3.2,37.8,33,1101,976,53,-2.1,782,677,53.6,-4.7,Forward,294.00000000000006,1505,1505,2,76
1970,Salzberger Lillehammersson,RW,0,ATL,76,66,69934,22,31,53,13,33,0,5,5,4582,0,0,0,736,1,41,14,0,0,0,85,58,33,54,174,72,73,67,101.1,3.8,3,37.8,32.6,1097,1065,50.7,-0.7,788,701,52.9,0.1,Forward,299.59999999999997,1477,1477,3,76
2457,Mikko Rashford,RW,0,WPG,76,66,82816,27,60,87,18,37,7,20,27,12746,3,2,5,3969,7,15,5,1,0,1,140,48,53,43,227,81,84,73,101.9,4.1,2.9,39.5,33.7,1192,932,56.1,5.1,835,711,54,4.9,Forward,437.90000000000003,1420,1420,4,76
1428,Vaseline Podcalzone,LW,0,SEA,76,66,82910,15,18,33,-46,62,2,2,4,9692,0,0,0,2238,0,40,7,2,0,2,92,71,50,45,216,72,74,68,97.5,1.9,4,24.6,39,846,1294,39.5,0.4,559,911,38,0,Forward,242.60000000000002,1398,1398,5,76
2598,Yannick Svoboda,RW,0,LAP,74,66,75857,35,36,71,39,40,3,2,5,3968,2,4,6,4741,6,30,8,0,0,0,147,59,51,30,251,76,82,63,103.2,5,3.3,41.9,37.5,1277,1061,54.6,2.6,927,824,52.9,2.9,Forward,400.1,1396,1396,6,76
1578,Ty Murphy,LW,0,TEX,75,66,68156,13,29,42,-3,20,2,3,5,3029,0,1,1,178,3,13,5,0,0,0,97,51,46,59,166,68,63,69,96.7,3,3,38.8,27.4,1154,1052,52.3,-1.7,822,572,59,1.2,Forward,263,1394,1394,7,76
1170,Steve Harrington,LW,0,CHI,76,66,74330,9,36,45,-21,41,2,12,14,8188,0,0,0,1654,1,102,33,0,0,0,119,51,27,7,128,68,68,63,100.7,3,3.6,33.9,44.5,988,1173,45.7,-0.7,712,926,43.5,-1.8,Forward,234.2,1389,1389,8,76
2794,Reed Kobo,LW,0,LAP,76,66,79917,29,50,79,59,34,3,2,5,3848,2,2,4,4721,2,240,114,0,0,0,112,53,42,54,266,80,82,73,103.4,4.7,1.9,48.4,30.6,1530,1024,59.9,5.2,1116,717,60.9,5.1,Forward,423,1385,1385,9,76
1506,William Salming,RW,0,SEA,76,66,88287,20,32,52,-47,22,6,12,18,12018,2,0,2,7386,0,20,8,0,0,0,104,70,31,73,154,72,72,70,96.9,2.1,4.4,25.8,38.4,863,1281,40.3,1.5,573,870,39.7,2.4,Forward,307.6,1376,1376,10,76
2486,Jay O'Neil,RD,0,WPG,76,66,92734,16,35,51,-7,22,14,13,27,13053,0,3,3,8628,0,0,0,0,0,0,74,7,66,135,164,66,57,75,99.6,3.1,3.2,35.1,34.8,1153,1087,51.5,-1.8,802,811,49.7,-1.5,Defense,369.29999999999995,997,997,1,76
2488,San-sam Emerson,LD,0,PHI,76,66,81539,9,21,30,11,51,2,2,4,4352,0,2,2,4671,1,0,0,0,0,0,54,18,31,178,136,63,57,69,98.4,3.8,3.4,41.3,31.1,1323,1114,54.3,-1.7,967,718,57.4,0.9,Defense,321.6,923,923,2,76
2340,Landon Fischermann,LD,0,SEA,76,66,97915,8,19,27,-33,40,5,8,13,12603,0,2,2,7176,1,0,0,0,0,0,105,24,63,183,156,68,60,77,99.2,2,3.3,24.2,36.2,901,1379,39.5,0.4,629,927,40.4,3.6,Defense,342.5,904,904,3,76
2454,Wendolene Ramsbottom,RD,0,SEA,76,66,85421,2,8,10,-30,25,0,0,0,718,0,2,2,7745,0,0,0,0,0,0,83,11,39,270,62,65,52,79,98.4,1.9,3.3,24.6,35.4,901,1381,39.5,0.3,623,900,40.9,4.3,Defense,326.8,869,869,4,76
3028,Tommi Koivu,LD,0,HAM,76,66,87207,9,38,47,5,54,7,15,22,15388,0,2,2,4595,0,0,0,0,0,0,64,5,63,135,179,66,59,74,99.4,3.6,3.2,41.6,33.6,1263,1004,55.7,3,906,764,54.3,1,Defense,350.79999999999995,824,824,5,76
1143,Angus McFife XVIII,RD,0,ATL,75,66,84503,8,28,36,25,32,1,2,3,3705,0,6,6,10756,2,0,0,0,0,0,57,9,45,157,110,64,58,71,100.6,4.6,3.3,44.4,34,1375,1102,55.5,2.4,1007,771,56.6,1.7,Defense,313.1,808,808,6,76
2228,Marcel Beck,RD,0,WPG,76,66,83674,5,28,33,47,20,0,3,3,3787,0,2,2,5948,1,0,0,0,0,0,49,16,54,132,114,62,52,73,103.5,4.4,2.5,39.1,31.7,1281,1072,54.4,2.8,919,771,54.4,5.7,Defense,276.59999999999997,796,796,7,76
2974,Wide Peepo Happy 3 Koivu,LD,0,HAM,76,66,93247,15,40,55,-16,60,10,18,28,15504,0,4,4,12246,2,0,0,0,0,0,67,19,69,168,214,67,59,75,96.1,3.5,4.2,43.1,35.1,1255,1029,54.9,1.9,919,731,55.7,3.1,Defense,422.20000000000005,774,774,8,76
2370,Borje Samuelsson,RD,0,WPG,76,66,60704,2,11,13,-17,20,0,0,0,355,0,0,0,1181,1,0,0,0,0,0,33,14,26,17,88,58,55,60,98.5,2.6,3.6,33.4,39.1,965,916,51.3,-1.9,650,735,46.9,-5.3,Defense,95.9,763,763,9,76
737,Zak Wilson,LD,0,MTL,76,66,65950,0,12,12,-69,29,0,0,0,344,0,0,0,1826,0,0,0,1,0,1,51,14,47,80,60,54,51,55,96.8,2.1,6,24.8,51.1,747,1346,35.7,-1.5,515,1038,33.2,-0.4,Defense,146.4,761,761,10,76
1082,Melvin Majestik-Moose,LW,0,WPG,77,66,68005,16,23,39,-19,34,0,0,0,504,0,0,0,1407,3,76,25,0,0,0,77,31,22,47,131,68,70,61,99.2,3,4.1,31.3,39.5,1019,1171,46.5,-0.6,672,851,44.1,-2.1,Forward,231.3,1646,1646,1,77
2404,Petr Svoboda,LW,0,TEX,77,66,65585,14,17,31,-19,24,1,2,3,3677,1,0,1,448,5,37,16,0,0,0,127,50,25,4,183,68,71,57,95.5,2.5,3.5,36.6,31.5,1122,924,54.8,-4.6,754,626,54.6,-6.9,Forward,215.10000000000002,1632,1632,2,77
2457,Mikko Rashford,LW,0,WPG,77,66,86889,19,35,54,-30,44,6,17,23,14827,1,2,3,10557,3,23,5,0,0,0,144,62,48,60,175,81,81,77,96.4,2.5,4.3,31.8,37.2,965,1081,47.2,0.4,653,778,45.6,0.2,Forward,327.1,1564,1564,3,77
2794,Reed Kobo,LW,0,LAP,77,66,85010,32,51,83,28,40,6,12,18,11891,1,1,2,3652,4,154,85,0,0,0,134,62,55,47,264,82,83,76,100.5,4.8,3.1,41.7,27.7,1324,904,59.4,2.3,930,639,59.3,3.2,Forward,442,1519,1519,4,77
1428,Vaseline Podcalzone,LW,0,SEA,77,66,70612,13,26,39,-29,20,0,0,0,3702,3,1,4,4226,0,28,8,0,0,0,97,28,34,46,95,68,66,66,101,2.4,4,22.1,41.8,680,1213,35.9,-4.5,452,863,34.4,-6,Forward,224.9,1495,1495,5,77
1970,Salzberger Lillehammersson,RW,0,ATL,76,66,69934,22,31,53,13,33,0,5,5,4582,0,0,0,736,1,41,14,0,0,0,85,58,33,54,174,72,73,67,101.1,3.8,3,37.8,32.6,1097,1065,50.7,-0.7,788,701,52.9,0.1,Forward,299.59999999999997,1477,1477,6,77
1506,William Salming,LW,0,SEA,77,66,77464,20,25,45,-14,30,0,1,1,3265,3,0,3,7693,4,46,15,0,0,0,97,41,39,72,108,70,68,68,102.4,3.2,4,24.1,37,823,1212,40.4,2,535,810,39.8,1.8,Forward,269.40000000000003,1473,1473,7,77
1170,Steve Harrington,LW,0,CHI,77,66,62626,21,22,43,-13,21,0,0,0,443,0,0,0,847,3,55,17,1,1,0,60,37,21,8,151,66,69,55,102.1,3.3,4,30.3,44.5,924,1242,42.7,-2.5,616,884,41.1,-3.1,Forward,224.10000000000002,1449,1449,8,77
2952,Benjamin Surkhi-Ze'ev,RW,0,NOL,77,66,77112,26,45,71,19,38,0,4,4,4158,0,0,0,1403,3,155,48,0,0,0,113,69,22,38,215,76,84,60,100.7,4.1,3.1,36.5,29.4,1266,1092,53.7,1.8,846,697,54.8,1,Forward,371.5,1449,1449,9,77
2544,Aksel Fiske,LW,0,MAN,77,66,87048,25,40,65,-36,34,7,12,19,16810,2,0,2,4374,0,231,74,0,0,0,170,71,55,52,203,77,77,73,96.9,3.3,4.5,35.4,36.7,1069,1096,49.4,3.6,754,820,47.9,3.3,Forward,380.09999999999997,1447,1447,10,77
2486,Jay O'Neil,RD,0,MIN,77,67,76243,5,22,27,5,44,2,1,3,5615,0,4,4,10767,1,0,0,0,0,0,55,10,65,107,121,63,54,74,99.7,2.8,2.6,37.4,33.6,1113,963,53.6,2.4,722,659,52.3,-2.6,Defense,240.60000000000002,1052,1052,1,77
2488,San-sam Emerson,LD,0,PHI,77,66,84022,9,33,42,57,38,3,1,4,4640,0,5,5,13828,0,0,0,0,0,0,95,7,61,120,124,64,56,73,102.2,5.3,2.8,44.4,28.5,1286,843,60.4,3.8,931,621,60,3.4,Defense,318.2,1018,1018,2,77
2340,Landon Fischermann,LD,0,SEA,77,66,89899,10,32,42,-28,38,5,11,16,15458,0,3,3,4780,2,0,0,0,0,0,50,8,36,177,147,64,60,68,102.7,3.6,4.7,24.7,39.3,866,1372,38.7,-0.6,588,898,39.6,1.6,Defense,359.4,954,954,3,77
2454,Wendolene Ramsbottom,RD,0,SEA,77,66,84311,6,13,19,-11,40,1,1,2,3644,0,1,1,8625,0,0,0,0,0,0,49,9,39,308,75,64,52,76,102.6,3.3,4,24.9,37.3,888,1384,39.1,0,587,888,39.8,1.9,Defense,382.29999999999995,918,918,4,77
3028,Tommi Koivu,LD,0,HAM,77,66,86240,10,34,44,-9,33,7,9,16,13418,0,2,2,4420,0,0,0,1,0,1,85,10,71,117,184,64,56,71,99.7,3.9,4.3,35.4,37.2,1131,1087,51,5.8,776,831,48.3,3.4,Defense,336.5,909,909,5,77
2228,Marcel Beck,RD,0,WPG,77,66,88594,15,31,46,-9,43,6,15,21,11648,1,3,4,7626,3,0,0,0,0,0,68,7,56,195,174,67,58,76,100.5,3.1,3.6,31,38,1035,1245,45.4,-2.4,718,888,44.7,-1.2,Defense,407.9,864,864,6,77
2974,Wide Peepo Happy 3 Koivu,LD,0,HAM,77,66,85880,5,16,21,-37,32,1,0,1,5312,0,3,3,9142,1,0,0,0,0,0,86,17,72,117,122,62,54,68,96.1,3,4.9,33.1,37.9,1111,1212,47.8,1.1,774,879,46.8,1.3,Defense,244.3,860,860,7,77
1143,Angus McFife XVIII,RD,0,ATL,75,66,84503,8,28,36,25,32,1,2,3,3705,0,6,6,10756,2,0,0,0,0,0,57,9,45,157,110,64,58,71,100.6,4.6,3.3,44.4,34,1375,1102,55.5,2.4,1007,771,56.6,1.7,Defense,313.1,808,808,8,77
2529,Christian Kinsinger,RD,0,WPG,77,66,82468,7,25,32,-17,61,1,2,3,3366,1,1,2,7275,0,0,0,0,0,0,51,5,29,82,137,63,61,62,98.5,2.8,3.8,33.1,38.2,1132,1213,48.3,2.1,770,905,46,0.8,Defense,238.3,807,807,9,77
2440,Dirty Boots,RD,0,TEX,77,66,77437,3,25,28,48,38,0,0,0,1228,0,9,9,13331,1,0,0,0,0,0,67,9,49,116,108,63,54,72,101.6,4.8,2.6,42.7,27.5,1280,817,61,4.5,885,556,61.4,3,Defense,250.60000000000002,801,801,10,77
2404,Petr Svoboda,LW,0,TEX,78,66,62574,20,27,47,26,35,0,0,0,1119,1,0,1,992,4,78,32,1,0,1,115,35,11,6,183,70,75,56,101.7,4.1,2.6,39.1,29.1,1123,899,55.5,-1.3,772,570,57.5,-1.8,Forward,265.5,1747,1747,1,78
2457,Mikko Rashford,RW,0,LAP,78,66,55892,19,22,41,20,28,0,0,0,352,0,0,0,297,4,34,10,0,0,0,87,46,27,40,141,71,72,66,102.8,3.8,2.4,34.9,30,971,815,54.4,-2.8,641,557,53.5,-3.3,Forward,243.10000000000002,1651,1651,2,78
1082,Melvin Majestik-Moose,LW,0,WPG,77,66,68005,16,23,39,-19,34,0,0,0,504,0,0,0,1407,3,76,25,0,0,0,77,31,22,47,131,68,70,61,99.2,3,4.1,31.3,39.5,1019,1171,46.5,-0.6,672,851,44.1,-2.1,Forward,231.3,1646,1646,3,78
2794,Reed Kobo,LW,0,LAP,78,66,76730,25,51,76,35,36,1,2,3,3612,5,5,10,3800,3,179,85,0,0,0,93,64,42,44,197,77,80,70,100.7,4.4,3.1,40.5,30.5,1301,941,58,2.5,897,685,56.7,1.2,Forward,375.7,1612,1612,4,78
1428,Vaseline Podcalzone,RW,0,SEA,78,66,64509,12,17,29,-30,15,0,1,1,576,1,0,1,241,1,26,11,1,0,1,90,35,32,21,100,64,63,58,100,2.3,4,22.8,40.4,733,1223,37.5,-4.3,491,824,37.3,-5.2,Forward,177.6,1585,1585,5,78
1506,William Salming,LW,0,SEA,78,66,69178,10,22,32,-27,20,1,2,3,827,2,0,2,2081,0,26,3,0,0,0,79,39,26,57,106,65,63,63,100.6,2.4,4,22.2,39.2,767,1287,37.3,-4.6,498,851,36.9,-5.9,Forward,203.6,1552,1552,6,78
2952,Benjamin Surkhi-Ze'ev,RW,0,NOL,78,66,81362,28,32,60,2,36,1,2,3,3240,0,1,1,3785,5,161,58,0,0,0,99,75,39,37,220,73,80,58,98.3,3.6,3.5,35.7,29.7,1274,1171,52.1,0.6,877,725,54.7,0.8,Forward,335.8,1548,1548,7,78
2544,Aksel Fiske,LW,0,MAN,78,66,79352,16,31,47,-14,44,0,1,1,4763,0,0,0,4863,1,227,60,0,0,0,79,66,48,63,133,67,64,68,99.5,3.4,3.9,32.4,35.7,1019,1152,46.9,-2.4,721,829,46.5,-1.5,Forward,266.3,1526,1526,8,78
1170,Steve Harrington,RW,0,EDM,78,66,61193,11,19,30,-62,14,2,0,2,223,0,0,0,482,1,35,14,0,0,0,66,49,26,8,130,64,69,50,96.9,2,5.7,23.6,48.9,759,1303,36.8,-4.7,483,970,33.2,-7,Forward,171.20000000000002,1515,1515,9,78
1803,Patya Perevalov,RW,0,NOL,78,66,66623,18,36,54,4,26,0,0,0,474,0,0,0,695,2,40,13,0,0,0,87,64,34,54,134,68,67,65,98.8,3.5,3.3,36.1,30.2,1088,1110,49.5,-3.2,755,664,53.2,-1.4,Forward,287.4,1506,1506,10,78
2486,Jay O'Neil,RD,0,WPG,78,66,88382,19,28,47,-20,46,12,9,21,12921,0,4,4,6344,2,139,54,0,0,0,51,23,47,129,200,65,59,70,100.1,2.7,3.5,30.2,40.5,1001,1205,45.4,-0.5,694,917,43.1,-2.1,Defense,356.5,1103,1103,1,78
2488,San-sam Emerson,LD,0,PHI,78,66,82157,7,19,26,30,44,1,0,1,4370,1,6,7,11234,0,0,0,1,0,1,66,12,70,125,128,63,54,72,100.7,4,3,41.3,33.1,1259,992,55.9,0.4,894,716,55.5,0.4,Defense,262.3,1084,1084,2,78
3028,Tommi Koivu,RD,0,HAM,78,66,78439,11,18,29,-16,16,1,1,2,2980,0,1,1,5056,1,0,0,0,0,0,52,9,55,117,111,60,53,68,100,3.4,4.2,31.1,38.7,1036,1270,44.9,-0.6,718,891,44.6,0.2,Defense,257.40000000000003,961,961,3,78
2340,Landon Fischermann,LD,0,SEA,77,66,89899,10,32,42,-28,38,5,11,16,15458,0,3,3,4780,2,0,0,0,0,0,50,8,36,177,147,64,60,68,102.7,3.6,4.7,24.7,39.3,866,1372,38.7,-0.6,588,898,39.6,1.6,Defense,359.4,954,954,4,78
2454,Wendolene Ramsbottom,LD,0,SEA,78,66,81867,2,16,18,-25,24,1,2,3,4408,0,6,6,8451,0,0,0,0,0,0,34,19,36,282,56,63,51,77,98.6,2.2,3.7,26.4,38.2,897,1292,41,0.8,617,855,41.9,1.4,Defense,340.20000000000005,952,952,5,78
2228,Marcel Beck,LD,0,WPG,78,66,84814,3,18,21,-1,34,0,3,3,3116,0,4,4,10300,1,0,0,0,0,0,65,12,44,185,135,66,59,73,100.6,2.9,3.3,31.8,39,1090,1262,46.3,1,752,911,45.2,1.2,Defense,299,929,929,6,78
2974,Wide Peepo Happy 3 Koivu,LD,0,HAM,78,66,88525,12,30,42,-21,32,8,16,24,12182,0,0,0,9853,1,0,0,0,0,0,59,10,47,249,143,67,59,76,101,3.6,4.2,30.5,39.4,979,1232,44.3,-1.5,670,856,43.9,-0.9,Defense,428.6,919,919,7,78
2440,Dirty Boots,LD,0,TEX,78,66,75854,5,19,24,30,37,0,1,1,1101,0,1,1,12250,0,0,0,0,0,0,79,6,49,132,108,64,54,74,100.4,4,2.6,41.4,28.7,1161,876,57,0.8,846,582,59.2,0.7,Defense,259.8,880,880,8,78
2529,Christian Kinsinger,LD,0,WPG,78,66,74826,6,15,21,-23,30,0,0,0,1140,0,0,0,2784,0,1,1,0,0,0,52,12,36,70,99,60,57,63,98.1,2.3,3.6,31.7,39,1035,1188,46.6,1.3,722,899,44.5,0.1,Defense,182.5,859,859,9,78
2463,Ben Jammin,RD,0,WPG,78,66,84686,7,21,28,-20,37,0,2,2,3189,0,6,6,10343,2,0,0,0,0,0,54,13,39,176,131,63,57,69,98.6,3.1,4.5,32.6,40.9,1049,1300,44.7,-1.6,753,947,44.3,-0.2,Defense,310.3,840,840,10,78
2404,Petr Svoboda,LW,0,TEX,79,66,60944,24,15,39,-9,20,0,0,0,591,0,0,0,454,3,60,20,0,0,0,78,50,28,5,166,68,73,54,97.6,3.3,3.8,36.4,32.9,1061,968,52.3,-4.4,731,630,53.7,-4.3,Forward,225,1825,1825,1,79
2457,Mikko Rashford,RW,0,LAP,79,66,57403,7,31,38,0,26,0,0,0,211,0,0,0,714,0,41,13,0,0,0,76,40,32,34,100,67,68,61,98.8,3.6,3.6,35.9,32.2,1007,892,53,-1.9,667,601,52.6,-2.2,Forward,201.8,1727,1727,2,79
2794,Reed Kobo,C,0,LAP,79,66,75235,25,45,70,33,64,0,0,0,3701,1,6,7,8286,3,568,283,2,0,2,82,44,40,60,157,73,73,70,102.9,4.6,2.8,37.1,29.9,1121,948,54.2,-0.3,775,616,55.7,2.3,Forward,350.90000000000003,1694,1694,3,79
1082,Melvin Majestik-Moose,LW,0,WPG,77,66,68005,16,23,39,-19,34,0,0,0,504,0,0,0,1407,3,76,25,0,0,0,77,31,22,47,131,68,70,61,99.2,3,4.1,31.3,39.5,1019,1171,46.5,-0.6,672,851,44.1,-2.1,Forward,231.3,1646,1646,4,79
1506,William Salming,LW,0,HAM,79,66,72128,9,29,38,-35,20,0,1,1,5854,0,0,0,4147,1,188,56,0,0,0,83,44,19,55,94,64,64,59,98.8,2.9,4.4,30,40.4,968,1142,45.9,-1.5,618,826,42.8,-2.2,Forward,217.39999999999998,1635,1635,5,79
2544,Aksel Fiske,RW,0,MAN,79,66,76522,14,35,49,-36,30,0,6,6,3588,1,1,2,3823,1,197,58,0,0,0,97,62,29,54,169,67,68,60,96.9,3,4.8,32.7,39.1,1084,1221,47,0.3,725,855,45.9,0.4,Forward,282.9,1623,1623,6,79
2952,Benjamin Surkhi-Ze'ev,C,0,EDM,79,66,86866,23,36,59,-17,36,0,4,4,5464,6,5,11,10997,1,808,432,0,0,0,71,44,68,77,192,73,71,74,98.8,2.8,4,33.7,42.5,1154,1334,46.4,1.7,780,974,44.5,3,Forward,332.2,1619,1619,7,79
2718,Mads McBride,LW,0,WPG,79,66,73132,15,25,40,-14,45,0,3,3,1361,1,4,5,9767,0,52,16,2,1,1,108,42,36,61,117,70,68,68,98.3,2.4,3.4,29.5,34.4,897,1007,47.1,1.4,611,698,46.7,1.7,Forward,249.9,1613,1613,8,79
1803,Patya Perevalov,LW,0,NOL,79,66,69912,13,23,36,-5,26,1,1,2,1675,0,0,0,2216,3,79,31,0,0,0,99,62,34,50,122,73,74,68,98.7,2.8,3.1,33.1,30.9,1096,1057,50.9,-0.3,726,671,52,-1.5,Forward,227.2,1605,1605,9,79
1428,Vaseline Podcalzone,RW,0,SEA,78,66,64509,12,17,29,-30,15,0,1,1,576,1,0,1,241,1,26,11,1,0,1,90,35,32,21,100,64,63,58,100,2.3,4,22.8,40.4,733,1223,37.5,-4.3,491,824,37.3,-5.2,Forward,177.6,1585,1585,10,79
2488,San-sam Emerson,LD,0,PHI,79,66,74097,9,21,30,30,41,1,1,2,717,1,0,1,7154,0,0,0,1,0,1,63,8,58,104,107,61,53,69,101.4,4.4,3,37.2,29.1,1203,1009,54.4,-1.8,802,638,55.7,-0.9,Defense,249.90000000000003,1147,1147,1,79
2486,Jay O'Neil,RD,0,WPG,78,66,88382,19,28,47,-20,46,12,9,21,12921,0,4,4,6344,2,139,54,0,0,0,51,23,47,129,200,65,59,70,100.1,2.7,3.5,30.2,40.5,1001,1205,45.4,-0.5,694,917,43.1,-2.1,Defense,356.5,1103,1103,2,79
3028,Tommi Koivu,RD,0,MIN,79,66,91489,12,26,38,-19,24,8,17,25,17503,0,3,3,4891,2,0,0,0,0,0,60,14,70,174,201,67,58,77,99.2,3.1,3.4,35.6,36,1150,1151,50,0.5,806,816,49.7,-0.4,Defense,366.9,1021,1021,3,79
2228,Marcel Beck,LD,0,WPG,79,66,78755,6,16,22,-18,20,2,2,4,3191,1,1,2,5900,1,0,0,0,0,0,79,11,45,146,115,65,60,70,98.1,2.8,3.8,31.3,34.8,1012,1149,46.8,1,719,781,47.9,3.7,Defense,269.5,1008,1008,4,79
2454,Wendolene Ramsbottom,RD,0,SEA,79,66,72416,4,15,19,-19,24,1,0,1,163,0,3,3,7604,0,0,0,0,0,0,39,10,33,266,60,61,51,73,99.2,2.9,4.1,26.8,35.4,858,1367,38.6,-4.8,579,779,42.6,-1.3,Defense,334,991,991,5,79
2974,Wide Peepo Happy 3 Koivu,LD,0,HAM,79,66,80123,9,18,27,-11,28,1,0,1,1086,0,3,3,8011,0,0,0,0,0,0,51,9,44,181,96,64,56,72,99.6,2.7,3.5,30.7,38,1094,1252,46.6,-0.4,722,880,45.1,1.1,Defense,302.1,970,970,6,79
2340,Landon Fischermann,LD,0,SEA,77,66,89899,10,32,42,-28,38,5,11,16,15458,0,3,3,4780,2,0,0,0,0,0,50,8,36,177,147,64,60,68,102.7,3.6,4.7,24.7,39.3,866,1372,38.7,-0.6,588,898,39.6,1.6,Defense,359.4,954,954,7,79
2440,Dirty Boots,LD,0,TEX,79,66,74685,3,23,26,28,42,0,2,2,587,1,1,2,11696,0,0,0,0,0,0,65,12,51,108,109,62,53,71,100.8,4.3,3.1,40.4,31.6,1200,938,56.1,1.1,818,639,56.1,-0.9,Defense,236.89999999999998,945,945,8,79
3021,Pass Forfeit,RD,0,LAP,79,66,81414,5,31,36,28,59,1,4,5,5168,0,2,2,5701,2,1,1,1,0,1,86,13,50,135,122,64,56,74,102.3,4.2,2.8,37.4,31.1,1275,1040,55.1,1.1,869,723,54.6,0.7,Defense,305.5,906,906,9,79
2529,Christian Kinsinger,LD,0,WPG,78,66,74826,6,15,21,-23,30,0,0,0,1140,0,0,0,2784,0,1,1,0,0,0,52,12,36,70,99,60,57,63,98.1,2.3,3.6,31.7,39,1035,1188,46.6,1.3,722,899,44.5,0.1,Defense,182.5,859,859,10,79
2404,Petr Svoboda,RW,0,HAM,80,56,56898,9,26,35,-15,20,1,0,1,261,0,3,3,9754,2,274,69,0,0,0,68,33,9,14,76,64,65,57,98.5,3.1,4.5,29.8,37.7,675,761,47,-4.7,459,592,43.7,-4.2,Forward,172.4,1893,1893,1,80
2457,Mikko Rashford,RW,0,LAP,80,66,59213,3,31,34,-5,29,0,1,1,271,0,0,0,152,0,40,15,1,0,1,77,46,20,18,101,65,65,60,97.9,2.8,3.1,35.1,30.9,1047,874,54.5,1.5,672,599,52.9,-1.1,Forward,176.90000000000003,1804,1804,2,80
2544,Aksel Fiske,RW,0,MAN,80,66,81038,11,43,54,-19,37,3,16,19,15122,2,0,2,3668,2,157,35,0,0,0,119,47,30,46,160,72,70,72,99.2,2.8,3.3,33.9,36.8,1020,1085,48.5,-2.2,681,751,47.6,-2.1,Forward,296.20000000000005,1742,1742,3,80
2794,Reed Kobo,C,0,LAP,80,66,72318,30,24,54,12,48,1,0,1,1157,3,3,6,4816,5,795,396,0,0,0,47,46,36,55,170,68,68,65,99.2,3.6,3.3,36.9,30.6,1191,965,55.2,2.7,800,664,54.6,1.5,Forward,294.8,1741,1741,4,80
1506,William Salming,LW,0,HAM,80,66,63225,18,26,44,-23,24,1,2,3,3096,0,1,1,1129,3,53,20,0,0,0,85,68,36,30,103,68,72,57,99.2,2.8,4.1,28.3,38.1,882,946,48.2,-3.8,568,747,43.2,-6.1,Forward,232.9,1720,1720,5,80
2952,Benjamin Surkhi-Ze'ev,C,0,EDM,80,66,79536,25,21,46,-33,34,0,1,1,4173,3,1,4,7588,1,833,410,0,0,0,49,54,53,38,175,69,69,66,97.8,2.7,4.4,29.6,38.8,965,1156,45.5,2.2,666,849,44,3,Forward,257.9,1668,1668,6,80
1170,Steve Harrington,LW,0,EDM,80,66,58438,7,21,28,-55,28,0,0,0,213,0,0,0,324,1,24,4,0,0,0,87,37,23,16,86,61,62,54,95.1,2.3,5.7,26.5,42.2,795,1033,43.5,-0.8,512,779,39.7,-3.2,Forward,161.2,1667,1667,7,80
1082,Melvin Majestik-Moose,LW,0,WPG,77,66,68005,16,23,39,-19,34,0,0,0,504,0,0,0,1407,3,76,25,0,0,0,77,31,22,47,131,68,70,61,99.2,3,4.1,31.3,39.5,1019,1171,46.5,-0.6,672,851,44.1,-2.1,Forward,231.3,1646,1646,8,80
2892,Outdoor Truck,C,0,TEX,80,66,77641,13,24,37,-7,38,0,2,2,4703,3,2,5,11602,3,1099,554,0,0,0,52,61,66,12,112,67,61,72,98.8,3.2,3.9,34.2,36.4,1036,1059,49.5,-4.2,693,733,48.6,-5.6,Forward,185.6,1629,1629,9,80
2718,Mads McBride,LW,0,WPG,79,66,73132,15,25,40,-14,45,0,3,3,1361,1,4,5,9767,0,52,16,2,1,1,108,42,36,61,117,70,68,68,98.3,2.4,3.4,29.5,34.4,897,1007,47.1,1.4,611,698,46.7,1.7,Forward,249.9,1613,1613,10,80
2488,San-sam Emerson,LD,0,PHI,80,66,73442,6,17,23,24,48,0,0,0,737,0,2,2,8368,1,0,0,0,0,0,61,8,68,94,95,60,53,68,101.4,4.5,3.6,37.7,34,1150,961,54.5,0.4,798,717,52.7,-0.8,Defense,212.5,1208,1208,1,80
2486,Jay O'Neil,RD,0,WPG,78,66,88382,19,28,47,-20,46,12,9,21,12921,0,4,4,6344,2,139,54,0,0,0,51,23,47,129,200,65,59,70,100.1,2.7,3.5,30.2,40.5,1001,1205,45.4,-0.5,694,917,43.1,-2.1,Defense,356.5,1103,1103,2,80
2228,Marcel Beck,RD,0,WPG,80,66,83290,8,23,31,-22,28,2,0,2,2859,0,3,3,8955,2,0,0,0,0,0,69,14,44,200,104,65,57,73,99.4,2.9,4,30.3,39.4,1036,1385,42.8,1.5,723,933,43.7,1.6,Defense,339.79999999999995,1077,1077,3,80
3028,Tommi Koivu,RD,0,HAM,80,66,73633,0,22,22,-6,32,0,1,1,702,0,3,3,10577,0,0,0,0,0,0,50,9,42,194,71,62,51,75,101.1,3.4,3.9,30.4,38.8,975,1039,48.4,-3.7,648,793,45,-3.7,Defense,281.9,1071,1071,4,80
2440,Dirty Boots,LD,0,TEX,80,66,71226,5,21,26,12,34,0,1,1,462,1,3,4,11017,1,0,0,0,0,0,68,15,52,79,100,60,52,69,100.3,3.9,3.6,35.2,32.9,1051,919,53.4,1.5,675,644,51.2,-1.7,Defense,211.3,1013,1013,5,80
2454,Wendolene Ramsbottom,RD,0,SEA,79,66,72416,4,15,19,-19,24,1,0,1,163,0,3,3,7604,0,0,0,0,0,0,39,10,33,266,60,61,51,73,99.2,2.9,4.1,26.8,35.4,858,1367,38.6,-4.8,579,779,42.6,-1.3,Defense,334,991,991,6,80
2974,Wide Peepo Happy 3 Koivu,LD,0,HAM,79,66,80123,9,18,27,-11,28,1,0,1,1086,0,3,3,8011,0,0,0,0,0,0,51,9,44,181,96,64,56,72,99.6,2.7,3.5,30.7,38,1094,1252,46.6,-0.4,722,880,45.1,1.1,Defense,302.1,970,970,7,80
2340,Landon Fischermann,LD,0,SEA,77,66,89899,10,32,42,-28,38,5,11,16,15458,0,3,3,4780,2,0,0,0,0,0,50,8,36,177,147,64,60,68,102.7,3.6,4.7,24.7,39.3,866,1372,38.7,-0.6,588,898,39.6,1.6,Defense,359.4,954,954,8,80
3021,Pass Forfeit,RD,0,LAP,79,66,81414,5,31,36,28,59,1,4,5,5168,0,2,2,5701,2,1,1,1,0,1,86,13,50,135,122,64,56,74,102.3,4.2,2.8,37.4,31.1,1275,1040,55.1,1.1,869,723,54.6,0.7,Defense,305.5,906,906,9,80
2868,Luca Hunziker,LD,0,HAM,80,66,73006,1,20,21,-15,28,0,1,1,861,0,3,3,5781,0,0,0,0,0,0,82,11,69,63,118,60,53,66,97.8,3,4,33.2,35.5,1098,985,52.7,2.7,731,770,48.7,1.8,Defense,188.90000000000003,874,874,10,80
2457,Mikko Rashford,LW,0,WPG,81,66,72755,14,26,40,-16,32,1,2,3,4314,0,0,0,289,2,46,10,0,0,0,98,33,37,49,121,68,67,66,99.7,2.9,3.6,28.9,34.7,1020,1175,46.5,-0.3,653,782,45.5,-0.4,Forward,238.9,1902,1902,1,81
2404,Petr Svoboda,RW,0,HAM,80,56,56898,9,26,35,-15,20,1,0,1,261,0,3,3,9754,2,274,69,0,0,0,68,33,9,14,76,64,65,57,98.5,3.1,4.5,29.8,37.7,675,761,47,-4.7,459,592,43.7,-4.2,Forward,172.4,1893,1893,2,81
2544,Aksel Fiske,RW,0,MAN,81,66,66787,8,28,36,-32,26,0,0,0,3795,1,0,1,953,0,80,21,0,0,0,89,50,36,46,152,68,71,60,97.5,2.3,4.1,30.9,40.6,930,1176,44.2,-1.5,626,826,43.1,-0.3,Forward,224.79999999999998,1831,1831,3,81
2794,Reed Kobo,RW,0,TOR,81,66,77135,12,29,41,-40,21,1,3,4,2665,0,0,0,2580,1,77,34,0,0,0,72,58,31,39,175,77,86,60,96.7,2.5,4.5,31.8,40.4,1094,1374,44.3,0.7,749,940,44.3,-0.1,Forward,239.70000000000002,1813,1813,4,81
1506,William Salming,LW,0,HAM,81,66,59533,15,13,28,-55,26,1,0,1,894,0,1,1,4572,2,41,12,0,0,0,62,43,25,34,144,60,60,55,92.4,2,5.7,34.1,42.5,911,1048,46.5,-2.7,622,756,45.1,-3.7,Forward,187.4,1782,1782,5,81
1170,Steve Harrington,LW,0,EDM,81,66,53673,9,19,28,-19,18,0,0,0,474,0,0,0,561,2,51,20,0,0,0,64,45,33,6,72,64,64,57,99.9,2.7,4,26,38.1,709,927,43.3,-2.4,452,670,40.3,-3.1,Forward,143.79999999999998,1731,1731,6,81
2892,Outdoor Truck,C,0,TEX,81,66,73717,12,36,48,15,46,0,0,0,301,1,3,4,11719,2,986,479,0,0,0,61,47,67,15,103,67,61,73,101.1,3.8,3,36.1,32.3,1162,990,54,1,748,662,53,-1.4,Forward,220.3,1690,1690,7,81
2952,Benjamin Surkhi-Ze'ev,C,0,EDM,80,66,79536,25,21,46,-33,34,0,1,1,4173,3,1,4,7588,1,833,410,0,0,0,49,54,53,38,175,69,69,66,97.8,2.7,4.4,29.6,38.8,965,1156,45.5,2.2,666,849,44,3,Forward,257.9,1668,1668,8,81
1082,Melvin Majestik-Moose,LW,0,WPG,77,66,68005,16,23,39,-19,34,0,0,0,504,0,0,0,1407,3,76,25,0,0,0,77,31,22,47,131,68,70,61,99.2,3,4.1,31.3,39.5,1019,1171,46.5,-0.6,672,851,44.1,-2.1,Forward,231.3,1646,1646,9,81
2718,Mads McBride,LW,0,WPG,79,66,73132,15,25,40,-14,45,0,3,3,1361,1,4,5,9767,0,52,16,2,1,1,108,42,36,61,117,70,68,68,98.3,2.4,3.4,29.5,34.4,897,1007,47.1,1.4,611,698,46.7,1.7,Forward,249.9,1613,1613,10,81
2488,San-sam Emerson,LD,0,PHI,81,66,70864,8,18,26,29,46,0,0,0,199,1,0,1,6067,1,0,0,0,0,0,66,9,46,91,121,61,53,68,102.9,4.4,3.1,38.2,35.6,1205,1010,54.4,2.7,815,756,51.9,1,Defense,230.6,1274,1274,1,81
2228,Marcel Beck,RD,0,WPG,81,66,66954,4,15,19,0,31,0,1,1,1011,1,0,1,2315,1,0,0,1,0,1,48,8,23,148,90,61,54,68,100.9,3.3,3.5,30.7,35.2,981,1207,44.8,-2.8,648,765,45.9,0.2,Defense,240.40000000000003,1125,1125,2,81
2486,Jay O'Neil,RD,0,WPG,78,66,88382,19,28,47,-20,46,12,9,21,12921,0,4,4,6344,2,139,54,0,0,0,51,23,47,129,200,65,59,70,100.1,2.7,3.5,30.2,40.5,1001,1205,45.4,-0.5,694,917,43.1,-2.1,Defense,356.5,1103,1103,3,81
3028,Tommi Koivu,RD,0,HAM,80,66,73633,0,22,22,-6,32,0,1,1,702,0,3,3,10577,0,0,0,0,0,0,50,9,42,194,71,62,51,75,101.1,3.4,3.9,30.4,38.8,975,1039,48.4,-3.7,648,793,45,-3.7,Defense,281.9,1071,1071,4,81
2440,Dirty Boots,LD,0,BAP,81,66,45113,1,10,11,-8,33,0,0,0,438,0,2,2,7598,0,0,0,1,0,1,34,1,26,95,53,58,52,65,98.5,2.7,3.8,31.2,37,590,635,48.2,-2.2,383,449,46,-3.1,Defense,149,1047,1047,5,81
2454,Wendolene Ramsbottom,RD,0,SEA,79,66,72416,4,15,19,-19,24,1,0,1,163,0,3,3,7604,0,0,0,0,0,0,39,10,33,266,60,61,51,73,99.2,2.9,4.1,26.8,35.4,858,1367,38.6,-4.8,579,779,42.6,-1.3,Defense,334,991,991,6,81
2974,Wide Peepo Happy 3 Koivu,LD,0,HAM,79,66,80123,9,18,27,-11,28,1,0,1,1086,0,3,3,8011,0,0,0,0,0,0,51,9,44,181,96,64,56,72,99.6,2.7,3.5,30.7,38,1094,1252,46.6,-0.4,722,880,45.1,1.1,Defense,302.1,970,970,7,81
2340,Landon Fischermann,LD,0,SEA,77,66,89899,10,32,42,-28,38,5,11,16,15458,0,3,3,4780,2,0,0,0,0,0,50,8,36,177,147,64,60,68,102.7,3.6,4.7,24.7,39.3,866,1372,38.7,-0.6,588,898,39.6,1.6,Defense,359.4,954,954,8,81
3021,Pass Forfeit,RD,0,LAP,79,66,81414,5,31,36,28,59,1,4,5,5168,0,2,2,5701,2,1,1,1,0,1,86,13,50,135,122,64,56,74,102.3,4.2,2.8,37.4,31.1,1275,1040,55.1,1.1,869,723,54.6,0.7,Defense,305.5,906,906,9,81
2868,Luca Hunziker,LD,0,HAM,80,66,73006,1,20,21,-15,28,0,1,1,861,0,3,3,5781,0,0,0,0,0,0,82,11,69,63,118,60,53,66,97.8,3,4,33.2,35.5,1098,985,52.7,2.7,731,770,48.7,1.8,Defense,188.90000000000003,874,874,10,81
2457,Mikko Rashford,LW,0,WPG,81,66,72755,14,26,40,-16,32,1,2,3,4314,0,0,0,289,2,46,10,0,0,0,98,33,37,49,121,68,67,66,99.7,2.9,3.6,28.9,34.7,1020,1175,46.5,-0.3,653,782,45.5,-0.4,Forward,238.9,1902,1902,1,82
2404,Petr Svoboda,RW,0,HAM,80,56,56898,9,26,35,-15,20,1,0,1,261,0,3,3,9754,2,274,69,0,0,0,68,33,9,14,76,64,65,57,98.5,3.1,4.5,29.8,37.7,675,761,47,-4.7,459,592,43.7,-4.2,Forward,172.4,1893,1893,2,82
2544,Aksel Fiske,RW,0,MAN,81,66,66787,8,28,36,-32,26,0,0,0,3795,1,0,1,953,0,80,21,0,0,0,89,50,36,46,152,68,71,60,97.5,2.3,4.1,30.9,40.6,930,1176,44.2,-1.5,626,826,43.1,-0.3,Forward,224.79999999999998,1831,1831,3,82
2794,Reed Kobo,RW,0,TOR,81,66,77135,12,29,41,-40,21,1,3,4,2665,0,0,0,2580,1,77,34,0,0,0,72,58,31,39,175,77,86,60,96.7,2.5,4.5,31.8,40.4,1094,1374,44.3,0.7,749,940,44.3,-0.1,Forward,239.70000000000002,1813,1813,4,82
1506,William Salming,LW,0,HAM,81,66,59533,15,13,28,-55,26,1,0,1,894,0,1,1,4572,2,41,12,0,0,0,62,43,25,34,144,60,60,55,92.4,2,5.7,34.1,42.5,911,1048,46.5,-2.7,622,756,45.1,-3.7,Forward,187.4,1782,1782,5,82
1170,Steve Harrington,LW,0,EDM,81,66,53673,9,19,28,-19,18,0,0,0,474,0,0,0,561,2,51,20,0,0,0,64,45,33,6,72,64,64,57,99.9,2.7,4,26,38.1,709,927,43.3,-2.4,452,670,40.3,-3.1,Forward,143.79999999999998,1731,1731,6,82
2892,Outdoor Truck,C,0,TEX,81,66,73717,12,36,48,15,46,0,0,0,301,1,3,4,11719,2,986,479,0,0,0,61,47,67,15,103,67,61,73,101.1,3.8,3,36.1,32.3,1162,990,54,1,748,662,53,-1.4,Forward,220.3,1690,1690,7,82
2952,Benjamin Surkhi-Ze'ev,C,0,EDM,80,66,79536,25,21,46,-33,34,0,1,1,4173,3,1,4,7588,1,833,410,0,0,0,49,54,53,38,175,69,69,66,97.8,2.7,4.4,29.6,38.8,965,1156,45.5,2.2,666,849,44,3,Forward,257.9,1668,1668,8,82
1082,Melvin Majestik-Moose,LW,0,WPG,77,66,68005,16,23,39,-19,34,0,0,0,504,0,0,0,1407,3,76,25,0,0,0,77,31,22,47,131,68,70,61,99.2,3,4.1,31.3,39.5,1019,1171,46.5,-0.6,672,851,44.1,-2.1,Forward,231.3,1646,1646,9,82
2718,Mads McBride,LW,0,WPG,79,66,73132,15,25,40,-14,45,0,3,3,1361,1,4,5,9767,0,52,16,2,1,1,108,42,36,61,117,70,68,68,98.3,2.4,3.4,29.5,34.4,897,1007,47.1,1.4,611,698,46.7,1.7,Forward,249.9,1613,1613,10,82
2488,San-sam Emerson,LD,0,PHI,81,66,70864,8,18,26,29,46,0,0,0,199,1,0,1,6067,1,0,0,0,0,0,66,9,46,91,121,61,53,68,102.9,4.4,3.1,38.2,35.6,1205,1010,54.4,2.7,815,756,51.9,1,Defense,230.6,1274,1274,1,82
2228,Marcel Beck,RD,0,WPG,81,66,66954,4,15,19,0,31,0,1,1,1011,1,0,1,2315,1,0,0,1,0,1,48,8,23,148,90,61,54,68,100.9,3.3,3.5,30.7,35.2,981,1207,44.8,-2.8,648,765,45.9,0.2,Defense,240.40000000000003,1125,1125,2,82
2486,Jay O'Neil,RD,0,WPG,78,66,88382,19,28,47,-20,46,12,9,21,12921,0,4,4,6344,2,139,54,0,0,0,51,23,47,129,200,65,59,70,100.1,2.7,3.5,30.2,40.5,1001,1205,45.4,-0.5,694,917,43.1,-2.1,Defense,356.5,1103,1103,3,82
3028,Tommi Koivu,RD,0,HAM,80,66,73633,0,22,22,-6,32,0,1,1,702,0,3,3,10577,0,0,0,0,0,0,50,9,42,194,71,62,51,75,101.1,3.4,3.9,30.4,38.8,975,1039,48.4,-3.7,648,793,45,-3.7,Defense,281.9,1071,1071,4,82
2440,Dirty Boots,LD,0,BAP,81,66,45113,1,10,11,-8,33,0,0,0,438,0,2,2,7598,0,0,0,1,0,1,34,1,26,95,53,58,52,65,98.5,2.7,3.8,31.2,37,590,635,48.2,-2.2,383,449,46,-3.1,Defense,149,1047,1047,5,82
2454,Wendolene Ramsbottom,RD,0,SEA,79,66,72416,4,15,19,-19,24,1,0,1,163,0,3,3,7604,0,0,0,0,0,0,39,10,33,266,60,61,51,73,99.2,2.9,4.1,26.8,35.4,858,1367,38.6,-4.8,579,779,42.6,-1.3,Defense,334,991,991,6,82
2974,Wide Peepo Happy 3 Koivu,LD,0,HAM,79,66,80123,9,18,27,-11,28,1,0,1,1086,0,3,3,8011,0,0,0,0,0,0,51,9,44,181,96,64,56,72,99.6,2.7,3.5,30.7,38,1094,1252,46.6,-0.4,722,880,45.1,1.1,Defense,302.1,970,970,7,82
2340,Landon Fischermann,LD,0,SEA,77,66,89899,10,32,42,-28,38,5,11,16,15458,0,3,3,4780,2,0,0,0,0,0,50,8,36,177,147,64,60,68,102.7,3.6,4.7,24.7,39.3,866,1372,38.7,-0.6,588,898,39.6,1.6,Defense,359.4,954,954,8,82
3021,Pass Forfeit,RD,0,LAP,79,66,81414,5,31,36,28,59,1,4,5,5168,0,2,2,5701,2,1,1,1,0,1,86,13,50,135,122,64,56,74,102.3,4.2,2.8,37.4,31.1,1275,1040,55.1,1.1,869,723,54.6,0.7,Defense,305.5,906,906,9,82
2868,Luca Hunziker,LD,0,HAM,80,66,73006,1,20,21,-15,28,0,1,1,861,0,3,3,5781,0,0,0,0,0,0,82,11,69,63,118,60,53,66,97.8,3,4,33.2,35.5,1098,985,52.7,2.7,731,770,48.7,1.8,Defense,188.90000000000003,874,874,10,82
2457,Mikko Rashford,LW,0,WPG,81,66,72755,14,26,40,-16,32,1,2,3,4314,0,0,0,289,2,46,10,0,0,0,98,33,37,49,121,68,67,66,99.7,2.9,3.6,28.9,34.7,1020,1175,46.5,-0.3,653,782,45.5,-0.4,Forward,238.9,1902,1902,1,83
2404,Petr Svoboda,RW,0,HAM,80,56,56898,9,26,35,-15,20,1,0,1,261,0,3,3,9754,2,274,69,0,0,0,68,33,9,14,76,64,65,57,98.5,3.1,4.5,29.8,37.7,675,761,47,-4.7,459,592,43.7,-4.2,Forward,172.4,1893,1893,2,83
2544,Aksel Fiske,RW,0,MAN,81,66,66787,8,28,36,-32,26,0,0,0,3795,1,0,1,953,0,80,21,0,0,0,89,50,36,46,152,68,71,60,97.5,2.3,4.1,30.9,40.6,930,1176,44.2,-1.5,626,826,43.1,-0.3,Forward,224.79999999999998,1831,1831,3,83
2794,Reed Kobo,RW,0,TOR,81,66,77135,12,29,41,-40,21,1,3,4,2665,0,0,0,2580,1,77,34,0,0,0,72,58,31,39,175,77,86,60,96.7,2.5,4.5,31.8,40.4,1094,1374,44.3,0.7,749,940,44.3,-0.1,Forward,239.70000000000002,1813,1813,4,83
1506,William Salming,LW,0,HAM,81,66,59533,15,13,28,-55,26,1,0,1,894,0,1,1,4572,2,41,12,0,0,0,62,43,25,34,144,60,60,55,92.4,2,5.7,34.1,42.5,911,1048,46.5,-2.7,622,756,45.1,-3.7,Forward,187.4,1782,1782,5,83
1170,Steve Harrington,LW,0,EDM,81,66,53673,9,19,28,-19,18,0,0,0,474,0,0,0,561,2,51,20,0,0,0,64,45,33,6,72,64,64,57,99.9,2.7,4,26,38.1,709,927,43.3,-2.4,452,670,40.3,-3.1,Forward,143.79999999999998,1731,1731,6,83
2892,Outdoor Truck,C,0,TEX,81,66,73717,12,36,48,15,46,0,0,0,301,1,3,4,11719,2,986,479,0,0,0,61,47,67,15,103,67,61,73,101.1,3.8,3,36.1,32.3,1162,990,54,1,748,662,53,-1.4,Forward,220.3,1690,1690,7,83
2952,Benjamin Surkhi-Ze'ev,C,0,EDM,80,66,79536,25,21,46,-33,34,0,1,1,4173,3,1,4,7588,1,833,410,0,0,0,49,54,53,38,175,69,69,66,97.8,2.7,4.4,29.6,38.8,965,1156,45.5,2.2,666,849,44,3,Forward,257.9,1668,1668,8,83
1082,Melvin Majestik-Moose,LW,0,WPG,77,66,68005,16,23,39,-19,34,0,0,0,504,0,0,0,1407,3,76,25,0,0,0,77,31,22,47,131,68,70,61,99.2,3,4.1,31.3,39.5,1019,1171,46.5,-0.6,672,851,44.1,-2.1,Forward,231.3,1646,1646,9,83
2718,Mads McBride,LW,0,WPG,79,66,73132,15,25,40,-14,45,0,3,3,1361,1,4,5,9767,0,52,16,2,1,1,108,42,36,61,117,70,68,68,98.3,2.4,3.4,29.5,34.4,897,1007,47.1,1.4,611,698,46.7,1.7,Forward,249.9,1613,1613,10,83
2488,San-sam Emerson,LD,0,PHI,81,66,70864,8,18,26,29,46,0,0,0,199,1,0,1,6067,1,0,0,0,0,0,66,9,46,91,121,61,53,68,102.9,4.4,3.1,38.2,35.6,1205,1010,54.4,2.7,815,756,51.9,1,Defense,230.6,1274,1274,1,83
2228,Marcel Beck,RD,0,WPG,81,66,66954,4,15,19,0,31,0,1,1,1011,1,0,1,2315,1,0,0,1,0,1,48,8,23,148,90,61,54,68,100.9,3.3,3.5,30.7,35.2,981,1207,44.8,-2.8,648,765,45.9,0.2,Defense,240.40000000000003,1125,1125,2,83
2486,Jay O'Neil,RD,0,WPG,78,66,88382,19,28,47,-20,46,12,9,21,12921,0,4,4,6344,2,139,54,0,0,0,51,23,47,129,200,65,59,70,100.1,2.7,3.5,30.2,40.5,1001,1205,45.4,-0.5,694,917,43.1,-2.1,Defense,356.5,1103,1103,3,83
3028,Tommi Koivu,RD,0,HAM,80,66,73633,0,22,22,-6,32,0,1,1,702,0,3,3,10577,0,0,0,0,0,0,50,9,42,194,71,62,51,75,101.1,3.4,3.9,30.4,38.8,975,1039,48.4,-3.7,648,793,45,-3.7,Defense,281.9,1071,1071,4,83
2440,Dirty Boots,LD,0,BAP,81,66,45113,1,10,11,-8,33,0,0,0,438,0,2,2,7598,0,0,0,1,0,1,34,1,26,95,53,58,52,65,98.5,2.7,3.8,31.2,37,590,635,48.2,-2.2,383,449,46,-3.1,Defense,149,1047,1047,5,83
2454,Wendolene Ramsbottom,RD,0,SEA,79,66,72416,4,15,19,-19,24,1,0,1,163,0,3,3,7604,0,0,0,0,0,0,39,10,33,266,60,61,51,73,99.2,2.9,4.1,26.8,35.4,858,1367,38.6,-4.8,579,779,42.6,-1.3,Defense,334,991,991,6,83
2974,Wide Peepo Happy 3 Koivu,LD,0,HAM,79,66,80123,9,18,27,-11,28,1,0,1,1086,0,3,3,8011,0,0,0,0,0,0,51,9,44,181,96,64,56,72,99.6,2.7,3.5,30.7,38,1094,1252,46.6,-0.4,722,880,45.1,1.1,Defense,302.1,970,970,7,83
2340,Landon Fischermann,LD,0,SEA,77,66,89899,10,32,42,-28,38,5,11,16,15458,0,3,3,4780,2,0,0,0,0,0,50,8,36,177,147,64,60,68,102.7,3.6,4.7,24.7,39.3,866,1372,38.7,-0.6,588,898,39.6,1.6,Defense,359.4,954,954,8,83
3021,Pass Forfeit,RD,0,LAP,79,66,81414,5,31,36,28,59,1,4,5,5168,0,2,2,5701,2,1,1,1,0,1,86,13,50,135,122,64,56,74,102.3,4.2,2.8,37.4,31.1,1275,1040,55.1,1.1,869,723,54.6,0.7,Defense,305.5,906,906,9,83
2868,Luca Hunziker,LD,0,HAM,80,66,73006,1,20,21,-15,28,0,1,1,861,0,3,3,5781,0,0,0,0,0,0,82,11,69,63,118,60,53,66,97.8,3,4,33.2,35.5,1098,985,52.7,2.7,731,770,48.7,1.8,Defense,188.90000000000003,874,874,10,83
