id,name,position,league,team,season,gamesPlayed,timeOnIce,goals,assists,points,plusMinus,pim,ppGoals,ppAssists,ppPoints,ppTimeOnIce,shGoals,shAssists,shPoints,shTimeOnIce,gwg,faceoffs,faceoffWins,fights,fightWins,fightLosses,hits,giveaways,takeaways,shotsBlocked,shotsOnGoal,gameRating,offensiveGameRating,defensiveGameRating,advancedStats.PDO,advancedStats.GF60,advancedStats.GA60,advancedStats.SF60,advancedStats.SA60,advancedStats.CF,advancedStats.CA,advancedStats.CFPct,advancedStats.CFPctRel,advancedStats.FF,advancedStats.FA,advancedStats.FFPct,advancedStats.FFPctRel,pos,fantasy,cum_assists,label,rank,season_label
NA, ,NA,NA,ATL,NA,NA,NA,NA,NA,NA,NA,NA,NA,NA,NA,NA,NA,NA,NA,NA,NA,NA,NA,NA,NA,NA,NA,NA,NA,NA,NA,NA,NA,NA,NA,NA,NA,NA,NA,NA,NA,NA,NA,NA,NA,NA,NA,Forward,NA,0, ,1,65
NA, ,NA,NA,ATL,NA,NA,NA,NA,NA,NA,NA,NA,NA,NA,NA,NA,NA,NA,NA,NA,NA,NA,NA,NA,NA,NA,NA,NA,NA,NA,NA,NA,NA,NA,NA,NA,NA,NA,NA,NA,NA,NA,NA,NA,NA,NA,NA,Forward,NA,0, ,2,65
NA, ,NA,NA,ATL,NA,NA,NA,NA,NA,NA,NA,NA,NA,NA,NA,NA,NA,NA,NA,NA,NA,NA,NA,NA,NA,NA,NA,NA,NA,NA,NA,NA,NA,NA,NA,NA,NA,NA,NA,NA,NA,NA,NA,NA,NA,NA,NA,Forward,NA,0, ,3,65
NA, ,NA,NA,ATL,NA,NA,NA,NA,NA,NA,NA,NA,NA,NA,NA,NA,NA,NA,NA,NA,NA,NA,NA,NA,NA,NA,NA,NA,NA,NA,NA,NA,NA,NA,NA,NA,NA,NA,NA,NA,NA,NA,NA,NA,NA,NA,NA,Forward,NA,0, ,4,65
NA, ,NA,NA,ATL,NA,NA,NA,NA,NA,NA,NA,NA,NA,NA,NA,NA,NA,NA,NA,NA,NA,NA,NA,NA,NA,NA,NA,NA,NA,NA,NA,NA,NA,NA,NA,NA,NA,NA,NA,NA,NA,NA,NA,NA,NA,NA,NA,Forward,NA,0, ,5,65
NA, ,NA,NA,ATL,NA,NA,NA,NA,NA,NA,NA,NA,NA,NA,NA,NA,NA,NA,NA,NA,NA,NA,NA,NA,NA,NA,NA,NA,NA,NA,NA,NA,NA,NA,NA,NA,NA,NA,NA,NA,NA,NA,NA,NA,NA,NA,NA,Forward,NA,0, ,6,65
NA, ,NA,NA,ATL,NA,NA,NA,NA,NA,NA,NA,NA,NA,NA,NA,NA,NA,NA,NA,NA,NA,NA,NA,NA,NA,NA,NA,NA,NA,NA,NA,NA,NA,NA,NA,NA,NA,NA,NA,NA,NA,NA,NA,NA,NA,NA,NA,Forward,NA,0, ,7,65
NA, ,NA,NA,ATL,NA,NA,NA,NA,NA,NA,NA,NA,NA,NA,NA,NA,NA,NA,NA,NA,NA,NA,NA,NA,NA,NA,NA,NA,NA,NA,NA,NA,NA,NA,NA,NA,NA,NA,NA,NA,NA,NA,NA,NA,NA,NA,NA,Forward,NA,0, ,8,65
NA, ,NA,NA,ATL,NA,NA,NA,NA,NA,NA,NA,NA,NA,NA,NA,NA,NA,NA,NA,NA,NA,NA,NA,NA,NA,NA,NA,NA,NA,NA,NA,NA,NA,NA,NA,NA,NA,NA,NA,NA,NA,NA,NA,NA,NA,NA,NA,Forward,NA,0, ,9,65
NA, ,NA,NA,ATL,NA,NA,NA,NA,NA,NA,NA,NA,NA,NA,NA,NA,NA,NA,NA,NA,NA,NA,NA,NA,NA,NA,NA,NA,NA,NA,NA,NA,NA,NA,NA,NA,NA,NA,NA,NA,NA,NA,NA,NA,NA,NA,NA,Forward,NA,0, ,10,65
1485,Xavier Doom,C,0,NOL,66,66,90056,30,66,96,29,34,7,23,30,10669,1,1,2,7474,4,1458,812,0,0,0,66,44,79,54,132,76,68,83,101.9,4.2,2.7,36.1,28.3,1145,980,53.9,3.8,821,670,55.1,2.5,Forward,416.4,66,66,1,66
1269,Theo Kondos,RW,0,CHI,66,66,87686,39,65,104,34,37,9,13,22,12403,3,5,8,7732,7,503,160,0,0,0,134,52,55,45,230,82,81,77,101.2,4.7,2.9,39,26.6,1209,855,58.6,2.3,869,591,59.5,1.4,Forward,500.6,65,65,2,66
1970,Salzberger Lillehammersson,RW,0,ATL,66,66,77841,26,60,86,36,36,8,15,23,10887,0,0,0,580,5,112,31,0,0,0,156,53,45,48,175,82,82,76,101.6,4.6,2.5,39.3,25,1131,811,58.2,-2.4,834,542,60.6,-1.1,Forward,427.7,60,60,3,66
1751,Pablo Salvatici,LW,0,ATL,66,66,83732,36,59,95,46,28,10,23,33,11847,3,1,4,4068,5,843,372,0,0,0,112,59,46,35,241,77,79,71,101.9,4.4,2.1,39.6,22.9,1170,781,60,0.2,853,513,62.4,1.6,Forward,459.1,59,59,4,66
86,Aaron Wilson,RW,0,HAM,66,66,86805,27,58,85,-26,38,8,19,27,14637,0,0,0,627,2,150,73,0,0,0,138,65,23,6,223,74,82,58,99.6,3.7,4.7,37,44.7,1161,1215,48.9,1.6,858,1034,45.3,1,Forward,407.7,58,58,5,66
558,Luukas Lilja,C,0,LAP,66,66,87280,49,58,107,31,28,16,19,35,12967,3,0,3,3090,6,1323,731,0,0,0,67,46,64,31,223,72,70,73,100.9,4.9,3.2,39.8,28.4,1264,910,58.1,0.1,908,651,58.2,-1.2,Forward,482.3,58,58,6,66
1293,Walton Stromberg,C,0,SFP,66,66,83866,31,58,89,19,26,10,20,30,11684,2,1,3,2772,5,1238,701,0,0,0,77,56,68,29,222,73,71,72,98.4,4.4,3.2,42.5,27,1285,888,59.1,1.6,963,614,61.1,0.8,Forward,412.8,58,58,7,66
920,Aleksander Kozlov,C,0,TBB,66,66,85209,39,57,96,25,36,7,16,23,12507,0,1,1,2840,8,1178,658,0,0,0,74,56,70,37,196,75,73,76,103.6,4.6,3,36.4,33.2,1083,1028,51.3,0.1,811,768,51.4,-0.5,Forward,437.6,57,57,8,66
2188,Roderic Banes,RW,0,MTL,66,66,86899,31,57,88,24,24,8,16,24,13078,3,1,4,10851,6,75,26,0,0,0,118,67,34,64,182,75,71,76,104.6,4.6,2.8,34.1,31.7,929,948,49.5,-0.6,691,653,51.4,1.5,Forward,435.2,57,57,9,66
1367,Calvin Hobbes,C,0,SEA,66,66,88085,25,56,81,14,46,3,19,22,13926,3,4,7,8090,7,1370,793,0,0,0,52,60,66,25,187,74,71,76,99.7,3.8,2.9,35.7,26.8,1051,856,55.1,-0.9,777,583,57.1,-1.1,Forward,359.90000000000003,56,56,10,66
806,Michael Withecheck,RD,0,ATL,66,66,91031,17,46,63,48,38,8,16,24,12274,0,2,2,7326,3,0,0,0,0,0,109,13,66,123,251,72,68,75,102.7,4.6,2.2,40.8,25.1,1312,836,61.1,1.9,953,593,61.6,0.5,Defense,435.6,46,46,1,66
1276,Jonas Kahnwald,LD,0,LAP,66,66,90975,23,45,68,50,30,8,12,20,12681,2,5,7,4979,1,0,0,0,0,0,69,15,66,131,249,68,63,75,102.1,4.7,2.4,41.2,25.8,1323,870,60.3,3.5,990,609,61.9,4.5,Defense,447.20000000000005,45,45,2,66
883,Sean Gatez,RD,0,LAP,66,66,88467,13,43,56,30,32,1,3,4,3922,0,4,4,8754,1,0,0,0,0,0,62,9,45,128,178,65,60,68,100.4,4,2.8,38.9,28.5,1305,983,57,-1.7,956,685,58.3,-1.2,Defense,374.4,43,43,3,66
1837,Bean Beanman,LD,0,BUF,66,66,89622,14,42,56,18,25,8,13,21,10179,0,4,4,8230,1,0,0,1,0,1,87,13,55,133,240,68,62,73,98.7,3.7,2.7,40.2,25.5,1237,935,57,0.7,926,622,59.8,4.2,Defense,408.5,42,42,4,66
1820,Eero Makela,RD,0,CGY,66,66,92641,11,41,52,-11,42,3,15,18,14646,0,5,5,8231,1,1,0,0,0,0,66,15,75,273,192,69,55,85,98.9,3,3.1,32.2,30.2,966,1080,47.2,2.8,710,692,50.6,4.1,Defense,496.70000000000005,41,41,5,66
1969,Shion Okamoto,LD,0,CHI,66,66,86429,15,40,55,32,24,8,10,18,12500,1,1,2,2819,3,0,0,0,0,0,85,13,57,95,185,67,62,71,101.7,4.7,2.7,39.5,26.7,1267,927,57.7,1.1,925,621,59.8,1.9,Defense,355,40,40,6,66
1248,Rikard Bjerg,RD,0,SFP,66,66,95457,13,39,52,18,49,8,12,20,11060,0,2,2,8206,2,0,0,0,0,0,108,6,106,92,209,67,57,77,99.1,4,2.9,40.9,27.5,1370,923,59.7,2.6,1024,672,60.4,-0.2,Defense,357.7,39,39,7,66
308,Elias Kierkegaard,RD,0,LAP,66,66,80549,6,36,42,39,32,0,2,2,1306,0,4,4,4574,0,0,0,0,0,0,53,8,38,75,170,60,54,64,100.6,4.3,2.7,39.9,25.9,1341,884,60.3,3.4,979,630,60.8,2.9,Defense,271.7,36,36,8,66
1194,Ethan Duncan,LD,0,WPG,66,66,89749,14,36,50,7,36,10,10,20,13894,0,4,4,6737,4,0,0,0,0,0,73,15,65,99,198,68,64,71,99.6,4.3,3.9,37.9,32.5,1120,935,54.5,-1.7,823,732,52.9,-2.4,Defense,341.70000000000005,36,36,9,66
1722,Ole Olson,LD,0,NOL,66,66,93755,13,36,49,17,28,9,16,25,10925,0,3,3,6335,0,0,0,0,0,0,71,7,76,171,223,72,67,77,100.8,3.3,2.4,34.4,26.7,1185,1074,52.5,1.7,838,687,55,2.4,Defense,409.2,36,36,10,66
1578,Ty Murphy,RW,0,TOR,67,66,85115,37,64,101,51,37,10,18,28,12283,3,2,5,7824,7,318,180,0,0,0,145,58,38,29,238,76,76,72,104,5.4,2.2,46,28.1,1276,834,60.5,1.3,975,588,62.4,1.1,Forward,486.79999999999995,120,120,1,67
645,Dwayne Gretzky,C,0,MTL,67,66,88977,39,69,108,24,40,14,26,40,13072,4,6,10,9733,1,1282,691,0,0,0,72,46,49,63,189,77,76,77,101.7,4.5,3.4,35.6,30.6,1095,889,55.2,5.1,785,665,54.1,4.9,Forward,486.3,119,119,2,67
1751,Pablo Salvatici,C,0,ATL,67,66,85628,40,58,98,46,48,8,22,30,10631,4,8,12,10004,4,1381,699,0,0,0,61,61,56,49,211,76,74,77,103.6,4.2,2,37.1,27,1037,845,55.1,-1.3,787,582,57.5,0.3,Forward,451.09999999999997,117,117,3,67
2371,Grogu Mandosson,C,0,CGY,67,66,86173,26,71,97,20,29,12,20,32,13119,0,2,2,1715,5,1235,682,0,0,0,69,41,70,45,170,74,69,73,104.5,4.3,2.9,32,32.5,988,1153,46.1,1,738,748,49.7,2.7,Forward,422.6,117,117,4,67
1970,Salzberger Lillehammersson,RW,0,ATL,67,66,86846,45,55,100,38,24,12,14,26,10497,10,4,14,10178,7,63,20,0,0,0,173,57,51,43,251,84,91,67,100.5,4.6,3,38.3,26,1110,837,57,1.5,835,580,59,2.6,Forward,515.3,115,115,5,67
1485,Xavier Doom,C,0,NOL,67,66,86672,22,45,67,25,39,3,4,7,5654,1,5,6,5640,5,1097,618,0,0,0,63,48,60,62,132,73,67,77,102,3.8,2.8,30.9,27.4,1063,1071,49.8,-0.1,743,687,52,-0.5,Forward,325,111,111,6,67
2554,Sconnie McHits,RW,0,MTL,67,66,81529,28,55,83,10,47,3,18,21,13146,0,0,0,516,3,28,7,1,0,1,139,70,21,22,233,77,84,63,101.4,4.2,3.4,33.5,30.4,1068,896,54.4,3.8,748,671,52.7,2.7,Forward,415.7,111,111,7,67
299,Chimkin Wing,RW,0,BUF,67,66,82054,20,55,75,-10,44,1,20,21,12384,0,0,0,626,2,29,11,0,0,0,145,58,48,28,163,77,83,64,97,3.8,4,36.1,29.1,1070,925,53.6,1,814,667,55,2.7,Forward,368.7,109,109,8,67
2220,Jimmy Larkin-Conway,LW,0,TOR,67,66,78435,30,68,98,44,22,7,13,20,12673,0,1,1,177,3,19,11,0,0,0,150,52,48,37,224,77,81,67,102.9,5.5,2.5,46.8,28.7,1284,844,60.3,1.1,1006,614,62.1,0.7,Forward,473.4,108,108,9,67
920,Aleksander Kozlov,C,0,TBB,67,66,87443,31,48,79,4,42,4,16,20,12473,1,0,1,3137,2,1100,608,0,0,0,78,61,59,48,213,73,72,73,101.7,4.2,3.7,36,36.6,1142,1128,50.3,-1,850,847,50.1,-1,Forward,391.9,105,105,10,67
1276,Jonas Kahnwald,LD,0,SEA,67,66,89768,10,41,51,15,44,6,12,18,12235,0,3,3,5970,2,0,0,0,0,0,95,9,72,111,195,68,62,75,98.5,3.6,2.7,37.2,24.4,1225,820,59.9,1.2,871,584,59.9,-1.2,Defense,359.4,86,86,1,67
1701,Puddles O'Duck,LD,0,ATL,67,66,92276,13,49,62,55,34,6,11,17,10594,0,7,7,9786,3,0,0,0,0,0,69,8,49,128,193,68,62,74,104.2,4.5,2,39.6,27,1256,899,58.3,3.6,926,636,59.3,3.1,Defense,399.7,81,81,2,67
1820,Eero Makela,RD,0,CGY,67,66,90606,12,40,52,7,20,5,14,19,13482,0,5,5,6031,1,1,0,0,0,0,73,12,63,299,155,69,55,84,101,3.2,2.9,29.5,30,956,1121,46,0.8,674,691,49.4,2.2,Defense,512.8,81,81,3,67
806,Michael Withecheck,RD,0,ATL,67,66,85723,10,33,43,50,34,2,2,4,3480,0,4,4,6018,2,0,0,0,0,0,76,9,50,155,204,69,64,75,102.8,4.2,2.2,39.3,27.5,1293,1002,56.3,0.5,958,692,58.1,1.3,Defense,370.1,79,79,4,67
1722,Ole Olson,LD,0,NOL,67,66,93832,6,42,48,20,32,2,14,16,11686,0,5,5,7471,3,0,0,0,0,0,69,16,60,181,209,70,62,79,101.8,3.5,2.4,31.9,26.4,1085,1063,50.5,1,767,673,53.3,1.5,Defense,403.2,78,78,5,67
1837,Bean Beanman,LD,0,BUF,67,66,90959,17,32,49,19,26,8,10,18,12129,1,2,3,8466,2,1,1,0,0,0,89,13,72,144,221,69,62,75,99.8,3.9,3.1,35.1,27.3,1082,933,53.7,1.1,804,625,56.3,4.6,Defense,395.5,74,74,6,67
2251,Jonathon Hagan,RD,0,MTL,67,66,91473,13,34,47,0,50,9,13,22,13275,0,2,2,6236,1,0,0,0,0,0,99,11,69,148,179,69,61,77,99.7,3.3,3.3,33.4,32.5,1100,1006,52.2,0.7,808,753,51.8,1.4,Defense,380.5,70,70,7,67
732,Sven Svechnikov,LD,0,MAN,67,66,96874,15,34,49,-4,47,7,16,23,13619,0,2,2,8214,3,0,0,0,0,0,59,6,66,158,213,67,61,73,100.4,3.3,3.1,31.5,30.8,1080,1105,49.4,-1.7,769,757,50.4,-1.8,Defense,391.70000000000005,68,68,8,67
1194,Ethan Duncan,LD,0,WPG,67,66,85117,23,32,55,36,36,14,11,25,9862,1,0,1,4117,5,0,0,0,0,0,63,9,37,106,217,65,60,69,101.9,4.4,2.5,36.6,24.9,1186,803,59.6,-2.6,843,584,59.1,-2.5,Defense,373.70000000000005,68,68,9,67
1969,Shion Okamoto,LD,0,CHI,67,66,87290,7,28,35,1,30,2,7,9,11711,0,0,0,2051,1,0,0,0,0,0,65,10,56,144,167,65,58,72,97.8,3.2,2.8,33.5,23.9,1125,953,54.1,-0.3,806,573,58.4,3.1,Defense,317.7,68,68,10,67
1578,Ty Murphy,RW,0,TOR,68,66,90521,33,66,99,41,28,12,17,29,13734,1,1,2,12206,3,321,167,0,0,0,150,80,36,38,219,76,75,72,102.5,5.8,3.3,43.7,31.2,1219,889,57.8,2.9,912,651,58.3,2.2,Forward,478.5,186,186,1,68
2220,Jimmy Larkin-Conway,LW,0,TOR,68,66,77929,35,62,97,35,38,9,12,21,14399,0,1,1,248,8,121,30,0,0,0,149,47,47,39,259,78,82,65,101.8,5.7,3.5,44.3,31.5,1238,874,58.6,4.1,920,648,58.7,2.7,Forward,486.7,170,170,2,68
1970,Salzberger Lillehammersson,RW,0,ATL,68,66,87326,22,53,75,33,26,6,17,23,13186,5,1,6,11326,3,34,4,0,0,0,171,39,39,36,210,84,90,70,102.7,3.9,2.1,37.3,26.5,1054,778,57.5,3.6,759,548,58.1,4.3,Forward,400,168,168,3,68
299,Chimkin Wing,RW,0,BUF,68,66,80386,33,57,90,32,20,7,15,22,14089,1,0,1,338,4,23,7,0,0,0,168,51,35,29,232,78,84,65,102,5.2,3,42.7,29.5,1187,886,57.3,2.5,911,645,58.5,2.8,Forward,457.2,166,166,4,68
558,Luukas Lilja,LW,0,SEA,68,66,79124,40,62,102,48,44,10,23,33,10558,0,1,1,375,8,45,13,0,0,0,126,61,36,21,183,81,89,66,105.3,4.7,1.9,32.4,20.5,1047,636,62.2,2.7,726,461,61.2,0.6,Forward,463.9,166,166,5,68
2554,Sconnie McHits,RW,0,MTL,68,66,80678,21,54,75,-3,38,8,13,21,11722,0,1,1,572,1,54,18,0,0,0,124,53,30,31,208,76,81,65,99.1,3.4,3.1,34.4,28.6,1067,883,54.7,0.2,769,643,54.5,-0.4,Forward,376.6,165,165,6,68
645,Dwayne Gretzky,C,0,MTL,68,66,87511,30,42,72,14,46,7,11,18,12069,3,1,4,7771,6,1022,565,0,0,0,80,50,46,57,184,76,76,74,100.1,4.3,3.3,36.4,28.1,1128,858,56.8,3.4,821,626,56.7,3,Forward,367.4,161,161,7,68
1751,Pablo Salvatici,C,0,ATL,68,66,87426,36,44,80,32,28,8,16,24,13354,2,5,7,10646,7,1442,747,0,0,0,54,58,54,42,215,76,73,78,102.9,3.7,2,36.7,27.4,1044,774,57.4,3.5,743,559,57.1,2.8,Forward,387.3,161,161,8,68
2371,Grogu Mandosson,C,0,CGY,68,66,89308,42,40,82,12,39,20,11,31,14552,2,1,3,2371,5,1157,626,0,0,0,71,42,89,46,216,75,68,78,101.7,3.2,2.4,32.1,29.1,1010,1040,49.3,2.9,761,705,51.9,3.2,Forward,408.8,157,157,9,68
2404,Petr Svoboda,RW,0,NEW,68,66,83596,12,66,78,-8,28,4,18,22,11330,0,1,1,2934,0,78,36,0,0,0,150,66,37,31,167,79,83,66,97,3.7,3.8,36.7,29.1,1119,920,54.9,3.3,828,665,55.5,2.6,Forward,374.70000000000005,154,154,10,68
1276,Jonas Kahnwald,LD,0,SEA,68,66,87592,18,33,51,50,38,7,17,24,10799,0,1,1,4304,4,0,0,0,0,0,77,7,55,77,206,68,63,72,105,4.1,1.7,31.1,21,1088,683,61.4,1.5,759,502,60.2,-0.9,Defense,332.90000000000003,119,119,1,68
1973,Luc Blouin,LD,0,PHI,68,66,93657,17,54,71,37,28,5,21,26,14492,1,6,7,11257,2,0,0,0,0,0,111,11,60,128,206,72,69,75,102.4,4.2,2.2,37.6,25.2,1139,820,58.1,1.4,848,553,60.5,4.6,Defense,451.40000000000003,118,118,2,68
1701,Puddles O'Duck,LD,0,ATL,68,66,91448,17,34,51,29,52,9,15,24,13598,2,5,7,10122,4,0,0,0,0,0,59,6,44,141,249,67,61,74,103.3,3.7,2,34.1,27.1,1069,892,54.5,-0.8,772,601,56.2,1.6,Defense,395.20000000000005,115,115,3,68
1820,Eero Makela,RD,0,CGY,68,66,87287,15,34,49,-6,39,8,15,23,14537,0,0,0,2849,2,0,0,1,0,1,51,10,62,275,162,67,54,81,100.8,3.6,3.5,28.1,29.6,872,1076,44.8,-3.9,643,681,48.6,-1.8,Defense,478.5,115,115,4,68
1837,Bean Beanman,LD,0,BUF,68,66,92604,9,40,49,35,18,4,12,16,14594,1,2,3,8047,2,0,0,0,0,0,68,9,55,118,186,67,60,75,101.7,4.4,2.3,44.1,27.1,1308,950,57.9,3.6,981,629,60.9,6.4,Defense,345.2,114,114,5,68
1892,Kermit Murphy,LD,0,SEA,68,66,91029,14,50,64,44,40,9,17,26,10553,1,1,2,8727,0,0,0,0,0,0,58,6,35,107,203,67,62,72,104.4,3.9,1.6,32.5,21.5,1086,730,59.8,-0.9,760,505,60.1,-1,Defense,386.4,107,107,6,68
2251,Jonathon Hagan,RD,0,MTL,68,66,91298,13,35,48,19,48,5,10,15,12272,1,1,2,6909,3,0,0,0,0,0,64,12,64,153,167,67,61,75,100.1,4.1,3.2,35.7,28.6,1198,954,55.7,1.8,873,676,56.4,2.6,Defense,370.4,105,105,7,68
806,Michael Withecheck,RD,0,ATL,68,66,84098,14,24,38,33,30,1,1,2,3947,0,5,5,6382,6,0,0,0,0,0,74,11,40,151,169,66,60,73,102.4,3.5,2.1,34.6,27.6,1178,941,55.6,0.8,850,668,56,1.4,Defense,344.2,103,103,8,68
1113,Ryosuke Sato,LD,0,TOR,68,66,91925,10,38,48,15,48,3,13,16,14120,0,2,2,10710,3,1,0,0,0,0,45,11,60,157,202,66,60,73,99.7,4.6,3.6,41.8,32.1,1234,996,55.3,-0.8,930,681,57.7,1.3,Defense,373.9,103,103,9,68
1194,Ethan Duncan,LD,0,WPG,68,66,81652,5,34,39,41,36,0,2,2,2839,0,6,6,7811,2,0,0,0,0,0,71,4,42,127,137,65,59,71,101.6,4,2.3,36.3,24.4,1136,936,54.8,-2.6,836,597,58.3,-1,Defense,305.8,102,102,10,68
1578,Ty Murphy,LW,0,SEA,69,66,84221,35,58,93,45,26,7,20,27,11867,1,0,1,858,7,65,38,0,0,0,133,55,44,17,206,82,89,68,104.2,4.2,1.7,35.6,21.8,1142,704,61.9,2.6,832,483,63.3,1.9,Forward,439.2,244,244,1,69
1970,Salzberger Lillehammersson,RW,0,ATL,69,66,83250,33,58,91,32,62,8,18,26,11538,4,2,6,3934,8,219,60,0,0,0,132,50,39,33,257,79,86,66,99.5,4.4,2.8,42.7,25.5,1263,806,61,5.1,920,564,62,4,Forward,455.70000000000005,226,226,2,69
299,Chimkin Wing,RW,0,BUF,69,66,78476,32,59,91,31,34,5,13,18,14128,1,0,1,458,3,18,5,0,0,0,136,44,34,38,209,78,83,66,101.1,4.8,2.8,44.6,29,1288,811,61.4,5.6,946,595,61.4,4,Forward,444.90000000000003,225,225,3,69
2554,Sconnie McHits,RW,0,MTL,69,66,82894,37,50,87,37,38,9,14,23,11162,0,0,0,554,8,98,22,0,0,0,90,52,30,29,259,80,88,65,103.7,4.4,2.2,36.7,26.2,1180,896,56.8,1.9,856,616,58.2,1.9,Forward,429.09999999999997,215,215,4,69
2371,Grogu Mandosson,C,0,CGY,69,66,87235,37,55,92,21,43,17,20,37,11601,1,4,5,7037,8,1182,677,0,0,0,75,50,76,37,191,75,68,79,101.8,3.5,2.5,33.2,28,991,978,50.3,2.3,740,632,53.9,2.1,Forward,422.5,212,212,5,69
1824,Tomas Lind,LW,0,MAN,69,66,81983,24,59,83,31,40,7,17,24,10306,2,4,6,4736,3,171,43,0,0,0,92,53,38,58,229,78,80,73,101.6,4.1,2.6,38.9,28.9,1166,908,56.2,1.9,833,626,57.1,2.1,Forward,413.3,211,211,6,69
2220,Jimmy Larkin-Conway,LW,0,TOR,69,66,92603,20,41,61,-54,50,7,15,22,15915,2,1,3,9150,1,248,123,0,0,0,79,95,51,65,178,79,84,68,101.7,2.1,4.3,18.5,43.7,549,1228,30.9,3.6,404,942,30,2.2,Forward,327,211,211,7,69
645,Dwayne Gretzky,C,0,MTL,69,66,79585,32,49,81,44,22,3,6,9,5109,1,4,5,3957,8,940,518,0,0,0,57,48,37,54,156,72,72,69,104,4.6,2.6,35,28.4,1135,929,55,-0.9,819,658,55.5,-2.2,Forward,377,210,210,8,69
2152,Gonzo Gobbledygook,LW,0,WPG,69,66,87343,41,59,100,44,48,13,16,29,11342,6,3,9,9360,5,41,16,0,0,0,159,58,47,41,229,88,89,80,102,4.3,2.2,37.7,23.1,1117,723,60.7,-1.5,803,501,61.6,-2.5,Forward,497.90000000000003,207,207,9,69
2404,Petr Svoboda,RW,0,NEW,69,66,81952,27,46,73,23,18,11,10,21,12197,0,1,1,756,1,55,28,0,0,0,140,61,42,29,223,79,84,67,102.2,4,2.3,37.7,27.5,1166,880,57,0.7,843,635,57,-0.6,Forward,386.29999999999995,200,200,10,69
1276,Jonas Kahnwald,LD,0,SEA,69,66,87858,13,40,53,27,34,6,15,21,11647,0,2,2,4720,2,0,0,0,0,0,70,2,64,94,189,68,63,73,100.9,3.3,1.9,33.7,21.1,1077,718,60,-0.3,793,499,61.4,-1,Defense,341.3,159,159,1,69
1973,Luc Blouin,LD,0,PHI,69,66,88233,12,38,50,25,54,3,15,18,13434,1,2,3,4835,1,0,0,0,0,0,108,19,54,106,228,70,65,75,100.5,3.7,2.1,42.3,25.4,1284,828,60.8,0.9,955,587,61.9,1.9,Defense,369,156,156,2,69
1701,Puddles O'Duck,LD,0,ATL,69,66,90688,18,37,55,21,30,9,14,23,11898,0,5,5,9886,3,14,5,0,0,0,62,11,57,158,245,68,60,77,100.1,3.2,2.2,39.9,27.2,1193,913,56.6,-1.5,879,619,58.7,-1,Defense,423.5,152,152,3,69
1820,Eero Makela,RD,0,CGY,69,66,86077,13,35,48,14,26,8,11,19,12285,0,2,2,3859,1,0,0,0,0,0,58,8,38,248,162,66,54,79,100.2,3,2.4,32.9,26.8,1010,1050,49,0.4,751,619,54.8,3.5,Defense,452,150,150,4,69
1837,Bean Beanman,LD,0,BUF,69,66,87654,12,32,44,24,44,8,10,18,15239,0,2,2,4786,3,0,0,0,0,0,51,11,58,135,203,66,59,75,100.9,3.8,2.3,41.3,27.8,1230,918,57.3,-0.5,914,602,60.3,2.3,Defense,346.8,146,146,5,69
1892,Kermit Murphy,LD,0,SEA,69,66,90552,15,39,54,30,46,8,19,27,11332,0,4,4,9278,3,0,0,0,0,0,58,7,55,98,213,67,62,72,100.6,3.6,2.1,35.4,21.6,1127,706,61.5,2,791,488,61.8,-0.3,Defense,352.3,146,146,6,69
1722,Ole Olson,RD,0,NOL,69,66,93650,14,40,54,20,42,8,14,22,14244,0,4,4,7566,1,0,0,0,0,0,67,8,54,230,170,68,55,82,101.2,3.7,2.4,33.5,24.8,1050,990,51.5,4,771,589,56.7,5.9,Defense,460.8,142,142,7,69
806,Michael Withecheck,RD,0,ATL,69,66,84059,12,37,49,47,40,1,3,4,3148,0,5,5,5774,0,0,0,0,0,0,66,9,54,125,185,65,59,71,101.2,4.6,2.7,39.8,26.6,1324,911,59.2,2.5,966,649,59.8,0.7,Defense,353.4,140,140,8,69
2251,Jonathon Hagan,RD,0,MTL,69,66,86618,19,35,54,52,48,9,12,21,11083,1,3,4,4991,4,0,0,0,0,0,48,7,51,128,187,66,60,73,104.4,4.8,2.3,37.4,26.7,1151,903,56,0.7,869,626,58.1,1.9,Defense,371.5,140,140,9,69
2370,Borje Samuelsson,LD,0,NEW,69,66,88093,15,42,57,14,30,8,15,23,12209,0,0,0,3559,2,0,0,0,0,0,62,6,32,61,216,65,64,65,100.6,3.5,2.5,36.4,28.5,1202,950,55.9,-1.1,859,678,55.9,-2.4,Defense,330.5,139,139,10,69
1578,Ty Murphy,LW,0,SEA,70,66,84099,29,65,94,45,36,5,22,27,12273,3,1,4,1500,5,74,43,0,0,0,132,44,46,22,183,79,79,76,103.9,4.2,2,35.8,25,1093,830,56.8,1.2,808,586,58,1.7,Forward,431.9,309,309,1,70
299,Chimkin Wing,RW,0,BUF,70,66,80346,12,64,76,31,26,1,18,19,13933,0,0,0,661,2,45,14,0,0,0,178,32,41,26,186,78,83,68,101.7,4.5,2.6,43.6,29.6,1238,885,58.3,3.5,931,646,59,3.2,Forward,382.6,289,289,2,70
1970,Salzberger Lillehammersson,RW,0,ATL,70,66,79838,36,53,89,35,46,10,17,27,13371,3,1,4,3227,8,169,49,0,0,0,158,73,36,35,210,78,84,67,102.1,5.1,2.9,41.7,28.5,1175,830,58.6,0.8,871,592,59.5,-0.3,Forward,450.2,279,279,3,70
1824,Tomas Lind,LW,0,MAN,70,66,85188,24,51,75,-33,49,3,15,18,11046,2,2,4,8278,1,263,76,1,0,1,97,50,43,66,192,72,72,69,97.4,3.7,5.2,35,40.1,1012,1144,46.9,0.9,735,851,46.3,1.1,Forward,385.00000000000006,262,262,4,70
2554,Sconnie McHits,RW,0,MTL,70,66,82232,40,45,85,17,51,14,16,30,12832,0,0,0,542,9,106,39,1,1,0,142,64,34,29,283,80,88,65,100.2,4.1,3,40.2,29.8,1232,952,56.4,3.1,904,673,57.3,3.3,Forward,454.09999999999997,260,260,5,70
2457,Mikko Rashford,RW,0,WPG,70,66,88068,49,82,131,62,62,14,26,40,13597,6,6,12,12414,7,27,11,0,0,0,143,75,37,49,272,85,92,67,102.5,6,3,43,26.2,1179,825,58.8,-1.6,853,543,61.1,-1.8,Forward,610.2,259,259,6,70
2371,Grogu Mandosson,C,0,CGY,70,66,87904,41,46,87,8,48,20,14,34,13166,1,0,1,3355,6,1164,657,0,0,0,88,47,93,39,196,76,70,79,101.2,3.3,2.5,33.8,29.1,1052,1118,48.5,1.8,783,709,52.5,1.3,Forward,419.4,258,258,7,70
2152,Gonzo Gobbledygook,LW,0,WPG,70,66,75759,37,47,84,38,39,4,6,10,4576,1,5,6,2690,3,47,20,0,0,0,98,55,46,34,244,80,85,69,98.5,4.7,3.1,43.7,25.1,1336,837,61.5,2.4,985,565,63.5,1.9,Forward,421.79999999999995,254,254,8,70
1948,Friedensreich Hundertwasser,C,0,MTL,70,66,86781,35,71,106,42,24,10,23,33,12838,8,3,11,9651,9,1001,564,0,0,0,98,63,39,61,180,79,79,75,102.8,4.5,2.6,38.6,29.5,1120,873,56.2,2.6,822,619,57,2.7,Forward,482.8,253,253,9,70
1428,Vaseline Podcalzone,LW,0,SEA,70,66,85497,15,59,74,19,36,7,22,29,12091,1,1,2,3349,5,205,55,0,0,0,162,60,48,54,176,84,85,79,101.1,3.2,2.2,33.3,26.2,1055,838,55.7,-0.5,770,592,56.5,-0.5,Forward,387,251,251,10,70
1973,Luc Blouin,RD,0,PHI,70,66,81421,9,37,46,51,28,2,3,5,4747,0,7,7,6394,0,0,0,0,0,0,75,3,41,115,154,68,63,72,102.2,4.9,2.7,44.8,30.8,1340,924,59.2,-1,1010,692,59.3,-2.2,Defense,326.7,193,193,1,70
1701,Puddles O'Duck,LD,0,ATL,70,66,91528,22,36,58,36,50,11,12,23,12950,0,4,4,11264,2,4,4,0,0,0,74,10,53,162,228,69,62,76,101.3,4.5,2.5,42.4,26.6,1227,837,59.4,2,921,585,61.2,2.2,Defense,439.8,188,188,2,70
1892,Kermit Murphy,LD,0,SEA,70,66,91853,19,36,55,22,38,11,11,22,12105,0,5,5,9331,3,1,0,0,0,0,66,7,49,117,211,67,62,72,100.9,3.5,2.5,33.2,26.3,1044,805,56.5,0.6,747,596,55.6,-1.8,Defense,379,182,182,3,70
1276,Jonas Kahnwald,RD,0,CHI,70,66,82341,10,22,32,-20,40,1,2,3,3601,1,0,1,2607,2,0,0,0,0,0,72,5,48,103,149,64,59,68,96.8,2.8,3.8,30.2,30,1096,977,52.9,-1.1,748,723,50.8,-4.2,Defense,272.2,181,181,4,70
1837,Bean Beanman,LD,0,BUF,70,66,90450,15,33,48,19,28,8,10,18,14536,0,1,1,5603,3,0,0,0,0,0,70,9,55,164,188,68,60,75,100.8,4.2,3.2,41.6,33.8,1271,1078,54.1,-2.9,950,780,54.9,-3.1,Defense,391,179,179,5,70
1143,Angus McFife XVIII,RD,0,ATL,70,66,94021,18,48,66,53,42,8,13,21,12938,0,4,4,11538,4,0,0,0,0,0,90,13,54,141,261,69,62,76,103.3,4.9,2.1,42.9,26.5,1294,854,60.2,3.3,970,599,61.8,3.3,Defense,457.20000000000005,177,177,6,70
2166,Hans Graf,RD,0,PHI,70,66,94149,25,50,75,37,36,16,20,36,17376,0,6,6,12161,5,1,1,0,0,0,90,17,56,158,257,71,63,80,101.9,4.6,2.5,45.9,30.7,1283,925,58.1,-2.6,961,665,59.1,-2.5,Defense,505.30000000000007,176,176,7,70
1722,Ole Olson,RD,0,NOL,70,66,94122,9,33,42,1,36,8,14,22,14924,0,2,2,10069,1,0,0,0,0,0,56,11,61,219,147,66,55,80,100.4,3.7,3.3,34.2,31.9,1046,1087,49,2,763,724,51.3,3.1,Defense,398.6,175,175,8,70
2251,Jonathon Hagan,RD,0,MTL,70,66,90992,9,35,44,20,22,3,13,16,12826,1,4,5,5873,1,0,0,0,0,0,65,8,45,150,180,67,59,75,100.3,3.5,2.7,36.9,29.3,1180,1015,53.8,-0.9,878,721,54.9,-0.4,Defense,356,175,175,9,70
1820,Eero Makela,RD,0,CGY,70,66,83586,9,24,33,27,35,2,4,6,4251,0,1,1,9023,3,0,0,0,0,0,60,15,45,314,116,67,53,83,102.3,4.1,2.8,33.9,28.8,1065,1131,48.5,1.9,787,684,53.5,2.8,Defense,449.40000000000003,174,174,10,70
1578,Ty Murphy,RW,0,BUF,71,66,82665,37,50,87,38,28,8,7,15,12764,0,0,0,1536,4,92,58,0,0,0,176,55,26,24,258,79,85,65,103.2,5.3,2.8,43,30.7,1347,909,59.7,4.5,986,676,59.3,3.3,Forward,460.19999999999993,359,359,1,71
2457,Mikko Rashford,RW,0,WPG,71,66,88889,49,74,123,61,52,13,26,39,14665,7,6,13,11023,9,41,8,0,0,0,145,62,36,40,264,86,93,69,103.6,5.2,2.4,40.6,26.1,1171,814,59,1.7,839,539,60.9,1.9,Forward,579.2,333,333,2,71
299,Chimkin Wing,RW,0,BUF,71,66,76506,23,38,61,22,26,1,3,4,3639,0,0,0,428,2,40,15,0,0,0,152,59,45,34,217,76,82,64,101.6,3.7,2.4,38.9,30.8,1295,1010,56.2,-0.9,947,732,56.4,-1.1,Forward,352.3,327,327,3,71
2371,Grogu Mandosson,C,0,MTL,71,66,86993,32,64,96,49,38,4,18,22,12399,4,2,6,9801,3,1014,581,0,0,0,76,67,46,37,228,77,77,74,105.1,5.3,2.6,39,29.7,1107,888,55.5,2.9,823,651,55.8,1.4,Forward,440.99999999999994,322,322,4,71
1970,Salzberger Lillehammersson,RW,0,ATL,71,66,79198,18,41,59,8,22,0,1,1,4077,0,3,3,4022,1,251,80,0,0,0,135,61,33,40,229,73,76,63,97.3,3.5,3.1,40.9,27.9,1291,915,58.5,1,952,639,59.8,0.5,Forward,341.7,320,320,5,71
2554,Sconnie McHits,RW,0,MTL,71,66,80076,36,60,96,45,26,7,8,15,12275,0,0,0,451,6,88,24,0,0,0,93,56,31,27,246,79,87,65,104.7,5.2,2.5,39.2,28.5,1165,922,55.8,3.4,859,660,56.6,2.6,Forward,451.2,320,320,6,71
1824,Tomas Lind,LW,0,MAN,71,66,91885,21,41,62,-68,29,3,14,17,12829,4,3,7,7058,0,247,68,0,0,0,98,61,38,81,173,72,71,69,98.7,2.5,5.7,25.1,50.5,843,1510,35.8,2.3,598,1194,33.4,2.7,Forward,346.7,303,303,7,71
1014,Evil AllBran,C,0,PHI,71,66,92770,60,62,122,25,50,16,25,41,15454,4,3,7,12599,6,1234,713,0,0,0,96,61,46,41,336,80,82,75,100,5.2,3.4,46.6,30.7,1335,864,60.7,0.8,991,644,60.6,0.3,Forward,589.8,300,300,8,71
1676,Konstantin Selich,C,0,BUF,71,66,90792,47,56,103,44,36,10,14,24,12910,7,1,8,9741,10,1283,703,0,0,0,72,77,63,62,308,79,74,81,102.6,5,2.6,43.7,29.7,1315,901,59.3,3.9,989,654,60.2,4.6,Forward,514.4,296,296,9,71
645,Dwayne Gretzky,C,0,MTL,71,66,80792,35,47,82,66,36,2,4,6,3878,4,0,4,5211,8,870,495,0,0,0,57,52,35,47,159,73,73,70,107.3,4.8,1.6,37.2,27.6,1193,980,54.9,2.1,872,664,56.8,2.9,Forward,379.7,295,295,10,71
1973,Luc Blouin,RD,0,PHI,71,66,77738,11,35,46,44,30,2,4,6,3812,1,4,5,5835,2,0,0,0,0,0,72,7,36,125,158,65,59,70,100.6,4.9,3,44.4,29.1,1332,895,59.8,-0.6,988,657,60.1,-0.6,Defense,337.70000000000005,228,228,1,71
2370,Borje Samuelsson,RD,0,NEW,71,66,88126,22,59,81,60,30,5,18,23,12917,1,0,1,4500,3,0,0,0,0,0,79,8,56,53,300,69,68,67,104.1,5.6,2.2,44.9,26.8,1382,860,61.6,3.4,1037,618,62.7,2,Defense,434.3,223,223,2,71
1701,Puddles O'Duck,LD,0,ATL,71,66,90310,11,31,42,33,59,4,11,15,8343,0,3,3,10242,4,23,7,1,0,1,71,13,51,172,203,67,60,76,102.2,4,2.3,39.6,29.3,1248,968,56.3,-2.4,925,676,57.8,-2.6,Defense,381.1,219,219,3,71
732,Sven Svechnikov,LD,0,NEW,71,66,93910,12,41,53,40,67,7,12,19,13249,0,2,2,10937,1,0,0,0,0,0,83,17,48,177,261,68,61,76,101.7,4.8,2.5,43.4,27.3,1297,906,58.9,-0.8,998,612,62,1,Defense,441.8,213,213,4,71
1143,Angus McFife XVIII,RD,0,ATL,71,66,95212,10,35,45,13,46,3,14,17,13727,0,3,3,10341,1,0,0,0,0,0,96,9,54,139,222,69,63,76,100.3,3.1,2.2,39.1,29.4,1229,955,56.3,-2.5,907,674,57.4,-3.2,Defense,375.1,212,212,5,71
2166,Hans Graf,RD,0,PHI,71,66,84960,9,35,44,49,38,2,2,4,3659,1,2,3,11504,1,0,0,0,0,0,70,9,53,115,150,66,59,72,102.6,5.2,2.8,44.2,30.2,1359,912,59.8,-0.5,1013,694,59.3,-1.7,Defense,317.5,211,211,6,71
2251,Jonathon Hagan,RD,0,MTL,71,66,90080,13,36,49,40,34,6,10,16,13176,0,1,1,5966,4,0,0,0,0,0,83,11,44,128,205,67,60,75,104.4,4.4,2.1,37.4,28.6,1197,949,55.8,3.4,867,684,55.9,1.6,Defense,369.9,211,211,7,71
2228,Marcel Beck,RD,0,WPG,71,66,83670,3,36,39,43,48,0,3,3,3517,0,4,4,7412,1,0,0,0,0,0,102,12,68,104,205,65,55,75,101.2,4,2.5,40.9,28.9,1331,963,58,0.3,964,676,58.8,-1.3,Defense,315.90000000000003,209,209,8,71
2529,Christian Kinsinger,LD,0,WPG,71,66,91767,25,47,72,65,38,14,20,34,15408,1,6,7,11223,7,0,0,0,0,0,73,9,70,153,261,72,64,80,105.2,5.1,1.9,40.8,26.7,1188,884,57.3,-0.7,858,571,60,0.7,Defense,486.20000000000005,209,209,9,71
2486,Jay O'Neil,RD,0,WPG,71,66,91629,18,47,65,32,50,13,24,37,15280,0,5,5,10524,5,0,0,0,0,0,107,17,95,126,257,68,57,80,100.2,4.4,3,39.8,27.5,1180,842,58.4,0.8,862,569,60.2,1,Defense,446.30000000000007,208,208,10,71
1578,Ty Murphy,RW,0,BUF,72,66,81332,37,64,101,33,48,6,22,28,16197,0,1,1,862,5,34,9,0,0,0,183,59,39,17,246,81,84,71,103.1,5,2.7,45.1,33.8,1292,947,57.7,5.3,950,708,57.3,4.7,Forward,497.2,423,423,1,72
2457,Mikko Rashford,RW,0,WPG,72,66,88776,31,63,94,29,28,10,27,37,16937,5,1,6,11911,1,36,9,0,0,0,158,66,36,35,255,84,90,70,99.9,4.3,2.5,44.2,25.6,1215,734,62.3,1.1,867,511,62.9,0.2,Forward,473.7,396,396,2,72
2371,Grogu Mandosson,C,0,MTL,72,66,88147,44,60,104,37,46,10,15,25,13979,2,3,5,10400,4,1324,773,0,0,0,62,68,50,74,237,78,76,79,102.8,5.4,3.1,41.6,30.7,1139,944,54.7,1.9,831,672,55.3,2.4,Forward,496.3,382,382,3,72
2554,Sconnie McHits,RW,0,MTL,72,66,85599,43,60,103,34,34,11,9,20,14253,1,1,2,3204,5,65,22,0,0,0,132,60,26,20,279,80,88,65,102.2,5.1,3.1,40.9,29.5,1265,956,57,5.4,897,682,56.8,4.8,Forward,500.5,380,380,4,72
299,Chimkin Wing,RW,0,BUF,72,66,73517,22,33,55,0,34,1,2,3,5013,1,0,1,2307,5,73,27,0,0,0,120,48,36,41,189,73,77,63,99.6,3.5,3.4,38.8,35.3,1141,1019,52.8,-2.1,852,753,53.1,-1.6,Forward,316.3,360,360,5,72
1014,Evil AllBran,C,0,PHI,72,66,87343,42,59,101,28,68,13,29,42,17352,3,0,3,4417,8,1359,800,0,0,0,69,58,48,37,282,75,74,75,99.9,4.6,2.9,45.8,28.3,1372,849,61.8,2.7,994,610,62,2.4,Forward,479.40000000000003,359,359,6,72
2652,Ivan Lacksamus,C,0,NEW,72,66,92906,55,76,131,33,70,24,34,58,19504,4,7,11,13494,7,1579,912,0,0,0,82,92,56,67,334,82,80,83,100.6,4.4,2.6,45.2,28.6,1130,801,58.5,0,885,557,61.4,1.8,Forward,621.2,358,358,7,72
1970,Salzberger Lillehammersson,RW,0,ATL,72,66,78594,34,37,71,21,62,3,4,7,4858,7,0,7,4566,4,294,99,0,0,0,151,59,40,45,258,77,83,64,98.8,3.7,2.9,42.4,29.5,1310,944,58.1,0.4,957,659,59.2,0.3,Forward,411.79999999999995,357,357,8,72
1676,Konstantin Selich,C,0,BUF,72,66,93115,59,60,119,29,42,21,20,41,16154,7,1,8,11466,9,1531,787,0,0,0,75,72,50,64,355,80,77,80,101.1,4.8,3.3,45,34.2,1303,978,57.1,4.5,962,731,56.8,4.1,Forward,590.9,356,356,9,72
2154,Greyson Cooper,LW,0,BUF,72,66,80230,33,63,96,36,45,7,17,24,15986,0,1,1,780,3,65,22,0,0,0,149,56,48,30,228,79,82,70,103.3,5.4,3,45.1,34.4,1283,945,57.6,5.1,953,710,57.3,4.7,Forward,467,352,352,10,72
2370,Borje Samuelsson,LD,0,NEW,72,66,82055,26,42,68,26,53,19,19,38,19757,0,1,1,1865,3,0,0,0,0,0,74,10,64,22,255,67,66,66,101.4,5,2.9,47.1,31.8,1176,793,59.7,1.8,906,642,58.5,-2.4,Defense,355.90000000000003,265,265,1,72
2486,Jay O'Neil,RD,0,WPG,72,66,97972,26,46,72,34,52,17,18,35,17371,0,4,4,11664,2,0,0,0,0,0,88,9,66,194,241,72,64,81,99.6,4.5,2.8,43.2,25.5,1361,879,60.8,-1.3,992,585,62.9,0.2,Defense,524.1,254,254,2,72
1973,Luc Blouin,RD,0,PHI,72,66,77380,7,24,31,34,54,1,1,2,5508,0,2,2,6022,0,0,0,0,0,0,60,13,43,122,158,63,57,70,99.2,4.9,3.2,46.9,28.9,1360,896,60.3,0.4,991,643,60.6,0.4,Defense,281.2,252,252,3,72
2251,Jonathon Hagan,RD,0,MTL,72,66,88764,16,41,57,45,45,5,12,17,14098,0,1,1,3833,2,0,0,0,0,0,70,7,51,154,199,68,61,76,105.5,4.9,2.3,37.3,30.1,1205,1001,54.6,1.8,872,709,55.2,2.3,Defense,413.29999999999995,252,252,4,72
732,Sven Svechnikov,RD,0,NEW,72,66,91100,10,34,44,57,56,1,3,4,5445,1,3,4,13252,1,0,0,0,0,0,77,13,53,187,171,67,60,75,100.9,5.3,2.8,47.8,27.8,1441,1001,59,0.8,1108,675,62.1,3.3,Defense,392.40000000000003,247,247,5,72
1892,Kermit Murphy,RD,0,BAP,72,66,94034,15,42,57,-11,60,9,17,26,15650,0,3,3,9977,2,0,0,0,0,0,68,11,63,171,216,66,61,72,98.3,3.7,3.9,37.6,33.6,1116,1021,52.2,3.8,838,741,53.1,3.9,Defense,431.9,247,247,6,72
2529,Christian Kinsinger,LD,0,WPG,72,66,91322,27,38,65,35,54,18,18,36,17648,0,3,3,7078,1,0,0,0,0,0,66,9,52,131,265,69,62,76,100.3,4.4,2.5,42.5,24.5,1280,791,61.8,0.3,938,546,63.2,0.6,Defense,445.79999999999995,247,247,7,72
1701,Puddles O'Duck,LD,0,ATL,72,66,88996,14,27,41,15,51,11,11,22,15286,1,2,3,7614,2,17,8,1,1,0,72,8,71,143,264,68,60,77,99.3,3.3,2.5,41.6,29.2,1260,898,58.4,0.8,914,622,59.5,0.7,Defense,373.70000000000005,246,246,8,72
1143,Angus McFife XVIII,RD,0,ATL,72,66,93954,16,31,47,8,46,8,9,17,15506,1,6,7,12076,1,0,0,0,0,0,109,15,57,133,264,70,66,75,98.3,3.1,2.5,43.7,28.4,1297,883,59.5,2.4,946,615,60.6,2.3,Defense,399.5,243,243,9,72
2166,Hans Graf,RD,0,PHI,72,66,79777,9,29,38,45,32,3,0,3,1369,0,5,5,13971,2,3,0,0,0,0,56,10,41,165,164,66,58,75,101.6,4.9,2.9,43.9,30.2,1281,884,59.2,-1.3,926,642,59.1,-2,Defense,343.1,240,240,10,72
1578,Ty Murphy,RW,0,BUF,73,66,81795,35,44,79,25,41,7,7,14,13339,0,1,1,1394,9,40,18,0,0,0,158,41,39,21,222,79,85,67,101.3,4.6,3.1,44.6,33.7,1367,996,57.9,3.3,979,722,57.6,1.6,Forward,414.40000000000003,467,467,1,73
2457,Mikko Rashford,RW,0,WPG,73,66,84510,39,62,101,44,38,9,23,32,13929,7,4,11,11450,6,27,9,2,1,1,155,58,43,52,241,84,90,71,103.2,5.1,2.4,42.7,27.8,1138,795,58.9,0.1,821,548,60,0.3,Forward,507.5,458,458,2,73
2652,Ivan Lacksamus,C,0,NEW,73,66,92732,65,77,142,57,56,22,25,47,15688,6,3,9,11195,11,1459,882,0,0,0,76,72,58,66,350,82,83,80,103,5.6,2.7,47.2,30.7,1323,937,58.5,0.5,1000,654,60.5,1.7,Forward,666,435,435,3,73
2371,Grogu Mandosson,C,0,WPG,73,66,71698,36,43,79,63,34,2,3,5,3299,1,2,3,3144,5,822,446,0,0,0,41,70,40,36,226,67,63,70,104.7,5.5,2,45.4,27.8,1325,842,61.1,3.5,964,599,61.7,2.9,Forward,378.8,425,425,4,73
2207,Lias Ekholm-Gunnarsson,C,0,WPG,73,66,89369,56,69,125,32,50,17,31,48,14119,4,8,12,10696,3,1325,738,0,0,0,69,76,49,78,290,78,76,79,100.4,4.7,3,41.3,27,1193,836,58.8,0,865,586,59.6,-0.2,Forward,592.4,418,418,5,73
1676,Konstantin Selich,C,0,BUF,73,66,91044,45,59,104,27,46,12,20,32,13151,7,4,11,10425,8,1310,677,0,0,0,81,95,52,52,368,77,75,77,100.2,4.3,3,45.2,33,1387,986,58.4,4.2,1002,709,58.6,3.1,Forward,531,415,415,6,73
2404,Petr Svoboda,LW,0,NEW,73,66,79938,37,76,113,53,56,11,28,39,15881,1,0,1,836,7,50,17,0,0,0,141,55,40,29,253,80,85,69,104,5.8,2.5,46.4,29.6,1263,878,59,1.1,948,617,60.6,1.8,Forward,525.6999999999999,413,413,7,73
1970,Salzberger Lillehammersson,LW,0,ATL,73,66,75813,34,55,89,46,30,0,0,0,785,3,1,4,4379,5,195,64,0,0,0,121,51,31,48,273,76,78,67,102.4,5.6,3.3,46.3,33.9,1414,1097,56.3,0.2,1061,777,57.7,1.1,Forward,460.09999999999997,412,412,8,73
2427,Duncan Mackenzie,RW,0,BAP,73,66,83943,31,53,84,19,42,5,16,21,12987,2,1,3,3808,4,68,29,0,0,0,119,50,38,37,272,81,85,72,101.5,4.8,3.6,43.6,37.6,1232,1157,51.6,2,941,841,52.8,2.7,Forward,434.40000000000003,403,403,9,73
299,Chimkin Wing,LW,0,BUF,73,66,70528,17,39,56,21,20,0,2,2,2285,0,2,2,1331,2,27,10,0,0,0,129,55,22,28,194,72,77,60,100.6,4,2.9,42.4,31.9,1247,1025,54.9,-1.1,931,707,56.8,0.5,Forward,311.6,399,399,10,73
2370,Borje Samuelsson,RD,0,NEW,73,66,74146,11,47,58,48,42,6,22,28,15398,0,1,1,1433,1,0,0,0,0,0,70,8,38,13,184,64,63,64,106.3,5.3,2.1,43.3,34.6,1103,807,57.7,-0.7,807,649,55.4,-5.6,Defense,279.9,312,312,1,73
2486,Jay O'Neil,RD,0,WPG,73,66,93553,19,44,63,20,59,13,15,28,14238,0,4,4,10922,0,0,0,0,0,0,109,11,75,90,213,66,57,77,99.4,3.8,2.6,43.2,27.4,1289,907,58.7,-0.2,958,618,60.8,1.5,Defense,396.5,298,298,2,73
2529,Christian Kinsinger,LD,0,WPG,73,66,83699,4,39,43,45,42,1,2,3,4076,0,6,6,11441,1,0,0,0,0,0,53,10,33,148,119,65,59,72,101.1,4.9,2.9,44.4,28.9,1313,932,58.5,-0.5,979,646,60.2,0.7,Defense,323.1,286,286,3,73
2251,Jonathon Hagan,LD,0,EDM,73,66,72738,9,32,41,46,42,2,3,5,3446,0,2,2,2759,2,0,0,0,0,0,46,9,42,99,144,62,57,66,101.5,5.5,3.2,48.9,32.7,1496,912,62.1,1.6,1068,692,60.7,-1.3,Defense,282.7,284,284,4,73
1973,Luc Blouin,RD,0,PHI,73,66,73131,6,28,34,30,34,0,0,0,914,0,2,2,5544,0,0,0,0,0,0,58,6,29,103,119,62,57,66,100.8,4.4,3,43.5,32.1,1304,991,56.8,-3.4,968,725,57.2,-4,Defense,259.59999999999997,280,280,5,73
2553,Zayne Dangle,LD,0,BUF,73,66,91886,9,37,46,30,26,8,10,18,13773,0,6,6,10146,0,0,0,0,0,0,55,7,41,168,176,68,60,76,101.1,4.2,2.8,43.3,31.8,1311,1024,56.1,0.7,969,705,57.9,2.1,Defense,373,276,276,6,73
732,Sven Svechnikov,RD,0,NEW,73,66,80264,7,27,34,48,30,0,4,4,2573,0,1,1,8218,0,1,1,0,0,0,68,5,56,109,109,63,55,70,101.7,5.2,2.9,44.5,29.1,1378,954,59.1,1.3,1012,678,59.9,0.8,Defense,267,274,274,7,73
1892,Kermit Murphy,RD,0,BAP,73,66,86801,7,27,34,30,48,0,2,2,2680,0,0,0,9442,0,0,0,0,0,0,43,12,58,182,134,65,58,73,101.7,4.6,3.4,41.2,35.4,1344,1210,52.6,3.7,998,875,53.3,3.5,Defense,330.2,274,274,8,73
1143,Angus McFife XVIII,RD,0,ATL,73,66,90593,14,30,44,20,40,5,7,12,13887,0,2,2,10057,0,0,0,0,0,0,78,8,53,146,176,68,64,73,101.2,4.8,3.5,42.7,34.9,1280,1032,55.4,-1.2,943,763,55.3,-2.6,Defense,361.4,273,273,9,73
2488,San-sam Emerson,LD,0,PHI,73,66,87691,20,50,70,63,44,13,21,34,15485,0,3,3,5973,4,0,0,0,0,0,93,6,79,127,198,72,67,76,105.1,5.8,2.1,48.4,31,1400,911,60.6,2.3,1048,674,60.9,1.6,Defense,440.9,271,271,10,73
1578,Ty Murphy,LW,0,TEX,74,66,77988,23,43,66,28,20,0,2,2,3352,1,1,2,1089,3,64,20,0,0,0,122,62,37,58,219,74,77,64,100.4,4.3,2.9,42.3,30.5,1353,1183,53.4,-0.2,996,737,57.5,-0.4,Forward,370.3,510,510,1,74
1676,Konstantin Selich,LW,0,BUF,74,66,87433,47,80,127,62,28,8,18,26,14533,2,6,8,4650,1,260,138,0,0,0,157,62,58,57,296,82,86,72,104.1,5.9,2.6,48.4,32.2,1378,989,58.2,3.9,1070,714,60,6.2,Forward,613.8,495,495,2,74
2457,Mikko Rashford,LW,0,WPG,74,66,77135,19,36,55,20,42,0,1,1,4351,2,3,5,4107,0,57,19,0,0,0,112,53,39,46,189,71,69,71,101,3.3,2.4,37.9,30.6,1205,995,54.8,-1.9,841,689,55,-1.4,Forward,313.1,494,494,3,74
2652,Ivan Lacksamus,C,0,NEW,74,66,92071,51,58,109,19,55,10,28,38,13451,5,5,10,13062,6,1518,835,1,0,1,63,95,49,59,394,78,78,77,99.7,4.2,3.2,44.6,32.9,1262,996,55.9,-0.5,935,716,56.6,-1.5,Forward,556.8,493,493,4,74
2371,Grogu Mandosson,LW,0,WPG,74,66,79680,27,40,67,16,29,1,4,5,3731,5,6,11,10039,3,710,402,0,0,0,71,62,29,54,199,71,67,72,98.4,3.7,3.4,39.9,31,1196,945,55.9,-0.2,826,659,55.6,-0.4,Forward,348.49999999999994,465,465,5,74
2427,Duncan Mackenzie,RW,0,BAP,74,66,74897,23,61,84,44,32,4,11,15,7279,3,0,3,4783,6,69,25,0,0,0,121,40,37,46,185,79,80,73,105.3,5.5,2.9,41.3,35.9,1134,987,53.5,-0.2,822,718,53.4,-0.5,Forward,406.5,464,464,6,74
1970,Salzberger Lillehammersson,LW,0,ATL,74,66,75340,24,51,75,43,14,0,0,0,1053,0,3,3,3660,3,200,61,0,0,0,102,48,32,57,218,76,78,68,102.5,5,3,46.6,35.3,1418,1102,56.3,1.8,1071,825,56.5,0.7,Forward,389.4,463,463,7,74
2207,Lias Ekholm-Gunnarsson,C,0,WPG,74,66,84498,28,35,63,15,32,2,6,8,8211,4,4,8,4226,3,902,500,0,0,0,71,90,39,54,283,72,71,72,99.2,3.2,2.7,38.9,30,1291,1013,56,0.1,912,712,56.2,0.4,Forward,362.69999999999993,453,453,8,74
2620,Red Kirkby,RW,0,PHI,74,66,83333,32,63,95,25,28,9,32,41,15681,1,0,1,1070,5,69,15,0,0,0,148,55,41,48,248,79,83,69,101.2,4,2.3,45.3,29.8,1320,943,58.3,0.5,983,661,59.8,1.1,Forward,479.4,451,451,9,74
2886,Evan Winter,C,0,EDM,74,66,89348,44,68,112,45,66,14,28,42,17834,1,1,2,6115,6,1188,684,1,0,1,89,69,61,39,291,79,77,78,102.7,4.5,1.8,45.9,25.4,1365,846,61.7,2.4,984,568,63.4,3.5,Forward,526.3000000000001,448,448,10,74
2486,Jay O'Neil,RD,0,WPG,74,66,92714,14,45,59,17,54,11,17,28,15887,0,6,6,9154,0,0,0,0,0,0,86,13,76,127,171,66,57,77,99.8,3.9,3,38.8,28.8,1251,906,58,3,861,632,57.7,2.7,Defense,391,343,343,1,74
2370,Borje Samuelsson,RD,0,NEW,74,66,69463,18,23,41,7,30,12,9,21,13272,1,1,2,742,2,0,0,0,0,0,44,6,42,14,193,63,61,62,100,4.3,3.3,47,35.6,1136,805,58.5,3.2,855,640,57.2,-0.7,Defense,229.1,335,335,2,74
2529,Christian Kinsinger,LD,0,WPG,74,66,84071,14,40,54,23,38,10,19,29,15981,1,0,1,2315,1,1,0,0,0,0,61,11,48,108,192,67,61,73,102.1,4.4,2.7,38.8,29.2,1198,906,56.9,1.4,837,626,57.2,2,Defense,355.2,326,326,3,74
2488,San-sam Emerson,LD,0,PHI,74,66,89737,23,48,71,38,48,17,15,32,14749,1,3,4,3879,4,0,0,0,0,0,79,15,59,135,257,70,67,73,101.3,4.7,2.7,46.5,30.8,1439,1040,58,0.1,1088,717,60.3,1.9,Defense,466.20000000000005,319,319,4,74
2553,Zayne Dangle,RD,0,BUF,74,66,92404,17,36,53,51,24,6,14,20,14501,2,3,5,9646,3,0,0,0,0,0,53,11,45,164,173,69,61,77,104,5.3,2.6,44.6,33.9,1305,1064,55.1,-0.8,1010,767,56.8,1.4,Defense,396.70000000000005,312,312,5,74
1973,Luc Blouin,RD,0,PHI,74,66,72449,2,30,32,41,26,0,0,0,918,0,2,2,4738,1,0,0,0,0,0,57,12,36,119,117,63,57,69,101.6,4.8,2.8,45.4,31.2,1350,970,58.2,0.3,985,698,58.5,-0.8,Defense,263,310,310,6,74
732,Sven Svechnikov,LD,0,NEW,74,66,68253,1,27,28,18,61,1,1,2,832,0,2,2,3336,0,2,0,0,0,0,67,7,47,97,115,60,53,67,99.3,4.1,3.4,46.7,35.7,1285,950,57.5,1.9,972,738,56.8,-1.3,Defense,233.60000000000002,301,301,7,74
1892,Kermit Murphy,LD,0,BAP,74,66,76942,3,26,29,37,44,0,1,1,836,0,3,3,6866,0,0,0,0,0,0,68,8,49,72,113,60,54,66,102.5,4.5,2.9,39.8,32.9,1198,1015,54.1,0.8,901,746,54.7,1.4,Defense,215.90000000000003,300,300,8,74
1143,Angus McFife XVIII,RD,0,ATL,74,66,92709,21,24,45,24,40,12,6,18,11475,0,2,2,8502,1,0,0,0,0,0,69,8,50,143,175,66,59,73,100.8,4.4,3.1,43.7,33.9,1413,1135,55.5,0.5,1046,808,56.4,0.6,Defense,364.8,297,297,9,74
2228,Marcel Beck,RD,0,WPG,74,66,80154,9,21,30,10,22,2,3,5,5119,0,2,2,5717,2,0,0,0,0,0,53,4,41,138,145,64,58,72,100,3.5,3.2,36.6,33.2,1220,1038,54,-3,829,758,52.2,-5.6,Defense,287.9,289,289,10,74
2652,Ivan Lacksamus,C,0,NEW,75,66,86543,39,57,96,20,42,14,13,27,14003,3,2,5,6164,6,1057,573,0,0,0,91,77,74,8,290,73,74,69,102.4,5.2,3.7,42.6,38,1268,1109,53.3,-0.9,927,819,53.1,-2.3,Forward,455.2,550,550,1,75
1676,Konstantin Selich,LW,0,BUF,75,66,84476,24,51,75,9,45,4,15,19,12365,1,1,2,4813,1,130,71,1,0,1,126,60,53,26,234,76,80,67,101.3,3.8,2.9,40.2,36.2,1169,1068,52.3,-1.8,877,771,53.2,-0.9,Forward,385.20000000000005,546,546,2,75
1578,Ty Murphy,LW,0,TEX,75,66,68156,13,29,42,-3,20,2,3,5,3029,0,1,1,178,3,13,5,0,0,0,97,51,46,59,166,68,63,69,96.7,3,3,38.8,27.4,1154,1052,52.3,-1.7,822,572,59,1.2,Forward,263,539,539,3,75
2457,Mikko Rashford,LW,0,WPG,75,66,82488,21,38,59,4,28,5,10,15,11914,3,3,6,3169,2,36,14,0,0,0,114,70,45,46,161,76,79,70,100.2,2.9,2.4,32.5,27.3,1059,866,55,-0.6,717,597,54.6,-0.6,Forward,319.50000000000006,532,532,4,75
2620,Red Kirkby,RW,0,PHI,75,66,83160,26,66,92,64,42,1,3,4,4368,3,2,5,12109,4,37,18,0,0,0,145,72,37,62,217,84,86,75,104.4,6.1,2.8,47.3,32.3,1403,954,59.5,1.8,1021,711,58.9,0,Forward,462.3,517,517,5,75
2371,Grogu Mandosson,RW,0,WPG,75,66,72035,12,42,54,22,30,0,1,1,1885,2,1,3,1997,2,126,69,0,0,0,103,72,46,53,147,74,74,71,101.2,3.7,2.6,33.9,26.6,1071,871,55.1,-0.4,748,600,55.5,0.8,Forward,291.1,507,507,6,75
2427,Duncan Mackenzie,LW,0,BAP,75,66,67816,30,34,64,32,12,0,0,0,503,0,0,0,902,3,41,12,0,0,0,106,57,30,21,211,71,76,59,103.5,4.7,2.8,40.4,35.2,1178,1055,52.8,-1.4,865,748,53.6,-0.9,Forward,340.30000000000007,498,498,7,75
2564,Shoyo Hinata,C,0,ATL,75,66,85798,47,56,103,19,68,9,21,30,12166,2,2,4,3449,6,947,514,2,0,2,81,79,58,31,358,75,76,70,99.3,4.7,3.5,48.4,33.6,1460,1097,57.1,4.9,1078,770,58.3,4.3,Forward,514.4,498,498,8,75
1970,Salzberger Lillehammersson,LW,0,ATL,75,66,66991,25,32,57,4,28,0,2,2,566,0,0,0,1230,3,59,24,0,0,0,93,55,45,61,208,64,59,65,98.8,4.3,4,42.1,35.3,1245,1125,52.5,-2,901,746,54.7,-1.2,Forward,332.2,495,495,9,75
2886,Evan Winter,C,0,EDM,75,66,81357,45,46,91,65,39,4,3,7,3886,2,3,5,6935,3,784,422,0,0,0,74,90,37,41,270,72,74,68,103.5,5.4,2.3,44.5,27.2,1382,931,59.7,0.5,1022,652,61.1,1.3,Forward,453.20000000000005,494,494,10,75
2486,Jay O'Neil,RD,0,WPG,75,66,92205,9,24,33,5,26,5,7,12,11975,0,5,5,8415,2,0,0,0,0,0,76,5,69,98,160,63,55,72,100.5,3.3,3,31.2,29.3,1124,940,54.5,-1.5,753,675,52.7,-3.4,Defense,274.6,367,367,1,75
2370,Borje Samuelsson,RD,0,NEW,75,66,63804,3,22,25,15,32,2,0,2,3388,0,0,0,511,0,0,0,0,0,0,52,7,31,18,107,58,56,60,101.6,5.1,4,46.3,42,1226,1008,54.9,1.3,885,820,51.9,-4,Defense,147.1,357,357,2,75
2488,San-sam Emerson,LD,0,PHI,75,66,94385,17,32,49,40,62,7,8,15,13289,1,2,3,11590,1,0,0,0,0,0,72,12,54,155,199,68,65,72,101,5.6,3.7,47.5,34.8,1412,1109,56,-3.7,1069,783,57.7,-2,Defense,392,351,351,3,75
2529,Christian Kinsinger,LD,0,WPG,75,66,85447,11,23,34,26,26,3,7,10,7620,2,3,5,7110,2,0,0,0,0,0,62,11,51,101,175,65,59,71,101.9,3.7,2.5,32.9,27.4,1161,896,56.4,1.6,780,640,54.9,0,Defense,281.20000000000005,349,349,4,75
2553,Zayne Dangle,RD,0,BUF,75,66,90980,12,30,42,7,50,8,10,18,12464,0,4,4,9292,3,0,0,0,0,0,66,11,54,178,163,67,60,76,99.8,3.6,3.2,41.2,35.5,1185,1116,51.5,-2.9,910,796,53.3,-0.8,Defense,373.5,342,342,5,75
1973,Luc Blouin,RD,0,EDM,75,66,69481,4,21,25,55,28,0,1,1,404,0,3,3,12275,0,0,0,0,0,0,40,15,38,142,90,63,55,71,103.7,5.5,2.6,43.7,29.5,1104,780,58.6,-1.2,798,563,58.6,-2.3,Defense,249.8,331,331,6,75
732,Sven Svechnikov,LD,0,NEW,75,66,65512,1,27,28,13,39,0,0,0,645,0,2,2,2227,0,0,0,1,0,1,70,12,52,104,80,58,53,65,100.6,5.2,4.7,44.6,41.9,1250,1062,54.1,0.1,906,855,51.4,-4.7,Defense,230.60000000000002,328,328,7,75
1143,Angus McFife XVIII,RD,0,ATL,75,66,84503,8,28,36,25,32,1,2,3,3705,0,6,6,10756,2,0,0,0,0,0,57,9,45,157,110,64,58,71,100.6,4.6,3.3,44.4,34,1375,1102,55.5,2.4,1007,771,56.6,1.7,Defense,313.1,325,325,8,75
2463,Ben Jammin,LD,0,WPG,75,66,85740,12,32,44,29,34,2,1,3,4125,0,5,5,6997,1,0,0,0,0,0,67,13,50,134,134,65,59,72,101,4,2.8,35.4,27,1203,963,55.5,0.2,856,654,56.7,2.7,Defense,331.6,316,316,9,75
1701,Puddles O'Duck,LD,0,ATL,75,66,83342,4,24,28,-8,32,0,4,4,4123,0,3,3,6423,1,3,1,0,0,0,54,10,41,139,118,62,56,65,96.6,3.8,4.3,44.4,36.3,1414,1229,53.5,-0.6,1059,868,55,-0.9,Defense,270.1,312,312,10,75
1676,Konstantin Selich,LW,0,BUF,76,66,83181,31,51,82,27,36,3,11,14,12074,6,0,6,3643,5,60,29,0,0,0,122,70,55,27,239,77,81,66,101.6,4.7,3.1,44.2,34.8,1395,1058,56.9,5.3,975,770,55.9,4.6,Forward,413.7,597,597,1,76
2652,Ivan Lacksamus,C,0,NEW,76,66,83226,31,45,76,-7,58,9,16,25,12759,3,2,5,5562,3,856,470,0,0,0,95,90,48,7,315,72,74,66,97.7,3.4,3.8,41.8,36.8,1206,1030,53.9,-0.1,896,784,53.3,0.2,Forward,395.7,595,595,2,76
2457,Mikko Rashford,RW,0,WPG,76,66,82816,27,60,87,18,37,7,20,27,12746,3,2,5,3969,7,15,5,1,0,1,140,48,53,43,227,81,84,73,101.9,4.1,2.9,39.5,33.7,1192,932,56.1,5.1,835,711,54,4.9,Forward,437.90000000000003,592,592,3,76
2564,Shoyo Hinata,C,0,ATL,76,66,86643,28,47,75,-15,58,7,15,22,17333,0,1,1,3552,5,837,497,0,0,0,71,93,47,36,265,74,74,71,98.2,3.2,3.4,39.1,33.7,1157,1057,52.3,1.5,837,731,53.4,0.8,Forward,382.5,545,545,4,76
2207,Lias Ekholm-Gunnarsson,C,0,WPG,76,66,87269,40,56,96,11,28,11,28,39,12825,2,6,8,8864,5,1282,693,0,0,0,68,62,50,53,287,75,74,75,99.8,3.7,3.1,40.3,32.6,1212,922,56.8,6.1,854,690,55.3,6.9,Forward,473.1,544,544,5,76
1578,Ty Murphy,LW,0,TEX,75,66,68156,13,29,42,-3,20,2,3,5,3029,0,1,1,178,3,13,5,0,0,0,97,51,46,59,166,68,63,69,96.7,3,3,38.8,27.4,1154,1052,52.3,-1.7,822,572,59,1.2,Forward,263,539,539,6,76
2886,Evan Winter,LW,0,LAP,76,66,74830,28,40,68,43,28,1,1,2,2924,2,3,5,3730,5,118,68,0,0,0,107,58,45,56,209,77,78,71,101.9,5,3,40.2,28.5,1275,1003,56,-1,894,662,57.5,-0.4,Forward,371.1,534,534,7,76
2792,Ricky Koivu,RW,0,PHI,76,66,84687,28,55,83,14,20,9,22,31,12835,2,0,2,2909,4,176,91,0,0,0,164,86,51,18,236,79,84,68,99.6,3.8,2.8,40.4,28.8,1296,982,56.9,2.3,912,652,58.3,2.2,Forward,424.20000000000005,533,533,8,76
1970,Salzberger Lillehammersson,RW,0,ATL,76,66,69934,22,31,53,13,33,0,5,5,4582,0,0,0,736,1,41,14,0,0,0,85,58,33,54,174,72,73,67,101.1,3.8,3,37.8,32.6,1097,1065,50.7,-0.7,788,701,52.9,0.1,Forward,299.59999999999997,526,526,9,76
2427,Duncan Mackenzie,RW,0,WPG,76,66,66885,13,26,39,0,16,0,0,0,369,0,0,0,1812,2,64,20,0,0,0,123,51,31,53,119,67,64,66,100.6,3.1,3.1,34.5,37.1,1042,990,51.3,-2,718,767,48.4,-3.4,Forward,246.7,524,524,10,76
2486,Jay O'Neil,RD,0,WPG,76,66,92734,16,35,51,-7,22,14,13,27,13053,0,3,3,8628,0,0,0,0,0,0,74,7,66,135,164,66,57,75,99.6,3.1,3.2,35.1,34.8,1153,1087,51.5,-1.8,802,811,49.7,-1.5,Defense,369.29999999999995,402,402,1,76
2529,Christian Kinsinger,LD,0,WPG,76,66,89912,17,34,51,4,26,9,14,23,13175,2,2,4,5026,3,0,0,0,0,0,67,6,64,75,194,65,61,68,100.4,3.3,3.1,35.5,35,1190,1089,52.2,-0.7,819,818,50,-1,Defense,322.5,383,383,2,76
2488,San-sam Emerson,LD,0,PHI,76,66,81539,9,21,30,11,51,2,2,4,4352,0,2,2,4671,1,0,0,0,0,0,54,18,31,178,136,63,57,69,98.4,3.8,3.4,41.3,31.1,1323,1114,54.3,-1.7,967,718,57.4,0.9,Defense,321.6,372,372,3,76
2370,Borje Samuelsson,RD,0,WPG,76,66,60704,2,11,13,-17,20,0,0,0,355,0,0,0,1181,1,0,0,0,0,0,33,14,26,17,88,58,55,60,98.5,2.6,3.6,33.4,39.1,965,916,51.3,-1.9,650,735,46.9,-5.3,Defense,95.9,368,368,4,76
2553,Zayne Dangle,RD,0,BUF,76,66,83535,6,16,22,9,36,1,2,3,3772,0,3,3,4987,0,0,0,0,0,0,44,9,41,179,109,64,57,71,100.4,3.8,3.4,40.2,38,1415,1309,51.9,-2.3,994,923,51.9,-1.5,Defense,283.4,358,358,5,76
2463,Ben Jammin,LD,0,WPG,76,66,87341,7,27,34,35,32,1,2,3,3761,1,2,3,8794,0,0,0,0,0,0,51,9,43,113,133,64,58,70,102.6,4.3,2.6,39.6,32.2,1298,1094,54.3,2.5,944,788,54.5,6,Defense,271,343,343,6,76
2976,Seamus O'Slapahan,LD,0,NEW,76,66,93283,15,37,52,-4,54,9,10,19,12741,0,4,4,9302,2,0,0,0,0,0,59,12,55,215,199,68,60,76,96.9,3.8,4,44.8,34.6,1390,1137,55,1.6,1016,823,55.2,3.2,Defense,447.79999999999995,339,339,7,76
2228,Marcel Beck,RD,0,WPG,76,66,83674,5,28,33,47,20,0,3,3,3787,0,2,2,5948,1,0,0,0,0,0,49,16,54,132,114,62,52,73,103.5,4.4,2.5,39.1,31.7,1281,1072,54.4,2.8,919,771,54.4,5.7,Defense,276.59999999999997,338,338,8,76
1973,Luc Blouin,RD,0,EDM,75,66,69481,4,21,25,55,28,0,1,1,404,0,3,3,12275,0,0,0,0,0,0,40,15,38,142,90,63,55,71,103.7,5.5,2.6,43.7,29.5,1104,780,58.6,-1.2,798,563,58.6,-2.3,Defense,249.8,331,331,9,76
1701,Puddles O'Duck,RD,0,ATL,76,66,65560,4,19,23,0,22,0,0,0,947,0,2,2,3593,1,0,0,0,0,0,53,8,36,71,69,58,52,63,98.9,3.3,3.5,36.7,34.9,985,997,49.7,-2.2,732,705,50.9,-2.8,Defense,178.8,331,331,10,76
2652,Ivan Lacksamus,C,0,NEW,77,66,79844,31,36,67,25,51,2,3,5,6026,2,3,5,7319,2,1049,531,0,0,0,73,76,35,10,247,68,69,64,101.7,4.3,3.2,41,35.9,1225,989,55.3,-0.4,896,775,53.6,0.1,Forward,341.3,631,631,1,77
2457,Mikko Rashford,LW,0,WPG,77,66,86889,19,35,54,-30,44,6,17,23,14827,1,2,3,10557,3,23,5,0,0,0,144,62,48,60,175,81,81,77,96.4,2.5,4.3,31.8,37.2,965,1081,47.2,0.4,653,778,45.6,0.2,Forward,327.1,627,627,2,77
1676,Konstantin Selich,C,0,BUF,77,66,75571,18,25,43,-22,36,0,1,1,4400,1,1,2,4255,2,786,342,0,0,0,72,75,35,19,230,59,57,58,98.6,3.1,4.3,34.7,41,1077,1168,48,-5.4,770,885,46.5,-7.5,Forward,256.2,622,622,3,77
2207,Lias Ekholm-Gunnarsson,C,0,WPG,77,66,90987,31,41,72,-19,40,10,18,28,15043,4,2,6,11312,4,1287,634,0,0,0,81,70,41,73,187,75,71,78,99,3,4,30.3,37.4,991,1139,46.5,-0.6,654,812,44.6,-1.3,Forward,379.3,585,585,4,77
2792,Ricky Koivu,RW,0,PHI,77,66,76310,17,49,66,18,49,2,5,7,5171,1,3,4,5082,3,228,73,1,0,1,106,66,35,16,176,73,76,64,99.8,4.3,3.5,39.2,32.1,1241,954,56.5,-2.1,858,702,55,-4.3,Forward,319.80000000000007,582,582,5,77
2564,Shoyo Hinata,C,0,ATL,77,66,79134,27,33,60,-1,40,3,2,5,5601,2,1,3,4766,5,1029,481,1,0,1,62,96,45,43,270,70,69,68,99.7,3.7,3.5,38.6,35.8,1182,1132,51.1,-1.2,865,814,51.5,-2.3,Forward,338.6,578,578,6,77
2886,Evan Winter,C,0,LAP,77,66,72818,17,38,55,22,42,0,3,3,2956,0,4,4,9547,2,699,385,0,0,0,71,65,54,45,206,69,65,72,100,3.9,2.9,40.5,30.1,1129,807,58.3,0.6,789,597,56.9,-0.4,Forward,299.2,572,572,7,77
2962,Luke Laraque,LW,0,SFP,77,66,79707,35,42,77,28,37,9,12,21,11724,5,4,9,10055,6,28,4,1,0,1,129,77,56,39,201,81,80,77,99,4.2,2.9,41.7,26.5,1214,807,60.1,2.5,797,512,60.9,-0.4,Forward,401.3,545,545,8,77
1578,Ty Murphy,LW,0,TEX,75,66,68156,13,29,42,-3,20,2,3,5,3029,0,1,1,178,3,13,5,0,0,0,97,51,46,59,166,68,63,69,96.7,3,3,38.8,27.4,1154,1052,52.3,-1.7,822,572,59,1.2,Forward,263,539,539,9,77
2404,Petr Svoboda,LW,0,TEX,77,66,65585,14,17,31,-19,24,1,2,3,3677,1,0,1,448,5,37,16,0,0,0,127,50,25,4,183,68,71,57,95.5,2.5,3.5,36.6,31.5,1122,924,54.8,-4.6,754,626,54.6,-6.9,Forward,215.10000000000002,539,539,10,77
2486,Jay O'Neil,RD,0,MIN,77,67,76243,5,22,27,5,44,2,1,3,5615,0,4,4,10767,1,0,0,0,0,0,55,10,65,107,121,63,54,74,99.7,2.8,2.6,37.4,33.6,1113,963,53.6,2.4,722,659,52.3,-2.6,Defense,240.60000000000002,424,424,1,77
2529,Christian Kinsinger,RD,0,WPG,77,66,82468,7,25,32,-17,61,1,2,3,3366,1,1,2,7275,0,0,0,0,0,0,51,5,29,82,137,63,61,62,98.5,2.8,3.8,33.1,38.2,1132,1213,48.3,2.1,770,905,46,0.8,Defense,238.3,408,408,2,77
2488,San-sam Emerson,LD,0,PHI,77,66,84022,9,33,42,57,38,3,1,4,4640,0,5,5,13828,0,0,0,0,0,0,95,7,61,120,124,64,56,73,102.2,5.3,2.8,44.4,28.5,1286,843,60.4,3.8,931,621,60,3.4,Defense,318.2,405,405,3,77
2976,Seamus O'Slapahan,LD,0,NEW,77,66,95580,17,41,58,31,62,14,20,34,17662,0,2,2,12421,0,0,0,0,0,0,61,12,52,203,251,70,62,79,102.9,4.4,2.6,40.9,33.6,1221,949,56.3,1,873,725,54.6,1.7,Defense,473.4,380,380,4,77
2370,Borje Samuelsson,RD,0,MTL,77,66,62907,3,7,10,-69,24,0,0,0,758,0,0,0,2473,0,0,0,0,0,0,31,6,34,32,72,52,50,53,95,2.5,6.7,29.4,49.9,849,1277,39.9,-3,578,1001,36.6,-5.3,Defense,95.8,375,375,5,77
2553,Zayne Dangle,RD,0,BUF,77,66,83259,6,17,23,3,26,2,1,3,4877,0,0,0,5790,1,0,0,0,0,0,61,16,39,169,122,64,57,71,100.1,3.8,3.7,38.6,38.1,1287,1275,50.2,-2.2,925,905,50.5,-1.6,Defense,288.1,375,375,6,77
2228,Marcel Beck,RD,0,WPG,77,66,88594,15,31,46,-9,43,6,15,21,11648,1,3,4,7626,3,0,0,0,0,0,68,7,56,195,174,67,58,76,100.5,3.1,3.6,31,38,1035,1245,45.4,-2.4,718,888,44.7,-1.2,Defense,407.9,369,369,7,77
2463,Ben Jammin,LD,0,WPG,77,66,86853,5,19,24,-33,36,1,3,4,6228,0,4,4,10513,1,0,0,0,0,0,47,14,37,150,149,63,58,68,96.5,2.3,4.1,31.8,38,1046,1224,46.1,-1.3,724,875,45.3,-0.3,Defense,275.5,362,362,8,77
1701,Puddles O'Duck,RD,0,ATL,77,66,66376,6,18,24,-2,28,0,2,2,2656,0,2,2,2553,0,2,1,0,0,0,60,9,31,75,70,57,52,61,98.3,4,4.4,38,35.5,1052,982,51.7,-0.2,751,692,52,-1.3,Defense,190.5,349,349,9,77
2841,Louise St. Martin,RD,0,TOR,77,66,75700,2,17,19,-10,34,0,0,0,1864,0,0,0,6688,1,0,0,0,0,0,46,6,36,122,89,62,56,67,99.1,3.3,3.9,35.6,38.1,1087,1165,48.3,-1.1,782,840,48.2,-2.5,Defense,213.9,345,345,10,77
2652,Ivan Lacksamus,C,0,NEW,78,66,71511,22,42,64,-5,24,1,2,3,2804,0,0,0,660,3,936,491,0,0,0,59,38,48,7,216,67,67,62,98.9,4.1,4.2,42,38.4,1356,1152,54.1,1.4,934,853,52.3,1.1,Forward,306.6,673,673,1,78
2457,Mikko Rashford,RW,0,LAP,78,66,55892,19,22,41,20,28,0,0,0,352,0,0,0,297,4,34,10,0,0,0,87,46,27,40,141,71,72,66,102.8,3.8,2.4,34.9,30,971,815,54.4,-2.8,641,557,53.5,-3.3,Forward,243.10000000000002,649,649,2,78
1676,Konstantin Selich,C,0,BUF,78,66,69268,19,21,40,-21,26,0,0,0,703,0,2,2,1344,1,789,363,0,0,0,49,60,41,21,193,61,60,62,98.2,3,4.2,35.1,40.9,1102,1172,48.5,-4.2,777,888,46.7,-5.8,Forward,229.1,643,643,3,78
2792,Ricky Koivu,RW,0,PHI,78,66,73978,18,49,67,34,41,0,1,1,1127,3,3,6,4236,6,217,67,0,0,0,114,39,28,15,162,69,70,62,101.9,4.5,3,42.4,34.1,1346,1016,57,2,953,756,55.8,0.8,Forward,322.20000000000005,631,631,4,78
2564,Shoyo Hinata,RW,0,ATL,78,66,71604,21,30,51,19,28,0,0,0,469,1,0,1,3046,2,80,39,0,0,0,106,42,37,47,192,74,76,67,100.9,4,3.1,39,33.2,1222,1152,51.5,-1,875,761,53.5,-1,Forward,302.2,608,608,5,78
2886,Evan Winter,C,0,LAP,78,66,66943,11,32,43,18,38,0,0,0,717,1,2,3,5230,1,785,414,0,0,0,42,41,44,37,138,66,61,70,101.3,3.2,2.3,35.8,30.4,1095,907,54.7,-2.5,725,628,53.6,-3.3,Forward,220.4,604,604,6,78
2207,Lias Ekholm-Gunnarsson,C,0,WPG,77,66,90987,31,41,72,-19,40,10,18,28,15043,4,2,6,11312,4,1287,634,0,0,0,81,70,41,73,187,75,71,78,99,3,4,30.3,37.4,991,1139,46.5,-0.6,654,812,44.6,-1.3,Forward,379.3,585,585,7,78
2962,Luke Laraque,RW,0,EDM,78,66,92616,27,35,62,-43,52,6,9,15,12538,3,0,3,8988,2,302,89,0,0,0,89,62,51,58,274,76,82,64,98.1,2.7,4.5,30.5,42,1071,1366,43.9,5.9,716,965,42.6,6.8,Forward,365.6,580,580,8,78
2794,Reed Kobo,LW,0,LAP,78,66,76730,25,51,76,35,36,1,2,3,3612,5,5,10,3800,3,179,85,0,0,0,93,64,42,44,197,77,80,70,100.7,4.4,3.1,40.5,30.5,1301,941,58,2.5,897,685,56.7,1.2,Forward,375.7,571,571,9,78
2404,Petr Svoboda,LW,0,TEX,78,66,62574,20,27,47,26,35,0,0,0,1119,1,0,1,992,4,78,32,1,0,1,115,35,11,6,183,70,75,56,101.7,4.1,2.6,39.1,29.1,1123,899,55.5,-1.3,772,570,57.5,-1.8,Forward,265.5,566,566,10,78
2486,Jay O'Neil,RD,0,WPG,78,66,88382,19,28,47,-20,46,12,9,21,12921,0,4,4,6344,2,139,54,0,0,0,51,23,47,129,200,65,59,70,100.1,2.7,3.5,30.2,40.5,1001,1205,45.4,-0.5,694,917,43.1,-2.1,Defense,356.5,452,452,1,78
2488,San-sam Emerson,LD,0,PHI,78,66,82157,7,19,26,30,44,1,0,1,4370,1,6,7,11234,0,0,0,1,0,1,66,12,70,125,128,63,54,72,100.7,4,3,41.3,33.1,1259,992,55.9,0.4,894,716,55.5,0.4,Defense,262.3,424,424,2,78
2529,Christian Kinsinger,LD,0,WPG,78,66,74826,6,15,21,-23,30,0,0,0,1140,0,0,0,2784,0,1,1,0,0,0,52,12,36,70,99,60,57,63,98.1,2.3,3.6,31.7,39,1035,1188,46.6,1.3,722,899,44.5,0.1,Defense,182.5,423,423,3,78
2976,Seamus O'Slapahan,LD,0,NEW,78,66,89212,9,36,45,22,28,2,11,13,12584,0,4,4,7555,3,15,7,0,0,0,52,19,47,216,211,68,59,78,101.9,4.2,2.9,42.2,35.8,1330,1158,53.5,0.5,931,830,52.9,2,Defense,422.5,416,416,4,78
2553,Zayne Dangle,LD,0,EDM,78,66,82148,4,14,18,-53,34,1,3,4,3787,0,0,0,3941,1,0,0,0,0,0,57,13,64,149,85,62,56,69,96.4,2.1,4.5,28.7,41.9,1064,1429,42.7,4,716,1041,40.8,4.1,Defense,240.39999999999998,389,389,5,78
2228,Marcel Beck,LD,0,WPG,78,66,84814,3,18,21,-1,34,0,3,3,3116,0,4,4,10300,1,0,0,0,0,0,65,12,44,185,135,66,59,73,100.6,2.9,3.3,31.8,39,1090,1262,46.3,1,752,911,45.2,1.2,Defense,299,387,387,6,78
2463,Ben Jammin,RD,0,WPG,78,66,84686,7,21,28,-20,37,0,2,2,3189,0,6,6,10343,2,0,0,0,0,0,54,13,39,176,131,63,57,69,98.6,3.1,4.5,32.6,40.9,1049,1300,44.7,-1.6,753,947,44.3,-0.2,Defense,310.3,383,383,7,78
2370,Borje Samuelsson,RD,0,MTL,77,66,62907,3,7,10,-69,24,0,0,0,758,0,0,0,2473,0,0,0,0,0,0,31,6,34,32,72,52,50,53,95,2.5,6.7,29.4,49.9,849,1277,39.9,-3,578,1001,36.6,-5.3,Defense,95.8,375,375,8,78
877,Adelie de Pengu,LD,0,MIN,78,66,75818,1,22,23,10,35,0,1,1,1116,0,0,0,9725,0,0,0,1,0,1,44,15,36,234,94,63,51,77,100.7,3.7,3.2,36.8,34.3,1115,1093,50.5,2.2,786,735,51.7,2.6,Defense,326.4,364,364,9,78
2841,Louise St. Martin,RD,0,TOR,78,66,67640,4,17,21,3,14,0,0,0,424,0,1,1,2894,2,0,0,0,0,0,40,9,42,99,92,61,55,66,101.5,3.6,3.5,33.8,38.1,1070,1186,47.4,-2.6,714,781,47.8,-2.9,Defense,199.7,362,362,10,78
2652,Ivan Lacksamus,C,0,NEW,79,66,65980,15,36,51,-3,32,1,2,3,698,0,0,0,800,3,907,463,0,0,0,51,57,44,33,192,64,62,65,99.1,3.5,3.6,38.8,36,1170,1078,52,0.2,789,759,51,-0.2,Forward,265.8,709,709,1,79
2457,Mikko Rashford,RW,0,LAP,79,66,57403,7,31,38,0,26,0,0,0,211,0,0,0,714,0,41,13,0,0,0,76,40,32,34,100,67,68,61,98.8,3.6,3.6,35.9,32.2,1007,892,53,-1.9,667,601,52.6,-2.2,Forward,201.8,680,680,2,79
1676,Konstantin Selich,LW,0,BUF,79,66,65236,12,27,39,3,26,0,0,0,146,0,0,0,391,3,50,28,0,0,0,100,58,37,40,125,62,57,65,101.6,3.2,3,33.4,38.3,1049,1170,47.3,-2.4,719,803,47.2,-2.7,Forward,230.5,670,670,3,79
2792,Ricky Koivu,LW,0,HAM,79,66,75047,16,30,46,-18,46,0,2,2,2925,3,1,4,6842,2,225,53,0,0,0,92,55,31,12,161,67,69,61,99.6,2.9,4,31.9,41.6,1035,1169,47,0.1,690,889,43.7,-1,Forward,246.3,661,661,4,79
2564,Shoyo Hinata,RW,0,ATL,79,66,70721,23,34,57,18,32,0,1,1,400,5,1,6,3842,2,120,54,0,0,0,115,42,40,44,164,70,69,67,100.6,3.5,2.9,37.4,33.2,1164,1061,52.3,-0.7,816,705,53.6,-1.2,Forward,315.59999999999997,642,642,5,79
2794,Reed Kobo,C,0,LAP,79,66,75235,25,45,70,33,64,0,0,0,3701,1,6,7,8286,3,568,283,2,0,2,82,44,40,60,157,73,73,70,102.9,4.6,2.8,37.1,29.9,1121,948,54.2,-0.3,775,616,55.7,2.3,Forward,350.90000000000003,616,616,6,79
2886,Evan Winter,C,0,LAP,78,66,66943,11,32,43,18,38,0,0,0,717,1,2,3,5230,1,785,414,0,0,0,42,41,44,37,138,66,61,70,101.3,3.2,2.3,35.8,30.4,1095,907,54.7,-2.5,725,628,53.6,-3.3,Forward,220.4,604,604,7,79
2952,Benjamin Surkhi-Ze'ev,C,0,EDM,79,66,86866,23,36,59,-17,36,0,4,4,5464,6,5,11,10997,1,808,432,0,0,0,71,44,68,77,192,73,71,74,98.8,2.8,4,33.7,42.5,1154,1334,46.4,1.7,780,974,44.5,3,Forward,332.2,588,588,8,79
2207,Lias Ekholm-Gunnarsson,C,0,WPG,77,66,90987,31,41,72,-19,40,10,18,28,15043,4,2,6,11312,4,1287,634,0,0,0,81,70,41,73,187,75,71,78,99,3,4,30.3,37.4,991,1139,46.5,-0.6,654,812,44.6,-1.3,Forward,379.3,585,585,9,79
2718,Mads McBride,LW,0,WPG,79,66,73132,15,25,40,-14,45,0,3,3,1361,1,4,5,9767,0,52,16,2,1,1,108,42,36,61,117,70,68,68,98.3,2.4,3.4,29.5,34.4,897,1007,47.1,1.4,611,698,46.7,1.7,Forward,249.9,584,584,10,79
2486,Jay O'Neil,RD,0,WPG,78,66,88382,19,28,47,-20,46,12,9,21,12921,0,4,4,6344,2,139,54,0,0,0,51,23,47,129,200,65,59,70,100.1,2.7,3.5,30.2,40.5,1001,1205,45.4,-0.5,694,917,43.1,-2.1,Defense,356.5,452,452,1,79
2488,San-sam Emerson,LD,0,PHI,79,66,74097,9,21,30,30,41,1,1,2,717,1,0,1,7154,0,0,0,1,0,1,63,8,58,104,107,61,53,69,101.4,4.4,3,37.2,29.1,1203,1009,54.4,-1.8,802,638,55.7,-0.9,Defense,249.90000000000003,445,445,2,79
2976,Seamus O'Slapahan,LD,0,NEW,79,66,90644,10,22,32,-1,35,6,7,13,16013,0,3,3,10707,0,20,8,0,0,0,54,16,50,181,185,67,58,77,100.5,3.6,3.2,38.1,36,1139,1045,52.2,0.4,794,758,51.2,0.1,Defense,346,438,438,3,79
2529,Christian Kinsinger,LD,0,WPG,78,66,74826,6,15,21,-23,30,0,0,0,1140,0,0,0,2784,0,1,1,0,0,0,52,12,36,70,99,60,57,63,98.1,2.3,3.6,31.7,39,1035,1188,46.6,1.3,722,899,44.5,0.1,Defense,182.5,423,423,4,79
2228,Marcel Beck,LD,0,WPG,79,66,78755,6,16,22,-18,20,2,2,4,3191,1,1,2,5900,1,0,0,0,0,0,79,11,45,146,115,65,60,70,98.1,2.8,3.8,31.3,34.8,1012,1149,46.8,1,719,781,47.9,3.7,Defense,269.5,403,403,5,79
2553,Zayne Dangle,LD,0,EDM,78,66,82148,4,14,18,-53,34,1,3,4,3787,0,0,0,3941,1,0,0,0,0,0,57,13,64,149,85,62,56,69,96.4,2.1,4.5,28.7,41.9,1064,1429,42.7,4,716,1041,40.8,4.1,Defense,240.39999999999998,389,389,6,79
2463,Ben Jammin,RD,0,WPG,78,66,84686,7,21,28,-20,37,0,2,2,3189,0,6,6,10343,2,0,0,0,0,0,54,13,39,176,131,63,57,69,98.6,3.1,4.5,32.6,40.9,1049,1300,44.7,-1.6,753,947,44.3,-0.2,Defense,310.3,383,383,7,79
2440,Dirty Boots,LD,0,TEX,79,66,74685,3,23,26,28,42,0,2,2,587,1,1,2,11696,0,0,0,0,0,0,65,12,51,108,109,62,53,71,100.8,4.3,3.1,40.4,31.6,1200,938,56.1,1.1,818,639,56.1,-0.9,Defense,236.89999999999998,376,376,8,79
2370,Borje Samuelsson,RD,0,MTL,77,66,62907,3,7,10,-69,24,0,0,0,758,0,0,0,2473,0,0,0,0,0,0,31,6,34,32,72,52,50,53,95,2.5,6.7,29.4,49.9,849,1277,39.9,-3,578,1001,36.6,-5.3,Defense,95.8,375,375,9,79
3021,Pass Forfeit,RD,0,LAP,79,66,81414,5,31,36,28,59,1,4,5,5168,0,2,2,5701,2,1,1,1,0,1,86,13,50,135,122,64,56,74,102.3,4.2,2.8,37.4,31.1,1275,1040,55.1,1.1,869,723,54.6,0.7,Defense,305.5,372,372,10,79
2652,Ivan Lacksamus,RW,0,NEW,80,66,65913,13,31,44,-12,40,0,0,0,863,1,1,2,962,1,92,18,0,0,0,88,58,19,41,151,66,67,59,98.8,3.5,4.3,33.8,37,1043,1169,47.2,-2.5,706,774,47.7,-1.1,Forward,250.1,740,740,1,80
2457,Mikko Rashford,RW,0,LAP,80,66,59213,3,31,34,-5,29,0,1,1,271,0,0,0,152,0,40,15,1,0,1,77,46,20,18,101,65,65,60,97.9,2.8,3.1,35.1,30.9,1047,874,54.5,1.5,672,599,52.9,-1.1,Forward,176.90000000000003,711,711,2,80
2564,Shoyo Hinata,RW,0,ATL,80,66,61037,16,42,58,37,28,0,1,1,267,0,1,1,664,4,52,18,0,0,0,91,34,30,50,128,68,67,65,101.9,4.9,2.8,42.4,28.4,1130,887,56,-1.1,815,555,59.5,-0.4,Forward,294.8,684,684,3,80
1676,Konstantin Selich,LW,0,BUF,79,66,65236,12,27,39,3,26,0,0,0,146,0,0,0,391,3,50,28,0,0,0,100,58,37,40,125,62,57,65,101.6,3.2,3,33.4,38.3,1049,1170,47.3,-2.4,719,803,47.2,-2.7,Forward,230.5,670,670,4,80
2792,Ricky Koivu,LW,0,HAM,79,66,75047,16,30,46,-18,46,0,2,2,2925,3,1,4,6842,2,225,53,0,0,0,92,55,31,12,161,67,69,61,99.6,2.9,4,31.9,41.6,1035,1169,47,0.1,690,889,43.7,-1,Forward,246.3,661,661,5,80
2794,Reed Kobo,C,0,LAP,80,66,72318,30,24,54,12,48,1,0,1,1157,3,3,6,4816,5,795,396,0,0,0,47,46,36,55,170,68,68,65,99.2,3.6,3.3,36.9,30.6,1191,965,55.2,2.7,800,664,54.6,1.5,Forward,294.8,640,640,6,80
2952,Benjamin Surkhi-Ze'ev,C,0,EDM,80,66,79536,25,21,46,-33,34,0,1,1,4173,3,1,4,7588,1,833,410,0,0,0,49,54,53,38,175,69,69,66,97.8,2.7,4.4,29.6,38.8,965,1156,45.5,2.2,666,849,44,3,Forward,257.9,609,609,7,80
2404,Petr Svoboda,RW,0,HAM,80,56,56898,9,26,35,-15,20,1,0,1,261,0,3,3,9754,2,274,69,0,0,0,68,33,9,14,76,64,65,57,98.5,3.1,4.5,29.8,37.7,675,761,47,-4.7,459,592,43.7,-4.2,Forward,172.4,607,607,8,80
2886,Evan Winter,C,0,LAP,78,66,66943,11,32,43,18,38,0,0,0,717,1,2,3,5230,1,785,414,0,0,0,42,41,44,37,138,66,61,70,101.3,3.2,2.3,35.8,30.4,1095,907,54.7,-2.5,725,628,53.6,-3.3,Forward,220.4,604,604,9,80
2668,Dave Heinrich,RW,0,CHI,80,66,70470,9,12,21,-33,25,0,0,0,287,0,0,0,3770,2,378,201,0,0,0,52,52,39,30,143,67,68,62,96.2,2.4,4.2,32.2,37.4,1015,1186,46.1,-2,674,811,45.4,-2.3,Forward,153.70000000000002,595,595,10,80
2488,San-sam Emerson,LD,0,PHI,80,66,73442,6,17,23,24,48,0,0,0,737,0,2,2,8368,1,0,0,0,0,0,61,8,68,94,95,60,53,68,101.4,4.5,3.6,37.7,34,1150,961,54.5,0.4,798,717,52.7,-0.8,Defense,212.5,462,462,1,80
2486,Jay O'Neil,RD,0,WPG,78,66,88382,19,28,47,-20,46,12,9,21,12921,0,4,4,6344,2,139,54,0,0,0,51,23,47,129,200,65,59,70,100.1,2.7,3.5,30.2,40.5,1001,1205,45.4,-0.5,694,917,43.1,-2.1,Defense,356.5,452,452,2,80
2976,Seamus O'Slapahan,LD,0,NEW,79,66,90644,10,22,32,-1,35,6,7,13,16013,0,3,3,10707,0,20,8,0,0,0,54,16,50,181,185,67,58,77,100.5,3.6,3.2,38.1,36,1139,1045,52.2,0.4,794,758,51.2,0.1,Defense,346,438,438,3,80
2228,Marcel Beck,RD,0,WPG,80,66,83290,8,23,31,-22,28,2,0,2,2859,0,3,3,8955,2,0,0,0,0,0,69,14,44,200,104,65,57,73,99.4,2.9,4,30.3,39.4,1036,1385,42.8,1.5,723,933,43.7,1.6,Defense,339.79999999999995,426,426,4,80
2529,Christian Kinsinger,LD,0,WPG,78,66,74826,6,15,21,-23,30,0,0,0,1140,0,0,0,2784,0,1,1,0,0,0,52,12,36,70,99,60,57,63,98.1,2.3,3.6,31.7,39,1035,1188,46.6,1.3,722,899,44.5,0.1,Defense,182.5,423,423,5,80
2440,Dirty Boots,LD,0,TEX,80,66,71226,5,21,26,12,34,0,1,1,462,1,3,4,11017,1,0,0,0,0,0,68,15,52,79,100,60,52,69,100.3,3.9,3.6,35.2,32.9,1051,919,53.4,1.5,675,644,51.2,-1.7,Defense,211.3,397,397,6,80
3178,Philippe-Eko Eel,LD,0,ATL,80,66,82255,8,27,35,62,45,1,3,4,4083,1,3,4,14392,0,1,0,0,0,0,46,7,35,180,105,66,58,75,103.7,5.4,2.4,43.2,27,1219,927,56.8,0,900,568,61.3,2.3,Defense,324.9,392,392,7,80
2553,Zayne Dangle,LD,0,EDM,78,66,82148,4,14,18,-53,34,1,3,4,3787,0,0,0,3941,1,0,0,0,0,0,57,13,64,149,85,62,56,69,96.4,2.1,4.5,28.7,41.9,1064,1429,42.7,4,716,1041,40.8,4.1,Defense,240.39999999999998,389,389,8,80
2463,Ben Jammin,RD,0,WPG,78,66,84686,7,21,28,-20,37,0,2,2,3189,0,6,6,10343,2,0,0,0,0,0,54,13,39,176,131,63,57,69,98.6,3.1,4.5,32.6,40.9,1049,1300,44.7,-1.6,753,947,44.3,-0.2,Defense,310.3,383,383,9,80
3237,Antonio Flusso,LD,0,PHI,80,66,80221,9,27,36,19,48,2,1,3,3723,1,3,4,8819,0,0,0,0,0,0,75,10,68,106,110,63,55,71,100.5,4,3.3,41.3,35.4,1285,1063,54.7,0.8,911,784,53.7,0.9,Defense,275.4,381,381,10,80
2652,Ivan Lacksamus,RW,0,NEW,80,66,65913,13,31,44,-12,40,0,0,0,863,1,1,2,962,1,92,18,0,0,0,88,58,19,41,151,66,67,59,98.8,3.5,4.3,33.8,37,1043,1169,47.2,-2.5,706,774,47.7,-1.1,Forward,250.1,740,740,1,81
2457,Mikko Rashford,LW,0,WPG,81,66,72755,14,26,40,-16,32,1,2,3,4314,0,0,0,289,2,46,10,0,0,0,98,33,37,49,121,68,67,66,99.7,2.9,3.6,28.9,34.7,1020,1175,46.5,-0.3,653,782,45.5,-0.4,Forward,238.9,737,737,2,81
2564,Shoyo Hinata,RW,0,ATL,81,66,63536,11,28,39,12,30,1,0,1,377,0,0,0,246,0,49,22,0,0,0,100,43,29,47,101,67,65,64,99.9,3.6,2.9,38.3,30.7,1165,982,54.3,-0.7,805,626,56.3,-0.7,Forward,226.5,712,712,3,81
1676,Konstantin Selich,LW,0,BUF,79,66,65236,12,27,39,3,26,0,0,0,146,0,0,0,391,3,50,28,0,0,0,100,58,37,40,125,62,57,65,101.6,3.2,3,33.4,38.3,1049,1170,47.3,-2.4,719,803,47.2,-2.7,Forward,230.5,670,670,4,81
2794,Reed Kobo,RW,0,TOR,81,66,77135,12,29,41,-40,21,1,3,4,2665,0,0,0,2580,1,77,34,0,0,0,72,58,31,39,175,77,86,60,96.7,2.5,4.5,31.8,40.4,1094,1374,44.3,0.7,749,940,44.3,-0.1,Forward,239.70000000000002,669,669,5,81
2792,Ricky Koivu,LW,0,HAM,79,66,75047,16,30,46,-18,46,0,2,2,2925,3,1,4,6842,2,225,53,0,0,0,92,55,31,12,161,67,69,61,99.6,2.9,4,31.9,41.6,1035,1169,47,0.1,690,889,43.7,-1,Forward,246.3,661,661,6,81
2668,Dave Heinrich,RW,0,CHI,81,66,61538,7,40,47,7,20,0,0,0,83,0,1,1,2117,1,69,38,0,0,0,77,42,21,32,92,70,73,61,101.9,3.7,3.3,29.5,31.4,914,948,49.1,-1,581,609,48.8,-1.1,Forward,225.6,635,635,7,81
3378,Adam Prpich,C,0,LAP,81,66,76301,29,31,60,33,26,0,0,0,846,1,2,3,8764,3,890,459,0,0,0,38,49,50,59,151,71,69,71,104,4.5,2.9,36.1,33.3,1162,1082,51.8,0.4,780,730,51.7,-0.6,Forward,304.9,625,625,8,81
2892,Outdoor Truck,C,0,TEX,81,66,73717,12,36,48,15,46,0,0,0,301,1,3,4,11719,2,986,479,0,0,0,61,47,67,15,103,67,61,73,101.1,3.8,3,36.1,32.3,1162,990,54,1,748,662,53,-1.4,Forward,220.3,623,623,9,81
2952,Benjamin Surkhi-Ze'ev,C,0,EDM,80,66,79536,25,21,46,-33,34,0,1,1,4173,3,1,4,7588,1,833,410,0,0,0,49,54,53,38,175,69,69,66,97.8,2.7,4.4,29.6,38.8,965,1156,45.5,2.2,666,849,44,3,Forward,257.9,609,609,10,81
2488,San-sam Emerson,LD,0,PHI,81,66,70864,8,18,26,29,46,0,0,0,199,1,0,1,6067,1,0,0,0,0,0,66,9,46,91,121,61,53,68,102.9,4.4,3.1,38.2,35.6,1205,1010,54.4,2.7,815,756,51.9,1,Defense,230.6,480,480,1,81
2486,Jay O'Neil,RD,0,WPG,78,66,88382,19,28,47,-20,46,12,9,21,12921,0,4,4,6344,2,139,54,0,0,0,51,23,47,129,200,65,59,70,100.1,2.7,3.5,30.2,40.5,1001,1205,45.4,-0.5,694,917,43.1,-2.1,Defense,356.5,452,452,2,81
2228,Marcel Beck,RD,0,WPG,81,66,66954,4,15,19,0,31,0,1,1,1011,1,0,1,2315,1,0,0,1,0,1,48,8,23,148,90,61,54,68,100.9,3.3,3.5,30.7,35.2,981,1207,44.8,-2.8,648,765,45.9,0.2,Defense,240.40000000000003,441,441,3,81
2976,Seamus O'Slapahan,LD,0,NEW,79,66,90644,10,22,32,-1,35,6,7,13,16013,0,3,3,10707,0,20,8,0,0,0,54,16,50,181,185,67,58,77,100.5,3.6,3.2,38.1,36,1139,1045,52.2,0.4,794,758,51.2,0.1,Defense,346,438,438,4,81
2529,Christian Kinsinger,LD,0,WPG,78,66,74826,6,15,21,-23,30,0,0,0,1140,0,0,0,2784,0,1,1,0,0,0,52,12,36,70,99,60,57,63,98.1,2.3,3.6,31.7,39,1035,1188,46.6,1.3,722,899,44.5,0.1,Defense,182.5,423,423,5,81
3178,Philippe-Eko Eel,LD,0,ATL,81,66,72584,5,27,32,44,33,1,1,2,919,0,1,1,2915,1,0,0,1,0,1,62,3,44,122,92,62,54,70,103.4,4.7,2.5,39.5,29.2,1293,1050,55.2,0.6,905,654,58.1,2,Defense,263.2,419,419,6,81
3237,Antonio Flusso,LD,0,PHI,81,66,84068,6,30,36,3,28,0,5,5,3691,0,6,6,11430,0,0,0,0,0,0,57,14,40,213,142,62,52,74,99,3.6,3.7,37,35,1228,1178,51,-2.3,828,796,51,-0.4,Defense,371.1,411,411,7,81
2440,Dirty Boots,LD,0,BAP,81,66,45113,1,10,11,-8,33,0,0,0,438,0,2,2,7598,0,0,0,1,0,1,34,1,26,95,53,58,52,65,98.5,2.7,3.8,31.2,37,590,635,48.2,-2.2,383,449,46,-3.1,Defense,149,407,407,8,81
3412,Nathaniel Barca,RD,0,PHI,81,66,84916,17,38,55,-18,60,12,15,27,14285,0,2,2,2495,2,0,0,0,0,0,65,11,52,141,259,67,64,70,97.9,3.3,3.7,38.6,34.6,1233,1144,51.9,-1,859,772,52.7,2.2,Defense,412.6,392,392,9,81
2553,Zayne Dangle,LD,0,EDM,78,66,82148,4,14,18,-53,34,1,3,4,3787,0,0,0,3941,1,0,0,0,0,0,57,13,64,149,85,62,56,69,96.4,2.1,4.5,28.7,41.9,1064,1429,42.7,4,716,1041,40.8,4.1,Defense,240.39999999999998,389,389,10,81
2652,Ivan Lacksamus,RW,0,NEW,80,66,65913,13,31,44,-12,40,0,0,0,863,1,1,2,962,1,92,18,0,0,0,88,58,19,41,151,66,67,59,98.8,3.5,4.3,33.8,37,1043,1169,47.2,-2.5,706,774,47.7,-1.1,Forward,250.1,740,740,1,82
2457,Mikko Rashford,LW,0,WPG,81,66,72755,14,26,40,-16,32,1,2,3,4314,0,0,0,289,2,46,10,0,0,0,98,33,37,49,121,68,67,66,99.7,2.9,3.6,28.9,34.7,1020,1175,46.5,-0.3,653,782,45.5,-0.4,Forward,238.9,737,737,2,82
2564,Shoyo Hinata,RW,0,ATL,81,66,63536,11,28,39,12,30,1,0,1,377,0,0,0,246,0,49,22,0,0,0,100,43,29,47,101,67,65,64,99.9,3.6,2.9,38.3,30.7,1165,982,54.3,-0.7,805,626,56.3,-0.7,Forward,226.5,712,712,3,82
1676,Konstantin Selich,LW,0,BUF,79,66,65236,12,27,39,3,26,0,0,0,146,0,0,0,391,3,50,28,0,0,0,100,58,37,40,125,62,57,65,101.6,3.2,3,33.4,38.3,1049,1170,47.3,-2.4,719,803,47.2,-2.7,Forward,230.5,670,670,4,82
2794,Reed Kobo,RW,0,TOR,81,66,77135,12,29,41,-40,21,1,3,4,2665,0,0,0,2580,1,77,34,0,0,0,72,58,31,39,175,77,86,60,96.7,2.5,4.5,31.8,40.4,1094,1374,44.3,0.7,749,940,44.3,-0.1,Forward,239.70000000000002,669,669,5,82
2792,Ricky Koivu,LW,0,HAM,79,66,75047,16,30,46,-18,46,0,2,2,2925,3,1,4,6842,2,225,53,0,0,0,92,55,31,12,161,67,69,61,99.6,2.9,4,31.9,41.6,1035,1169,47,0.1,690,889,43.7,-1,Forward,246.3,661,661,6,82
2668,Dave Heinrich,RW,0,CHI,81,66,61538,7,40,47,7,20,0,0,0,83,0,1,1,2117,1,69,38,0,0,0,77,42,21,32,92,70,73,61,101.9,3.7,3.3,29.5,31.4,914,948,49.1,-1,581,609,48.8,-1.1,Forward,225.6,635,635,7,82
3378,Adam Prpich,C,0,LAP,81,66,76301,29,31,60,33,26,0,0,0,846,1,2,3,8764,3,890,459,0,0,0,38,49,50,59,151,71,69,71,104,4.5,2.9,36.1,33.3,1162,1082,51.8,0.4,780,730,51.7,-0.6,Forward,304.9,625,625,8,82
2892,Outdoor Truck,C,0,TEX,81,66,73717,12,36,48,15,46,0,0,0,301,1,3,4,11719,2,986,479,0,0,0,61,47,67,15,103,67,61,73,101.1,3.8,3,36.1,32.3,1162,990,54,1,748,662,53,-1.4,Forward,220.3,623,623,9,82
2952,Benjamin Surkhi-Ze'ev,C,0,EDM,80,66,79536,25,21,46,-33,34,0,1,1,4173,3,1,4,7588,1,833,410,0,0,0,49,54,53,38,175,69,69,66,97.8,2.7,4.4,29.6,38.8,965,1156,45.5,2.2,666,849,44,3,Forward,257.9,609,609,10,82
2488,San-sam Emerson,LD,0,PHI,81,66,70864,8,18,26,29,46,0,0,0,199,1,0,1,6067,1,0,0,0,0,0,66,9,46,91,121,61,53,68,102.9,4.4,3.1,38.2,35.6,1205,1010,54.4,2.7,815,756,51.9,1,Defense,230.6,480,480,1,82
2486,Jay O'Neil,RD,0,WPG,78,66,88382,19,28,47,-20,46,12,9,21,12921,0,4,4,6344,2,139,54,0,0,0,51,23,47,129,200,65,59,70,100.1,2.7,3.5,30.2,40.5,1001,1205,45.4,-0.5,694,917,43.1,-2.1,Defense,356.5,452,452,2,82
2228,Marcel Beck,RD,0,WPG,81,66,66954,4,15,19,0,31,0,1,1,1011,1,0,1,2315,1,0,0,1,0,1,48,8,23,148,90,61,54,68,100.9,3.3,3.5,30.7,35.2,981,1207,44.8,-2.8,648,765,45.9,0.2,Defense,240.40000000000003,441,441,3,82
2976,Seamus O'Slapahan,LD,0,NEW,79,66,90644,10,22,32,-1,35,6,7,13,16013,0,3,3,10707,0,20,8,0,0,0,54,16,50,181,185,67,58,77,100.5,3.6,3.2,38.1,36,1139,1045,52.2,0.4,794,758,51.2,0.1,Defense,346,438,438,4,82
2529,Christian Kinsinger,LD,0,WPG,78,66,74826,6,15,21,-23,30,0,0,0,1140,0,0,0,2784,0,1,1,0,0,0,52,12,36,70,99,60,57,63,98.1,2.3,3.6,31.7,39,1035,1188,46.6,1.3,722,899,44.5,0.1,Defense,182.5,423,423,5,82
3178,Philippe-Eko Eel,LD,0,ATL,81,66,72584,5,27,32,44,33,1,1,2,919,0,1,1,2915,1,0,0,1,0,1,62,3,44,122,92,62,54,70,103.4,4.7,2.5,39.5,29.2,1293,1050,55.2,0.6,905,654,58.1,2,Defense,263.2,419,419,6,82
3237,Antonio Flusso,LD,0,PHI,81,66,84068,6,30,36,3,28,0,5,5,3691,0,6,6,11430,0,0,0,0,0,0,57,14,40,213,142,62,52,74,99,3.6,3.7,37,35,1228,1178,51,-2.3,828,796,51,-0.4,Defense,371.1,411,411,7,82
2440,Dirty Boots,LD,0,BAP,81,66,45113,1,10,11,-8,33,0,0,0,438,0,2,2,7598,0,0,0,1,0,1,34,1,26,95,53,58,52,65,98.5,2.7,3.8,31.2,37,590,635,48.2,-2.2,383,449,46,-3.1,Defense,149,407,407,8,82
3412,Nathaniel Barca,RD,0,PHI,81,66,84916,17,38,55,-18,60,12,15,27,14285,0,2,2,2495,2,0,0,0,0,0,65,11,52,141,259,67,64,70,97.9,3.3,3.7,38.6,34.6,1233,1144,51.9,-1,859,772,52.7,2.2,Defense,412.6,392,392,9,82
2553,Zayne Dangle,LD,0,EDM,78,66,82148,4,14,18,-53,34,1,3,4,3787,0,0,0,3941,1,0,0,0,0,0,57,13,64,149,85,62,56,69,96.4,2.1,4.5,28.7,41.9,1064,1429,42.7,4,716,1041,40.8,4.1,Defense,240.39999999999998,389,389,10,82
2652,Ivan Lacksamus,RW,0,NEW,80,66,65913,13,31,44,-12,40,0,0,0,863,1,1,2,962,1,92,18,0,0,0,88,58,19,41,151,66,67,59,98.8,3.5,4.3,33.8,37,1043,1169,47.2,-2.5,706,774,47.7,-1.1,Forward,250.1,740,740,1,83
2457,Mikko Rashford,LW,0,WPG,81,66,72755,14,26,40,-16,32,1,2,3,4314,0,0,0,289,2,46,10,0,0,0,98,33,37,49,121,68,67,66,99.7,2.9,3.6,28.9,34.7,1020,1175,46.5,-0.3,653,782,45.5,-0.4,Forward,238.9,737,737,2,83
2564,Shoyo Hinata,RW,0,ATL,81,66,63536,11,28,39,12,30,1,0,1,377,0,0,0,246,0,49,22,0,0,0,100,43,29,47,101,67,65,64,99.9,3.6,2.9,38.3,30.7,1165,982,54.3,-0.7,805,626,56.3,-0.7,Forward,226.5,712,712,3,83
1676,Konstantin Selich,LW,0,BUF,79,66,65236,12,27,39,3,26,0,0,0,146,0,0,0,391,3,50,28,0,0,0,100,58,37,40,125,62,57,65,101.6,3.2,3,33.4,38.3,1049,1170,47.3,-2.4,719,803,47.2,-2.7,Forward,230.5,670,670,4,83
2794,Reed Kobo,RW,0,TOR,81,66,77135,12,29,41,-40,21,1,3,4,2665,0,0,0,2580,1,77,34,0,0,0,72,58,31,39,175,77,86,60,96.7,2.5,4.5,31.8,40.4,1094,1374,44.3,0.7,749,940,44.3,-0.1,Forward,239.70000000000002,669,669,5,83
2792,Ricky Koivu,LW,0,HAM,79,66,75047,16,30,46,-18,46,0,2,2,2925,3,1,4,6842,2,225,53,0,0,0,92,55,31,12,161,67,69,61,99.6,2.9,4,31.9,41.6,1035,1169,47,0.1,690,889,43.7,-1,Forward,246.3,661,661,6,83
2668,Dave Heinrich,RW,0,CHI,81,66,61538,7,40,47,7,20,0,0,0,83,0,1,1,2117,1,69,38,0,0,0,77,42,21,32,92,70,73,61,101.9,3.7,3.3,29.5,31.4,914,948,49.1,-1,581,609,48.8,-1.1,Forward,225.6,635,635,7,83
3378,Adam Prpich,C,0,LAP,81,66,76301,29,31,60,33,26,0,0,0,846,1,2,3,8764,3,890,459,0,0,0,38,49,50,59,151,71,69,71,104,4.5,2.9,36.1,33.3,1162,1082,51.8,0.4,780,730,51.7,-0.6,Forward,304.9,625,625,8,83
2892,Outdoor Truck,C,0,TEX,81,66,73717,12,36,48,15,46,0,0,0,301,1,3,4,11719,2,986,479,0,0,0,61,47,67,15,103,67,61,73,101.1,3.8,3,36.1,32.3,1162,990,54,1,748,662,53,-1.4,Forward,220.3,623,623,9,83
2952,Benjamin Surkhi-Ze'ev,C,0,EDM,80,66,79536,25,21,46,-33,34,0,1,1,4173,3,1,4,7588,1,833,410,0,0,0,49,54,53,38,175,69,69,66,97.8,2.7,4.4,29.6,38.8,965,1156,45.5,2.2,666,849,44,3,Forward,257.9,609,609,10,83
2488,San-sam Emerson,LD,0,PHI,81,66,70864,8,18,26,29,46,0,0,0,199,1,0,1,6067,1,0,0,0,0,0,66,9,46,91,121,61,53,68,102.9,4.4,3.1,38.2,35.6,1205,1010,54.4,2.7,815,756,51.9,1,Defense,230.6,480,480,1,83
2486,Jay O'Neil,RD,0,WPG,78,66,88382,19,28,47,-20,46,12,9,21,12921,0,4,4,6344,2,139,54,0,0,0,51,23,47,129,200,65,59,70,100.1,2.7,3.5,30.2,40.5,1001,1205,45.4,-0.5,694,917,43.1,-2.1,Defense,356.5,452,452,2,83
2228,Marcel Beck,RD,0,WPG,81,66,66954,4,15,19,0,31,0,1,1,1011,1,0,1,2315,1,0,0,1,0,1,48,8,23,148,90,61,54,68,100.9,3.3,3.5,30.7,35.2,981,1207,44.8,-2.8,648,765,45.9,0.2,Defense,240.40000000000003,441,441,3,83
2976,Seamus O'Slapahan,LD,0,NEW,79,66,90644,10,22,32,-1,35,6,7,13,16013,0,3,3,10707,0,20,8,0,0,0,54,16,50,181,185,67,58,77,100.5,3.6,3.2,38.1,36,1139,1045,52.2,0.4,794,758,51.2,0.1,Defense,346,438,438,4,83
2529,Christian Kinsinger,LD,0,WPG,78,66,74826,6,15,21,-23,30,0,0,0,1140,0,0,0,2784,0,1,1,0,0,0,52,12,36,70,99,60,57,63,98.1,2.3,3.6,31.7,39,1035,1188,46.6,1.3,722,899,44.5,0.1,Defense,182.5,423,423,5,83
3178,Philippe-Eko Eel,LD,0,ATL,81,66,72584,5,27,32,44,33,1,1,2,919,0,1,1,2915,1,0,0,1,0,1,62,3,44,122,92,62,54,70,103.4,4.7,2.5,39.5,29.2,1293,1050,55.2,0.6,905,654,58.1,2,Defense,263.2,419,419,6,83
3237,Antonio Flusso,LD,0,PHI,81,66,84068,6,30,36,3,28,0,5,5,3691,0,6,6,11430,0,0,0,0,0,0,57,14,40,213,142,62,52,74,99,3.6,3.7,37,35,1228,1178,51,-2.3,828,796,51,-0.4,Defense,371.1,411,411,7,83
2440,Dirty Boots,LD,0,BAP,81,66,45113,1,10,11,-8,33,0,0,0,438,0,2,2,7598,0,0,0,1,0,1,34,1,26,95,53,58,52,65,98.5,2.7,3.8,31.2,37,590,635,48.2,-2.2,383,449,46,-3.1,Defense,149,407,407,8,83
3412,Nathaniel Barca,RD,0,PHI,81,66,84916,17,38,55,-18,60,12,15,27,14285,0,2,2,2495,2,0,0,0,0,0,65,11,52,141,259,67,64,70,97.9,3.3,3.7,38.6,34.6,1233,1144,51.9,-1,859,772,52.7,2.2,Defense,412.6,392,392,9,83
2553,Zayne Dangle,LD,0,EDM,78,66,82148,4,14,18,-53,34,1,3,4,3787,0,0,0,3941,1,0,0,0,0,0,57,13,64,149,85,62,56,69,96.4,2.1,4.5,28.7,41.9,1064,1429,42.7,4,716,1041,40.8,4.1,Defense,240.39999999999998,389,389,10,83
