id,name,position,league,team,season,gamesPlayed,minutes,wins,losses,ot,shotsAgainst,saves,goalsAgainst,gaa,shutouts,savePct,gameRating,cumGP,cumsaves,cumSA,cum_savePct,label,rank,season_label
198,Meeka Keprosoft,G,0,HAM,66,42,2173,15,13,5,1564,1432,132,3.64,0,0.916,77,109,1432,1564,0.9156010230179028,0.916,1,66
1095,Osada Tamura,G,0,SFP,66,28,1576,20,3,0,703,639,64,2.44,2,0.909,71,163,639,703,0.9089615931721194,0.909,2,66
764,Brick Wall,G,0,MTL,66,51,3010,31,15,4,1681,1526,155,3.09,3,0.908,75,431,1526,1681,0.907792980368828,0.908,3,66
36,Name Redacted,G,0,MAN,66,54,3211,30,20,4,1726,1565,161,3.01,1,0.907,74,95,1565,1726,0.906720741599073,0.907,4,66
1330,Evgeni Petrov,G,0,ATL,66,49,2956,36,11,2,1299,1175,124,2.52,5,0.905,72,194,1175,1299,0.9045419553502695,0.905,5,66
1413,Jon St. Ark,G,0,NOL,66,43,2522,25,12,4,1235,1116,119,2.83,1,0.904,71,551,1116,1235,0.9036437246963562,0.904,6,66
595,Cillian Kavanagh,G,0,TEX,66,53,2982,17,30,5,1959,1764,195,3.92,1,0.900,76,211,1764,1959,0.900459418070444,0.9,7,66
849,Olof Karsikko,G,0,LAP,66,55,3290,34,15,4,1623,1461,162,2.95,3,0.900,71,675,1461,1623,0.9001848428835489,0.9,8,66
741,Iorek Byrnison,G,0,NOL,66,27,1477,15,7,3,692,622,70,2.84,3,0.899,68,203,622,692,0.8988439306358381,0.899,9,66
135,Mat Smith,G,0,CHI,66,54,3199,35,14,4,1560,1401,159,2.98,4,0.898,70,556,1401,1560,0.8980769230769231,0.898,10,66
2921,BASE PACK,G,0,PHI,67,33,1989,19,12,2,1103,1009,94,2.84,3,0.915,77,743,1009,1103,0.914777878513146,0.915,1,67
1330,Evgeni Petrov,G,0,ATL,67,48,2847,34,12,1,1398,1273,125,2.63,6,0.911,75,194,2448,2697,0.9076751946607341,0.908,2,67
36,Name Redacted,G,0,MAN,67,41,2409,22,14,4,1256,1135,121,3.01,3,0.904,73,95,2700,2982,0.9054325955734407,0.905,3,67
2828,Justin Time,G,0,EDM,67,58,3295,19,29,7,2119,1914,205,3.73,3,0.903,76,828,1914,2119,0.9032562529495045,0.903,4,67
2189,Joshua CorcoranTwitch,G,0,MIN,67,26,1083,2,11,2,793,716,77,4.27,1,0.903,71,84,716,793,0.9029003783102144,0.903,5,67
99,Harry Carpet,G,0,TOR,67,40,2403,27,11,2,1126,1034,92,2.30,4,0.918,75,159,2410,2670,0.9026217228464419,0.903,6,67
764,Brick Wall,G,0,MTL,67,52,2874,28,16,4,1480,1326,154,3.21,5,0.896,69,431,2852,3161,0.9022461246440999,0.902,7,67
565,Strom Chamberlain,G,0,CGY,67,47,2831,32,11,4,1625,1471,154,3.26,2,0.905,76,271,3108,3454,0.8998262883613202,0.9,8,67
741,Iorek Byrnison,G,0,NOL,66,27,1477,15,7,3,692,622,70,2.84,3,0.899,68,203,622,692,0.8988439306358381,0.899,9,67
563,Scoochie Stratton,G,0,PHI,67,33,2007,18,12,3,1079,974,105,3.14,2,0.903,73,210,2618,2914,0.8984214138641043,0.898,10,67
1330,Evgeni Petrov,G,0,ATL,68,48,2843,36,11,1,1467,1348,119,2.51,4,0.919,78,194,3796,4164,0.9116234390009607,0.912,1,68
36,Name Redacted,G,0,MAN,67,41,2409,22,14,4,1256,1135,121,3.01,3,0.904,73,95,2700,2982,0.9054325955734407,0.905,2,68
2189,Joshua CorcoranTwitch,G,0,MIN,67,26,1083,2,11,2,793,716,77,4.27,1,0.903,71,84,716,793,0.9029003783102144,0.903,3,68
2921,BASE PACK,G,0,PHI,68,41,2457,25,15,1,1164,1036,128,3.13,1,0.890,68,743,2045,2267,0.9020732245258051,0.902,4,68
764,Brick Wall,G,0,MTL,68,55,3236,32,16,6,1597,1439,158,2.93,4,0.901,72,431,4291,4758,0.901849516603615,0.902,5,68
2575,Rebecca Montagne,G,0,WPG,68,54,3203,43,8,2,1411,1284,127,2.38,8,0.910,73,831,4055,4499,0.9013114025338964,0.901,6,68
563,Scoochie Stratton,G,0,PHI,68,26,1516,19,5,1,747,681,66,2.61,4,0.912,75,210,3299,3661,0.9011199125921879,0.901,7,68
2828,Justin Time,G,0,EDM,68,56,3288,26,25,4,1740,1563,177,3.23,4,0.898,72,828,3477,3859,0.9010106245141228,0.901,8,68
565,Strom Chamberlain,G,0,CGY,68,45,2690,24,15,5,1407,1263,144,3.21,3,0.898,72,271,4371,4861,0.8991976959473359,0.899,9,68
741,Iorek Byrnison,G,0,NOL,66,27,1477,15,7,3,692,622,70,2.84,3,0.899,68,203,622,692,0.8988439306358381,0.899,10,68
1330,Evgeni Petrov,G,0,ATL,69,49,2784,29,15,4,1408,1251,157,3.38,1,0.888,67,194,5047,5572,0.9057788944723618,0.906,1,69
36,Name Redacted,G,0,MAN,67,41,2409,22,14,4,1256,1135,121,3.01,3,0.904,73,95,2700,2982,0.9054325955734407,0.905,2,69
764,Brick Wall,G,0,MTL,69,54,3244,40,13,1,1578,1438,140,2.59,6,0.911,75,431,5729,6336,0.9041982323232324,0.904,3,69
2189,Joshua CorcoranTwitch,G,0,MIN,67,26,1083,2,11,2,793,716,77,4.27,1,0.903,71,84,716,793,0.9029003783102144,0.903,4,69
563,Scoochie Stratton,G,0,PHI,68,26,1516,19,5,1,747,681,66,2.61,4,0.912,75,210,3299,3661,0.9011199125921879,0.901,5,69
3203,Sjoforsvaret,G,0,TBB,69,49,2654,14,26,6,1763,1588,175,3.96,3,0.901,73,180,1588,1763,0.900737379466818,0.901,6,69
565,Strom Chamberlain,G,0,CGY,69,44,2656,26,14,4,1352,1221,131,2.96,3,0.903,74,271,5592,6213,0.9000482858522453,0.9,7,69
2828,Justin Time,G,0,EDM,69,57,3280,28,19,7,1604,1437,167,3.05,1,0.896,69,828,4914,5463,0.899505766062603,0.9,8,69
741,Iorek Byrnison,G,0,NOL,66,27,1477,15,7,3,692,622,70,2.84,3,0.899,68,203,622,692,0.8988439306358381,0.899,9,69
2900,Adam Rage,G,0,MAN,69,49,2850,27,15,6,1497,1360,137,2.88,6,0.908,75,419,3113,3464,0.8986720554272517,0.899,10,69
1330,Evgeni Petrov,G,0,ATL,69,49,2784,29,15,4,1408,1251,157,3.38,1,0.888,67,194,5047,5572,0.9057788944723618,0.906,1,70
36,Name Redacted,G,0,MAN,67,41,2409,22,14,4,1256,1135,121,3.01,3,0.904,73,95,2700,2982,0.9054325955734407,0.905,2,70
764,Brick Wall,G,0,MTL,70,54,3216,35,17,2,1728,1566,162,3.02,4,0.906,75,431,7295,8064,0.9046378968253969,0.905,3,70
2189,Joshua CorcoranTwitch,G,0,MIN,67,26,1083,2,11,2,793,716,77,4.27,1,0.903,71,84,716,793,0.9029003783102144,0.903,4,70
2921,BASE PACK,G,0,PHI,70,52,2977,43,7,0,1454,1322,132,2.66,8,0.909,74,743,4449,4936,0.9013371150729336,0.901,5,70
563,Scoochie Stratton,G,0,PHI,68,26,1516,19,5,1,747,681,66,2.61,4,0.912,75,210,3299,3661,0.9011199125921879,0.901,6,70
3203,Sjoforsvaret,G,0,TBB,69,49,2654,14,26,6,1763,1588,175,3.96,3,0.901,73,180,1588,1763,0.900737379466818,0.901,7,70
565,Strom Chamberlain,G,0,CGY,70,40,2347,21,16,2,1189,1070,119,3.04,4,0.900,71,271,6662,7402,0.9000270197243988,0.9,8,70
2443,Hank Stopper,G,0,CGY,70,29,1622,20,7,0,855,774,81,3.00,2,0.905,74,380,3208,3567,0.8993552004485562,0.899,9,70
3273,Alexis Texas,G,0,ATL,70,46,2719,31,14,0,1260,1133,127,2.80,4,0.899,70,190,1133,1260,0.8992063492063492,0.899,10,70
764,Brick Wall,G,0,MTL,71,54,3238,38,15,1,1736,1586,150,2.78,5,0.914,78,431,8881,9800,0.9062244897959184,0.906,1,71
1330,Evgeni Petrov,G,0,ATL,69,49,2784,29,15,4,1408,1251,157,3.38,1,0.888,67,194,5047,5572,0.9057788944723618,0.906,2,71
36,Name Redacted,G,0,MAN,67,41,2409,22,14,4,1256,1135,121,3.01,3,0.904,73,95,2700,2982,0.9054325955734407,0.905,3,71
2189,Joshua CorcoranTwitch,G,0,MIN,67,26,1083,2,11,2,793,716,77,4.27,1,0.903,71,84,716,793,0.9029003783102144,0.903,4,71
563,Scoochie Stratton,G,0,PHI,68,26,1516,19,5,1,747,681,66,2.61,4,0.912,75,210,3299,3661,0.9011199125921879,0.901,5,71
3203,Sjoforsvaret,G,0,TBB,69,49,2654,14,26,6,1763,1588,175,3.96,3,0.901,73,180,1588,1763,0.900737379466818,0.901,6,71
3494,Brent Turnerson,G,0,CGY,71,31,1512,9,12,1,885,797,88,3.49,0,0.901,70,192,797,885,0.9005649717514125,0.901,7,71
565,Strom Chamberlain,G,0,CGY,70,40,2347,21,16,2,1189,1070,119,3.04,4,0.900,71,271,6662,7402,0.9000270197243988,0.9,8,71
2921,BASE PACK,G,0,PHI,71,55,3182,36,16,1,1607,1439,168,3.17,2,0.895,70,743,5888,6543,0.8998930154363441,0.9,9,71
849,Olof Karsikko,G,0,NEW,71,50,2891,38,7,3,1340,1217,123,2.55,6,0.908,72,675,8516,9465,0.8997358689910195,0.9,10,71
764,Brick Wall,G,0,MTL,72,55,3284,35,17,2,1802,1640,162,2.96,6,0.910,77,431,10521,11602,0.9068264092397862,0.907,1,72
1330,Evgeni Petrov,G,0,ATL,69,49,2784,29,15,4,1408,1251,157,3.38,1,0.888,67,194,5047,5572,0.9057788944723618,0.906,2,72
3588,George Walsh,G,0,TOR,72,42,2117,10,22,2,1758,1592,166,4.70,2,0.906,78,211,1592,1758,0.9055745164960182,0.906,3,72
36,Name Redacted,G,0,MAN,67,41,2409,22,14,4,1256,1135,121,3.01,3,0.904,73,95,2700,2982,0.9054325955734407,0.905,4,72
2189,Joshua CorcoranTwitch,G,0,MIN,67,26,1083,2,11,2,793,716,77,4.27,1,0.903,71,84,716,793,0.9029003783102144,0.903,5,72
563,Scoochie Stratton,G,0,PHI,68,26,1516,19,5,1,747,681,66,2.61,4,0.912,75,210,3299,3661,0.9011199125921879,0.901,6,72
3203,Sjoforsvaret,G,0,TBB,69,49,2654,14,26,6,1763,1588,175,3.96,3,0.901,73,180,1588,1763,0.900737379466818,0.901,7,72
2921,BASE PACK,G,0,PHI,72,55,3307,34,13,7,1738,1566,172,3.12,1,0.901,73,743,7454,8281,0.9001328341987682,0.9,8,72
565,Strom Chamberlain,G,0,CGY,70,40,2347,21,16,2,1189,1070,119,3.04,4,0.900,71,271,6662,7402,0.9000270197243988,0.9,9,72
2828,Justin Time,G,0,EDM,72,55,3207,40,13,2,1653,1493,160,2.99,2,0.903,73,828,9158,10186,0.899077164735912,0.899,10,72
764,Brick Wall,G,0,ATL,73,56,3196,18,34,2,2174,1961,213,4.00,3,0.902,76,431,12482,13776,0.906068524970964,0.906,1,73
1330,Evgeni Petrov,G,0,ATL,69,49,2784,29,15,4,1408,1251,157,3.38,1,0.888,67,194,5047,5572,0.9057788944723618,0.906,2,73
3588,George Walsh,G,0,TOR,72,42,2117,10,22,2,1758,1592,166,4.70,2,0.906,78,211,1592,1758,0.9055745164960182,0.906,3,73
36,Name Redacted,G,0,MAN,67,41,2409,22,14,4,1256,1135,121,3.01,3,0.904,73,95,2700,2982,0.9054325955734407,0.905,4,73
2189,Joshua CorcoranTwitch,G,0,MIN,67,26,1083,2,11,2,793,716,77,4.27,1,0.903,71,84,716,793,0.9029003783102144,0.903,5,73
2828,Justin Time,G,0,EDM,73,56,3270,45,8,1,1590,1458,132,2.42,8,0.917,75,828,10616,11776,0.9014945652173914,0.901,6,73
849,Olof Karsikko,G,0,NEW,73,54,3172,41,10,2,1664,1527,137,2.59,7,0.918,78,675,11595,12863,0.901422685221177,0.901,7,73
3750,Bernard Lodge,G,0,NOL,73,29,1534,13,6,4,852,768,84,3.28,2,0.901,72,407,768,852,0.9014084507042254,0.901,8,73
563,Scoochie Stratton,G,0,PHI,68,26,1516,19,5,1,747,681,66,2.61,4,0.912,75,210,3299,3661,0.9011199125921879,0.901,9,73
3203,Sjoforsvaret,G,0,TBB,69,49,2654,14,26,6,1763,1588,175,3.96,3,0.901,73,180,1588,1763,0.900737379466818,0.901,10,73
764,Brick Wall,G,0,ATL,73,56,3196,18,34,2,2174,1961,213,4.00,3,0.902,76,431,12482,13776,0.906068524970964,0.906,1,74
1330,Evgeni Petrov,G,0,ATL,69,49,2784,29,15,4,1408,1251,157,3.38,1,0.888,67,194,5047,5572,0.9057788944723618,0.906,2,74
36,Name Redacted,G,0,MAN,67,41,2409,22,14,4,1256,1135,121,3.01,3,0.904,73,95,2700,2982,0.9054325955734407,0.905,3,74
2189,Joshua CorcoranTwitch,G,0,MIN,67,26,1083,2,11,2,793,716,77,4.27,1,0.903,71,84,716,793,0.9029003783102144,0.903,4,74
2828,Justin Time,G,0,EDM,74,55,3228,43,9,1,1596,1449,147,2.73,3,0.908,73,828,12065,13372,0.9022584504935687,0.902,5,74
3900,Ally Mathieson,G,0,ATL,74,52,2950,31,14,4,1733,1563,170,3.46,1,0.902,75,322,1563,1733,0.9019042123485286,0.902,6,74
741,Iorek Byrnison,G,0,TOR,74,39,1845,15,16,1,1470,1300,170,5.53,1,0.884,69,203,5594,6205,0.9015310233682514,0.902,7,74
849,Olof Karsikko,G,0,NEW,74,48,2758,27,16,3,1575,1418,157,3.42,2,0.900,74,675,13013,14438,0.9013021194071201,0.901,8,74
563,Scoochie Stratton,G,0,PHI,68,26,1516,19,5,1,747,681,66,2.61,4,0.912,75,210,3299,3661,0.9011199125921879,0.901,9,74
2789,Casey Fantobens,G,0,BUF,74,50,2869,34,12,4,1759,1598,161,3.37,3,0.908,76,601,12571,13954,0.9008886340834169,0.901,10,74
764,Brick Wall,G,0,ATL,73,56,3196,18,34,2,2174,1961,213,4.00,3,0.902,76,431,12482,13776,0.906068524970964,0.906,1,75
1330,Evgeni Petrov,G,0,ATL,69,49,2784,29,15,4,1408,1251,157,3.38,1,0.888,67,194,5047,5572,0.9057788944723618,0.906,2,75
36,Name Redacted,G,0,MAN,67,41,2409,22,14,4,1256,1135,121,3.01,3,0.904,73,95,2700,2982,0.9054325955734407,0.905,3,75
2189,Joshua CorcoranTwitch,G,0,MIN,67,26,1083,2,11,2,793,716,77,4.27,1,0.903,71,84,716,793,0.9029003783102144,0.903,4,75
2828,Justin Time,G,0,EDM,75,56,3274,44,10,1,1583,1429,154,2.82,4,0.903,71,828,13494,14955,0.9023069207622869,0.902,5,75
741,Iorek Byrnison,G,0,TOR,74,39,1845,15,16,1,1470,1300,170,5.53,1,0.884,69,203,5594,6205,0.9015310233682514,0.902,6,75
2789,Casey Fantobens,G,0,BUF,75,54,3137,30,21,3,1966,1778,188,3.59,2,0.904,75,601,14349,15920,0.901319095477387,0.901,7,75
563,Scoochie Stratton,G,0,PHI,68,26,1516,19,5,1,747,681,66,2.61,4,0.912,75,210,3299,3661,0.9011199125921879,0.901,8,75
849,Olof Karsikko,G,0,NEW,75,42,2385,23,16,2,1532,1377,155,3.90,1,0.899,74,675,14390,15970,0.9010644959298685,0.901,9,75
3203,Sjoforsvaret,G,0,TBB,69,49,2654,14,26,6,1763,1588,175,3.96,3,0.901,73,180,1588,1763,0.900737379466818,0.901,10,75
4174,Beau Kavanagh,G,0,BAP,76,25,1393,19,4,0,805,739,66,2.84,4,0.918,78,213,1427,1571,0.9083386378103119,0.908,1,76
764,Brick Wall,G,0,ATL,73,56,3196,18,34,2,2174,1961,213,4.00,3,0.902,76,431,12482,13776,0.906068524970964,0.906,2,76
1330,Evgeni Petrov,G,0,ATL,69,49,2784,29,15,4,1408,1251,157,3.38,1,0.888,67,194,5047,5572,0.9057788944723618,0.906,3,76
36,Name Redacted,G,0,MAN,67,41,2409,22,14,4,1256,1135,121,3.01,3,0.904,73,95,2700,2982,0.9054325955734407,0.905,4,76
2189,Joshua CorcoranTwitch,G,0,MIN,67,26,1083,2,11,2,793,716,77,4.27,1,0.903,71,84,716,793,0.9029003783102144,0.903,5,76
3843,"Rhett ""Shaggy"" Carpet",G,0,WPG,76,57,3272,32,20,2,1924,1750,174,3.19,3,0.910,77,445,4668,5172,0.9025522041763341,0.903,6,76
2828,Justin Time,G,0,SFP,76,55,3263,40,10,4,1694,1527,167,3.07,2,0.901,73,828,15021,16649,0.9022163493302902,0.902,7,76
741,Iorek Byrnison,G,0,TOR,74,39,1845,15,16,1,1470,1300,170,5.53,1,0.884,69,203,5594,6205,0.9015310233682514,0.902,8,76
2789,Casey Fantobens,G,0,BUF,76,51,2972,26,22,3,1920,1727,193,3.90,0,0.899,75,601,16076,17840,0.9011210762331838,0.901,9,76
563,Scoochie Stratton,G,0,PHI,68,26,1516,19,5,1,747,681,66,2.61,4,0.912,75,210,3299,3661,0.9011199125921879,0.901,10,76
4329,Five-Hole Sieve,G,0,BUF,77,54,3186,28,21,5,2015,1822,193,3.63,2,0.904,78,257,2328,2560,0.909375,0.909,1,77
764,Brick Wall,G,0,ATL,73,56,3196,18,34,2,2174,1961,213,4.00,3,0.902,76,431,12482,13776,0.906068524970964,0.906,2,77
1330,Evgeni Petrov,G,0,ATL,69,49,2784,29,15,4,1408,1251,157,3.38,1,0.888,67,194,5047,5572,0.9057788944723618,0.906,3,77
36,Name Redacted,G,0,MAN,67,41,2409,22,14,4,1256,1135,121,3.01,3,0.904,73,95,2700,2982,0.9054325955734407,0.905,4,77
4174,Beau Kavanagh,G,0,BAP,77,27,1499,15,11,0,827,741,86,3.44,3,0.896,70,213,2168,2398,0.9040867389491243,0.904,5,77
2189,Joshua CorcoranTwitch,G,0,MIN,67,26,1083,2,11,2,793,716,77,4.27,1,0.903,71,84,716,793,0.9029003783102144,0.903,6,77
3843,"Rhett ""Shaggy"" Carpet",G,0,WPG,77,56,3236,22,29,3,2060,1856,204,3.78,4,0.901,75,445,6524,7232,0.9021017699115044,0.902,7,77
2828,Justin Time,G,0,SFP,77,56,3188,41,13,0,1528,1371,157,2.95,3,0.897,69,828,16392,18177,0.9017989767288331,0.902,8,77
741,Iorek Byrnison,G,0,TOR,74,39,1845,15,16,1,1470,1300,170,5.53,1,0.884,69,203,5594,6205,0.9015310233682514,0.902,9,77
3746,Tibuk Soonika,G,0,TBB,77,53,3116,29,21,2,1657,1498,159,3.06,1,0.904,73,493,8804,9767,0.9014026825023037,0.901,10,77
4329,Five-Hole Sieve,G,0,NEW,78,49,2739,27,17,3,1796,1634,162,3.55,1,0.910,78,257,3962,4356,0.9095500459136823,0.91,1,78
764,Brick Wall,G,0,ATL,73,56,3196,18,34,2,2174,1961,213,4.00,3,0.902,76,431,12482,13776,0.906068524970964,0.906,2,78
1330,Evgeni Petrov,G,0,ATL,69,49,2784,29,15,4,1408,1251,157,3.38,1,0.888,67,194,5047,5572,0.9057788944723618,0.906,3,78
36,Name Redacted,G,0,MAN,67,41,2409,22,14,4,1256,1135,121,3.01,3,0.904,73,95,2700,2982,0.9054325955734407,0.905,4,78
2189,Joshua CorcoranTwitch,G,0,MIN,67,26,1083,2,11,2,793,716,77,4.27,1,0.903,71,84,716,793,0.9029003783102144,0.903,5,78
3843,"Rhett ""Shaggy"" Carpet",G,0,WPG,78,56,3198,24,22,5,2069,1871,198,3.71,3,0.904,76,445,8395,9301,0.9025911192344909,0.903,6,78
4174,Beau Kavanagh,G,0,BAP,78,34,1950,15,14,1,1126,1012,114,3.51,2,0.899,73,213,3180,3524,0.9023836549375709,0.902,7,78
4655,Launchpad McQuack,G,0,PHI,78,26,1490,15,8,1,857,773,84,3.38,0,0.902,74,87,773,857,0.9019836639439907,0.902,8,78
2828,Justin Time,G,0,SFP,78,55,3257,44,6,3,1588,1431,157,2.89,5,0.901,72,828,17823,19765,0.9017455097394385,0.902,9,78
3547,Grzegorz Brzeczyszczykiewicz,G,0,LAP,78,49,2787,36,8,2,1450,1319,131,2.82,4,0.910,74,563,12080,13397,0.9016944091960887,0.902,10,78
764,Brick Wall,G,0,ATL,73,56,3196,18,34,2,2174,1961,213,4.00,3,0.902,76,431,12482,13776,0.906068524970964,0.906,1,79
4329,Five-Hole Sieve,G,0,NEW,79,43,2536,24,13,5,1599,1433,166,3.93,0,0.896,75,257,5395,5955,0.9059613769941226,0.906,2,79
1330,Evgeni Petrov,G,0,ATL,69,49,2784,29,15,4,1408,1251,157,3.38,1,0.888,67,194,5047,5572,0.9057788944723618,0.906,3,79
36,Name Redacted,G,0,MAN,67,41,2409,22,14,4,1256,1135,121,3.01,3,0.904,73,95,2700,2982,0.9054325955734407,0.905,4,79
4512,Denebor Milasch,G,0,TOR,79,55,3161,33,17,3,1729,1575,154,2.92,4,0.911,75,242,4635,5131,0.9033326836873904,0.903,5,79
2189,Joshua CorcoranTwitch,G,0,MIN,67,26,1083,2,11,2,793,716,77,4.27,1,0.903,71,84,716,793,0.9029003783102144,0.903,6,79
4174,Beau Kavanagh,G,0,BAP,79,51,3022,28,20,2,1746,1576,170,3.37,1,0.903,75,213,4756,5270,0.9024667931688805,0.902,7,79
2828,Justin Time,G,0,SFP,79,57,3319,45,8,1,1634,1483,151,2.73,7,0.908,74,828,19306,21399,0.9021916912005233,0.902,8,79
4655,Launchpad McQuack,G,0,PHI,78,26,1490,15,8,1,857,773,84,3.38,0,0.902,74,87,773,857,0.9019836639439907,0.902,9,79
741,Iorek Byrnison,G,0,TOR,74,39,1845,15,16,1,1470,1300,170,5.53,1,0.884,69,203,5594,6205,0.9015310233682514,0.902,10,79
764,Brick Wall,G,0,ATL,73,56,3196,18,34,2,2174,1961,213,4.00,3,0.902,76,431,12482,13776,0.906068524970964,0.906,1,80
1330,Evgeni Petrov,G,0,ATL,69,49,2784,29,15,4,1408,1251,157,3.38,1,0.888,67,194,5047,5572,0.9057788944723618,0.906,2,80
36,Name Redacted,G,0,MAN,67,41,2409,22,14,4,1256,1135,121,3.01,3,0.904,73,95,2700,2982,0.9054325955734407,0.905,3,80
4455,Stun Gun,G,0,ATL,80,51,2955,41,6,2,1479,1341,138,2.80,2,0.907,74,174,3584,3969,0.9029982363315696,0.903,4,80
2189,Joshua CorcoranTwitch,G,0,MIN,67,26,1083,2,11,2,793,716,77,4.27,1,0.903,71,84,716,793,0.9029003783102144,0.903,5,80
2828,Justin Time,G,0,SFP,80,56,3225,37,11,5,1539,1391,148,2.75,6,0.904,72,828,20697,22938,0.9023018571802249,0.902,6,80
4655,Launchpad McQuack,G,0,PHI,78,26,1490,15,8,1,857,773,84,3.38,0,0.902,74,87,773,857,0.9019836639439907,0.902,7,80
4512,Denebor Milasch,G,0,TOR,80,52,3137,21,24,7,2076,1864,212,4.05,0,0.898,76,242,6499,7207,0.9017621756625503,0.902,8,80
4329,Five-Hole Sieve,G,0,NEW,80,43,2474,19,22,2,1624,1438,186,4.51,1,0.885,69,257,6833,7579,0.9015701279852223,0.902,9,80
741,Iorek Byrnison,G,0,TOR,74,39,1845,15,16,1,1470,1300,170,5.53,1,0.884,69,203,5594,6205,0.9015310233682514,0.902,10,80
4854,Evil Kyle Murray,G,0,BAP,81,53,3048,29,18,3,1893,1725,168,3.31,1,0.911,78,92,2900,3198,0.906816760475297,0.907,1,81
4455,Stun Gun,G,0,ATL,81,38,2152,26,7,3,1127,1035,92,2.56,3,0.918,76,174,4619,5096,0.9063971742543171,0.906,2,81
764,Brick Wall,G,0,ATL,73,56,3196,18,34,2,2174,1961,213,4.00,3,0.902,76,431,12482,13776,0.906068524970964,0.906,3,81
1330,Evgeni Petrov,G,0,ATL,69,49,2784,29,15,4,1408,1251,157,3.38,1,0.888,67,194,5047,5572,0.9057788944723618,0.906,4,81
36,Name Redacted,G,0,MAN,67,41,2409,22,14,4,1256,1135,121,3.01,3,0.904,73,95,2700,2982,0.9054325955734407,0.905,5,81
2828,Justin Time,G,0,SFP,81,54,3255,40,12,2,1790,1652,138,2.54,5,0.923,81,828,22349,24728,0.9037932707861533,0.904,6,81
2189,Joshua CorcoranTwitch,G,0,MIN,67,26,1083,2,11,2,793,716,77,4.27,1,0.903,71,84,716,793,0.9029003783102144,0.903,7,81
4655,Launchpad McQuack,G,0,PHI,78,26,1490,15,8,1,857,773,84,3.38,0,0.902,74,87,773,857,0.9019836639439907,0.902,8,81
4329,Five-Hole Sieve,G,0,NEW,81,50,2873,27,18,4,1718,1551,167,3.49,4,0.903,76,257,8384,9297,0.9017962783693665,0.902,9,81
4512,Denebor Milasch,G,0,ATL,81,34,1837,19,9,2,971,875,96,3.14,3,0.901,69,242,7374,8178,0.9016874541452677,0.902,10,81
NA, ,NA,NA,ATL,52,NA,NA,NA,NA,NA,NA,NA,NA,NA,NA,NA,NA,NA,NA,NA,0, ,1,NA
NA, ,NA,NA,ATL,52,NA,NA,NA,NA,NA,NA,NA,NA,NA,NA,NA,NA,NA,NA,NA,0, ,2,NA
NA, ,NA,NA,ATL,52,NA,NA,NA,NA,NA,NA,NA,NA,NA,NA,NA,NA,NA,NA,NA,0, ,3,NA
NA, ,NA,NA,ATL,52,NA,NA,NA,NA,NA,NA,NA,NA,NA,NA,NA,NA,NA,NA,NA,0, ,4,NA
NA, ,NA,NA,ATL,52,NA,NA,NA,NA,NA,NA,NA,NA,NA,NA,NA,NA,NA,NA,NA,0, ,5,NA
NA, ,NA,NA,ATL,52,NA,NA,NA,NA,NA,NA,NA,NA,NA,NA,NA,NA,NA,NA,NA,0, ,6,NA
NA, ,NA,NA,ATL,52,NA,NA,NA,NA,NA,NA,NA,NA,NA,NA,NA,NA,NA,NA,NA,0, ,7,NA
NA, ,NA,NA,ATL,52,NA,NA,NA,NA,NA,NA,NA,NA,NA,NA,NA,NA,NA,NA,NA,0, ,8,NA
NA, ,NA,NA,ATL,52,NA,NA,NA,NA,NA,NA,NA,NA,NA,NA,NA,NA,NA,NA,NA,0, ,9,NA
NA, ,NA,NA,ATL,52,NA,NA,NA,NA,NA,NA,NA,NA,NA,NA,NA,NA,NA,NA,NA,0, ,10,NA
4854,Evil Kyle Murray,G,0,BAP,81,53,3048,29,18,3,1893,1725,168,3.31,1,0.911,78,92,2900,3198,0.906816760475297,0.907,1,82
4455,Stun Gun,G,0,ATL,81,38,2152,26,7,3,1127,1035,92,2.56,3,0.918,76,174,4619,5096,0.9063971742543171,0.906,2,82
764,Brick Wall,G,0,ATL,73,56,3196,18,34,2,2174,1961,213,4.00,3,0.902,76,431,12482,13776,0.906068524970964,0.906,3,82
1330,Evgeni Petrov,G,0,ATL,69,49,2784,29,15,4,1408,1251,157,3.38,1,0.888,67,194,5047,5572,0.9057788944723618,0.906,4,82
36,Name Redacted,G,0,MAN,67,41,2409,22,14,4,1256,1135,121,3.01,3,0.904,73,95,2700,2982,0.9054325955734407,0.905,5,82
2828,Justin Time,G,0,SFP,81,54,3255,40,12,2,1790,1652,138,2.54,5,0.923,81,828,22349,24728,0.9037932707861533,0.904,6,82
2189,Joshua CorcoranTwitch,G,0,MIN,67,26,1083,2,11,2,793,716,77,4.27,1,0.903,71,84,716,793,0.9029003783102144,0.903,7,82
4655,Launchpad McQuack,G,0,PHI,78,26,1490,15,8,1,857,773,84,3.38,0,0.902,74,87,773,857,0.9019836639439907,0.902,8,82
4329,Five-Hole Sieve,G,0,NEW,81,50,2873,27,18,4,1718,1551,167,3.49,4,0.903,76,257,8384,9297,0.9017962783693665,0.902,9,82
4512,Denebor Milasch,G,0,ATL,81,34,1837,19,9,2,971,875,96,3.14,3,0.901,69,242,7374,8178,0.9016874541452677,0.902,10,82
4854,Evil Kyle Murray,G,0,BAP,81,53,3048,29,18,3,1893,1725,168,3.31,1,0.911,78,92,2900,3198,0.906816760475297,0.907,1,83
4455,Stun Gun,G,0,ATL,81,38,2152,26,7,3,1127,1035,92,2.56,3,0.918,76,174,4619,5096,0.9063971742543171,0.906,2,83
764,Brick Wall,G,0,ATL,73,56,3196,18,34,2,2174,1961,213,4.00,3,0.902,76,431,12482,13776,0.906068524970964,0.906,3,83
1330,Evgeni Petrov,G,0,ATL,69,49,2784,29,15,4,1408,1251,157,3.38,1,0.888,67,194,5047,5572,0.9057788944723618,0.906,4,83
36,Name Redacted,G,0,MAN,67,41,2409,22,14,4,1256,1135,121,3.01,3,0.904,73,95,2700,2982,0.9054325955734407,0.905,5,83
2828,Justin Time,G,0,SFP,81,54,3255,40,12,2,1790,1652,138,2.54,5,0.923,81,828,22349,24728,0.9037932707861533,0.904,6,83
2189,Joshua CorcoranTwitch,G,0,MIN,67,26,1083,2,11,2,793,716,77,4.27,1,0.903,71,84,716,793,0.9029003783102144,0.903,7,83
4655,Launchpad McQuack,G,0,PHI,78,26,1490,15,8,1,857,773,84,3.38,0,0.902,74,87,773,857,0.9019836639439907,0.902,8,83
4329,Five-Hole Sieve,G,0,NEW,81,50,2873,27,18,4,1718,1551,167,3.49,4,0.903,76,257,8384,9297,0.9017962783693665,0.902,9,83
4512,Denebor Milasch,G,0,ATL,81,34,1837,19,9,2,971,875,96,3.14,3,0.901,69,242,7374,8178,0.9016874541452677,0.902,10,83
