id,name,position,league,team,season,gamesPlayed,timeOnIce,goals,assists,points,plusMinus,pim,ppGoals,ppAssists,ppPoints,ppTimeOnIce,shGoals,shAssists,shPoints,shTimeOnIce,gwg,faceoffs,faceoffWins,fights,fightWins,fightLosses,hits,giveaways,takeaways,shotsBlocked,shotsOnGoal,gameRating,offensiveGameRating,defensiveGameRating,advancedStats.PDO,advancedStats.GF60,advancedStats.GA60,advancedStats.SF60,advancedStats.SA60,advancedStats.CF,advancedStats.CA,advancedStats.CFPct,advancedStats.CFPctRel,advancedStats.FF,advancedStats.FA,advancedStats.FFPct,advancedStats.FFPctRel,pos,fantasy,cum_takeaways,label,rank,season_label
NA, ,NA,NA,ATL,NA,NA,NA,NA,NA,NA,NA,NA,NA,NA,NA,NA,NA,NA,NA,NA,NA,NA,NA,NA,NA,NA,NA,NA,NA,NA,NA,NA,NA,NA,NA,NA,NA,NA,NA,NA,NA,NA,NA,NA,NA,NA,NA,Forward,NA,0, ,1,65
NA, ,NA,NA,ATL,NA,NA,NA,NA,NA,NA,NA,NA,NA,NA,NA,NA,NA,NA,NA,NA,NA,NA,NA,NA,NA,NA,NA,NA,NA,NA,NA,NA,NA,NA,NA,NA,NA,NA,NA,NA,NA,NA,NA,NA,NA,NA,NA,Forward,NA,0, ,2,65
NA, ,NA,NA,ATL,NA,NA,NA,NA,NA,NA,NA,NA,NA,NA,NA,NA,NA,NA,NA,NA,NA,NA,NA,NA,NA,NA,NA,NA,NA,NA,NA,NA,NA,NA,NA,NA,NA,NA,NA,NA,NA,NA,NA,NA,NA,NA,NA,Forward,NA,0, ,3,65
NA, ,NA,NA,ATL,NA,NA,NA,NA,NA,NA,NA,NA,NA,NA,NA,NA,NA,NA,NA,NA,NA,NA,NA,NA,NA,NA,NA,NA,NA,NA,NA,NA,NA,NA,NA,NA,NA,NA,NA,NA,NA,NA,NA,NA,NA,NA,NA,Forward,NA,0, ,4,65
NA, ,NA,NA,ATL,NA,NA,NA,NA,NA,NA,NA,NA,NA,NA,NA,NA,NA,NA,NA,NA,NA,NA,NA,NA,NA,NA,NA,NA,NA,NA,NA,NA,NA,NA,NA,NA,NA,NA,NA,NA,NA,NA,NA,NA,NA,NA,NA,Forward,NA,0, ,5,65
NA, ,NA,NA,ATL,NA,NA,NA,NA,NA,NA,NA,NA,NA,NA,NA,NA,NA,NA,NA,NA,NA,NA,NA,NA,NA,NA,NA,NA,NA,NA,NA,NA,NA,NA,NA,NA,NA,NA,NA,NA,NA,NA,NA,NA,NA,NA,NA,Forward,NA,0, ,6,65
NA, ,NA,NA,ATL,NA,NA,NA,NA,NA,NA,NA,NA,NA,NA,NA,NA,NA,NA,NA,NA,NA,NA,NA,NA,NA,NA,NA,NA,NA,NA,NA,NA,NA,NA,NA,NA,NA,NA,NA,NA,NA,NA,NA,NA,NA,NA,NA,Forward,NA,0, ,7,65
NA, ,NA,NA,ATL,NA,NA,NA,NA,NA,NA,NA,NA,NA,NA,NA,NA,NA,NA,NA,NA,NA,NA,NA,NA,NA,NA,NA,NA,NA,NA,NA,NA,NA,NA,NA,NA,NA,NA,NA,NA,NA,NA,NA,NA,NA,NA,NA,Forward,NA,0, ,8,65
NA, ,NA,NA,ATL,NA,NA,NA,NA,NA,NA,NA,NA,NA,NA,NA,NA,NA,NA,NA,NA,NA,NA,NA,NA,NA,NA,NA,NA,NA,NA,NA,NA,NA,NA,NA,NA,NA,NA,NA,NA,NA,NA,NA,NA,NA,NA,NA,Forward,NA,0, ,9,65
NA, ,NA,NA,ATL,NA,NA,NA,NA,NA,NA,NA,NA,NA,NA,NA,NA,NA,NA,NA,NA,NA,NA,NA,NA,NA,NA,NA,NA,NA,NA,NA,NA,NA,NA,NA,NA,NA,NA,NA,NA,NA,NA,NA,NA,NA,NA,NA,Forward,NA,0, ,10,65
1248,Rikard Bjerg,RD,0,SFP,66,66,95457,13,39,52,18,49,8,12,20,11060,0,2,2,8206,2,0,0,0,0,0,108,6,106,92,209,67,57,77,99.1,4,2.9,40.9,27.5,1370,923,59.7,2.6,1024,672,60.4,-0.2,Defense,357.7,106,106,1,66
500,Bjorn Leppanen,LD,0,TEX,66,66,93046,12,23,35,-19,56,6,11,17,10119,0,1,1,9231,2,2,1,0,0,0,107,16,82,115,153,69,58,81,99.8,2.6,3.3,30.7,38,1038,1184,46.7,2.1,757,927,45,2.2,Defense,309.20000000000005,82,82,2,66
1892,Kermit Murphy,LD,0,SEA,66,66,89003,16,26,42,22,44,8,12,20,14013,0,1,1,6351,4,0,0,0,0,0,76,9,80,167,214,70,61,80,102,3.5,1.9,35.5,24.7,1102,834,56.9,1.8,800,564,58.7,1.2,Defense,386.9,80,80,3,66
1485,Xavier Doom,C,0,NOL,66,66,90056,30,66,96,29,34,7,23,30,10669,1,1,2,7474,4,1458,812,0,0,0,66,44,79,54,132,76,68,83,101.9,4.2,2.7,36.1,28.3,1145,980,53.9,3.8,821,670,55.1,2.5,Forward,416.4,79,79,1,66
968,Guy O'Shea,RD,0,HAM,66,66,94754,12,32,44,-20,42,9,9,18,15346,0,1,1,5120,1,0,0,0,0,0,109,14,77,132,182,65,56,73,100,3.5,4.3,35,43,1132,1260,47.3,-0.8,843,1016,45.3,1,Defense,361,77,77,4,66
1722,Ole Olson,LD,0,NOL,66,66,93755,13,36,49,17,28,9,16,25,10925,0,3,3,6335,0,0,0,0,0,0,71,7,76,171,223,72,67,77,100.8,3.3,2.4,34.4,26.7,1185,1074,52.5,1.7,838,687,55,2.4,Defense,409.2,76,76,5,66
2371,Grogu Mandosson,C,0,CGY,66,66,87351,34,46,80,-5,41,14,16,30,14335,1,2,3,2388,3,964,535,1,0,1,76,51,76,39,191,74,68,73,100.2,3.6,3.5,32.9,32.5,1002,1125,47.1,2.7,756,752,50.1,3.4,Forward,385.09999999999997,76,76,2,66
1820,Eero Makela,RD,0,CGY,66,66,92641,11,41,52,-11,42,3,15,18,14646,0,5,5,8231,1,1,0,0,0,0,66,15,75,273,192,69,55,85,98.9,3,3.1,32.2,30.2,966,1080,47.2,2.8,710,692,50.6,4.1,Defense,496.70000000000005,75,75,6,66
1029,Marco Barengrub,C,0,TBB,66,66,83735,19,33,52,15,48,0,3,3,2511,1,2,3,8121,0,1053,595,0,0,0,64,58,73,37,155,68,60,74,100.3,3.6,3.1,35.7,31.3,1170,1086,51.9,1,852,768,52.6,1.4,Forward,269.3,73,73,3,66
920,Aleksander Kozlov,C,0,TBB,66,66,85209,39,57,96,25,36,7,16,23,12507,0,1,1,2840,8,1178,658,0,0,0,74,56,70,37,196,75,73,76,103.6,4.6,3,36.4,33.2,1083,1028,51.3,0.1,811,768,51.4,-0.5,Forward,437.6,70,70,4,66
2440,Dirty Boots,RD,0,TEX,66,66,91723,8,31,39,-18,46,2,11,13,10204,0,2,2,8732,0,1,0,0,0,0,85,15,69,128,176,67,61,74,100,2.8,3.6,29.7,37.5,1018,1142,47.1,2.7,732,900,44.9,2.1,Defense,327,69,69,7,66
1150,Slavakov Vladimirashenko,LD,0,SFP,66,66,80884,11,25,36,47,20,0,0,0,2887,1,2,3,4332,4,11,3,0,0,0,72,10,68,133,163,67,62,72,99.7,5,2.8,43.4,24.1,1382,1001,58,-0.1,1050,603,63.5,4.6,Defense,316.40000000000003,68,68,8,66
1293,Walton Stromberg,C,0,SFP,66,66,83866,31,58,89,19,26,10,20,30,11684,2,1,3,2772,5,1238,701,0,0,0,77,56,68,29,222,73,71,72,98.4,4.4,3.2,42.5,27,1285,888,59.1,1.6,963,614,61.1,0.8,Forward,412.8,68,68,5,66
1370,Nathan Thomas,LD,0,PHI,66,66,87689,14,28,42,1,24,8,11,19,11637,0,2,2,4214,2,0,0,0,0,0,123,18,68,119,213,71,65,76,99.2,2.7,2.8,33.3,31.3,1056,1006,51.2,2.4,787,735,51.7,4.2,Defense,360.20000000000005,68,68,9,66
2630,Rand al'Thor,LD,0,EDM,66,66,96380,12,13,25,-87,59,6,7,13,12280,0,1,1,5631,0,0,0,0,0,0,120,12,68,22,160,64,66,61,95.7,1.7,5.3,25.9,49.7,914,1460,38.5,4.7,675,1258,34.9,4.7,Defense,202.8,68,68,10,66
1367,Calvin Hobbes,C,0,SEA,66,66,88085,25,56,81,14,46,3,19,22,13926,3,4,7,8090,7,1370,793,0,0,0,52,60,66,25,187,74,71,76,99.7,3.8,2.9,35.7,26.8,1051,856,55.1,-0.9,777,583,57.1,-1.1,Forward,359.90000000000003,66,66,6,66
558,Luukas Lilja,C,0,LAP,66,66,87280,49,58,107,31,28,16,19,35,12967,3,0,3,3090,6,1323,731,0,0,0,67,46,64,31,223,72,70,73,100.9,4.9,3.2,39.8,28.4,1264,910,58.1,0.1,908,651,58.2,-1.2,Forward,482.3,64,64,7,66
1897,Brian Davenport,C,0,EDM,66,66,93968,22,27,49,-78,52,4,4,8,12100,0,3,3,10148,0,1115,571,0,0,0,77,71,64,50,193,70,65,74,95.6,2.4,6,28,46.8,931,1246,42.8,11,668,1075,38.3,9.7,Forward,287.7,64,64,8,66
284,Esa Parmborg,C,0,CGY,66,66,81927,16,24,40,-8,28,1,0,1,3178,2,1,3,8847,3,1079,571,0,0,0,85,49,62,25,119,64,56,71,100.1,2.9,3.3,29.3,33.8,912,1104,45.2,-0.2,676,772,46.7,-1.8,Forward,220.7,62,62,9,66
1190,Lord Raiden,C,0,BAP,66,66,89432,21,24,45,-39,38,4,3,7,9172,0,0,0,8082,4,1106,542,0,0,0,64,47,62,55,143,69,63,75,97.9,2.6,4,28.3,36,915,1125,44.9,2.9,669,849,44.1,2.4,Forward,257.5,62,62,10,66
1248,Rikard Bjerg,RD,0,SFP,67,66,83774,6,23,29,25,28,0,1,1,2514,1,0,1,8139,0,0,0,0,0,0,59,11,70,138,134,63,53,74,101.1,4.3,3,37.4,29,1253,967,56.4,0,890,687,56.4,-2.7,Defense,281,176,176,1,67
968,Guy O'Shea,RD,0,HAM,67,66,91253,9,16,25,-102,22,7,4,11,11553,0,2,2,3181,1,0,0,0,0,0,100,12,76,124,101,60,55,64,94.3,1.9,6.4,24.3,47.3,842,1422,37.2,2.1,604,1185,33.8,2.1,Defense,265.90000000000003,153,153,2,67
2371,Grogu Mandosson,C,0,CGY,67,66,86173,26,71,97,20,29,12,20,32,13119,0,2,2,1715,5,1235,682,0,0,0,69,41,70,45,170,74,69,73,104.5,4.3,2.9,32,32.5,988,1153,46.1,1,738,748,49.7,2.7,Forward,422.6,146,146,1,67
1029,Marco Barengrub,C,0,TBB,67,66,82454,15,34,49,-6,55,0,2,2,2815,2,3,5,7782,1,1129,652,0,0,0,62,71,72,39,187,66,58,73,97.5,3,3.6,37.9,34,1238,1089,53.2,3.5,904,793,53.3,3.9,Forward,266.3,145,145,2,67
1485,Xavier Doom,C,0,NOL,67,66,86672,22,45,67,25,39,3,4,7,5654,1,5,6,5640,5,1097,618,0,0,0,63,48,60,62,132,73,67,77,102,3.8,2.8,30.9,27.4,1063,1071,49.8,-0.1,743,687,52,-0.5,Forward,325,139,139,3,67
91,Makrus The Tater Jager,C,0,NEW,67,66,91637,46,42,88,1,30,12,11,23,9871,0,3,3,6782,8,1229,706,0,0,0,49,53,81,77,236,75,68,80,100.1,3.6,3.5,32.3,31.2,1063,1044,50.5,2.6,792,760,51,3.6,Forward,446.6,138,138,4,67
810,NeverBrokeAgain YoungBoy,RD,0,HAM,67,66,89330,6,17,23,-84,45,3,9,12,11438,0,0,0,2727,1,0,0,0,0,0,81,15,77,60,93,57,54,59,96.4,2,5.7,24.3,48.6,794,1438,35.6,-0.4,595,1217,32.8,0.6,Defense,189.3,138,138,3,67
1276,Jonas Kahnwald,LD,0,SEA,67,66,89768,10,41,51,15,44,6,12,18,12235,0,3,3,5970,2,0,0,0,0,0,95,9,72,111,195,68,62,75,98.5,3.6,2.7,37.2,24.4,1225,820,59.9,1.2,871,584,59.9,-1.2,Defense,359.4,138,138,4,67
1820,Eero Makela,RD,0,CGY,67,66,90606,12,40,52,7,20,5,14,19,13482,0,5,5,6031,1,1,0,0,0,0,73,12,63,299,155,69,55,84,101,3.2,2.9,29.5,30,956,1121,46,0.8,674,691,49.4,2.2,Defense,512.8,138,138,5,67
1722,Ole Olson,LD,0,NOL,67,66,93832,6,42,48,20,32,2,14,16,11686,0,5,5,7471,3,0,0,0,0,0,69,16,60,181,209,70,62,79,101.8,3.5,2.4,31.9,26.4,1085,1063,50.5,1,767,673,53.3,1.5,Defense,403.2,136,136,6,67
1867,KEKW Kekkonen,C,0,BUF,67,66,88663,40,45,85,-6,36,16,14,30,12293,3,3,6,8832,2,1368,700,0,0,0,76,41,76,57,224,77,73,77,96.4,3.7,4,37.5,29.6,1080,926,53.8,1.3,819,657,55.5,3.5,Forward,426.79999999999995,135,135,5,67
1150,Slavakov Vladimirashenko,LD,0,SFP,67,66,86590,18,20,38,1,34,12,7,19,11393,0,0,0,4334,3,0,0,0,0,0,67,11,65,179,191,65,55,75,96.8,3.1,2.8,37.2,24.3,1176,882,57.1,1.1,850,577,59.6,2.1,Defense,377.20000000000005,133,133,7,67
2370,Borje Samuelsson,LD,0,SFP,67,66,81310,12,29,41,24,30,7,12,19,11099,0,0,0,1577,2,0,0,0,0,0,84,7,67,61,185,66,62,68,101.1,4.5,2.9,37.8,27.5,1226,898,57.7,2,851,617,58,-0.3,Defense,279,133,133,8,67
1147,Sarah Burke,C,0,LAP,67,66,89115,35,58,93,-4,28,9,23,32,12312,2,2,4,3039,5,1233,692,0,0,0,96,61,79,37,238,76,72,75,97.9,3.7,3.6,36.4,29,1240,1000,55.4,2.4,882,715,55.2,0.9,Forward,445.99999999999994,132,132,6,67
1892,Kermit Murphy,LD,0,SEA,67,66,92998,15,31,46,48,34,5,10,15,12003,0,2,2,9668,1,0,0,0,0,0,59,9,50,163,228,68,61,76,103.1,4.7,2.3,38.8,25.6,1239,877,58.6,-0.8,889,594,59.9,-1,Defense,391.7,130,130,9,67
920,Aleksander Kozlov,C,0,TBB,67,66,87443,31,48,79,4,42,4,16,20,12473,1,0,1,3137,2,1100,608,0,0,0,78,61,59,48,213,73,72,73,101.7,4.2,3.7,36,36.6,1142,1128,50.3,-1,850,847,50.1,-1,Forward,391.9,129,129,7,67
2630,Rand al'Thor,RD,0,EDM,67,66,93858,11,27,38,-30,60,7,9,16,13768,0,1,1,2493,1,0,0,0,0,0,68,7,61,52,176,64,61,66,101.3,3,4,26.3,39.1,929,1276,42.1,1.8,670,993,40.3,1.9,Defense,251.8,129,129,10,67
284,Esa Parmborg,C,0,CGY,67,66,82591,25,43,68,14,36,3,3,6,3898,7,1,8,7711,3,1028,527,0,0,0,64,32,66,29,105,65,58,70,103.4,3.8,3.2,29,33.5,932,1128,45.2,-0.4,682,778,46.7,-1.8,Forward,303.5,128,128,8,67
1859,Miguel Hefeweizen,C,0,SFP,67,66,87226,34,43,77,-7,26,12,17,29,11127,2,0,2,8200,7,1140,599,0,0,0,83,49,76,46,192,73,68,74,95.5,3.7,3.9,37.6,27.3,1162,922,55.8,-1,827,611,57.5,-1,Forward,383.40000000000003,127,127,9,67
1190,Lord Raiden,C,0,BAP,67,66,95878,30,52,82,-47,46,12,26,38,14047,4,3,7,9174,3,1382,743,0,0,0,89,56,64,68,151,75,68,82,97.3,2.2,4.1,25.3,35.9,833,1196,41.1,3,602,853,41.4,3.1,Forward,397.70000000000005,126,126,10,67
1248,Rikard Bjerg,LD,0,MAN,68,65,88670,3,23,26,-11,36,0,5,5,5335,1,1,2,7108,1,0,0,0,0,0,80,14,69,93,88,60,53,67,99.5,3.1,3.8,28.9,33.3,1051,1103,48.8,2.6,734,816,47.4,1.7,Defense,223.10000000000002,245,245,1,68
968,Guy O'Shea,RD,0,HAM,68,66,87345,10,23,33,-62,22,8,11,19,13538,0,0,0,3087,1,0,0,0,0,0,78,15,85,143,124,62,54,71,98.9,2.2,5,23.6,47.5,762,1309,36.8,-0.9,537,1074,33.3,-0.7,Defense,306.1,238,238,2,68
2371,Grogu Mandosson,C,0,CGY,68,66,89308,42,40,82,12,39,20,11,31,14552,2,1,3,2371,5,1157,626,0,0,0,71,42,89,46,216,75,68,78,101.7,3.2,2.4,32.1,29.1,1010,1040,49.3,2.9,761,705,51.9,3.2,Forward,408.8,235,235,1,68
1150,Slavakov Vladimirashenko,LD,0,SFP,68,66,106654,2,28,30,-53,54,0,10,10,10396,0,3,3,8691,0,0,0,0,0,0,57,18,76,241,167,64,53,76,95.7,2.2,4.4,27,35.3,1053,1430,42.4,0.9,767,1003,43.3,3.6,Defense,381.8,209,209,3,68
1029,Marco Barengrub,RW,0,MTL,68,64,78358,20,20,40,-19,24,0,0,0,2358,4,0,4,8590,4,760,419,0,0,0,75,62,57,42,158,69,64,73,96.9,2.5,3.7,31.9,34,998,1039,49,2.8,730,773,48.6,2.2,Forward,242.6,202,202,2,68
1820,Eero Makela,RD,0,CGY,68,66,87287,15,34,49,-6,39,8,15,23,14537,0,0,0,2849,2,0,0,1,0,1,51,10,62,275,162,67,54,81,100.8,3.6,3.5,28.1,29.6,872,1076,44.8,-3.9,643,681,48.6,-1.8,Defense,478.5,200,200,4,68
1293,Walton Stromberg,C,0,SFP,68,66,89101,19,27,46,-44,54,4,13,17,11364,3,0,3,9394,1,1393,753,0,0,0,46,48,73,64,115,69,58,79,95.3,2.2,4.5,27.7,35.7,867,1098,44.1,3.4,623,802,43.7,3.8,Forward,248.3,199,199,3,68
2630,Rand al'Thor,RD,0,EDM,68,66,86888,20,15,35,-20,38,6,10,16,9239,0,1,1,2006,4,0,0,0,0,0,69,6,67,53,209,63,59,68,99.3,2.2,3,25.4,32.1,886,968,47.8,0,625,780,44.5,-2.1,Defense,263,196,196,5,68
1147,Sarah Burke,C,0,LAP,68,66,90410,26,54,80,-32,38,9,13,22,10516,0,1,1,772,4,1200,670,0,0,0,71,52,62,43,185,72,70,69,96.9,3.5,4.5,32.4,32.5,1131,1087,51,7,841,836,50.1,8.1,Forward,375.7,194,194,4,68
1276,Jonas Kahnwald,LD,0,SEA,68,66,87592,18,33,51,50,38,7,17,24,10799,0,1,1,4304,4,0,0,0,0,0,77,7,55,77,206,68,63,72,105,4.1,1.7,31.1,21,1088,683,61.4,1.5,759,502,60.2,-0.9,Defense,332.90000000000003,193,193,6,68
2486,Jay O'Neil,RD,0,WPG,68,66,82398,15,32,47,64,16,1,1,2,2826,1,5,6,4911,3,0,0,0,0,0,97,6,68,104,144,65,55,76,104.6,4.8,2,37,24.3,1239,885,58.3,2.7,904,604,59.9,1.5,Defense,331.6,192,192,7,68
91,Makrus The Tater Jager,C,0,NEW,68,66,93246,61,49,110,21,43,13,17,30,11244,4,2,6,9044,5,1167,699,1,0,1,75,73,52,49,259,76,76,72,99.9,4.4,3.4,38.2,28.7,1202,943,56,5.2,897,668,57.3,5.6,Forward,528.1,190,190,5,68
2370,Borje Samuelsson,RD,0,NEW,68,66,87833,10,36,46,-9,26,6,12,18,11751,0,2,2,3895,0,2,0,0,0,0,72,5,53,55,184,63,61,64,97.5,3.7,3.8,33.7,28.2,1055,918,53.5,1.2,796,658,54.7,1.5,Defense,281.5,186,186,8,68
920,Aleksander Kozlov,C,0,TBB,68,66,85173,32,46,78,-41,48,11,13,24,11444,0,2,2,2600,3,1073,610,0,0,0,76,59,56,52,182,71,71,69,97.2,3.3,5,32.6,39,998,1226,44.9,1.3,755,906,45.5,2.5,Forward,382.2,185,185,6,68
2488,San-sam Emerson,LD,0,PHI,68,66,85426,6,22,28,-2,44,1,4,5,4308,0,3,3,11583,0,1,0,0,0,0,75,10,65,64,142,62,55,70,96.1,2.7,3.2,36.7,28.7,1128,858,56.8,-0.7,829,657,55.8,-2.5,Defense,220.2,185,185,9,68
941,Ethan Bouchard,LD,0,TBB,68,66,85603,10,25,35,-37,44,5,13,18,11059,0,0,0,4098,1,1,0,0,0,0,84,13,57,124,159,65,59,71,97.9,2.5,3.9,31.1,38.7,955,1174,44.9,1.3,726,889,45,1.7,Defense,307.9,183,183,10,68
1190,Lord Raiden,C,0,BAP,68,66,95926,33,35,68,-38,36,12,12,24,15057,2,2,4,10633,2,1296,636,0,0,0,112,45,56,86,178,75,69,79,98.4,2.9,4.5,27.9,37.4,862,1113,43.6,2.5,640,841,43.2,2.1,Forward,386.8,182,182,7,68
1867,KEKW Kekkonen,C,0,BUF,68,66,84276,47,46,93,45,32,5,2,7,4375,3,2,5,4068,6,1048,556,0,0,0,51,72,38,40,326,72,72,66,101.5,5.3,3.2,43.7,30.7,1410,1052,57.3,2.7,1048,758,58,2.2,Forward,468.2,173,173,8,68
1428,Vaseline Podcalzone,LW,0,SEA,68,66,83126,30,56,86,51,36,5,20,25,10684,3,2,5,2684,6,176,40,0,0,0,152,53,60,30,157,85,86,78,105.3,4.1,1.4,32,19.5,1030,669,60.6,0.3,739,444,62.5,2.5,Forward,413.90000000000003,169,169,9,68
1859,Miguel Hefeweizen,LW,0,WPG,68,66,81595,33,50,83,48,18,7,9,16,12616,0,1,1,620,4,45,9,0,0,0,113,51,40,25,218,79,86,67,104.8,4.7,2.1,36.7,25.7,1114,860,56.4,-0.2,813,584,58.2,-1.2,Forward,407.59999999999997,167,167,10,68
2371,Grogu Mandosson,C,0,CGY,69,66,87235,37,55,92,21,43,17,20,37,11601,1,4,5,7037,8,1182,677,0,0,0,75,50,76,37,191,75,68,79,101.8,3.5,2.5,33.2,28,991,978,50.3,2.3,740,632,53.9,2.1,Forward,422.5,311,311,1,69
1147,Sarah Burke,C,0,LAP,69,66,91863,33,33,66,-4,33,7,10,17,12550,0,0,0,955,3,1174,665,0,0,0,72,70,64,39,166,75,71,75,101.6,3.3,3,29.9,32.5,1054,1073,49.6,8.3,739,830,47.1,9,Forward,333,258,258,2,69
2630,Rand al'Thor,RD,0,EDM,69,66,88041,17,35,52,-6,34,12,13,25,11695,1,2,3,3018,2,0,0,0,0,0,56,10,62,49,258,63,59,67,97.7,3.2,3.6,34.1,30.2,1095,885,55.3,1.6,808,717,53,0.4,Defense,316.9,258,258,1,69
941,Ethan Bouchard,LD,0,TBB,69,66,90827,6,24,30,-17,41,0,9,9,10641,1,2,3,3169,1,0,0,0,0,0,102,8,74,86,152,67,63,70,100.2,2.6,3.2,29.3,36.9,1011,1194,45.9,1.7,739,924,44.4,1.7,Defense,259.8,257,257,2,69
1276,Jonas Kahnwald,LD,0,SEA,69,66,87858,13,40,53,27,34,6,15,21,11647,0,2,2,4720,2,0,0,0,0,0,70,2,64,94,189,68,63,73,100.9,3.3,1.9,33.7,21.1,1077,718,60,-0.3,793,499,61.4,-1,Defense,341.3,257,257,3,69
2486,Jay O'Neil,RD,0,WPG,69,66,84225,12,22,34,52,40,2,0,2,2455,0,3,3,6126,4,0,0,0,0,0,84,7,62,91,207,64,57,69,100.5,4.5,2.4,38.7,22,1309,784,62.5,1.3,928,536,63.4,0.2,Defense,291.6,254,254,4,69
1190,Lord Raiden,C,0,BAP,69,66,95788,26,44,70,-34,51,11,17,28,14312,0,2,2,7585,2,1312,694,1,0,1,95,36,70,68,159,76,68,81,99.1,2.6,3.9,25,34.8,848,1079,44,7.6,610,822,42.6,7.3,Forward,362.5,252,252,3,69
920,Aleksander Kozlov,C,0,TBB,69,66,82309,25,39,64,-29,55,4,12,16,9815,0,0,0,779,2,1134,557,0,0,0,54,61,61,23,155,68,67,68,98.5,3,4.1,32.2,37.7,999,1132,46.9,3.3,742,886,45.6,3.5,Forward,298.90000000000003,246,246,4,69
1248,Rikard Bjerg,LD,0,MAN,68,65,88670,3,23,26,-11,36,0,5,5,5335,1,1,2,7108,1,0,0,0,0,0,80,14,69,93,88,60,53,67,99.5,3.1,3.8,28.9,33.3,1051,1103,48.8,2.6,734,816,47.4,1.7,Defense,223.10000000000002,245,245,5,69
1318,Zebulon Leavitt,LD,0,BAP,69,66,90735,20,20,40,-42,26,15,7,22,14171,0,4,4,7545,1,0,0,0,0,0,88,7,65,70,137,62,56,67,97.4,1.8,3.7,22.5,34.8,714,998,41.7,3.7,507,771,39.7,2.6,Defense,279.3,245,245,6,69
1150,Slavakov Vladimirashenko,RD,0,CHI,69,66,86601,9,28,37,34,37,2,1,3,3393,0,2,2,7296,1,0,0,1,0,1,70,12,35,231,104,65,53,79,101.7,4.1,2.7,35.1,26.8,1230,1044,54.1,-2.9,880,665,57,0.1,Defense,387.1,244,244,7,69
91,Makrus The Tater Jager,C,0,NEW,69,66,89805,32,54,86,19,44,10,23,33,12120,1,4,5,8784,5,1347,766,0,0,0,59,81,52,55,235,76,72,79,100.7,3.3,2.2,36.6,26.5,1116,894,55.5,-1.5,832,615,57.5,0.1,Forward,417.1,242,242,5,69
1029,Marco Barengrub,LW,0,MTL,69,66,74931,23,28,51,30,30,1,0,1,147,3,5,8,8805,5,229,126,0,0,0,87,65,38,25,167,72,72,70,102,3.5,2.3,34.5,28.3,1041,868,54.5,-1.5,756,618,55,-2.7,Forward,275.9,240,240,6,69
1837,Bean Beanman,LD,0,BUF,69,66,87654,12,32,44,24,44,8,10,18,15239,0,2,2,4786,3,0,0,0,0,0,51,11,58,135,203,66,59,75,100.9,3.8,2.3,41.3,27.8,1230,918,57.3,-0.5,914,602,60.3,2.3,Defense,346.8,240,240,8,69
2488,San-sam Emerson,LD,0,PHI,69,66,84156,8,19,27,24,46,0,1,1,3389,0,6,6,9549,0,0,0,0,0,0,87,18,55,65,177,62,54,71,98.6,3.5,2.6,42.2,27.1,1299,858,60.2,0,952,640,59.8,-1.3,Defense,235.4,240,240,9,69
780,Videl Valor,C,0,NOL,69,66,87058,19,50,69,5,41,6,14,20,12522,1,2,3,3095,6,1156,673,1,0,1,64,48,79,53,139,75,70,77,99.9,3.4,3.1,31.6,28.1,1022,1059,49.1,0.5,747,647,53.6,1.2,Forward,325.1,239,239,7,69
968,Guy O'Shea,RD,0,HAM,68,66,87345,10,23,33,-62,22,8,11,19,13538,0,0,0,3087,1,0,0,0,0,0,78,15,85,143,124,62,54,71,98.9,2.2,5,23.6,47.5,762,1309,36.8,-0.9,537,1074,33.3,-0.7,Defense,306.1,238,238,10,69
1293,Walton Stromberg,LW,0,PHI,69,66,76412,35,33,68,27,24,2,0,2,2956,0,0,0,956,5,129,71,0,0,0,159,58,38,32,221,76,81,61,100,4.2,2.8,40.3,26.6,1275,866,59.6,-1,939,650,59.1,-2.4,Forward,388.1,237,237,8,69
1867,KEKW Kekkonen,C,0,BUF,69,66,82270,35,31,66,22,37,6,3,9,4096,0,2,2,4276,7,1076,596,1,0,1,43,96,58,30,269,70,66,71,99.6,3.5,2.6,41.9,30.2,1336,1008,57,-1,1022,714,58.9,0.2,Forward,348.9,231,231,9,69
1428,Vaseline Podcalzone,LW,0,SEA,69,66,83051,29,50,79,34,42,11,19,30,11715,1,0,1,3152,3,190,61,0,0,0,151,71,55,35,173,83,82,78,101.8,3.6,1.6,34.8,18.9,1068,693,60.6,0.7,766,436,63.7,2.5,Forward,399.29999999999995,224,224,10,69
2371,Grogu Mandosson,C,0,CGY,70,66,87904,41,46,87,8,48,20,14,34,13166,1,0,1,3355,6,1164,657,0,0,0,88,47,93,39,196,76,70,79,101.2,3.3,2.5,33.8,29.1,1052,1118,48.5,1.8,783,709,52.5,1.3,Forward,419.4,404,404,1,70
2486,Jay O'Neil,RD,0,WPG,70,66,93958,19,47,66,57,36,11,15,26,13344,0,3,3,11608,4,0,0,0,0,0,97,11,82,123,225,68,58,79,101.7,5,2.3,42.8,23.5,1326,791,62.6,4.1,972,537,64.4,3.2,Defense,434,336,336,1,70
1190,Lord Raiden,C,0,BAP,70,66,95105,29,49,78,-21,32,16,16,32,14875,2,7,9,10069,4,1260,656,0,0,0,99,35,72,74,167,76,69,83,99.5,2.7,3.6,30.3,38.6,977,1150,45.9,1,695,885,44,1.2,Forward,397.1,324,324,2,70
1147,Sarah Burke,C,0,ATL,70,66,71607,33,32,65,26,40,0,2,2,324,0,0,0,1661,5,974,547,0,0,0,73,57,64,35,206,70,67,70,100.3,4,2.7,38.7,26.5,1198,897,57.2,-1.4,873,614,58.7,-1.5,Forward,340,322,322,3,70
2488,San-sam Emerson,LD,0,PHI,70,66,87406,18,52,70,64,58,11,16,27,17683,0,4,4,4959,0,1,0,0,0,0,105,15,77,137,238,73,67,79,104.6,5.4,1.9,44.7,26.1,1264,814,60.8,1.5,944,556,62.9,3.3,Defense,464.7,317,317,2,70
920,Aleksander Kozlov,C,0,TBB,70,66,78903,19,20,39,-50,32,3,3,6,5858,0,0,0,1417,1,888,427,0,0,0,68,49,64,23,153,66,65,65,96.9,2.4,4.6,28.4,40.7,941,1284,42.3,0.1,674,929,42,1.1,Forward,222.90000000000003,310,310,4,70
941,Ethan Bouchard,LD,0,TBB,70,66,90379,9,16,25,-50,52,4,3,7,12393,0,0,0,2438,0,0,0,0,0,0,100,12,51,104,157,65,62,68,97,2.3,4.1,30.4,39,1056,1343,44,2.9,754,958,44,4.2,Defense,264.7,308,308,3,70
1276,Jonas Kahnwald,RD,0,CHI,70,66,82341,10,22,32,-20,40,1,2,3,3601,1,0,1,2607,2,0,0,0,0,0,72,5,48,103,149,64,59,68,96.8,2.8,3.8,30.2,30,1096,977,52.9,-1.1,748,723,50.8,-4.2,Defense,272.2,305,305,4,70
780,Videl Valor,C,0,NOL,70,66,85767,23,29,52,-5,26,3,3,6,4520,0,0,0,9959,3,1099,583,0,0,0,96,56,63,71,142,73,67,77,99.9,3.5,3.6,34.7,35.4,1117,1154,49.2,2.3,810,809,50,1.2,Forward,302.6,302,302,5,70
1722,Ole Olson,RD,0,NOL,70,66,94122,9,33,42,1,36,8,14,22,14924,0,2,2,10069,1,0,0,0,0,0,56,11,61,219,147,66,55,80,100.4,3.7,3.3,34.2,31.9,1046,1087,49,2,763,724,51.3,3.1,Defense,398.6,295,295,5,70
1837,Bean Beanman,LD,0,BUF,70,66,90450,15,33,48,19,28,8,10,18,14536,0,1,1,5603,3,0,0,0,0,0,70,9,55,164,188,68,60,75,100.8,4.2,3.2,41.6,33.8,1271,1078,54.1,-2.9,950,780,54.9,-3.1,Defense,391,295,295,6,70
1143,Angus McFife XVIII,RD,0,ATL,70,66,94021,18,48,66,53,42,8,13,21,12938,0,4,4,11538,4,0,0,0,0,0,90,13,54,141,261,69,62,76,103.3,4.9,2.1,42.9,26.5,1294,854,60.2,3.3,970,599,61.8,3.3,Defense,457.20000000000005,291,291,7,70
91,Makrus The Tater Jager,C,0,NEW,70,66,80565,24,39,63,23,38,1,2,3,4121,1,1,2,4339,5,964,601,0,0,0,66,55,48,48,163,70,69,69,99.5,4.3,3.2,42.8,30.3,1313,1033,56,4.2,998,694,59,5,Forward,317.09999999999997,290,290,6,70
790,Sekai Wollker,LD,0,CGY,70,66,85093,8,34,42,11,46,4,10,14,13087,0,2,2,3630,1,0,0,0,0,0,72,8,56,155,182,67,59,76,101.5,3.4,2.5,33.3,28.7,971,1062,47.8,0.7,730,659,52.6,1.4,Defense,356.9,289,289,8,70
1150,Slavakov Vladimirashenko,RD,0,SFP,70,66,89717,21,16,37,-21,36,14,6,20,14893,0,0,0,7027,3,1,0,0,0,0,56,13,43,188,165,66,59,74,99.8,3.2,3.6,32.3,34.8,938,1113,45.7,-0.3,696,768,47.5,2.1,Defense,373.1,287,287,9,70
1389,Conner Tanner,LD,0,MIN,70,66,84497,3,23,26,-27,39,0,0,0,731,0,0,0,10060,0,0,0,0,0,0,79,17,53,226,79,63,55,72,98.7,3.1,4.4,30.4,39,1038,1284,44.7,-0.8,750,934,44.5,0.8,Defense,339.70000000000005,286,286,10,70
1867,KEKW Kekkonen,C,0,BUF,70,66,84378,33,48,81,18,42,0,3,3,3592,3,2,5,5442,4,1163,621,0,0,0,66,90,48,39,297,70,69,66,98.9,4.3,3.6,42.3,32.5,1392,1072,56.5,0.8,1045,796,56.8,-0.2,Forward,414.9,279,279,7,70
1029,Marco Barengrub,LW,0,MTL,70,66,75868,15,35,50,18,25,1,0,1,309,0,9,9,9525,2,248,130,0,0,0,92,43,38,44,186,78,81,71,99,3.4,2.9,38.7,29.7,1148,922,55.5,1.6,821,647,55.9,1.1,Forward,284,278,278,8,70
1319,Jonathan Granstrom,C,0,MAN,70,66,69461,15,31,46,-28,18,0,0,0,2813,0,0,0,301,0,821,453,0,0,0,60,38,68,54,87,64,58,67,97.5,3.4,4.8,35.2,39.7,1009,1142,46.9,0.9,744,850,46.7,1.6,Forward,235.5,278,278,9,70
1428,Vaseline Podcalzone,LW,0,SEA,70,66,85497,15,59,74,19,36,7,22,29,12091,1,1,2,3349,5,205,55,0,0,0,162,60,48,54,176,84,85,79,101.1,3.2,2.2,33.3,26.2,1055,838,55.7,-0.5,770,592,56.5,-0.5,Forward,387,272,272,10,70
2371,Grogu Mandosson,C,0,MTL,71,66,86993,32,64,96,49,38,4,18,22,12399,4,2,6,9801,3,1014,581,0,0,0,76,67,46,37,228,77,77,74,105.1,5.3,2.6,39,29.7,1107,888,55.5,2.9,823,651,55.8,1.4,Forward,440.99999999999994,450,450,1,71
2486,Jay O'Neil,RD,0,WPG,71,66,91629,18,47,65,32,50,13,24,37,15280,0,5,5,10524,5,0,0,0,0,0,107,17,95,126,257,68,57,80,100.2,4.4,3,39.8,27.5,1180,842,58.4,0.8,862,569,60.2,1,Defense,446.30000000000007,431,431,1,71
2488,San-sam Emerson,LD,0,PHI,71,66,88692,23,49,72,40,52,13,15,28,15442,0,5,5,4965,3,0,0,0,0,0,80,13,67,128,262,71,67,75,101.4,5.2,2.7,47,27.6,1394,871,61.5,2.1,1038,622,62.5,3.2,Defense,464.8,384,384,2,71
941,Ethan Bouchard,LD,0,TBB,71,66,93949,5,21,26,-44,36,3,4,7,14616,0,0,0,7427,0,0,0,0,0,0,54,15,74,109,161,63,57,69,99.3,3,4.4,31.1,42.2,996,1251,44.3,1.5,737,979,42.9,1.3,Defense,251,382,382,3,71
920,Aleksander Kozlov,C,0,TBB,71,66,83744,16,40,56,-27,34,6,10,16,13877,0,0,0,3128,1,1181,616,0,0,0,60,47,68,25,93,68,63,72,101.4,3.4,3.9,30.5,40.5,938,1181,44.3,1.3,656,890,42.4,0.5,Forward,250.9,378,378,2,71
780,Videl Valor,C,0,NOL,71,66,88615,22,37,59,25,34,2,1,3,3842,1,1,2,12117,4,1121,581,0,0,0,70,50,61,93,148,74,69,79,103.3,3.7,2.6,32,31.7,1027,1144,47.3,1.5,746,768,49.3,1.2,Forward,327.2,363,363,3,71
1190,Lord Raiden,RW,0,BAP,71,66,82258,25,43,68,-8,28,4,8,12,9272,0,1,1,4867,2,34,9,0,0,0,126,58,39,68,194,73,73,71,98,4,4.2,37.6,33,1144,1031,52.6,1,834,742,52.9,1.1,Forward,378.40000000000003,363,363,4,71
1389,Conner Tanner,LD,0,TOR,71,66,94675,2,16,18,-72,36,0,1,1,4320,1,3,4,7906,1,0,0,0,0,0,61,26,76,146,65,59,52,66,95.9,2,5.3,26.1,45.9,944,1676,36,0.5,701,1241,36.1,2.6,Defense,231.3,362,362,4,71
1147,Sarah Burke,C,0,ATL,71,66,70634,16,24,40,15,42,0,0,0,1254,0,1,1,1675,2,981,547,0,0,0,72,57,38,27,171,62,56,66,99.8,3.1,2.3,39.5,28,1215,873,58.2,0.5,874,601,59.3,-0.3,Forward,232.3,360,360,5,71
1276,Jonas Kahnwald,LD,0,CHI,71,66,87920,9,21,30,2,20,0,1,1,3825,1,4,5,9564,2,0,0,0,0,0,65,12,54,178,151,65,58,72,98.7,3.7,3.6,36.5,31.5,1262,1145,52.4,-0.2,886,757,53.9,1.2,Defense,330.5,359,359,5,71
1150,Slavakov Vladimirashenko,RD,0,SFP,71,66,88416,8,26,34,-18,36,6,12,18,11024,0,0,0,3971,1,0,0,0,0,0,86,12,69,150,168,65,58,72,98.5,3.1,3.9,30.6,33.5,1027,1131,47.6,2.3,761,811,48.4,1.9,Defense,329.8,356,356,6,71
2440,Dirty Boots,LD,0,TEX,71,66,95312,12,23,35,-12,34,5,8,13,11703,0,1,1,8420,1,0,0,0,0,0,68,10,79,234,182,70,60,80,98.9,2.9,3.4,29.7,31.1,1006,1258,44.4,-1.5,712,770,48,1.7,Defense,409.4,348,348,7,71
1722,Ole Olson,RD,0,NOL,71,66,93772,20,30,50,9,30,12,14,26,11528,1,0,1,11634,1,0,0,0,0,0,73,17,51,234,174,67,54,81,100.6,2.9,2.6,30.9,29.6,1012,1113,47.6,1.9,707,716,49.7,1.8,Defense,462,346,346,8,71
1143,Angus McFife XVIII,RD,0,ATL,71,66,95212,10,35,45,13,46,3,14,17,13727,0,3,3,10341,1,0,0,0,0,0,96,9,54,139,222,69,63,76,100.3,3.1,2.2,39.1,29.4,1229,955,56.3,-2.5,907,674,57.4,-3.2,Defense,375.1,345,345,9,71
2529,Christian Kinsinger,LD,0,WPG,71,66,91767,25,47,72,65,38,14,20,34,15408,1,6,7,11223,7,0,0,0,0,0,73,9,70,153,261,72,64,80,105.2,5.1,1.9,40.8,26.7,1188,884,57.3,-0.7,858,571,60,0.7,Defense,486.20000000000005,344,344,10,71
1319,Jonathan Granstrom,C,0,SFP,71,66,81317,18,35,53,-10,41,0,0,0,3809,4,3,7,8848,2,896,481,1,0,1,85,44,62,55,158,69,64,71,99.9,3.4,4.1,30.9,37.2,959,1166,45.1,-1.5,700,835,45.6,-2.3,Forward,291.4,340,340,6,71
91,Makrus The Tater Jager,C,0,NEW,71,66,80400,53,44,97,57,46,3,3,6,3557,6,3,9,4816,6,1147,719,0,0,0,47,76,42,41,230,72,72,68,102.4,4.8,2.2,42.1,25,1355,887,60.4,1.6,1012,589,63.2,2.9,Forward,456.40000000000003,332,332,7,71
1867,KEKW Kekkonen,C,0,BUF,71,66,80475,36,41,77,37,32,3,0,3,4303,2,1,3,3653,6,1040,582,0,0,0,55,94,49,30,257,70,67,69,102.1,4.3,2.5,41.2,30.3,1348,986,57.8,1.6,998,724,58,1.3,Forward,384.1,328,328,8,71
1029,Marco Barengrub,RW,0,MTL,71,66,72099,13,30,43,8,26,0,0,0,372,1,2,3,9399,3,231,70,0,0,0,71,49,43,36,129,64,61,65,100,3.4,3.2,33.8,31.7,965,939,50.7,-4.1,699,642,52.1,-3.9,Forward,230.7,321,321,9,71
1676,Konstantin Selich,C,0,BUF,71,66,90792,47,56,103,44,36,10,14,24,12910,7,1,8,9741,10,1283,703,0,0,0,72,77,63,62,308,79,74,81,102.6,5,2.6,43.7,29.7,1315,901,59.3,3.9,989,654,60.2,4.6,Forward,514.4,321,321,10,71
2371,Grogu Mandosson,C,0,MTL,72,66,88147,44,60,104,37,46,10,15,25,13979,2,3,5,10400,4,1324,773,0,0,0,62,68,50,74,237,78,76,79,102.8,5.4,3.1,41.6,30.7,1139,944,54.7,1.9,831,672,55.3,2.4,Forward,496.3,500,500,1,72
2486,Jay O'Neil,RD,0,WPG,72,66,97972,26,46,72,34,52,17,18,35,17371,0,4,4,11664,2,0,0,0,0,0,88,9,66,194,241,72,64,81,99.6,4.5,2.8,43.2,25.5,1361,879,60.8,-1.3,992,585,62.9,0.2,Defense,524.1,497,497,1,72
2488,San-sam Emerson,LD,0,PHI,72,66,91061,23,41,64,23,60,16,13,29,16773,0,2,2,6083,2,0,0,1,0,1,94,18,83,136,293,72,67,79,99.3,3.8,2.5,44.5,27.6,1363,891,60.5,0.7,1017,617,62.2,2.8,Defense,462.9,467,467,2,72
941,Ethan Bouchard,LD,0,TBB,72,66,93321,7,25,32,-22,48,2,8,10,13944,0,2,2,8699,1,0,0,0,0,0,50,9,81,131,148,64,58,72,100.5,3.5,4.4,32.3,43,1024,1300,44.1,-0.4,759,993,43.3,-0.1,Defense,285.3,463,463,3,72
780,Videl Valor,C,0,NOL,72,66,92725,28,46,74,-8,44,4,18,22,15913,0,0,0,8574,5,1148,640,0,0,0,82,68,68,61,163,75,70,78,101.1,3.9,3.7,34.1,36.4,1024,1209,45.9,5,751,816,47.9,4.4,Forward,368.3,431,431,2,72
2228,Marcel Beck,RD,0,WPG,72,66,88107,11,29,40,49,42,1,1,2,4557,0,4,4,11796,1,0,0,0,0,0,73,9,80,109,161,65,55,75,100.3,4.9,2.5,45.3,23.6,1434,829,63.4,2.8,1060,567,65.2,3.7,Defense,306.6,423,423,4,72
2440,Dirty Boots,LD,0,TEX,72,66,98320,11,34,45,16,46,7,8,15,18486,2,4,6,9237,0,0,0,0,0,0,64,10,65,196,245,71,64,79,101.8,3.8,2.7,36.1,30.2,1125,1180,48.8,-2.9,840,712,54.1,1.6,Defense,421.5,413,413,5,72
1150,Slavakov Vladimirashenko,RD,0,SFP,72,66,82252,11,28,39,-17,48,7,14,21,16629,0,0,0,5743,3,2,1,0,0,0,104,15,55,140,172,67,63,71,101.1,4,4.3,34.5,41.7,873,1109,44,0.5,665,819,44.8,-1,Defense,347.2,411,411,6,72
1276,Jonas Kahnwald,LD,0,CHI,72,66,88346,6,24,30,38,46,0,1,1,4265,1,3,4,9422,1,0,0,0,0,0,63,9,47,159,117,65,58,72,102.7,4.5,2.8,39.2,32,1289,1083,54.3,-1,952,770,55.3,0.7,Defense,299.4,406,406,7,72
1190,Lord Raiden,LW,0,BAP,72,66,73320,16,26,42,-9,40,1,0,1,3408,0,2,2,3901,3,45,10,0,0,0,98,50,42,43,166,70,69,67,97.7,3,3.5,36.1,33.4,1074,986,52.1,3.6,772,719,51.8,1.8,Forward,256.8,405,405,3,72
1389,Conner Tanner,RD,0,NEW,72,64,72483,2,15,17,-35,40,0,0,0,621,0,2,2,9008,0,0,0,0,0,0,48,20,43,154,58,61,54,69,97.5,2.3,4.5,30.4,44.4,832,1176,41.4,1.7,636,913,41.1,2,Defense,228.2,405,405,8,72
1143,Angus McFife XVIII,RD,0,ATL,72,66,93954,16,31,47,8,46,8,9,17,15506,1,6,7,12076,1,0,0,0,0,0,109,15,57,133,264,70,66,75,98.3,3.1,2.5,43.7,28.4,1297,883,59.5,2.4,946,615,60.6,2.3,Defense,399.5,402,402,9,72
2529,Christian Kinsinger,LD,0,WPG,72,66,91322,27,38,65,35,54,18,18,36,17648,0,3,3,7078,1,0,0,0,0,0,66,9,52,131,265,69,62,76,100.3,4.4,2.5,42.5,24.5,1280,791,61.8,0.3,938,546,63.2,0.6,Defense,445.79999999999995,396,396,10,72
1867,KEKW Kekkonen,C,0,BUF,72,66,80977,25,35,60,-1,52,1,3,4,4783,2,4,6,6392,1,1153,639,0,0,0,58,87,53,27,281,69,67,68,98.4,3.5,3.6,39.7,35,1210,1072,53,-1.8,928,791,54,-0.3,Forward,328.7,381,381,4,72
91,Makrus The Tater Jager,C,0,NEW,72,66,77576,37,45,82,33,46,5,7,12,5285,1,3,4,8484,8,989,555,0,0,0,63,81,47,41,242,71,71,69,99.7,5,3.3,46.8,29.6,1284,891,59,0.8,966,629,60.6,0.7,Forward,405.40000000000003,379,379,5,72
920,Aleksander Kozlov,C,0,TBB,71,66,83744,16,40,56,-27,34,6,10,16,13877,0,0,0,3128,1,1181,616,0,0,0,60,47,68,25,93,68,63,72,101.4,3.4,3.9,30.5,40.5,938,1181,44.3,1.3,656,890,42.4,0.5,Forward,250.9,378,378,6,72
1676,Konstantin Selich,C,0,BUF,72,66,93115,59,60,119,29,42,21,20,41,16154,7,1,8,11466,9,1531,787,0,0,0,75,72,50,64,355,80,77,80,101.1,4.8,3.3,45,34.2,1303,978,57.1,4.5,962,731,56.8,4.1,Forward,590.9,371,371,7,72
1147,Sarah Burke,C,0,ATL,71,66,70634,16,24,40,15,42,0,0,0,1254,0,1,1,1675,2,981,547,0,0,0,72,57,38,27,171,62,56,66,99.8,3.1,2.3,39.5,28,1215,873,58.2,0.5,874,601,59.3,-0.3,Forward,232.3,360,360,8,72
2652,Ivan Lacksamus,C,0,NEW,72,66,92906,55,76,131,33,70,24,34,58,19504,4,7,11,13494,7,1579,912,0,0,0,82,92,56,67,334,82,80,83,100.6,4.4,2.6,45.2,28.6,1130,801,58.5,0,885,557,61.4,1.8,Forward,621.2,358,358,9,72
1428,Vaseline Podcalzone,LW,0,SEA,72,66,89127,15,34,49,-39,39,6,12,18,9364,0,2,2,7983,0,281,66,0,0,0,87,77,44,73,169,70,68,71,96.7,2.3,4.1,27.7,35.5,963,1153,45.5,4,669,836,44.5,3.1,Forward,291.3,355,355,10,72
2486,Jay O'Neil,RD,0,WPG,73,66,93553,19,44,63,20,59,13,15,28,14238,0,4,4,10922,0,0,0,0,0,0,109,11,75,90,213,66,57,77,99.4,3.8,2.6,43.2,27.4,1289,907,58.7,-0.2,958,618,60.8,1.5,Defense,396.5,572,572,1,73
2488,San-sam Emerson,LD,0,PHI,73,66,87691,20,50,70,63,44,13,21,34,15485,0,3,3,5973,4,0,0,0,0,0,93,6,79,127,198,72,67,76,105.1,5.8,2.1,48.4,31,1400,911,60.6,2.3,1048,674,60.9,1.6,Defense,440.9,546,546,2,73
2371,Grogu Mandosson,C,0,WPG,73,66,71698,36,43,79,63,34,2,3,5,3299,1,2,3,3144,5,822,446,0,0,0,41,70,40,36,226,67,63,70,104.7,5.5,2,45.4,27.8,1325,842,61.1,3.5,964,599,61.7,2.9,Forward,378.8,540,540,1,73
941,Ethan Bouchard,LD,0,TBB,73,66,65738,4,14,18,-30,30,0,0,0,695,1,0,1,5024,2,0,0,0,0,0,58,15,43,108,78,60,54,66,98.1,3.1,5,36.4,47.4,979,1134,46.3,-2.5,709,907,43.9,-4.2,Defense,201.8,506,506,3,73
780,Videl Valor,C,0,TEX,73,66,80882,29,50,79,8,22,7,13,20,15323,1,0,1,676,3,238,133,0,0,0,117,58,40,59,209,78,77,74,100.6,4.3,3.4,37.7,32,1125,1050,51.7,1.2,815,693,54,1.6,Forward,410.9,471,471,2,73
2228,Marcel Beck,RD,0,WPG,73,66,81835,11,30,41,72,54,4,1,5,4502,1,3,4,7065,5,0,0,1,0,1,74,7,41,141,141,66,59,73,104.4,5.9,2.5,44.5,27.9,1369,932,59.5,1.1,1015,652,60.9,1.8,Defense,332.8,464,464,4,73
2440,Dirty Boots,LD,0,TEX,73,66,91767,13,32,45,-1,51,9,10,19,15801,0,4,4,6349,3,0,0,1,0,1,53,14,44,196,222,67,60,74,97.6,3.5,3.3,39.1,29,1207,1064,53.1,3.4,886,667,57.1,6.2,Defense,412.20000000000005,457,457,5,73
1143,Angus McFife XVIII,RD,0,ATL,73,66,90593,14,30,44,20,40,5,7,12,13887,0,2,2,10057,0,0,0,0,0,0,78,8,53,146,176,68,64,73,101.2,4.8,3.5,42.7,34.9,1280,1032,55.4,-1.2,943,763,55.3,-2.6,Defense,361.4,455,455,6,73
2340,Landon Fischermann,LD,0,SEA,73,66,95984,8,30,38,-20,56,5,5,10,11994,0,3,3,4186,1,0,0,0,0,0,99,10,74,195,169,69,61,78,99.5,2.3,3.1,26,34,996,1322,43,5.2,681,888,43.4,7.3,Defense,387.79999999999995,455,455,7,73
2974,Wide Peepo Happy 3 Koivu,LD,0,HAM,73,66,91750,22,34,56,14,37,15,7,22,17418,0,3,3,9585,2,0,0,1,0,1,88,11,85,124,200,67,57,78,101.7,4.7,3.7,40.8,37.3,1178,1089,52,1.5,868,782,52.6,1.8,Defense,396.8,447,447,8,73
2463,Ben Jammin,LD,0,CHI,73,66,95555,14,35,49,1,50,11,17,28,16246,0,4,4,9487,1,0,0,0,0,0,76,11,91,173,161,68,57,81,99,3.1,3,36.5,31.7,1181,1014,53.8,1.6,868,716,54.8,2.7,Defense,395.40000000000003,445,445,9,73
1150,Slavakov Vladimirashenko,RD,0,CHI,73,66,85589,6,26,32,2,42,0,4,4,4927,1,5,6,10081,0,0,0,0,0,0,65,12,32,132,113,62,58,66,99.3,3.7,3.8,40.6,38.7,1272,1143,52.7,-0.1,942,857,52.4,-1,Defense,280.7,443,443,10,73
1867,KEKW Kekkonen,C,0,BUF,73,66,79607,31,41,72,23,28,1,3,4,3586,3,3,6,5093,2,969,528,0,0,0,48,99,59,29,305,70,67,70,100.7,3.8,2.7,42.5,33.2,1339,1103,54.8,-1.3,987,780,55.9,-0.9,Forward,375.09999999999997,440,440,3,73
1190,Lord Raiden,RW,0,BAP,73,66,73189,19,34,53,0,25,5,5,10,7903,1,0,1,2485,0,25,7,0,0,0,103,44,27,51,200,71,70,67,100.4,3.9,3.6,36.9,35.4,1056,1080,49.4,-1.2,753,739,50.5,-0.8,Forward,309.8,432,432,4,73
1676,Konstantin Selich,C,0,BUF,73,66,91044,45,59,104,27,46,12,20,32,13151,7,4,11,10425,8,1310,677,0,0,0,81,95,52,52,368,77,75,77,100.2,4.3,3,45.2,33,1387,986,58.4,4.2,1002,709,58.6,3.1,Forward,531,423,423,5,73
91,Makrus The Tater Jager,C,0,NEW,73,66,70282,34,38,72,57,28,0,1,1,613,1,2,3,2103,3,859,496,0,0,0,58,65,40,44,264,71,71,69,104,4.7,1.8,44,27.3,1308,912,58.9,1,975,628,60.8,2.2,Forward,378.79999999999995,419,419,6,73
2652,Ivan Lacksamus,C,0,NEW,73,66,92732,65,77,142,57,56,22,25,47,15688,6,3,9,11195,11,1459,882,0,0,0,76,72,58,66,350,82,83,80,103,5.6,2.7,47.2,30.7,1323,937,58.5,0.5,1000,654,60.5,1.7,Forward,666,416,416,7,73
2585,Connor O'Bryne,C,0,SFP,73,66,77136,17,36,53,-35,22,2,3,5,4070,0,0,0,1324,1,904,443,0,0,0,71,56,58,53,164,65,62,66,98,3.4,5,34.1,42.5,1074,1393,43.5,-2.5,795,1002,44.2,-3,Forward,285.4,406,406,8,73
2620,Red Kirkby,RW,0,PHI,73,66,85922,42,70,112,36,46,12,26,38,16056,4,3,7,4315,7,70,39,0,0,0,167,46,40,45,287,83,90,69,101.7,5,2.9,47.5,32.4,1360,950,58.9,-0.3,1032,701,59.5,-0.4,Forward,557.9,393,393,9,73
2679,Chris McZehrl Jr,C,0,CHI,73,66,67027,31,26,57,6,20,0,1,1,239,4,1,5,4059,6,778,400,0,0,0,58,58,34,18,183,66,67,61,99.9,3.2,3.2,36,35.7,1105,992,52.7,-0.1,771,718,51.8,-1.8,Forward,290.9,387,387,10,73
2486,Jay O'Neil,RD,0,WPG,74,66,92714,14,45,59,17,54,11,17,28,15887,0,6,6,9154,0,0,0,0,0,0,86,13,76,127,171,66,57,77,99.8,3.9,3,38.8,28.8,1251,906,58,3,861,632,57.7,2.7,Defense,391,648,648,1,74
2488,San-sam Emerson,LD,0,PHI,74,66,89737,23,48,71,38,48,17,15,32,14749,1,3,4,3879,4,0,0,0,0,0,79,15,59,135,257,70,67,73,101.3,4.7,2.7,46.5,30.8,1439,1040,58,0.1,1088,717,60.3,1.9,Defense,466.20000000000005,605,605,2,74
2371,Grogu Mandosson,LW,0,WPG,74,66,79680,27,40,67,16,29,1,4,5,3731,5,6,11,10039,3,710,402,0,0,0,71,62,29,54,199,71,67,72,98.4,3.7,3.4,39.9,31,1196,945,55.9,-0.2,826,659,55.6,-0.4,Forward,348.49999999999994,569,569,1,74
780,Videl Valor,C,0,TEX,74,66,79030,29,34,63,10,38,3,15,18,11556,0,0,0,2836,7,692,365,0,0,0,69,75,71,40,248,73,68,75,100.2,3.6,2.5,40.7,28.8,1192,1005,54.3,1.1,838,600,58.3,0.8,Forward,344,542,542,2,74
2974,Wide Peepo Happy 3 Koivu,LD,0,HAM,74,66,90761,15,46,61,23,42,10,11,21,15839,0,6,6,10354,2,1,0,0,0,0,110,12,94,113,180,67,57,77,101.7,5.1,3.7,42.9,36.5,1225,1081,53.1,1.1,912,782,53.8,1.8,Defense,397.7,541,541,3,74
3028,Tommi Koivu,LD,0,HAM,74,66,90510,18,44,62,16,42,14,15,29,16208,0,4,4,10153,6,13,1,0,0,0,92,14,102,98,158,66,57,75,100.9,4.8,4.1,41.3,38,1160,1064,52.2,-0.3,861,795,52,-0.9,Defense,376.4,541,541,4,74
2340,Landon Fischermann,LD,0,SEA,74,66,101636,6,26,32,-53,34,3,6,9,11003,1,1,2,8445,0,0,0,0,0,0,92,19,75,198,162,69,60,78,97.1,1.7,3.6,23.6,36.2,873,1431,37.9,3.6,622,974,39,6.3,Defense,365.6,530,530,5,74
2463,Ben Jammin,LD,0,CHI,74,66,95955,17,41,58,-9,36,10,10,20,18155,1,7,8,10982,4,17,6,0,0,0,92,18,79,170,157,67,57,78,98.4,3.6,3.9,37.4,34.6,1127,1061,51.5,-0.1,818,754,52,1,Defense,427.9,524,524,6,74
2440,Dirty Boots,LD,0,TEX,74,66,90274,14,34,48,34,36,9,7,16,13556,0,0,0,6137,3,0,0,0,0,0,64,7,57,203,180,69,61,78,102.8,4.7,2.7,40.8,31,1281,1079,54.3,1.2,926,725,56.1,-2.5,Defense,420.3,514,514,7,74
941,Ethan Bouchard,LD,0,TBB,73,66,65738,4,14,18,-30,30,0,0,0,695,1,0,1,5024,2,0,0,0,0,0,58,15,43,108,78,60,54,66,98.1,3.1,5,36.4,47.4,979,1134,46.3,-2.5,709,907,43.9,-4.2,Defense,201.8,506,506,8,74
1143,Angus McFife XVIII,RD,0,ATL,74,66,92709,21,24,45,24,40,12,6,18,11475,0,2,2,8502,1,0,0,0,0,0,69,8,50,143,175,66,59,73,100.8,4.4,3.1,43.7,33.9,1413,1135,55.5,0.5,1046,808,56.4,0.6,Defense,364.8,505,505,9,74
2228,Marcel Beck,RD,0,WPG,74,66,80154,9,21,30,10,22,2,3,5,5119,0,2,2,5717,2,0,0,0,0,0,53,4,41,138,145,64,58,72,100,3.5,3.2,36.6,33.2,1220,1038,54,-3,829,758,52.2,-5.6,Defense,287.9,505,505,10,74
1676,Konstantin Selich,LW,0,BUF,74,66,87433,47,80,127,62,28,8,18,26,14533,2,6,8,4650,1,260,138,0,0,0,157,62,58,57,296,82,86,72,104.1,5.9,2.6,48.4,32.2,1378,989,58.2,3.9,1070,714,60,6.2,Forward,613.8,481,481,3,74
1867,KEKW Kekkonen,RW,0,WPG,74,66,69718,17,47,64,33,31,1,3,4,2776,0,0,0,1126,3,173,80,0,0,0,101,55,35,31,164,73,74,67,102.6,4.8,3,41.6,34,1202,991,54.8,-3,901,732,55.2,-3,Forward,317.20000000000005,475,475,4,74
1190,Lord Raiden,LW,0,TOR,74,66,73407,16,38,54,-16,16,0,2,2,2324,1,1,2,2577,2,54,12,0,0,0,129,42,33,44,178,71,77,56,100.8,3.9,4.8,34.2,44.6,1027,1373,42.8,-1.9,759,1002,43.1,0,Forward,309.4,465,465,5,74
2652,Ivan Lacksamus,C,0,NEW,74,66,92071,51,58,109,19,55,10,28,38,13451,5,5,10,13062,6,1518,835,1,0,1,63,95,49,59,394,78,78,77,99.7,4.2,3.2,44.6,32.9,1262,996,55.9,-0.5,935,716,56.6,-1.5,Forward,556.8,465,465,6,74
91,Makrus The Tater Jager,C,0,NEW,74,66,68164,39,32,71,24,38,0,0,0,905,3,1,4,2077,6,873,527,0,0,0,66,84,42,32,279,67,67,65,99.1,4.6,3.5,46.3,32.4,1331,974,57.7,2.3,1010,675,59.9,3.4,Forward,381.29999999999995,461,461,7,74
2620,Red Kirkby,RW,0,PHI,74,66,83333,32,63,95,25,28,9,32,41,15681,1,0,1,1070,5,69,15,0,0,0,148,55,41,48,248,79,83,69,101.2,4,2.3,45.3,29.8,1320,943,58.3,0.5,983,661,59.8,1.1,Forward,479.4,434,434,8,74
2946,Sophie Bordeleau,C,0,CGY,74,66,94534,38,55,93,-32,40,11,20,31,10792,4,2,6,9161,1,1158,647,0,0,0,76,99,55,49,250,76,77,71,98.9,3.2,4.4,30.9,38.8,1030,1274,44.7,3.6,739,943,43.9,5.1,Forward,451.79999999999995,434,434,9,74
1428,Vaseline Podcalzone,LW,0,SEA,74,66,89917,19,20,39,-73,54,3,9,12,11429,1,0,1,1508,1,278,89,0,0,0,121,65,32,90,207,72,72,69,93.1,1.3,4.4,25.2,36.8,918,1335,40.7,8.1,639,922,40.9,9.3,Forward,300.5,418,418,10,74
2486,Jay O'Neil,RD,0,WPG,75,66,92205,9,24,33,5,26,5,7,12,11975,0,5,5,8415,2,0,0,0,0,0,76,5,69,98,160,63,55,72,100.5,3.3,3,31.2,29.3,1124,940,54.5,-1.5,753,675,52.7,-3.4,Defense,274.6,717,717,1,75
2488,San-sam Emerson,LD,0,PHI,75,66,94385,17,32,49,40,62,7,8,15,13289,1,2,3,11590,1,0,0,0,0,0,72,12,54,155,199,68,65,72,101,5.6,3.7,47.5,34.8,1412,1109,56,-3.7,1069,783,57.7,-2,Defense,392,659,659,2,75
2371,Grogu Mandosson,RW,0,WPG,75,66,72035,12,42,54,22,30,0,1,1,1885,2,1,3,1997,2,126,69,0,0,0,103,72,46,53,147,74,74,71,101.2,3.7,2.6,33.9,26.6,1071,871,55.1,-0.4,748,600,55.5,0.8,Forward,291.1,615,615,1,75
2974,Wide Peepo Happy 3 Koivu,LD,0,HAM,75,66,91980,14,43,57,8,39,8,13,21,15228,0,4,4,9545,5,0,0,0,0,0,69,13,74,121,184,64,56,73,100.6,4.7,4.1,41.9,38.6,1261,1152,52.3,2,933,828,53,2.9,Defense,376.70000000000005,615,615,3,75
3028,Tommi Koivu,LD,0,HAM,75,66,90203,10,36,46,26,42,6,10,16,15373,0,2,2,9754,1,14,2,0,0,0,90,14,73,134,145,65,56,76,103.8,5.6,3.9,41.6,40.3,1230,1122,52.3,2,886,839,51.4,0.4,Defense,348.1,614,614,4,75
2340,Landon Fischermann,LD,0,SEA,75,66,100166,5,9,14,-66,32,0,2,2,9244,1,0,1,6630,0,2,0,0,0,0,117,27,71,180,154,68,63,72,95.4,1.7,4.4,21.7,35.5,903,1480,37.9,2.5,613,982,38.4,6,Defense,302,601,601,5,75
780,Videl Valor,C,0,TEX,75,66,76766,25,30,55,31,39,2,0,2,2616,1,3,4,10655,1,667,291,0,0,0,68,74,41,41,189,68,65,69,101.5,4.5,2.8,39.8,29,1105,990,52.7,-1,812,596,57.7,-0.7,Forward,298.5,583,583,2,75
2463,Ben Jammin,LD,0,WPG,75,66,85740,12,32,44,29,34,2,1,3,4125,0,5,5,6997,1,0,0,0,0,0,67,13,50,134,134,65,59,72,101,4,2.8,35.4,27,1203,963,55.5,0.2,856,654,56.7,2.7,Defense,331.6,574,574,6,75
2440,Dirty Boots,LD,0,TEX,75,66,87243,13,38,51,22,36,6,20,26,13960,1,3,4,6498,3,0,0,0,0,0,57,14,45,207,174,68,59,78,99.9,3.6,2.5,38.7,27,1165,1073,52.1,-2.1,841,592,58.7,0.8,Defense,427.3,559,559,7,75
2228,Marcel Beck,RD,0,WPG,75,66,81313,6,21,27,37,30,0,1,1,3581,0,3,3,5468,1,0,0,0,0,0,63,8,50,88,123,64,54,73,102.1,3.7,2.1,35.1,25.1,1198,891,57.3,3,838,618,57.6,4,Defense,228.3,555,555,8,75
1143,Angus McFife XVIII,RD,0,ATL,75,66,84503,8,28,36,25,32,1,2,3,3705,0,6,6,10756,2,0,0,0,0,0,57,9,45,157,110,64,58,71,100.6,4.6,3.3,44.4,34,1375,1102,55.5,2.4,1007,771,56.6,1.7,Defense,313.1,550,550,9,75
2652,Ivan Lacksamus,C,0,NEW,75,66,86543,39,57,96,20,42,14,13,27,14003,3,2,5,6164,6,1057,573,0,0,0,91,77,74,8,290,73,74,69,102.4,5.2,3.7,42.6,38,1268,1109,53.3,-0.9,927,819,53.1,-2.3,Forward,455.2,539,539,3,75
732,Sven Svechnikov,LD,0,NEW,75,66,65512,1,27,28,13,39,0,0,0,645,0,2,2,2227,0,0,0,1,0,1,70,12,52,104,80,58,53,65,100.6,5.2,4.7,44.6,41.9,1250,1062,54.1,0.1,906,855,51.4,-4.7,Defense,230.60000000000002,534,534,10,75
1676,Konstantin Selich,LW,0,BUF,75,66,84476,24,51,75,9,45,4,15,19,12365,1,1,2,4813,1,130,71,1,0,1,126,60,53,26,234,76,80,67,101.3,3.8,2.9,40.2,36.2,1169,1068,52.3,-1.8,877,771,53.2,-0.9,Forward,385.20000000000005,534,534,4,75
1190,Lord Raiden,LW,0,TOR,75,66,71200,11,25,36,-23,17,0,0,0,183,0,0,0,2960,5,64,21,1,0,1,105,52,25,48,125,64,62,62,99,3,4.2,35.5,44.5,1007,1317,43.3,-6.2,760,987,43.5,-4.8,Forward,227.3,490,490,5,75
2946,Sophie Bordeleau,C,0,CGY,75,66,92079,45,37,82,-26,38,12,12,24,12003,5,0,5,8800,4,1047,583,0,0,0,67,88,53,64,262,77,77,74,98.9,3.1,4.1,29.7,35.3,977,1172,45.5,4.6,677,828,45,6,Forward,434.8,487,487,6,75
91,Makrus The Tater Jager,LW,0,NEW,75,66,62577,22,34,56,27,12,0,0,0,174,0,1,1,493,2,16,5,0,0,0,78,55,25,6,217,64,64,59,101.7,4.4,2.9,46.5,37,1229,1019,54.7,1,916,742,55.2,0.9,Forward,289.90000000000003,486,486,7,75
1867,KEKW Kekkonen,RW,0,WPG,74,66,69718,17,47,64,33,31,1,3,4,2776,0,0,0,1126,3,173,80,0,0,0,101,55,35,31,164,73,74,67,102.6,4.8,3,41.6,34,1202,991,54.8,-3,901,732,55.2,-3,Forward,317.20000000000005,475,475,8,75
2620,Red Kirkby,RW,0,PHI,75,66,83160,26,66,92,64,42,1,3,4,4368,3,2,5,12109,4,37,18,0,0,0,145,72,37,62,217,84,86,75,104.4,6.1,2.8,47.3,32.3,1403,954,59.5,1.8,1021,711,58.9,0,Forward,462.3,471,471,9,75
2455,Viktor Krunk,C,0,ATL,75,66,84207,32,46,78,6,42,6,14,20,12269,4,5,9,10819,7,1013,512,0,0,0,54,76,47,31,283,72,70,73,99.4,4.1,3.9,41.1,37,1149,1045,52.4,-2.2,821,737,52.7,-4.1,Forward,391.1,458,458,10,75
2486,Jay O'Neil,RD,0,WPG,76,66,92734,16,35,51,-7,22,14,13,27,13053,0,3,3,8628,0,0,0,0,0,0,74,7,66,135,164,66,57,75,99.6,3.1,3.2,35.1,34.8,1153,1087,51.5,-1.8,802,811,49.7,-1.5,Defense,369.29999999999995,783,783,1,76
2488,San-sam Emerson,LD,0,PHI,76,66,81539,9,21,30,11,51,2,2,4,4352,0,2,2,4671,1,0,0,0,0,0,54,18,31,178,136,63,57,69,98.4,3.8,3.4,41.3,31.1,1323,1114,54.3,-1.7,967,718,57.4,0.9,Defense,321.6,690,690,2,76
2974,Wide Peepo Happy 3 Koivu,LD,0,HAM,76,66,93247,15,40,55,-16,60,10,18,28,15504,0,4,4,12246,2,0,0,0,0,0,67,19,69,168,214,67,59,75,96.1,3.5,4.2,43.1,35.1,1255,1029,54.9,1.9,919,731,55.7,3.1,Defense,422.20000000000005,684,684,3,76
3028,Tommi Koivu,LD,0,HAM,76,66,87207,9,38,47,5,54,7,15,22,15388,0,2,2,4595,0,0,0,0,0,0,64,5,63,135,179,66,59,74,99.4,3.6,3.2,41.6,33.6,1263,1004,55.7,3,906,764,54.3,1,Defense,350.79999999999995,677,677,4,76
2340,Landon Fischermann,LD,0,SEA,76,66,97915,8,19,27,-33,40,5,8,13,12603,0,2,2,7176,1,0,0,0,0,0,105,24,63,183,156,68,60,77,99.2,2,3.3,24.2,36.2,901,1379,39.5,0.4,629,927,40.4,3.6,Defense,342.5,664,664,5,76
2440,Dirty Boots,RD,0,TEX,76,66,79502,6,24,30,49,28,0,0,0,960,0,1,1,10063,0,0,0,0,0,0,49,10,58,130,122,63,53,73,103.7,4.6,2.3,39.5,29.5,1252,993,55.8,2,900,662,57.6,1.2,Defense,269.2,617,617,6,76
2463,Ben Jammin,LD,0,WPG,76,66,87341,7,27,34,35,32,1,2,3,3761,1,2,3,8794,0,0,0,0,0,0,51,9,43,113,133,64,58,70,102.6,4.3,2.6,39.6,32.2,1298,1094,54.3,2.5,944,788,54.5,6,Defense,271,617,617,7,76
2371,Grogu Mandosson,RW,0,WPG,75,66,72035,12,42,54,22,30,0,1,1,1885,2,1,3,1997,2,126,69,0,0,0,103,72,46,53,147,74,74,71,101.2,3.7,2.6,33.9,26.6,1071,871,55.1,-0.4,748,600,55.5,0.8,Forward,291.1,615,615,1,76
2228,Marcel Beck,RD,0,WPG,76,66,83674,5,28,33,47,20,0,3,3,3787,0,2,2,5948,1,0,0,0,0,0,49,16,54,132,114,62,52,73,103.5,4.4,2.5,39.1,31.7,1281,1072,54.4,2.8,919,771,54.4,5.7,Defense,276.59999999999997,609,609,8,76
2841,Louise St. Martin,RD,0,TOR,76,66,87659,11,27,38,-23,40,8,7,15,13281,0,2,2,4070,1,0,0,0,0,0,76,10,71,113,152,66,59,73,98.7,3.3,3.7,40.5,38.7,1259,1180,51.6,2.1,917,900,50.5,0.3,Defense,302.7,605,605,9,76
2529,Christian Kinsinger,LD,0,WPG,76,66,89912,17,34,51,4,26,9,14,23,13175,2,2,4,5026,3,0,0,0,0,0,67,6,64,75,194,65,61,68,100.4,3.3,3.1,35.5,35,1190,1089,52.2,-0.7,819,818,50,-1,Defense,322.5,592,592,10,76
1676,Konstantin Selich,LW,0,BUF,76,66,83181,31,51,82,27,36,3,11,14,12074,6,0,6,3643,5,60,29,0,0,0,122,70,55,27,239,77,81,66,101.6,4.7,3.1,44.2,34.8,1395,1058,56.9,5.3,975,770,55.9,4.6,Forward,413.7,589,589,2,76
2652,Ivan Lacksamus,C,0,NEW,76,66,83226,31,45,76,-7,58,9,16,25,12759,3,2,5,5562,3,856,470,0,0,0,95,90,48,7,315,72,74,66,97.7,3.4,3.8,41.8,36.8,1206,1030,53.9,-0.1,896,784,53.3,0.2,Forward,395.7,587,587,3,76
780,Videl Valor,C,0,TEX,75,66,76766,25,30,55,31,39,2,0,2,2616,1,3,4,10655,1,667,291,0,0,0,68,74,41,41,189,68,65,69,101.5,4.5,2.8,39.8,29,1105,990,52.7,-1,812,596,57.7,-0.7,Forward,298.5,583,583,4,76
1190,Lord Raiden,LW,0,EDM,76,66,83156,10,33,43,-30,30,0,4,4,4407,0,1,1,11494,0,176,42,0,0,0,127,73,52,61,105,70,66,69,100.8,2.7,4.2,27.7,47.4,859,1358,38.7,-4.9,593,1031,36.5,-5.2,Forward,257.90000000000003,542,542,5,76
2935,M'Baku Olubori,C,0,BAP,76,66,86896,56,53,109,37,33,17,17,34,14314,3,2,5,3557,10,1134,633,1,0,1,62,88,73,41,302,78,77,77,105.5,4.5,2.5,35.2,33.8,1100,1050,51.2,-0.7,785,772,50.4,-2.5,Forward,523,530,530,6,76
1428,Vaseline Podcalzone,LW,0,SEA,76,66,82910,15,18,33,-46,62,2,2,4,9692,0,0,0,2238,0,40,7,2,0,2,92,71,50,45,216,72,74,68,97.5,1.9,4,24.6,39,846,1294,39.5,0.4,559,911,38,0,Forward,242.60000000000002,494,494,7,76
2455,Viktor Krunk,LW,0,ATL,76,66,72634,13,43,56,11,37,2,5,7,4325,0,1,1,3166,2,124,62,1,0,1,98,55,31,37,157,74,74,69,100.9,3.4,2.8,37,33.8,1146,1036,52.5,1.9,801,715,52.8,0,Forward,289.5,489,489,8,76
2946,Sophie Bordeleau,C,0,CGY,75,66,92079,45,37,82,-26,38,12,12,24,12003,5,0,5,8800,4,1047,583,0,0,0,67,88,53,64,262,77,77,74,98.9,3.1,4.1,29.7,35.3,977,1172,45.5,4.6,677,828,45,6,Forward,434.8,487,487,9,76
2886,Evan Winter,LW,0,LAP,76,66,74830,28,40,68,43,28,1,1,2,2924,2,3,5,3730,5,118,68,0,0,0,107,58,45,56,209,77,78,71,101.9,5,3,40.2,28.5,1275,1003,56,-1,894,662,57.5,-0.4,Forward,371.1,487,487,10,76
2486,Jay O'Neil,RD,0,MIN,77,67,76243,5,22,27,5,44,2,1,3,5615,0,4,4,10767,1,0,0,0,0,0,55,10,65,107,121,63,54,74,99.7,2.8,2.6,37.4,33.6,1113,963,53.6,2.4,722,659,52.3,-2.6,Defense,240.60000000000002,848,848,1,77
2974,Wide Peepo Happy 3 Koivu,LD,0,HAM,77,66,85880,5,16,21,-37,32,1,0,1,5312,0,3,3,9142,1,0,0,0,0,0,86,17,72,117,122,62,54,68,96.1,3,4.9,33.1,37.9,1111,1212,47.8,1.1,774,879,46.8,1.3,Defense,244.3,756,756,2,77
2488,San-sam Emerson,LD,0,PHI,77,66,84022,9,33,42,57,38,3,1,4,4640,0,5,5,13828,0,0,0,0,0,0,95,7,61,120,124,64,56,73,102.2,5.3,2.8,44.4,28.5,1286,843,60.4,3.8,931,621,60,3.4,Defense,318.2,751,751,3,77
3028,Tommi Koivu,LD,0,HAM,77,66,86240,10,34,44,-9,33,7,9,16,13418,0,2,2,4420,0,0,0,1,0,1,85,10,71,117,184,64,56,71,99.7,3.9,4.3,35.4,37.2,1131,1087,51,5.8,776,831,48.3,3.4,Defense,336.5,748,748,4,77
2340,Landon Fischermann,LD,0,SEA,77,66,89899,10,32,42,-28,38,5,11,16,15458,0,3,3,4780,2,0,0,0,0,0,50,8,36,177,147,64,60,68,102.7,3.6,4.7,24.7,39.3,866,1372,38.7,-0.6,588,898,39.6,1.6,Defense,359.4,700,700,5,77
2440,Dirty Boots,RD,0,TEX,77,66,77437,3,25,28,48,38,0,0,0,1228,0,9,9,13331,1,0,0,0,0,0,67,9,49,116,108,63,54,72,101.6,4.8,2.6,42.7,27.5,1280,817,61,4.5,885,556,61.4,3,Defense,250.60000000000002,666,666,6,77
2228,Marcel Beck,RD,0,WPG,77,66,88594,15,31,46,-9,43,6,15,21,11648,1,3,4,7626,3,0,0,0,0,0,68,7,56,195,174,67,58,76,100.5,3.1,3.6,31,38,1035,1245,45.4,-2.4,718,888,44.7,-1.2,Defense,407.9,665,665,7,77
2463,Ben Jammin,LD,0,WPG,77,66,86853,5,19,24,-33,36,1,3,4,6228,0,4,4,10513,1,0,0,0,0,0,47,14,37,150,149,63,58,68,96.5,2.3,4.1,31.8,38,1046,1224,46.1,-1.3,724,875,45.3,-0.3,Defense,275.5,654,654,8,77
2841,Louise St. Martin,RD,0,TOR,77,66,75700,2,17,19,-10,34,0,0,0,1864,0,0,0,6688,1,0,0,0,0,0,46,6,36,122,89,62,56,67,99.1,3.3,3.9,35.6,38.1,1087,1165,48.3,-1.1,782,840,48.2,-2.5,Defense,213.9,641,641,9,77
1676,Konstantin Selich,C,0,BUF,77,66,75571,18,25,43,-22,36,0,1,1,4400,1,1,2,4255,2,786,342,0,0,0,72,75,35,19,230,59,57,58,98.6,3.1,4.3,34.7,41,1077,1168,48,-5.4,770,885,46.5,-7.5,Forward,256.2,624,624,1,77
2652,Ivan Lacksamus,C,0,NEW,77,66,79844,31,36,67,25,51,2,3,5,6026,2,3,5,7319,2,1049,531,0,0,0,73,76,35,10,247,68,69,64,101.7,4.3,3.2,41,35.9,1225,989,55.3,-0.4,896,775,53.6,0.1,Forward,341.3,622,622,2,77
2529,Christian Kinsinger,RD,0,WPG,77,66,82468,7,25,32,-17,61,1,2,3,3366,1,1,2,7275,0,0,0,0,0,0,51,5,29,82,137,63,61,62,98.5,2.8,3.8,33.1,38.2,1132,1213,48.3,2.1,770,905,46,0.8,Defense,238.3,621,621,10,77
2371,Grogu Mandosson,RW,0,WPG,75,66,72035,12,42,54,22,30,0,1,1,1885,2,1,3,1997,2,126,69,0,0,0,103,72,46,53,147,74,74,71,101.2,3.7,2.6,33.9,26.6,1071,871,55.1,-0.4,748,600,55.5,0.8,Forward,291.1,615,615,3,77
780,Videl Valor,C,0,TEX,75,66,76766,25,30,55,31,39,2,0,2,2616,1,3,4,10655,1,667,291,0,0,0,68,74,41,41,189,68,65,69,101.5,4.5,2.8,39.8,29,1105,990,52.7,-1,812,596,57.7,-0.7,Forward,298.5,583,583,4,77
1190,Lord Raiden,RW,0,EDM,77,66,76067,7,24,31,-60,22,1,0,1,216,0,0,0,3281,0,94,26,0,0,0,113,63,37,48,137,65,66,59,94.3,2,5,30.3,40.3,1056,1287,45.1,5,723,942,43.4,4.1,Forward,215.10000000000002,579,579,5,77
2935,M'Baku Olubori,C,0,BAP,77,66,80775,53,37,90,28,32,4,2,6,3711,7,0,7,4025,12,983,562,0,0,0,45,74,46,35,229,72,74,67,102.6,5,3.6,36.7,33.4,1235,1144,51.9,0.8,876,817,51.7,-1.1,Forward,430.7,576,576,6,77
3011,Aleksandr Iskandrov,C,0,HAM,77,66,83222,23,42,65,-38,28,6,19,25,14814,1,2,3,3084,3,851,418,0,0,0,87,52,66,28,148,72,69,72,97.2,3.1,4.8,33.2,40.2,1016,1148,47,-0.3,703,844,45.4,-0.8,Forward,314,547,547,7,77
2886,Evan Winter,C,0,LAP,77,66,72818,17,38,55,22,42,0,3,3,2956,0,4,4,9547,2,699,385,0,0,0,71,65,54,45,206,69,65,72,100,3.9,2.9,40.5,30.1,1129,807,58.3,0.6,789,597,56.9,-0.4,Forward,299.2,541,541,8,77
3033,Benson Fiorentini,C,0,TBB,77,66,85686,28,52,80,5,40,8,21,29,13757,1,1,2,3530,4,1254,701,0,0,0,52,66,57,34,236,74,73,74,101.3,3.3,2.9,32.2,32.2,1042,1013,50.7,0.6,726,719,50.2,-0.9,Forward,380,536,536,9,77
1428,Vaseline Podcalzone,LW,0,SEA,77,66,70612,13,26,39,-29,20,0,0,0,3702,3,1,4,4226,0,28,8,0,0,0,97,28,34,46,95,68,66,66,101,2.4,4,22.1,41.8,680,1213,35.9,-4.5,452,863,34.4,-6,Forward,224.9,528,528,10,77
2486,Jay O'Neil,RD,0,WPG,78,66,88382,19,28,47,-20,46,12,9,21,12921,0,4,4,6344,2,139,54,0,0,0,51,23,47,129,200,65,59,70,100.1,2.7,3.5,30.2,40.5,1001,1205,45.4,-0.5,694,917,43.1,-2.1,Defense,356.5,895,895,1,78
2488,San-sam Emerson,LD,0,PHI,78,66,82157,7,19,26,30,44,1,0,1,4370,1,6,7,11234,0,0,0,1,0,1,66,12,70,125,128,63,54,72,100.7,4,3,41.3,33.1,1259,992,55.9,0.4,894,716,55.5,0.4,Defense,262.3,821,821,2,78
2974,Wide Peepo Happy 3 Koivu,LD,0,HAM,78,66,88525,12,30,42,-21,32,8,16,24,12182,0,0,0,9853,1,0,0,0,0,0,59,10,47,249,143,67,59,76,101,3.6,4.2,30.5,39.4,979,1232,44.3,-1.5,670,856,43.9,-0.9,Defense,428.6,803,803,3,78
3028,Tommi Koivu,RD,0,HAM,78,66,78439,11,18,29,-16,16,1,1,2,2980,0,1,1,5056,1,0,0,0,0,0,52,9,55,117,111,60,53,68,100,3.4,4.2,31.1,38.7,1036,1270,44.9,-0.6,718,891,44.6,0.2,Defense,257.40000000000003,803,803,4,78
2440,Dirty Boots,LD,0,TEX,78,66,75854,5,19,24,30,37,0,1,1,1101,0,1,1,12250,0,0,0,0,0,0,79,6,49,132,108,64,54,74,100.4,4,2.6,41.4,28.7,1161,876,57,0.8,846,582,59.2,0.7,Defense,259.8,715,715,5,78
2228,Marcel Beck,LD,0,WPG,78,66,84814,3,18,21,-1,34,0,3,3,3116,0,4,4,10300,1,0,0,0,0,0,65,12,44,185,135,66,59,73,100.6,2.9,3.3,31.8,39,1090,1262,46.3,1,752,911,45.2,1.2,Defense,299,709,709,6,78
2340,Landon Fischermann,LD,0,SEA,77,66,89899,10,32,42,-28,38,5,11,16,15458,0,3,3,4780,2,0,0,0,0,0,50,8,36,177,147,64,60,68,102.7,3.6,4.7,24.7,39.3,866,1372,38.7,-0.6,588,898,39.6,1.6,Defense,359.4,700,700,7,78
2463,Ben Jammin,RD,0,WPG,78,66,84686,7,21,28,-20,37,0,2,2,3189,0,6,6,10343,2,0,0,0,0,0,54,13,39,176,131,63,57,69,98.6,3.1,4.5,32.6,40.9,1049,1300,44.7,-1.6,753,947,44.3,-0.2,Defense,310.3,693,693,8,78
2841,Louise St. Martin,RD,0,TOR,78,66,67640,4,17,21,3,14,0,0,0,424,0,1,1,2894,2,0,0,0,0,0,40,9,42,99,92,61,55,66,101.5,3.6,3.5,33.8,38.1,1070,1186,47.4,-2.6,714,781,47.8,-2.9,Defense,199.7,683,683,9,78
2652,Ivan Lacksamus,C,0,NEW,78,66,71511,22,42,64,-5,24,1,2,3,2804,0,0,0,660,3,936,491,0,0,0,59,38,48,7,216,67,67,62,98.9,4.1,4.2,42,38.4,1356,1152,54.1,1.4,934,853,52.3,1.1,Forward,306.6,670,670,1,78
1676,Konstantin Selich,C,0,BUF,78,66,69268,19,21,40,-21,26,0,0,0,703,0,2,2,1344,1,789,363,0,0,0,49,60,41,21,193,61,60,62,98.2,3,4.2,35.1,40.9,1102,1172,48.5,-4.2,777,888,46.7,-5.8,Forward,229.1,665,665,2,78
2529,Christian Kinsinger,LD,0,WPG,78,66,74826,6,15,21,-23,30,0,0,0,1140,0,0,0,2784,0,1,1,0,0,0,52,12,36,70,99,60,57,63,98.1,2.3,3.6,31.7,39,1035,1188,46.6,1.3,722,899,44.5,0.1,Defense,182.5,657,657,10,78
2935,M'Baku Olubori,C,0,BAP,78,66,85114,45,38,83,10,38,12,9,21,8340,2,5,7,4405,7,1072,629,0,0,0,45,93,57,34,290,73,74,70,99.6,3.6,3.1,39.3,33,1273,1120,53.2,0.7,924,786,54,1.3,Forward,419.4,633,633,3,78
1190,Lord Raiden,C,0,EDM,78,66,71324,6,21,27,-41,24,0,2,2,3256,0,2,2,2292,0,806,207,0,0,0,45,52,52,27,77,54,52,57,100.1,2.5,4.5,25.2,46.8,855,1441,37.2,-4.3,548,1004,35.3,-4.2,Forward,144.29999999999998,631,631,4,78
2371,Grogu Mandosson,RW,0,WPG,75,66,72035,12,42,54,22,30,0,1,1,1885,2,1,3,1997,2,126,69,0,0,0,103,72,46,53,147,74,74,71,101.2,3.7,2.6,33.9,26.6,1071,871,55.1,-0.4,748,600,55.5,0.8,Forward,291.1,615,615,5,78
2886,Evan Winter,C,0,LAP,78,66,66943,11,32,43,18,38,0,0,0,717,1,2,3,5230,1,785,414,0,0,0,42,41,44,37,138,66,61,70,101.3,3.2,2.3,35.8,30.4,1095,907,54.7,-2.5,725,628,53.6,-3.3,Forward,220.4,585,585,6,78
3033,Benson Fiorentini,C,0,TBB,78,66,83368,25,35,60,33,30,0,1,1,3734,4,2,6,10857,3,1094,570,0,0,0,46,94,48,45,233,72,70,74,104.2,3.7,2.1,34.5,31.8,1111,1025,52,-2.9,785,718,52.2,-4.7,Forward,320.29999999999995,584,584,7,78
780,Videl Valor,C,0,TEX,75,66,76766,25,30,55,31,39,2,0,2,2616,1,3,4,10655,1,667,291,0,0,0,68,74,41,41,189,68,65,69,101.5,4.5,2.8,39.8,29,1105,990,52.7,-1,812,596,57.7,-0.7,Forward,298.5,583,583,8,78
3011,Aleksandr Iskandrov,LW,0,HAM,78,66,77947,39,31,70,8,30,6,1,7,3770,0,0,0,1274,5,55,26,0,0,0,93,86,30,30,242,75,83,58,103.6,4,3.6,32.6,40.7,1117,1298,46.3,1.5,765,952,44.6,0,Forward,376.8,577,577,9,78
2668,Dave Heinrich,C,0,CHI,78,66,82183,9,25,34,-42,28,0,2,2,2915,0,3,3,6975,0,916,506,0,0,0,63,51,52,44,151,66,62,67,96.7,2.2,4.1,31,39.2,1084,1232,46.8,4.2,747,901,45.3,4.9,Forward,207.9,571,571,10,78
2486,Jay O'Neil,RD,0,WPG,78,66,88382,19,28,47,-20,46,12,9,21,12921,0,4,4,6344,2,139,54,0,0,0,51,23,47,129,200,65,59,70,100.1,2.7,3.5,30.2,40.5,1001,1205,45.4,-0.5,694,917,43.1,-2.1,Defense,356.5,895,895,1,79
2488,San-sam Emerson,LD,0,PHI,79,66,74097,9,21,30,30,41,1,1,2,717,1,0,1,7154,0,0,0,1,0,1,63,8,58,104,107,61,53,69,101.4,4.4,3,37.2,29.1,1203,1009,54.4,-1.8,802,638,55.7,-0.9,Defense,249.90000000000003,879,879,2,79
3028,Tommi Koivu,RD,0,MIN,79,66,91489,12,26,38,-19,24,8,17,25,17503,0,3,3,4891,2,0,0,0,0,0,60,14,70,174,201,67,58,77,99.2,3.1,3.4,35.6,36,1150,1151,50,0.5,806,816,49.7,-0.4,Defense,366.9,873,873,3,79
2974,Wide Peepo Happy 3 Koivu,LD,0,HAM,79,66,80123,9,18,27,-11,28,1,0,1,1086,0,3,3,8011,0,0,0,0,0,0,51,9,44,181,96,64,56,72,99.6,2.7,3.5,30.7,38,1094,1252,46.6,-0.4,722,880,45.1,1.1,Defense,302.1,847,847,4,79
2440,Dirty Boots,LD,0,TEX,79,66,74685,3,23,26,28,42,0,2,2,587,1,1,2,11696,0,0,0,0,0,0,65,12,51,108,109,62,53,71,100.8,4.3,3.1,40.4,31.6,1200,938,56.1,1.1,818,639,56.1,-0.9,Defense,236.89999999999998,766,766,5,79
2228,Marcel Beck,LD,0,WPG,79,66,78755,6,16,22,-18,20,2,2,4,3191,1,1,2,5900,1,0,0,0,0,0,79,11,45,146,115,65,60,70,98.1,2.8,3.8,31.3,34.8,1012,1149,46.8,1,719,781,47.9,3.7,Defense,269.5,754,754,6,79
2652,Ivan Lacksamus,C,0,NEW,79,66,65980,15,36,51,-3,32,1,2,3,698,0,0,0,800,3,907,463,0,0,0,51,57,44,33,192,64,62,65,99.1,3.5,3.6,38.8,36,1170,1078,52,0.2,789,759,51,-0.2,Forward,265.8,714,714,1,79
1676,Konstantin Selich,LW,0,BUF,79,66,65236,12,27,39,3,26,0,0,0,146,0,0,0,391,3,50,28,0,0,0,100,58,37,40,125,62,57,65,101.6,3.2,3,33.4,38.3,1049,1170,47.3,-2.4,719,803,47.2,-2.7,Forward,230.5,702,702,2,79
2340,Landon Fischermann,LD,0,SEA,77,66,89899,10,32,42,-28,38,5,11,16,15458,0,3,3,4780,2,0,0,0,0,0,50,8,36,177,147,64,60,68,102.7,3.6,4.7,24.7,39.3,866,1372,38.7,-0.6,588,898,39.6,1.6,Defense,359.4,700,700,7,79
2463,Ben Jammin,RD,0,WPG,78,66,84686,7,21,28,-20,37,0,2,2,3189,0,6,6,10343,2,0,0,0,0,0,54,13,39,176,131,63,57,69,98.6,3.1,4.5,32.6,40.9,1049,1300,44.7,-1.6,753,947,44.3,-0.2,Defense,310.3,693,693,8,79
2935,M'Baku Olubori,C,0,BAP,79,66,78910,44,25,69,11,38,3,1,4,2792,2,3,5,4205,3,886,471,0,0,0,63,78,52,40,271,71,71,68,101.2,3.7,3.4,34.8,35.4,1162,1229,48.6,-2.5,795,843,48.5,-3,Forward,381.5,685,685,3,79
2841,Louise St. Martin,RD,0,TOR,78,66,67640,4,17,21,3,14,0,0,0,424,0,1,1,2894,2,0,0,0,0,0,40,9,42,99,92,61,55,66,101.5,3.6,3.5,33.8,38.1,1070,1186,47.4,-2.6,714,781,47.8,-2.9,Defense,199.7,683,683,9,79
3021,Pass Forfeit,RD,0,LAP,79,66,81414,5,31,36,28,59,1,4,5,5168,0,2,2,5701,2,1,1,1,0,1,86,13,50,135,122,64,56,74,102.3,4.2,2.8,37.4,31.1,1275,1040,55.1,1.1,869,723,54.6,0.7,Defense,305.5,663,663,10,79
3033,Benson Fiorentini,LW,0,MIN,79,66,76728,27,22,49,-14,40,2,2,4,5223,1,0,1,4126,2,140,70,0,0,0,80,61,53,39,192,68,67,67,97.8,3.2,3.7,36,34.2,1172,1143,50.6,1.5,808,778,50.9,1.6,Forward,287,637,637,4,79
1190,Lord Raiden,C,0,EDM,78,66,71324,6,21,27,-41,24,0,2,2,3256,0,2,2,2292,0,806,207,0,0,0,45,52,52,27,77,54,52,57,100.1,2.5,4.5,25.2,46.8,855,1441,37.2,-4.3,548,1004,35.3,-4.2,Forward,144.29999999999998,631,631,5,79
2371,Grogu Mandosson,RW,0,WPG,75,66,72035,12,42,54,22,30,0,1,1,1885,2,1,3,1997,2,126,69,0,0,0,103,72,46,53,147,74,74,71,101.2,3.7,2.6,33.9,26.6,1071,871,55.1,-0.4,748,600,55.5,0.8,Forward,291.1,615,615,6,79
2668,Dave Heinrich,LW,0,CHI,79,66,81318,20,31,51,-49,44,1,2,3,4041,4,2,6,10902,1,576,310,0,0,0,92,90,32,50,170,71,71,66,95,2.9,5.6,32.9,40.7,1055,1243,45.9,1.7,701,884,44.2,1,Forward,290.8,603,603,7,79
2794,Reed Kobo,C,0,LAP,79,66,75235,25,45,70,33,64,0,0,0,3701,1,6,7,8286,3,568,283,2,0,2,82,44,40,60,157,73,73,70,102.9,4.6,2.8,37.1,29.9,1121,948,54.2,-0.3,775,616,55.7,2.3,Forward,350.90000000000003,600,600,8,79
3011,Aleksandr Iskandrov,RW,0,SFP,79,66,60418,17,31,48,22,21,2,0,2,554,0,1,1,562,2,53,16,0,0,0,83,27,22,16,120,70,76,57,102.2,4.2,3,36.4,31.3,1063,869,55,-4.1,705,601,54,-5.4,Forward,239.79999999999998,599,599,9,79
2564,Shoyo Hinata,RW,0,ATL,79,66,70721,23,34,57,18,32,0,1,1,400,5,1,6,3842,2,120,54,0,0,0,115,42,40,44,164,70,69,67,100.6,3.5,2.9,37.4,33.2,1164,1061,52.3,-0.7,816,705,53.6,-1.2,Forward,315.59999999999997,594,594,10,79
2488,San-sam Emerson,LD,0,PHI,80,66,73442,6,17,23,24,48,0,0,0,737,0,2,2,8368,1,0,0,0,0,0,61,8,68,94,95,60,53,68,101.4,4.5,3.6,37.7,34,1150,961,54.5,0.4,798,717,52.7,-0.8,Defense,212.5,947,947,1,80
3028,Tommi Koivu,RD,0,HAM,80,66,73633,0,22,22,-6,32,0,1,1,702,0,3,3,10577,0,0,0,0,0,0,50,9,42,194,71,62,51,75,101.1,3.4,3.9,30.4,38.8,975,1039,48.4,-3.7,648,793,45,-3.7,Defense,281.9,915,915,2,80
2486,Jay O'Neil,RD,0,WPG,78,66,88382,19,28,47,-20,46,12,9,21,12921,0,4,4,6344,2,139,54,0,0,0,51,23,47,129,200,65,59,70,100.1,2.7,3.5,30.2,40.5,1001,1205,45.4,-0.5,694,917,43.1,-2.1,Defense,356.5,895,895,3,80
2974,Wide Peepo Happy 3 Koivu,LD,0,HAM,79,66,80123,9,18,27,-11,28,1,0,1,1086,0,3,3,8011,0,0,0,0,0,0,51,9,44,181,96,64,56,72,99.6,2.7,3.5,30.7,38,1094,1252,46.6,-0.4,722,880,45.1,1.1,Defense,302.1,847,847,4,80
2440,Dirty Boots,LD,0,TEX,80,66,71226,5,21,26,12,34,0,1,1,462,1,3,4,11017,1,0,0,0,0,0,68,15,52,79,100,60,52,69,100.3,3.9,3.6,35.2,32.9,1051,919,53.4,1.5,675,644,51.2,-1.7,Defense,211.3,818,818,5,80
2228,Marcel Beck,RD,0,WPG,80,66,83290,8,23,31,-22,28,2,0,2,2859,0,3,3,8955,2,0,0,0,0,0,69,14,44,200,104,65,57,73,99.4,2.9,4,30.3,39.4,1036,1385,42.8,1.5,723,933,43.7,1.6,Defense,339.79999999999995,798,798,6,80
2652,Ivan Lacksamus,RW,0,NEW,80,66,65913,13,31,44,-12,40,0,0,0,863,1,1,2,962,1,92,18,0,0,0,88,58,19,41,151,66,67,59,98.8,3.5,4.3,33.8,37,1043,1169,47.2,-2.5,706,774,47.7,-1.1,Forward,250.1,733,733,1,80
2935,M'Baku Olubori,LW,0,BAP,80,66,77858,16,36,52,-20,30,8,14,22,11327,0,0,0,2857,2,65,25,0,0,0,108,57,35,33,187,77,79,70,98,2.8,3.6,35.5,35.8,1073,1064,50.2,0.1,742,755,49.6,0.9,Forward,291.1,720,720,2,80
1676,Konstantin Selich,LW,0,BUF,79,66,65236,12,27,39,3,26,0,0,0,146,0,0,0,391,3,50,28,0,0,0,100,58,37,40,125,62,57,65,101.6,3.2,3,33.4,38.3,1049,1170,47.3,-2.4,719,803,47.2,-2.7,Forward,230.5,702,702,3,80
2340,Landon Fischermann,LD,0,SEA,77,66,89899,10,32,42,-28,38,5,11,16,15458,0,3,3,4780,2,0,0,0,0,0,50,8,36,177,147,64,60,68,102.7,3.6,4.7,24.7,39.3,866,1372,38.7,-0.6,588,898,39.6,1.6,Defense,359.4,700,700,7,80
2463,Ben Jammin,RD,0,WPG,78,66,84686,7,21,28,-20,37,0,2,2,3189,0,6,6,10343,2,0,0,0,0,0,54,13,39,176,131,63,57,69,98.6,3.1,4.5,32.6,40.9,1049,1300,44.7,-1.6,753,947,44.3,-0.2,Defense,310.3,693,693,8,80
2841,Louise St. Martin,RD,0,TOR,78,66,67640,4,17,21,3,14,0,0,0,424,0,1,1,2894,2,0,0,0,0,0,40,9,42,99,92,61,55,66,101.5,3.6,3.5,33.8,38.1,1070,1186,47.4,-2.6,714,781,47.8,-2.9,Defense,199.7,683,683,9,80
3033,Benson Fiorentini,LW,0,MIN,80,66,69041,14,23,37,-32,28,0,0,0,3405,0,0,0,3168,1,129,67,0,0,0,98,57,46,41,105,67,65,65,97.9,2.8,4.6,29.5,39.6,868,1167,42.7,-0.1,580,807,41.8,-0.8,Forward,220.29999999999998,683,683,4,80
2868,Luca Hunziker,LD,0,HAM,80,66,73006,1,20,21,-15,28,0,1,1,861,0,3,3,5781,0,0,0,0,0,0,82,11,69,63,118,60,53,66,97.8,3,4,33.2,35.5,1098,985,52.7,2.7,731,770,48.7,1.8,Defense,188.90000000000003,682,682,10,80
2668,Dave Heinrich,RW,0,CHI,80,66,70470,9,12,21,-33,25,0,0,0,287,0,0,0,3770,2,378,201,0,0,0,52,52,39,30,143,67,68,62,96.2,2.4,4.2,32.2,37.4,1015,1186,46.1,-2,674,811,45.4,-2.3,Forward,153.70000000000002,642,642,5,80
2794,Reed Kobo,C,0,LAP,80,66,72318,30,24,54,12,48,1,0,1,1157,3,3,6,4816,5,795,396,0,0,0,47,46,36,55,170,68,68,65,99.2,3.6,3.3,36.9,30.6,1191,965,55.2,2.7,800,664,54.6,1.5,Forward,294.8,636,636,6,80
1190,Lord Raiden,C,0,EDM,78,66,71324,6,21,27,-41,24,0,2,2,3256,0,2,2,2292,0,806,207,0,0,0,45,52,52,27,77,54,52,57,100.1,2.5,4.5,25.2,46.8,855,1441,37.2,-4.3,548,1004,35.3,-4.2,Forward,144.29999999999998,631,631,7,80
2564,Shoyo Hinata,RW,0,ATL,80,66,61037,16,42,58,37,28,0,1,1,267,0,1,1,664,4,52,18,0,0,0,91,34,30,50,128,68,67,65,101.9,4.9,2.8,42.4,28.4,1130,887,56,-1.1,815,555,59.5,-0.4,Forward,294.8,624,624,8,80
2371,Grogu Mandosson,RW,0,WPG,75,66,72035,12,42,54,22,30,0,1,1,1885,2,1,3,1997,2,126,69,0,0,0,103,72,46,53,147,74,74,71,101.2,3.7,2.6,33.9,26.6,1071,871,55.1,-0.4,748,600,55.5,0.8,Forward,291.1,615,615,9,80
3423,Ekaterina Valieva,C,0,BAP,80,66,85303,35,32,67,4,28,1,2,3,4282,3,4,7,9770,1,1105,575,0,0,0,37,90,67,24,229,68,63,71,100.6,3.7,3.8,34.3,36.9,1163,1168,49.9,-0.3,788,848,48.2,-1.2,Forward,333.9,612,612,10,80
2488,San-sam Emerson,LD,0,PHI,81,66,70864,8,18,26,29,46,0,0,0,199,1,0,1,6067,1,0,0,0,0,0,66,9,46,91,121,61,53,68,102.9,4.4,3.1,38.2,35.6,1205,1010,54.4,2.7,815,756,51.9,1,Defense,230.6,993,993,1,81
3028,Tommi Koivu,RD,0,HAM,80,66,73633,0,22,22,-6,32,0,1,1,702,0,3,3,10577,0,0,0,0,0,0,50,9,42,194,71,62,51,75,101.1,3.4,3.9,30.4,38.8,975,1039,48.4,-3.7,648,793,45,-3.7,Defense,281.9,915,915,2,81
2486,Jay O'Neil,RD,0,WPG,78,66,88382,19,28,47,-20,46,12,9,21,12921,0,4,4,6344,2,139,54,0,0,0,51,23,47,129,200,65,59,70,100.1,2.7,3.5,30.2,40.5,1001,1205,45.4,-0.5,694,917,43.1,-2.1,Defense,356.5,895,895,3,81
2974,Wide Peepo Happy 3 Koivu,LD,0,HAM,79,66,80123,9,18,27,-11,28,1,0,1,1086,0,3,3,8011,0,0,0,0,0,0,51,9,44,181,96,64,56,72,99.6,2.7,3.5,30.7,38,1094,1252,46.6,-0.4,722,880,45.1,1.1,Defense,302.1,847,847,4,81
2440,Dirty Boots,LD,0,BAP,81,66,45113,1,10,11,-8,33,0,0,0,438,0,2,2,7598,0,0,0,1,0,1,34,1,26,95,53,58,52,65,98.5,2.7,3.8,31.2,37,590,635,48.2,-2.2,383,449,46,-3.1,Defense,149,844,844,5,81
2228,Marcel Beck,RD,0,WPG,81,66,66954,4,15,19,0,31,0,1,1,1011,1,0,1,2315,1,0,0,1,0,1,48,8,23,148,90,61,54,68,100.9,3.3,3.5,30.7,35.2,981,1207,44.8,-2.8,648,765,45.9,0.2,Defense,240.40000000000003,821,821,6,81
2935,M'Baku Olubori,RW,0,BAP,81,66,79822,17,36,53,9,24,0,0,0,811,3,4,7,11844,2,51,16,0,0,0,115,93,39,32,185,77,80,69,100.1,3.3,3.2,34.6,33.9,1130,1070,51.4,2.2,749,751,49.9,2,Forward,296.7,759,759,1,81
2652,Ivan Lacksamus,RW,0,NEW,80,66,65913,13,31,44,-12,40,0,0,0,863,1,1,2,962,1,92,18,0,0,0,88,58,19,41,151,66,67,59,98.8,3.5,4.3,33.8,37,1043,1169,47.2,-2.5,706,774,47.7,-1.1,Forward,250.1,733,733,2,81
1676,Konstantin Selich,LW,0,BUF,79,66,65236,12,27,39,3,26,0,0,0,146,0,0,0,391,3,50,28,0,0,0,100,58,37,40,125,62,57,65,101.6,3.2,3,33.4,38.3,1049,1170,47.3,-2.4,719,803,47.2,-2.7,Forward,230.5,702,702,3,81
2340,Landon Fischermann,LD,0,SEA,77,66,89899,10,32,42,-28,38,5,11,16,15458,0,3,3,4780,2,0,0,0,0,0,50,8,36,177,147,64,60,68,102.7,3.6,4.7,24.7,39.3,866,1372,38.7,-0.6,588,898,39.6,1.6,Defense,359.4,700,700,7,81
2463,Ben Jammin,RD,0,WPG,78,66,84686,7,21,28,-20,37,0,2,2,3189,0,6,6,10343,2,0,0,0,0,0,54,13,39,176,131,63,57,69,98.6,3.1,4.5,32.6,40.9,1049,1300,44.7,-1.6,753,947,44.3,-0.2,Defense,310.3,693,693,8,81
2841,Louise St. Martin,RD,0,TOR,78,66,67640,4,17,21,3,14,0,0,0,424,0,1,1,2894,2,0,0,0,0,0,40,9,42,99,92,61,55,66,101.5,3.6,3.5,33.8,38.1,1070,1186,47.4,-2.6,714,781,47.8,-2.9,Defense,199.7,683,683,9,81
3033,Benson Fiorentini,LW,0,MIN,80,66,69041,14,23,37,-32,28,0,0,0,3405,0,0,0,3168,1,129,67,0,0,0,98,57,46,41,105,67,65,65,97.9,2.8,4.6,29.5,39.6,868,1167,42.7,-0.1,580,807,41.8,-0.8,Forward,220.29999999999998,683,683,4,81
2868,Luca Hunziker,LD,0,HAM,80,66,73006,1,20,21,-15,28,0,1,1,861,0,3,3,5781,0,0,0,0,0,0,82,11,69,63,118,60,53,66,97.8,3,4,33.2,35.5,1098,985,52.7,2.7,731,770,48.7,1.8,Defense,188.90000000000003,682,682,10,81
3423,Ekaterina Valieva,C,0,BAP,81,66,89257,26,55,81,-2,53,9,23,32,15999,2,2,4,5714,1,1269,709,0,0,0,66,82,68,62,182,74,69,78,99.8,3.5,3.3,34.8,31.9,1137,1069,51.5,2.4,749,700,51.7,4.6,Forward,387.2,680,680,5,81
2794,Reed Kobo,RW,0,TOR,81,66,77135,12,29,41,-40,21,1,3,4,2665,0,0,0,2580,1,77,34,0,0,0,72,58,31,39,175,77,86,60,96.7,2.5,4.5,31.8,40.4,1094,1374,44.3,0.7,749,940,44.3,-0.1,Forward,239.70000000000002,667,667,6,81
2668,Dave Heinrich,RW,0,CHI,81,66,61538,7,40,47,7,20,0,0,0,83,0,1,1,2117,1,69,38,0,0,0,77,42,21,32,92,70,73,61,101.9,3.7,3.3,29.5,31.4,914,948,49.1,-1,581,609,48.8,-1.1,Forward,225.6,663,663,7,81
2564,Shoyo Hinata,RW,0,ATL,81,66,63536,11,28,39,12,30,1,0,1,377,0,0,0,246,0,49,22,0,0,0,100,43,29,47,101,67,65,64,99.9,3.6,2.9,38.3,30.7,1165,982,54.3,-0.7,805,626,56.3,-0.7,Forward,226.5,653,653,8,81
3378,Adam Prpich,C,0,LAP,81,66,76301,29,31,60,33,26,0,0,0,846,1,2,3,8764,3,890,459,0,0,0,38,49,50,59,151,71,69,71,104,4.5,2.9,36.1,33.3,1162,1082,51.8,0.4,780,730,51.7,-0.6,Forward,304.9,637,637,9,81
1190,Lord Raiden,C,0,EDM,78,66,71324,6,21,27,-41,24,0,2,2,3256,0,2,2,2292,0,806,207,0,0,0,45,52,52,27,77,54,52,57,100.1,2.5,4.5,25.2,46.8,855,1441,37.2,-4.3,548,1004,35.3,-4.2,Forward,144.29999999999998,631,631,10,81
2488,San-sam Emerson,LD,0,PHI,81,66,70864,8,18,26,29,46,0,0,0,199,1,0,1,6067,1,0,0,0,0,0,66,9,46,91,121,61,53,68,102.9,4.4,3.1,38.2,35.6,1205,1010,54.4,2.7,815,756,51.9,1,Defense,230.6,993,993,1,82
3028,Tommi Koivu,RD,0,HAM,80,66,73633,0,22,22,-6,32,0,1,1,702,0,3,3,10577,0,0,0,0,0,0,50,9,42,194,71,62,51,75,101.1,3.4,3.9,30.4,38.8,975,1039,48.4,-3.7,648,793,45,-3.7,Defense,281.9,915,915,2,82
2486,Jay O'Neil,RD,0,WPG,78,66,88382,19,28,47,-20,46,12,9,21,12921,0,4,4,6344,2,139,54,0,0,0,51,23,47,129,200,65,59,70,100.1,2.7,3.5,30.2,40.5,1001,1205,45.4,-0.5,694,917,43.1,-2.1,Defense,356.5,895,895,3,82
2974,Wide Peepo Happy 3 Koivu,LD,0,HAM,79,66,80123,9,18,27,-11,28,1,0,1,1086,0,3,3,8011,0,0,0,0,0,0,51,9,44,181,96,64,56,72,99.6,2.7,3.5,30.7,38,1094,1252,46.6,-0.4,722,880,45.1,1.1,Defense,302.1,847,847,4,82
2440,Dirty Boots,LD,0,BAP,81,66,45113,1,10,11,-8,33,0,0,0,438,0,2,2,7598,0,0,0,1,0,1,34,1,26,95,53,58,52,65,98.5,2.7,3.8,31.2,37,590,635,48.2,-2.2,383,449,46,-3.1,Defense,149,844,844,5,82
2228,Marcel Beck,RD,0,WPG,81,66,66954,4,15,19,0,31,0,1,1,1011,1,0,1,2315,1,0,0,1,0,1,48,8,23,148,90,61,54,68,100.9,3.3,3.5,30.7,35.2,981,1207,44.8,-2.8,648,765,45.9,0.2,Defense,240.40000000000003,821,821,6,82
2935,M'Baku Olubori,RW,0,BAP,81,66,79822,17,36,53,9,24,0,0,0,811,3,4,7,11844,2,51,16,0,0,0,115,93,39,32,185,77,80,69,100.1,3.3,3.2,34.6,33.9,1130,1070,51.4,2.2,749,751,49.9,2,Forward,296.7,759,759,1,82
2652,Ivan Lacksamus,RW,0,NEW,80,66,65913,13,31,44,-12,40,0,0,0,863,1,1,2,962,1,92,18,0,0,0,88,58,19,41,151,66,67,59,98.8,3.5,4.3,33.8,37,1043,1169,47.2,-2.5,706,774,47.7,-1.1,Forward,250.1,733,733,2,82
1676,Konstantin Selich,LW,0,BUF,79,66,65236,12,27,39,3,26,0,0,0,146,0,0,0,391,3,50,28,0,0,0,100,58,37,40,125,62,57,65,101.6,3.2,3,33.4,38.3,1049,1170,47.3,-2.4,719,803,47.2,-2.7,Forward,230.5,702,702,3,82
2340,Landon Fischermann,LD,0,SEA,77,66,89899,10,32,42,-28,38,5,11,16,15458,0,3,3,4780,2,0,0,0,0,0,50,8,36,177,147,64,60,68,102.7,3.6,4.7,24.7,39.3,866,1372,38.7,-0.6,588,898,39.6,1.6,Defense,359.4,700,700,7,82
2463,Ben Jammin,RD,0,WPG,78,66,84686,7,21,28,-20,37,0,2,2,3189,0,6,6,10343,2,0,0,0,0,0,54,13,39,176,131,63,57,69,98.6,3.1,4.5,32.6,40.9,1049,1300,44.7,-1.6,753,947,44.3,-0.2,Defense,310.3,693,693,8,82
2841,Louise St. Martin,RD,0,TOR,78,66,67640,4,17,21,3,14,0,0,0,424,0,1,1,2894,2,0,0,0,0,0,40,9,42,99,92,61,55,66,101.5,3.6,3.5,33.8,38.1,1070,1186,47.4,-2.6,714,781,47.8,-2.9,Defense,199.7,683,683,9,82
3033,Benson Fiorentini,LW,0,MIN,80,66,69041,14,23,37,-32,28,0,0,0,3405,0,0,0,3168,1,129,67,0,0,0,98,57,46,41,105,67,65,65,97.9,2.8,4.6,29.5,39.6,868,1167,42.7,-0.1,580,807,41.8,-0.8,Forward,220.29999999999998,683,683,4,82
2868,Luca Hunziker,LD,0,HAM,80,66,73006,1,20,21,-15,28,0,1,1,861,0,3,3,5781,0,0,0,0,0,0,82,11,69,63,118,60,53,66,97.8,3,4,33.2,35.5,1098,985,52.7,2.7,731,770,48.7,1.8,Defense,188.90000000000003,682,682,10,82
3423,Ekaterina Valieva,C,0,BAP,81,66,89257,26,55,81,-2,53,9,23,32,15999,2,2,4,5714,1,1269,709,0,0,0,66,82,68,62,182,74,69,78,99.8,3.5,3.3,34.8,31.9,1137,1069,51.5,2.4,749,700,51.7,4.6,Forward,387.2,680,680,5,82
2794,Reed Kobo,RW,0,TOR,81,66,77135,12,29,41,-40,21,1,3,4,2665,0,0,0,2580,1,77,34,0,0,0,72,58,31,39,175,77,86,60,96.7,2.5,4.5,31.8,40.4,1094,1374,44.3,0.7,749,940,44.3,-0.1,Forward,239.70000000000002,667,667,6,82
2668,Dave Heinrich,RW,0,CHI,81,66,61538,7,40,47,7,20,0,0,0,83,0,1,1,2117,1,69,38,0,0,0,77,42,21,32,92,70,73,61,101.9,3.7,3.3,29.5,31.4,914,948,49.1,-1,581,609,48.8,-1.1,Forward,225.6,663,663,7,82
2564,Shoyo Hinata,RW,0,ATL,81,66,63536,11,28,39,12,30,1,0,1,377,0,0,0,246,0,49,22,0,0,0,100,43,29,47,101,67,65,64,99.9,3.6,2.9,38.3,30.7,1165,982,54.3,-0.7,805,626,56.3,-0.7,Forward,226.5,653,653,8,82
3378,Adam Prpich,C,0,LAP,81,66,76301,29,31,60,33,26,0,0,0,846,1,2,3,8764,3,890,459,0,0,0,38,49,50,59,151,71,69,71,104,4.5,2.9,36.1,33.3,1162,1082,51.8,0.4,780,730,51.7,-0.6,Forward,304.9,637,637,9,82
1190,Lord Raiden,C,0,EDM,78,66,71324,6,21,27,-41,24,0,2,2,3256,0,2,2,2292,0,806,207,0,0,0,45,52,52,27,77,54,52,57,100.1,2.5,4.5,25.2,46.8,855,1441,37.2,-4.3,548,1004,35.3,-4.2,Forward,144.29999999999998,631,631,10,82
2488,San-sam Emerson,LD,0,PHI,81,66,70864,8,18,26,29,46,0,0,0,199,1,0,1,6067,1,0,0,0,0,0,66,9,46,91,121,61,53,68,102.9,4.4,3.1,38.2,35.6,1205,1010,54.4,2.7,815,756,51.9,1,Defense,230.6,993,993,1,83
3028,Tommi Koivu,RD,0,HAM,80,66,73633,0,22,22,-6,32,0,1,1,702,0,3,3,10577,0,0,0,0,0,0,50,9,42,194,71,62,51,75,101.1,3.4,3.9,30.4,38.8,975,1039,48.4,-3.7,648,793,45,-3.7,Defense,281.9,915,915,2,83
2486,Jay O'Neil,RD,0,WPG,78,66,88382,19,28,47,-20,46,12,9,21,12921,0,4,4,6344,2,139,54,0,0,0,51,23,47,129,200,65,59,70,100.1,2.7,3.5,30.2,40.5,1001,1205,45.4,-0.5,694,917,43.1,-2.1,Defense,356.5,895,895,3,83
2974,Wide Peepo Happy 3 Koivu,LD,0,HAM,79,66,80123,9,18,27,-11,28,1,0,1,1086,0,3,3,8011,0,0,0,0,0,0,51,9,44,181,96,64,56,72,99.6,2.7,3.5,30.7,38,1094,1252,46.6,-0.4,722,880,45.1,1.1,Defense,302.1,847,847,4,83
2440,Dirty Boots,LD,0,BAP,81,66,45113,1,10,11,-8,33,0,0,0,438,0,2,2,7598,0,0,0,1,0,1,34,1,26,95,53,58,52,65,98.5,2.7,3.8,31.2,37,590,635,48.2,-2.2,383,449,46,-3.1,Defense,149,844,844,5,83
2228,Marcel Beck,RD,0,WPG,81,66,66954,4,15,19,0,31,0,1,1,1011,1,0,1,2315,1,0,0,1,0,1,48,8,23,148,90,61,54,68,100.9,3.3,3.5,30.7,35.2,981,1207,44.8,-2.8,648,765,45.9,0.2,Defense,240.40000000000003,821,821,6,83
2935,M'Baku Olubori,RW,0,BAP,81,66,79822,17,36,53,9,24,0,0,0,811,3,4,7,11844,2,51,16,0,0,0,115,93,39,32,185,77,80,69,100.1,3.3,3.2,34.6,33.9,1130,1070,51.4,2.2,749,751,49.9,2,Forward,296.7,759,759,1,83
2652,Ivan Lacksamus,RW,0,NEW,80,66,65913,13,31,44,-12,40,0,0,0,863,1,1,2,962,1,92,18,0,0,0,88,58,19,41,151,66,67,59,98.8,3.5,4.3,33.8,37,1043,1169,47.2,-2.5,706,774,47.7,-1.1,Forward,250.1,733,733,2,83
1676,Konstantin Selich,LW,0,BUF,79,66,65236,12,27,39,3,26,0,0,0,146,0,0,0,391,3,50,28,0,0,0,100,58,37,40,125,62,57,65,101.6,3.2,3,33.4,38.3,1049,1170,47.3,-2.4,719,803,47.2,-2.7,Forward,230.5,702,702,3,83
2340,Landon Fischermann,LD,0,SEA,77,66,89899,10,32,42,-28,38,5,11,16,15458,0,3,3,4780,2,0,0,0,0,0,50,8,36,177,147,64,60,68,102.7,3.6,4.7,24.7,39.3,866,1372,38.7,-0.6,588,898,39.6,1.6,Defense,359.4,700,700,7,83
2463,Ben Jammin,RD,0,WPG,78,66,84686,7,21,28,-20,37,0,2,2,3189,0,6,6,10343,2,0,0,0,0,0,54,13,39,176,131,63,57,69,98.6,3.1,4.5,32.6,40.9,1049,1300,44.7,-1.6,753,947,44.3,-0.2,Defense,310.3,693,693,8,83
2841,Louise St. Martin,RD,0,TOR,78,66,67640,4,17,21,3,14,0,0,0,424,0,1,1,2894,2,0,0,0,0,0,40,9,42,99,92,61,55,66,101.5,3.6,3.5,33.8,38.1,1070,1186,47.4,-2.6,714,781,47.8,-2.9,Defense,199.7,683,683,9,83
3033,Benson Fiorentini,LW,0,MIN,80,66,69041,14,23,37,-32,28,0,0,0,3405,0,0,0,3168,1,129,67,0,0,0,98,57,46,41,105,67,65,65,97.9,2.8,4.6,29.5,39.6,868,1167,42.7,-0.1,580,807,41.8,-0.8,Forward,220.29999999999998,683,683,4,83
2868,Luca Hunziker,LD,0,HAM,80,66,73006,1,20,21,-15,28,0,1,1,861,0,3,3,5781,0,0,0,0,0,0,82,11,69,63,118,60,53,66,97.8,3,4,33.2,35.5,1098,985,52.7,2.7,731,770,48.7,1.8,Defense,188.90000000000003,682,682,10,83
3423,Ekaterina Valieva,C,0,BAP,81,66,89257,26,55,81,-2,53,9,23,32,15999,2,2,4,5714,1,1269,709,0,0,0,66,82,68,62,182,74,69,78,99.8,3.5,3.3,34.8,31.9,1137,1069,51.5,2.4,749,700,51.7,4.6,Forward,387.2,680,680,5,83
2794,Reed Kobo,RW,0,TOR,81,66,77135,12,29,41,-40,21,1,3,4,2665,0,0,0,2580,1,77,34,0,0,0,72,58,31,39,175,77,86,60,96.7,2.5,4.5,31.8,40.4,1094,1374,44.3,0.7,749,940,44.3,-0.1,Forward,239.70000000000002,667,667,6,83
2668,Dave Heinrich,RW,0,CHI,81,66,61538,7,40,47,7,20,0,0,0,83,0,1,1,2117,1,69,38,0,0,0,77,42,21,32,92,70,73,61,101.9,3.7,3.3,29.5,31.4,914,948,49.1,-1,581,609,48.8,-1.1,Forward,225.6,663,663,7,83
2564,Shoyo Hinata,RW,0,ATL,81,66,63536,11,28,39,12,30,1,0,1,377,0,0,0,246,0,49,22,0,0,0,100,43,29,47,101,67,65,64,99.9,3.6,2.9,38.3,30.7,1165,982,54.3,-0.7,805,626,56.3,-0.7,Forward,226.5,653,653,8,83
3378,Adam Prpich,C,0,LAP,81,66,76301,29,31,60,33,26,0,0,0,846,1,2,3,8764,3,890,459,0,0,0,38,49,50,59,151,71,69,71,104,4.5,2.9,36.1,33.3,1162,1082,51.8,0.4,780,730,51.7,-0.6,Forward,304.9,637,637,9,83
1190,Lord Raiden,C,0,EDM,78,66,71324,6,21,27,-41,24,0,2,2,3256,0,2,2,2292,0,806,207,0,0,0,45,52,52,27,77,54,52,57,100.1,2.5,4.5,25.2,46.8,855,1441,37.2,-4.3,548,1004,35.3,-4.2,Forward,144.29999999999998,631,631,10,83
