id,name,position,league,team,season,gamesPlayed,timeOnIce,goals,assists,points,plusMinus,pim,ppGoals,ppAssists,ppPoints,ppTimeOnIce,shGoals,shAssists,shPoints,shTimeOnIce,gwg,faceoffs,faceoffWins,fights,fightWins,fightLosses,hits,giveaways,takeaways,shotsBlocked,shotsOnGoal,gameRating,offensiveGameRating,defensiveGameRating,advancedStats.PDO,advancedStats.GF60,advancedStats.GA60,advancedStats.SF60,advancedStats.SA60,advancedStats.CF,advancedStats.CA,advancedStats.CFPct,advancedStats.CFPctRel,advancedStats.FF,advancedStats.FA,advancedStats.FFPct,advancedStats.FFPctRel,pos,fantasy,cum_fantasy,label,rank,season_label
NA, ,NA,NA,ATL,NA,NA,NA,NA,NA,NA,NA,NA,NA,NA,NA,NA,NA,NA,NA,NA,NA,NA,NA,NA,NA,NA,NA,NA,NA,NA,NA,NA,NA,NA,NA,NA,NA,NA,NA,NA,NA,NA,NA,NA,NA,NA,NA,Forward,NA,0, ,1,65
NA, ,NA,NA,ATL,NA,NA,NA,NA,NA,NA,NA,NA,NA,NA,NA,NA,NA,NA,NA,NA,NA,NA,NA,NA,NA,NA,NA,NA,NA,NA,NA,NA,NA,NA,NA,NA,NA,NA,NA,NA,NA,NA,NA,NA,NA,NA,NA,Forward,NA,0, ,2,65
NA, ,NA,NA,ATL,NA,NA,NA,NA,NA,NA,NA,NA,NA,NA,NA,NA,NA,NA,NA,NA,NA,NA,NA,NA,NA,NA,NA,NA,NA,NA,NA,NA,NA,NA,NA,NA,NA,NA,NA,NA,NA,NA,NA,NA,NA,NA,NA,Forward,NA,0, ,3,65
NA, ,NA,NA,ATL,NA,NA,NA,NA,NA,NA,NA,NA,NA,NA,NA,NA,NA,NA,NA,NA,NA,NA,NA,NA,NA,NA,NA,NA,NA,NA,NA,NA,NA,NA,NA,NA,NA,NA,NA,NA,NA,NA,NA,NA,NA,NA,NA,Forward,NA,0, ,4,65
NA, ,NA,NA,ATL,NA,NA,NA,NA,NA,NA,NA,NA,NA,NA,NA,NA,NA,NA,NA,NA,NA,NA,NA,NA,NA,NA,NA,NA,NA,NA,NA,NA,NA,NA,NA,NA,NA,NA,NA,NA,NA,NA,NA,NA,NA,NA,NA,Forward,NA,0, ,5,65
NA, ,NA,NA,ATL,NA,NA,NA,NA,NA,NA,NA,NA,NA,NA,NA,NA,NA,NA,NA,NA,NA,NA,NA,NA,NA,NA,NA,NA,NA,NA,NA,NA,NA,NA,NA,NA,NA,NA,NA,NA,NA,NA,NA,NA,NA,NA,NA,Forward,NA,0, ,6,65
NA, ,NA,NA,ATL,NA,NA,NA,NA,NA,NA,NA,NA,NA,NA,NA,NA,NA,NA,NA,NA,NA,NA,NA,NA,NA,NA,NA,NA,NA,NA,NA,NA,NA,NA,NA,NA,NA,NA,NA,NA,NA,NA,NA,NA,NA,NA,NA,Forward,NA,0, ,7,65
NA, ,NA,NA,ATL,NA,NA,NA,NA,NA,NA,NA,NA,NA,NA,NA,NA,NA,NA,NA,NA,NA,NA,NA,NA,NA,NA,NA,NA,NA,NA,NA,NA,NA,NA,NA,NA,NA,NA,NA,NA,NA,NA,NA,NA,NA,NA,NA,Forward,NA,0, ,8,65
NA, ,NA,NA,ATL,NA,NA,NA,NA,NA,NA,NA,NA,NA,NA,NA,NA,NA,NA,NA,NA,NA,NA,NA,NA,NA,NA,NA,NA,NA,NA,NA,NA,NA,NA,NA,NA,NA,NA,NA,NA,NA,NA,NA,NA,NA,NA,NA,Forward,NA,0, ,9,65
NA, ,NA,NA,ATL,NA,NA,NA,NA,NA,NA,NA,NA,NA,NA,NA,NA,NA,NA,NA,NA,NA,NA,NA,NA,NA,NA,NA,NA,NA,NA,NA,NA,NA,NA,NA,NA,NA,NA,NA,NA,NA,NA,NA,NA,NA,NA,NA,Forward,NA,0, ,10,65
1269,Theo Kondos,RW,0,CHI,66,66,87686,39,65,104,34,37,9,13,22,12403,3,5,8,7732,7,503,160,0,0,0,134,52,55,45,230,82,81,77,101.2,4.7,2.9,39,26.6,1209,855,58.6,2.3,869,591,59.5,1.4,Forward,500.6,500.6,500.6,1,66
1820,Eero Makela,RD,0,CGY,66,66,92641,11,41,52,-11,42,3,15,18,14646,0,5,5,8231,1,1,0,0,0,0,66,15,75,273,192,69,55,85,98.9,3,3.1,32.2,30.2,966,1080,47.2,2.8,710,692,50.6,4.1,Defense,496.70000000000005,496.70000000000005,496.7,1,66
1564,Long John Donair,LW,0,LAP,66,66,85554,42,55,97,40,35,10,14,24,13119,1,0,1,791,10,81,41,0,0,0,133,62,45,46,246,72,69,71,101.8,5,2.8,40.5,26.9,1292,896,59,1.5,932,635,59.5,0.7,Forward,487.6,487.6,487.6,2,66
558,Luukas Lilja,C,0,LAP,66,66,87280,49,58,107,31,28,16,19,35,12967,3,0,3,3090,6,1323,731,0,0,0,67,46,64,31,223,72,70,73,100.9,4.9,3.2,39.8,28.4,1264,910,58.1,0.1,908,651,58.2,-1.2,Forward,482.3,482.3,482.3,3,66
1464,Kev Kevens,LW,0,SFP,66,66,81562,43,48,91,24,35,14,13,27,11649,0,1,1,818,7,31,8,0,0,0,142,49,51,54,252,82,82,77,99.9,4.3,2.8,40.5,26.2,1266,862,59.5,2.1,929,591,61.1,0.9,Forward,480.8,480.8,480.8,4,66
157,Mats Marner,LW,0,CHI,66,66,84097,49,44,93,46,26,5,10,15,12214,2,2,4,2150,2,144,39,0,0,0,131,57,37,29,274,80,86,66,103.7,4.9,2.3,39.1,26,1230,875,58.4,2.1,891,600,59.8,1.8,Forward,480,480,480,5,66
1775,Anton Mihailov,C,0,ATL,66,66,83100,47,52,99,40,32,11,17,28,9987,3,1,4,4382,11,540,287,0,0,0,114,52,41,33,220,78,82,68,101.3,4.5,2.5,39.5,24.8,1184,823,59,-1.3,869,560,60.8,-0.8,Forward,475.40000000000003,475.40000000000003,475.4,6,66
687,Kriss Darzins,LW,0,MTL,66,66,83282,47,40,87,29,28,8,6,14,9714,1,0,1,6127,7,175,31,0,0,0,109,68,36,46,275,77,82,66,105.2,4.8,2.7,35.2,31.4,1025,990,50.9,1.5,764,699,52.2,2.8,Forward,461.70000000000005,461.70000000000005,461.7,7,66
1751,Pablo Salvatici,LW,0,ATL,66,66,83732,36,59,95,46,28,10,23,33,11847,3,1,4,4068,5,843,372,0,0,0,112,59,46,35,241,77,79,71,101.9,4.4,2.1,39.6,22.9,1170,781,60,0.2,853,513,62.4,1.6,Forward,459.1,459.1,459.1,8,66
1923,Noel Blanchet,C,0,WPG,66,66,83992,48,47,95,26,38,9,10,19,9003,2,3,5,5157,6,1150,638,0,0,0,74,47,47,44,225,73,73,70,100.9,4.6,3.3,39.6,30.4,1159,899,56.3,1.1,880,685,56.2,2.6,Forward,456.5,456.5,456.5,9,66
2200,Lev Lebedev,C,0,MAN,66,66,80270,43,55,98,17,26,12,23,35,11718,0,0,0,457,3,1242,695,0,0,0,63,70,33,36,226,73,70,71,100.8,4,3,35.8,28.9,1089,928,54,3.6,796,647,55.2,4.3,Forward,451.6,451.6,451.6,10,66
1276,Jonas Kahnwald,LD,0,LAP,66,66,90975,23,45,68,50,30,8,12,20,12681,2,5,7,4979,1,0,0,0,0,0,69,15,66,131,249,68,63,75,102.1,4.7,2.4,41.2,25.8,1323,870,60.3,3.5,990,609,61.9,4.5,Defense,447.20000000000005,447.20000000000005,447.2,2,66
806,Michael Withecheck,RD,0,ATL,66,66,91031,17,46,63,48,38,8,16,24,12274,0,2,2,7326,3,0,0,0,0,0,109,13,66,123,251,72,68,75,102.7,4.6,2.2,40.8,25.1,1312,836,61.1,1.9,953,593,61.6,0.5,Defense,435.6,435.6,435.6,3,66
1327,Teylora Petrov,RD,0,MAN,66,66,90863,13,29,42,25,30,6,11,17,11585,0,5,5,9166,0,0,0,0,0,0,66,11,39,239,155,66,54,78,101.9,4.1,3,35.4,31.3,1112,1067,51,-0.8,809,715,53.1,1.2,Defense,427,427,427,4,66
1722,Ole Olson,LD,0,NOL,66,66,93755,13,36,49,17,28,9,16,25,10925,0,3,3,6335,0,0,0,0,0,0,71,7,76,171,223,72,67,77,100.8,3.3,2.4,34.4,26.7,1185,1074,52.5,1.7,838,687,55,2.4,Defense,409.2,409.2,409.2,5,66
1837,Bean Beanman,LD,0,BUF,66,66,89622,14,42,56,18,25,8,13,21,10179,0,4,4,8230,1,0,0,1,0,1,87,13,55,133,240,68,62,73,98.7,3.7,2.7,40.2,25.5,1237,935,57,0.7,926,622,59.8,4.2,Defense,408.5,408.5,408.5,6,66
732,Sven Svechnikov,LD,0,MAN,66,66,93833,14,34,48,15,24,10,8,18,11637,0,2,2,9633,3,0,0,0,0,0,61,20,52,156,233,67,61,73,99.9,3.6,3.1,34.9,29.8,1138,1056,51.9,0.5,831,715,53.8,2.3,Defense,392.7,392.7,392.7,7,66
1892,Kermit Murphy,LD,0,SEA,66,66,89003,16,26,42,22,44,8,12,20,14013,0,1,1,6351,4,0,0,0,0,0,76,9,80,167,214,70,61,80,102,3.5,1.9,35.5,24.7,1102,834,56.9,1.8,800,564,58.7,1.2,Defense,386.9,386.9,386.9,8,66
1701,Puddles O'Duck,LD,0,ATL,66,66,90146,22,32,54,39,32,11,9,20,11825,0,1,1,7581,1,0,0,0,0,0,82,10,55,112,216,68,62,74,100.9,4.2,2.2,40.4,22.8,1261,802,61.1,1.9,919,537,63.1,2.7,Defense,382.40000000000003,382.40000000000003,382.4,9,66
2251,Jonathon Hagan,RD,0,MTL,66,66,89359,8,36,44,9,42,4,13,17,13284,0,0,0,6293,0,0,0,0,0,0,94,6,42,155,198,68,61,75,102.7,4.1,3.1,33.2,32,1031,998,50.8,1.4,759,723,51.2,1.3,Defense,376.5,376.5,376.5,10,66
1820,Eero Makela,RD,0,CGY,67,66,90606,12,40,52,7,20,5,14,19,13482,0,5,5,6031,1,1,0,0,0,0,73,12,63,299,155,69,55,84,101,3.2,2.9,29.5,30,956,1121,46,0.8,674,691,49.4,2.2,Defense,512.8,1009.5,1009.5,1,67
558,Luukas Lilja,C,0,SEA,67,66,80690,55,46,101,44,49,14,12,26,12473,0,2,2,836,13,1052,596,0,0,0,72,49,52,30,262,74,73,73,102.4,4.9,2.3,41.4,24.6,1234,825,59.9,1.3,909,548,62.4,2.7,Forward,483.40000000000003,965.7,965.7,1,67
1970,Salzberger Lillehammersson,RW,0,ATL,67,66,86846,45,55,100,38,24,12,14,26,10497,10,4,14,10178,7,63,20,0,0,0,173,57,51,43,251,84,91,67,100.5,4.6,3,38.3,26,1110,837,57,1.5,835,580,59,2.6,Forward,515.3,943,943,2,67
1923,Noel Blanchet,C,0,WPG,67,66,85109,46,56,102,29,42,13,21,34,10417,1,3,4,3958,8,1152,632,0,0,0,59,65,49,31,222,71,68,70,100.7,4.1,2.5,37.8,24.9,1245,804,60.8,-0.9,877,565,60.8,0.2,Forward,460.80000000000007,917.3000000000001,917.3,3,67
1751,Pablo Salvatici,C,0,ATL,67,66,85628,40,58,98,46,48,8,22,30,10631,4,8,12,10004,4,1381,699,0,0,0,61,61,56,49,211,76,74,77,103.6,4.2,2,37.1,27,1037,845,55.1,-1.3,787,582,57.5,0.3,Forward,451.09999999999997,910.2,910.2,4,67
645,Dwayne Gretzky,C,0,MTL,67,66,88977,39,69,108,24,40,14,26,40,13072,4,6,10,9733,1,1282,691,0,0,0,72,46,49,63,189,77,76,77,101.7,4.5,3.4,35.6,30.6,1095,889,55.2,5.1,785,665,54.1,4.9,Forward,486.3,907.4,907.4,5,67
1578,Ty Murphy,RW,0,TOR,67,66,85115,37,64,101,51,37,10,18,28,12283,3,2,5,7824,7,318,180,0,0,0,145,58,38,29,238,76,76,72,104,5.4,2.2,46,28.1,1276,834,60.5,1.3,975,588,62.4,1.1,Forward,486.79999999999995,906.5,906.5,6,67
1239,Dogwood Maple,C,0,TOR,67,66,82881,54,48,102,70,24,2,4,6,2674,0,1,1,4090,11,879,415,0,0,0,77,80,52,39,346,74,72,72,104,5.7,2.3,47.8,28.9,1537,990,60.8,2,1197,702,63,2.2,Forward,518,875.8,875.8,7,67
2220,Jimmy Larkin-Conway,LW,0,TOR,67,66,78435,30,68,98,44,22,7,13,20,12673,0,1,1,177,3,19,11,0,0,0,150,52,48,37,224,77,81,67,102.9,5.5,2.5,46.8,28.7,1284,844,60.3,1.1,1006,614,62.1,0.7,Forward,473.4,874.8,874.8,8,67
1269,Theo Kondos,RW,0,CHI,67,66,85829,27,38,65,12,29,5,4,9,11999,2,3,5,2751,4,181,76,0,0,0,164,58,42,46,177,81,81,76,99.3,3.5,2.7,33.1,23.8,1083,875,55.3,1.5,760,551,58,2.3,Forward,368.30000000000007,868.9000000000001,868.9,9,67
687,Kriss Darzins,LW,0,MTL,67,66,77494,41,32,73,17,22,4,0,4,3722,3,2,5,5752,7,248,80,0,0,0,114,80,41,39,253,75,81,62,102.6,3.9,3.1,32.8,32.7,1022,983,51,-1.3,727,730,49.9,-1.5,Forward,404.9,866.6,866.6,10,67
1327,Teylora Petrov,RD,0,MAN,67,66,92953,9,32,41,-6,36,7,11,18,13581,0,1,1,8196,0,0,0,0,0,0,82,13,64,242,170,67,54,80,99.1,3.1,3.1,32.7,29.9,1038,1039,50,-0.8,744,697,51.6,0.1,Defense,433.6,860.6,860.6,2,67
1722,Ole Olson,LD,0,NOL,67,66,93832,6,42,48,20,32,2,14,16,11686,0,5,5,7471,3,0,0,0,0,0,69,16,60,181,209,70,62,79,101.8,3.5,2.4,31.9,26.4,1085,1063,50.5,1,767,673,53.3,1.5,Defense,403.2,812.4,812.4,3,67
1968,Billy Brooks,RD,0,BUF,67,66,90580,13,39,52,26,37,5,12,17,12399,1,7,8,8228,3,0,0,1,1,0,79,7,57,211,185,66,54,79,101.1,4.2,2.9,35.8,27.9,1115,942,54.2,1.9,815,633,56.3,4.7,Defense,446,811.1,811.1,4,67
1276,Jonas Kahnwald,LD,0,SEA,67,66,89768,10,41,51,15,44,6,12,18,12235,0,3,3,5970,2,0,0,0,0,0,95,9,72,111,195,68,62,75,98.5,3.6,2.7,37.2,24.4,1225,820,59.9,1.2,871,584,59.9,-1.2,Defense,359.4,806.6,806.6,5,67
806,Michael Withecheck,RD,0,ATL,67,66,85723,10,33,43,50,34,2,2,4,3480,0,4,4,6018,2,0,0,0,0,0,76,9,50,155,204,69,64,75,102.8,4.2,2.2,39.3,27.5,1293,1002,56.3,0.5,958,692,58.1,1.3,Defense,370.1,805.7,805.7,6,67
1837,Bean Beanman,LD,0,BUF,67,66,90959,17,32,49,19,26,8,10,18,12129,1,2,3,8466,2,1,1,0,0,0,89,13,72,144,221,69,62,75,99.8,3.9,3.1,35.1,27.3,1082,933,53.7,1.1,804,625,56.3,4.6,Defense,395.5,804,804,7,67
732,Sven Svechnikov,LD,0,MAN,67,66,96874,15,34,49,-4,47,7,16,23,13619,0,2,2,8214,3,0,0,0,0,0,59,6,66,158,213,67,61,73,100.4,3.3,3.1,31.5,30.8,1080,1105,49.4,-1.7,769,757,50.4,-1.8,Defense,391.70000000000005,784.4000000000001,784.4,8,67
1701,Puddles O'Duck,LD,0,ATL,67,66,92276,13,49,62,55,34,6,11,17,10594,0,7,7,9786,3,0,0,0,0,0,69,8,49,128,193,68,62,74,104.2,4.5,2,39.6,27,1256,899,58.3,3.6,926,636,59.3,3.1,Defense,399.7,782.1,782.1,9,67
1892,Kermit Murphy,LD,0,SEA,67,66,92998,15,31,46,48,34,5,10,15,12003,0,2,2,9668,1,0,0,0,0,0,59,9,50,163,228,68,61,76,103.1,4.7,2.3,38.8,25.6,1239,877,58.6,-0.8,889,594,59.9,-1,Defense,391.7,778.5999999999999,778.6,10,67
1820,Eero Makela,RD,0,CGY,68,66,87287,15,34,49,-6,39,8,15,23,14537,0,0,0,2849,2,0,0,1,0,1,51,10,62,275,162,67,54,81,100.8,3.6,3.5,28.1,29.6,872,1076,44.8,-3.9,643,681,48.6,-1.8,Defense,478.5,1488,1488,1,68
558,Luukas Lilja,LW,0,SEA,68,66,79124,40,62,102,48,44,10,23,33,10558,0,1,1,375,8,45,13,0,0,0,126,61,36,21,183,81,89,66,105.3,4.7,1.9,32.4,20.5,1047,636,62.2,2.7,726,461,61.2,0.6,Forward,463.9,1429.6,1429.6,1,68
1578,Ty Murphy,RW,0,TOR,68,66,90521,33,66,99,41,28,12,17,29,13734,1,1,2,12206,3,321,167,0,0,0,150,80,36,38,219,76,75,72,102.5,5.8,3.3,43.7,31.2,1219,889,57.8,2.9,912,651,58.3,2.2,Forward,478.5,1385,1385,2,68
2220,Jimmy Larkin-Conway,LW,0,TOR,68,66,77929,35,62,97,35,38,9,12,21,14399,0,1,1,248,8,121,30,0,0,0,149,47,47,39,259,78,82,65,101.8,5.7,3.5,44.3,31.5,1238,874,58.6,4.1,920,648,58.7,2.7,Forward,486.7,1361.5,1361.5,3,68
2200,Lev Lebedev,C,0,MAN,68,66,86894,58,51,109,33,34,10,22,32,14807,2,0,2,1364,13,1159,642,0,0,0,55,58,38,36,290,75,75,72,103.4,4.5,2.7,36.8,30.2,1161,957,54.8,1.8,852,696,55,2.5,Forward,515.6,1353.2,1353.2,4,68
1239,Dogwood Maple,C,0,TOR,68,66,77191,54,41,95,52,34,2,2,4,2406,1,1,2,2373,6,929,477,0,0,0,65,48,53,35,276,72,71,67,102.6,5.7,3,43.6,28.8,1404,982,58.8,4.7,1025,685,59.9,4.8,Forward,468.8,1344.6,1344.6,5,68
1970,Salzberger Lillehammersson,RW,0,ATL,68,66,87326,22,53,75,33,26,6,17,23,13186,5,1,6,11326,3,34,4,0,0,0,171,39,39,36,210,84,90,70,102.7,3.9,2.1,37.3,26.5,1054,778,57.5,3.6,759,548,58.1,4.3,Forward,400,1343,1343,6,68
157,Mats Marner,LW,0,CHI,68,66,79276,39,48,87,28,24,8,10,18,10475,0,1,1,1859,7,40,14,0,0,0,146,45,33,19,303,78,84,64,100.3,4.5,2.7,40,24.8,1191,813,59.4,1.5,861,539,61.5,0.8,Forward,460.69999999999993,1314.6,1314.6,7,68
1464,Kev Kevens,LW,0,CHI,68,66,84693,31,48,79,6,36,7,16,23,10829,1,1,2,2150,3,127,35,0,0,0,156,56,59,48,273,81,81,75,96.9,3.6,2.9,41.2,24.2,1265,885,58.8,0.7,949,559,62.9,3,Forward,441.09999999999997,1305.5,1305.5,8,68
91,Makrus The Tater Jager,C,0,NEW,68,66,93246,61,49,110,21,43,13,17,30,11244,4,2,6,9044,5,1167,699,1,0,1,75,73,52,49,259,76,76,72,99.9,4.4,3.4,38.2,28.7,1202,943,56,5.2,897,668,57.3,5.6,Forward,528.1,1300.8000000000002,1300.8,9,68
1751,Pablo Salvatici,C,0,ATL,68,66,87426,36,44,80,32,28,8,16,24,13354,2,5,7,10646,7,1442,747,0,0,0,54,58,54,42,215,76,73,78,102.9,3.7,2,36.7,27.4,1044,774,57.4,3.5,743,559,57.1,2.8,Forward,387.3,1297.5,1297.5,10,68
1722,Ole Olson,RD,0,NOL,68,66,95128,17,24,41,0,26,10,6,16,11653,0,1,1,6535,8,0,0,0,0,0,79,15,44,192,224,69,60,78,99.7,2.6,2.4,30.7,27.5,1117,1120,49.9,0.4,774,684,53.1,1.2,Defense,411.6,1224,1224,2,68
1701,Puddles O'Duck,LD,0,ATL,68,66,91448,17,34,51,29,52,9,15,24,13598,2,5,7,10122,4,0,0,0,0,0,59,6,44,141,249,67,61,74,103.3,3.7,2,34.1,27.1,1069,892,54.5,-0.8,772,601,56.2,1.6,Defense,395.20000000000005,1177.3000000000002,1177.3,3,68
1327,Teylora Petrov,LD,0,TEX,68,66,87547,3,13,16,-35,26,0,0,0,2653,0,4,4,8044,0,0,0,0,0,0,46,13,52,225,114,65,56,74,97.9,2,3.7,26.7,38.9,956,1299,42.4,-0.5,666,970,40.7,0.3,Defense,306.1,1166.7,1166.7,4,68
1968,Billy Brooks,RD,0,BUF,68,66,85575,6,24,30,44,30,1,1,2,3570,0,2,2,7525,1,0,0,0,0,0,51,17,38,228,113,64,52,78,101.2,4.6,2.6,44.3,27.6,1380,1026,57.4,2.8,1040,666,61,6.7,Defense,355.5,1166.6,1166.6,5,68
1892,Kermit Murphy,LD,0,SEA,68,66,91029,14,50,64,44,40,9,17,26,10553,1,1,2,8727,0,0,0,0,0,0,58,6,35,107,203,67,62,72,104.4,3.9,1.6,32.5,21.5,1086,730,59.8,-0.9,760,505,60.1,-1,Defense,386.4,1165,1165,6,68
732,Sven Svechnikov,LD,0,MAN,68,66,92265,18,29,47,13,36,6,5,11,14930,0,1,1,2595,4,1,0,0,0,0,84,9,52,126,216,66,61,71,100.7,4.1,3.4,35.6,31.2,1190,1059,52.9,-1.2,861,753,53.3,-0.1,Defense,370.80000000000007,1155.2,1155.2,7,68
1143,Angus McFife XVIII,RD,0,ATL,68,66,93349,19,29,48,47,48,8,11,19,13953,0,2,2,10191,4,0,0,0,0,0,81,10,71,157,212,70,61,79,104.8,4.4,1.9,36.8,26.7,1135,886,56.2,1.7,828,608,57.7,3.9,Defense,400.3,1154.1,1154.1,8,68
806,Michael Withecheck,RD,0,ATL,68,66,84098,14,24,38,33,30,1,1,2,3947,0,5,5,6382,6,0,0,0,0,0,74,11,40,151,169,66,60,73,102.4,3.5,2.1,34.6,27.6,1178,941,55.6,0.8,850,668,56,1.4,Defense,344.2,1149.9,1149.9,9,68
1837,Bean Beanman,LD,0,BUF,68,66,92604,9,40,49,35,18,4,12,16,14594,1,2,3,8047,2,0,0,0,0,0,68,9,55,118,186,67,60,75,101.7,4.4,2.3,44.1,27.1,1308,950,57.9,3.6,981,629,60.9,6.4,Defense,345.2,1149.2,1149.2,10,68
1820,Eero Makela,RD,0,CGY,69,66,86077,13,35,48,14,26,8,11,19,12285,0,2,2,3859,1,0,0,0,0,0,58,8,38,248,162,66,54,79,100.2,3,2.4,32.9,26.8,1010,1050,49,0.4,751,619,54.8,3.5,Defense,452,1940,1940,1,69
1578,Ty Murphy,LW,0,SEA,69,66,84221,35,58,93,45,26,7,20,27,11867,1,0,1,858,7,65,38,0,0,0,133,55,44,17,206,82,89,68,104.2,4.2,1.7,35.6,21.8,1142,704,61.9,2.6,832,483,63.3,1.9,Forward,439.2,1824.1999999999998,1824.2,1,69
1676,Konstantin Selich,C,0,BUF,69,66,91050,52,64,116,42,34,24,18,42,14432,1,6,7,9814,8,1329,741,0,0,0,56,82,54,49,303,77,73,78,101.6,5.1,2.8,44.7,28.3,1352,858,61.2,5.4,990,617,61.6,4.4,Forward,542.6999999999999,1802.3,1802.3,2,69
1970,Salzberger Lillehammersson,RW,0,ATL,69,66,83250,33,58,91,32,62,8,18,26,11538,4,2,6,3934,8,219,60,0,0,0,132,50,39,33,257,79,86,66,99.5,4.4,2.8,42.7,25.5,1263,806,61,5.1,920,564,62,4,Forward,455.70000000000005,1798.7,1798.7,3,69
2200,Lev Lebedev,C,0,MAN,69,66,88763,40,44,84,19,34,10,11,21,10573,10,4,14,8723,3,963,576,0,0,0,56,59,31,59,193,76,75,72,99,3.3,2.9,38.1,29.9,1190,960,55.3,0.6,867,670,56.4,1.2,Forward,407.69999999999993,1760.9,1760.9,4,69
1239,Dogwood Maple,RW,0,CGY,69,66,80928,38,47,85,41,20,3,12,15,9157,5,1,6,4681,3,275,117,0,0,0,105,54,35,22,217,78,80,72,104.2,4.7,2.7,35.1,29.5,998,1007,49.8,1.5,752,635,54.2,2.6,Forward,413.3,1757.9,1757.9,5,69
157,Mats Marner,LW,0,CHI,69,66,77915,38,44,82,25,14,10,14,24,12142,0,0,0,53,6,9,2,0,0,0,121,34,38,22,256,76,81,65,101.1,4.3,2.6,38.1,25.4,1149,789,59.3,5,831,540,60.6,5.4,Forward,422.40000000000003,1737,1737,6,69
1464,Kev Kevens,LW,0,CHI,69,66,84562,36,47,83,24,32,10,20,30,12028,2,2,4,6947,2,198,56,0,0,0,129,52,53,48,185,81,81,78,102,4.2,2.9,34.1,27.5,1033,844,55,-1.3,738,586,55.7,-1.7,Forward,420.90000000000003,1726.4,1726.4,7,69
91,Makrus The Tater Jager,C,0,NEW,69,66,89805,32,54,86,19,44,10,23,33,12120,1,4,5,8784,5,1347,766,0,0,0,59,81,52,55,235,76,72,79,100.7,3.3,2.2,36.6,26.5,1116,894,55.5,-1.5,832,615,57.5,0.1,Forward,417.1,1717.9,1717.9,8,69
2152,Gonzo Gobbledygook,LW,0,WPG,69,66,87343,41,59,100,44,48,13,16,29,11342,6,3,9,9360,5,41,16,0,0,0,159,58,47,41,229,88,89,80,102,4.3,2.2,37.7,23.1,1117,723,60.7,-1.5,803,501,61.6,-2.5,Forward,497.90000000000003,1703.3000000000002,1703.3,9,69
1014,Evil AllBran,C,0,PHI,69,66,88415,55,54,109,43,30,7,18,25,13841,2,4,6,3668,5,1011,567,0,0,0,71,66,41,31,307,75,78,67,101.3,4.8,2.4,44.8,25.1,1360,799,63,4.3,1023,580,63.8,4.9,Forward,521.1,1696.2,1696.2,10,69
1722,Ole Olson,RD,0,NOL,69,66,93650,14,40,54,20,42,8,14,22,14244,0,4,4,7566,1,0,0,0,0,0,67,8,54,230,170,68,55,82,101.2,3.7,2.4,33.5,24.8,1050,990,51.5,4,771,589,56.7,5.9,Defense,460.8,1684.8,1684.8,2,69
1701,Puddles O'Duck,LD,0,ATL,69,66,90688,18,37,55,21,30,9,14,23,11898,0,5,5,9886,3,14,5,0,0,0,62,11,57,158,245,68,60,77,100.1,3.2,2.2,39.9,27.2,1193,913,56.6,-1.5,879,619,58.7,-1,Defense,423.5,1600.8000000000002,1600.8,3,69
1143,Angus McFife XVIII,RD,0,ATL,69,66,94837,20,35,55,18,46,10,9,19,11877,2,8,10,10019,2,1,0,0,0,0,76,12,63,167,228,68,61,77,98.8,2.9,2.3,39.5,27.3,1261,962,56.7,-1.4,934,652,58.9,-0.7,Defense,434.09999999999997,1588.1999999999998,1588.2,4,69
732,Sven Svechnikov,LD,0,MAN,69,66,95320,16,31,47,26,41,7,8,15,10830,0,6,6,8047,3,1,0,0,0,0,71,10,49,154,197,67,60,75,100.5,3.4,2.3,36.8,26.5,1238,1056,54,-1.6,888,660,57.4,2.6,Defense,383.1,1538.3000000000002,1538.3,5,69
883,Sean Gatez,RD,0,MAN,69,66,90971,10,23,33,27,38,4,4,8,10624,1,4,5,7873,0,0,0,0,0,0,74,10,48,250,157,67,54,82,100.9,3.4,2.3,36.1,26.7,1175,1042,53,-3,833,626,57.1,2.1,Defense,410.7,1519,1519,6,69
1892,Kermit Murphy,LD,0,SEA,69,66,90552,15,39,54,30,46,8,19,27,11332,0,4,4,9278,3,0,0,0,0,0,58,7,55,98,213,67,62,72,100.6,3.6,2.1,35.4,21.6,1127,706,61.5,2,791,488,61.8,-0.3,Defense,352.3,1517.3,1517.3,7,69
1973,Luc Blouin,LD,0,PHI,69,66,88233,12,38,50,25,54,3,15,18,13434,1,2,3,4835,1,0,0,0,0,0,108,19,54,106,228,70,65,75,100.5,3.7,2.1,42.3,25.4,1284,828,60.8,0.9,955,587,61.9,1.9,Defense,369,1507,1507,8,69
806,Michael Withecheck,RD,0,ATL,69,66,84059,12,37,49,47,40,1,3,4,3148,0,5,5,5774,0,0,0,0,0,0,66,9,54,125,185,65,59,71,101.2,4.6,2.7,39.8,26.6,1324,911,59.2,2.5,966,649,59.8,0.7,Defense,353.4,1503.3,1503.3,9,69
2251,Jonathon Hagan,RD,0,MTL,69,66,86618,19,35,54,52,48,9,12,21,11083,1,3,4,4991,4,0,0,0,0,0,48,7,51,128,187,66,60,73,104.4,4.8,2.3,37.4,26.7,1151,903,56,0.7,869,626,58.1,1.9,Defense,371.5,1498.9,1498.9,10,69
1820,Eero Makela,RD,0,CGY,70,66,83586,9,24,33,27,35,2,4,6,4251,0,1,1,9023,3,0,0,0,0,0,60,15,45,314,116,67,53,83,102.3,4.1,2.8,33.9,28.8,1065,1131,48.5,1.9,787,684,53.5,2.8,Defense,449.40000000000003,2389.4,2389.4,1,70
1676,Konstantin Selich,C,0,BUF,70,66,92491,56,47,103,30,48,13,10,23,14546,3,4,7,9802,8,1294,712,0,0,0,92,93,47,50,351,78,75,78,100,4.6,3.2,44.7,30.4,1293,969,57.2,1.8,982,687,58.8,3,Forward,537.1,2339.4,2339.4,1,70
1014,Evil AllBran,C,0,PHI,70,66,87430,58,62,120,51,49,12,23,35,17511,4,2,6,5022,7,929,502,0,0,0,76,63,35,32,317,76,79,69,103.1,5.5,2.6,44.4,28.1,1252,836,60,0.2,942,599,61.1,0.6,Forward,562.7,2258.9,2258.9,2,70
1578,Ty Murphy,LW,0,SEA,70,66,84099,29,65,94,45,36,5,22,27,12273,3,1,4,1500,5,74,43,0,0,0,132,44,46,22,183,79,79,76,103.9,4.2,2,35.8,25,1093,830,56.8,1.2,808,586,58,1.7,Forward,431.9,2256.1,2256.1,3,70
1970,Salzberger Lillehammersson,RW,0,ATL,70,66,79838,36,53,89,35,46,10,17,27,13371,3,1,4,3227,8,169,49,0,0,0,158,73,36,35,210,78,84,67,102.1,5.1,2.9,41.7,28.5,1175,830,58.6,0.8,871,592,59.5,-0.3,Forward,450.2,2248.9,2248.9,4,70
2152,Gonzo Gobbledygook,LW,0,WPG,70,66,75759,37,47,84,38,39,4,6,10,4576,1,5,6,2690,3,47,20,0,0,0,98,55,46,34,244,80,85,69,98.5,4.7,3.1,43.7,25.1,1336,837,61.5,2.4,985,565,63.5,1.9,Forward,421.79999999999995,2125.1,2125.1,5,70
2433,Max Manning,C,0,SEA,70,66,88399,63,47,110,23,37,18,25,43,12354,2,2,4,3506,10,1145,624,0,0,0,79,63,42,23,252,77,80,72,100.1,3.6,2.5,35.6,25.4,1135,838,57.5,2.2,833,583,58.8,3.1,Forward,514,2123.3,2123.3,6,70
2200,Lev Lebedev,C,0,MAN,70,66,88661,27,47,74,-35,32,5,10,15,11453,4,1,5,8321,2,1073,609,0,0,0,65,46,42,50,188,72,71,67,97.5,3.7,5.2,35.7,40.7,1085,1219,47.1,1.2,795,911,46.6,1.6,Forward,361.4,2122.3,2122.3,7,70
1239,Dogwood Maple,RW,0,CGY,70,66,73548,37,34,71,20,32,2,5,7,4410,1,1,2,2310,5,24,9,0,0,0,94,61,32,5,216,75,79,64,102.9,4.1,3.1,32.4,31,954,1075,47,-0.4,716,676,51.4,-0.3,Forward,355.40000000000003,2113.3,2113.3,8,70
1722,Ole Olson,RD,0,NOL,70,66,94122,9,33,42,1,36,8,14,22,14924,0,2,2,10069,1,0,0,0,0,0,56,11,61,219,147,66,55,80,100.4,3.7,3.3,34.2,31.9,1046,1087,49,2,763,724,51.3,3.1,Defense,398.6,2083.4,2083.4,2,70
2554,Sconnie McHits,RW,0,MTL,70,66,82232,40,45,85,17,51,14,16,30,12832,0,0,0,542,9,106,39,1,1,0,142,64,34,29,283,80,88,65,100.2,4.1,3,40.2,29.8,1232,952,56.4,3.1,904,673,57.3,3.3,Forward,454.09999999999997,2081.2,2081.2,9,70
929,Conner Snooks,RW,0,EDM,70,66,84281,43,53,96,6,45,20,21,41,12352,0,1,1,2411,8,476,268,0,0,0,125,73,37,33,254,78,83,67,99.9,4,3.3,38.7,31.1,1201,954,55.7,-0.7,881,720,55,0.2,Forward,477,2062.7,2062.7,10,70
1143,Angus McFife XVIII,RD,0,ATL,70,66,94021,18,48,66,53,42,8,13,21,12938,0,4,4,11538,4,0,0,0,0,0,90,13,54,141,261,69,62,76,103.3,4.9,2.1,42.9,26.5,1294,854,60.2,3.3,970,599,61.8,3.3,Defense,457.20000000000005,2045.4,2045.4,3,70
1701,Puddles O'Duck,LD,0,ATL,70,66,91528,22,36,58,36,50,11,12,23,12950,0,4,4,11264,2,4,4,0,0,0,74,10,53,162,228,69,62,76,101.3,4.5,2.5,42.4,26.6,1227,837,59.4,2,921,585,61.2,2.2,Defense,439.8,2040.6000000000001,2040.6,4,70
732,Sven Svechnikov,LD,0,NEW,70,66,97515,14,44,58,16,30,4,13,17,13975,2,3,5,11378,2,1,0,0,0,0,103,19,59,212,214,70,62,79,100.1,3.8,3.1,38.4,31.8,1226,1149,51.6,-2.6,897,739,54.8,-1.5,Defense,484.2,2022.5,2022.5,5,70
883,Sean Gatez,RD,0,MAN,70,66,95666,4,36,40,-49,32,2,9,11,11515,0,4,4,7867,0,0,0,0,0,0,70,17,59,202,194,65,59,72,96.3,3.4,5.3,35.4,40.2,1171,1341,46.6,0.5,852,994,46.2,0.9,Defense,392,1911,1911,6,70
1892,Kermit Murphy,LD,0,SEA,70,66,91853,19,36,55,22,38,11,11,22,12105,0,5,5,9331,3,1,0,0,0,0,66,7,49,117,211,67,62,72,100.9,3.5,2.5,33.2,26.3,1044,805,56.5,0.6,747,596,55.6,-1.8,Defense,379,1896.3,1896.3,7,70
1837,Bean Beanman,LD,0,BUF,70,66,90450,15,33,48,19,28,8,10,18,14536,0,1,1,5603,3,0,0,0,0,0,70,9,55,164,188,68,60,75,100.8,4.2,3.2,41.6,33.8,1271,1078,54.1,-2.9,950,780,54.9,-3.1,Defense,391,1887,1887,8,70
806,Michael Withecheck,RD,0,ATL,70,66,83756,11,32,43,41,34,4,4,8,4320,1,5,6,7427,1,0,0,0,0,0,85,14,65,143,183,67,62,72,101.1,4.5,2.9,40,28.1,1254,963,56.6,-2.4,951,659,59.1,-1,Defense,357.6,1860.9,1860.9,9,70
2251,Jonathon Hagan,RD,0,MTL,70,66,90992,9,35,44,20,22,3,13,16,12826,1,4,5,5873,1,0,0,0,0,0,65,8,45,150,180,67,59,75,100.3,3.5,2.7,36.9,29.3,1180,1015,53.8,-0.9,878,721,54.9,-0.4,Defense,356,1854.9,1854.9,10,70
1676,Konstantin Selich,C,0,BUF,71,66,90792,47,56,103,44,36,10,14,24,12910,7,1,8,9741,10,1283,703,0,0,0,72,77,63,62,308,79,74,81,102.6,5,2.6,43.7,29.7,1315,901,59.3,3.9,989,654,60.2,4.6,Forward,514.4,2853.8,2853.8,1,71
1014,Evil AllBran,C,0,PHI,71,66,92770,60,62,122,25,50,16,25,41,15454,4,3,7,12599,6,1234,713,0,0,0,96,61,46,41,336,80,82,75,100,5.2,3.4,46.6,30.7,1335,864,60.7,0.8,991,644,60.6,0.3,Forward,589.8,2848.7,2848.7,2,71
1578,Ty Murphy,RW,0,BUF,71,66,82665,37,50,87,38,28,8,7,15,12764,0,0,0,1536,4,92,58,0,0,0,176,55,26,24,258,79,85,65,103.2,5.3,2.8,43,30.7,1347,909,59.7,4.5,986,676,59.3,3.3,Forward,460.19999999999993,2716.2999999999997,2716.3,3,71
1970,Salzberger Lillehammersson,RW,0,ATL,71,66,79198,18,41,59,8,22,0,1,1,4077,0,3,3,4022,1,251,80,0,0,0,135,61,33,40,229,73,76,63,97.3,3.5,3.1,40.9,27.9,1291,915,58.5,1,952,639,59.8,0.5,Forward,341.7,2590.6,2590.6,4,71
2433,Max Manning,C,0,SEA,71,66,95840,41,46,87,1,55,17,11,28,11676,2,6,8,9315,5,1086,584,1,0,1,84,68,46,44,256,78,82,71,97.8,3.1,3.3,31.6,27.1,1085,920,54.1,5,766,649,54.1,4.9,Forward,438.8,2562.1,2562.1,5,71
1722,Ole Olson,RD,0,NOL,71,66,93772,20,30,50,9,30,12,14,26,11528,1,0,1,11634,1,0,0,0,0,0,73,17,51,234,174,67,54,81,100.6,2.9,2.6,30.9,29.6,1012,1113,47.6,1.9,707,716,49.7,1.8,Defense,462,2545.4,2545.4,1,71
2554,Sconnie McHits,RW,0,MTL,71,66,80076,36,60,96,45,26,7,8,15,12275,0,0,0,451,6,88,24,0,0,0,93,56,31,27,246,79,87,65,104.7,5.2,2.5,39.2,28.5,1165,922,55.8,3.4,859,660,56.6,2.6,Forward,451.2,2532.4,2532.4,6,71
1239,Dogwood Maple,RW,0,HAM,71,66,84675,30,47,77,-15,42,8,15,23,17247,1,4,5,4005,2,94,40,0,0,0,146,68,47,9,296,77,79,69,98.9,4.2,4.5,37.1,36.5,1040,951,52.2,2,762,754,50.3,1.3,Forward,413.6,2526.9,2526.9,7,71
2371,Grogu Mandosson,C,0,MTL,71,66,86993,32,64,96,49,38,4,18,22,12399,4,2,6,9801,3,1014,581,0,0,0,76,67,46,37,228,77,77,74,105.1,5.3,2.6,39,29.7,1107,888,55.5,2.9,823,651,55.8,1.4,Forward,440.99999999999994,2499.4,2499.4,8,71
2200,Lev Lebedev,LW,0,HAM,71,66,76193,35,32,67,-13,30,1,1,2,4101,3,1,4,1809,5,70,16,0,0,0,115,62,37,30,235,69,73,58,96.9,4.1,4.8,36.5,32.8,1167,1033,53,3.4,847,769,52.4,4.6,Forward,370.5,2492.8,2492.8,9,71
91,Makrus The Tater Jager,C,0,NEW,71,66,80400,53,44,97,57,46,3,3,6,3557,6,3,9,4816,6,1147,719,0,0,0,47,76,42,41,230,72,72,68,102.4,4.8,2.2,42.1,25,1355,887,60.4,1.6,1012,589,63.2,2.9,Forward,456.40000000000003,2491.4,2491.4,10,71
732,Sven Svechnikov,LD,0,NEW,71,66,93910,12,41,53,40,67,7,12,19,13249,0,2,2,10937,1,0,0,0,0,0,83,17,48,177,261,68,61,76,101.7,4.8,2.5,43.4,27.3,1297,906,58.9,-0.8,998,612,62,1,Defense,441.8,2464.3,2464.3,2,71
1701,Puddles O'Duck,LD,0,ATL,71,66,90310,11,31,42,33,59,4,11,15,8343,0,3,3,10242,4,23,7,1,0,1,71,13,51,172,203,67,60,76,102.2,4,2.3,39.6,29.3,1248,968,56.3,-2.4,925,676,57.8,-2.6,Defense,381.1,2421.7000000000003,2421.7,3,71
1143,Angus McFife XVIII,RD,0,ATL,71,66,95212,10,35,45,13,46,3,14,17,13727,0,3,3,10341,1,0,0,0,0,0,96,9,54,139,222,69,63,76,100.3,3.1,2.2,39.1,29.4,1229,955,56.3,-2.5,907,674,57.4,-3.2,Defense,375.1,2420.5,2420.5,4,71
1820,Eero Makela,RD,0,CGY,70,66,83586,9,24,33,27,35,2,4,6,4251,0,1,1,9023,3,0,0,0,0,0,60,15,45,314,116,67,53,83,102.3,4.1,2.8,33.9,28.8,1065,1131,48.5,1.9,787,684,53.5,2.8,Defense,449.40000000000003,2389.4,2389.4,5,71
877,Adelie de Pengu,RD,0,CHI,71,66,93786,16,40,56,18,52,9,9,18,13359,0,2,2,4501,0,23,12,0,0,0,68,17,54,238,222,70,61,80,100.5,4.1,3.1,37.4,29.4,1303,1120,53.8,2,925,722,56.2,4.8,Defense,492,2311.6,2311.6,6,71
883,Sean Gatez,RD,0,CGY,71,66,94996,13,17,30,-40,34,9,6,15,14172,0,0,0,7981,1,0,0,0,0,0,97,12,51,159,141,66,60,73,98.4,2.4,3.7,27.5,35.9,860,1179,42.2,-1.5,633,867,42.2,-1.1,Defense,327.20000000000005,2238.2,2238.2,7,71
2251,Jonathon Hagan,RD,0,MTL,71,66,90080,13,36,49,40,34,6,10,16,13176,0,1,1,5966,4,0,0,0,0,0,83,11,44,128,205,67,60,75,104.4,4.4,2.1,37.4,28.6,1197,949,55.8,3.4,867,684,55.9,1.6,Defense,369.9,2224.8,2224.8,8,71
1837,Bean Beanman,LD,0,BUF,71,66,86208,14,28,42,36,20,5,8,13,13445,0,0,0,4666,3,0,0,0,0,0,65,9,44,137,150,66,59,73,103.6,4.9,2.6,40.1,30.3,1260,970,56.5,-0.4,936,679,58,1.2,Defense,334.3,2221.3,2221.3,9,71
1892,Kermit Murphy,RD,0,SEA,71,66,89267,8,23,31,3,46,3,1,4,4125,0,0,0,5616,3,0,0,0,0,0,61,6,41,148,154,64,58,70,100.8,3.3,2.9,29.4,28.2,1066,1008,51.4,0.7,779,731,51.6,1,Defense,304.8,2201.1,2201.1,10,71
1676,Konstantin Selich,C,0,BUF,72,66,93115,59,60,119,29,42,21,20,41,16154,7,1,8,11466,9,1531,787,0,0,0,75,72,50,64,355,80,77,80,101.1,4.8,3.3,45,34.2,1303,978,57.1,4.5,962,731,56.8,4.1,Forward,590.9,3444.7,3444.7,1,72
1014,Evil AllBran,C,0,PHI,72,66,87343,42,59,101,28,68,13,29,42,17352,3,0,3,4417,8,1359,800,0,0,0,69,58,48,37,282,75,74,75,99.9,4.6,2.9,45.8,28.3,1372,849,61.8,2.7,994,610,62,2.4,Forward,479.40000000000003,3328.1,3328.1,2,72
1578,Ty Murphy,RW,0,BUF,72,66,81332,37,64,101,33,48,6,22,28,16197,0,1,1,862,5,34,9,0,0,0,183,59,39,17,246,81,84,71,103.1,5,2.7,45.1,33.8,1292,947,57.7,5.3,950,708,57.3,4.7,Forward,497.2,3213.5,3213.5,3,72
2554,Sconnie McHits,RW,0,MTL,72,66,85599,43,60,103,34,34,11,9,20,14253,1,1,2,3204,5,65,22,0,0,0,132,60,26,20,279,80,88,65,102.2,5.1,3.1,40.9,29.5,1265,956,57,5.4,897,682,56.8,4.8,Forward,500.5,3032.9,3032.9,4,72
1970,Salzberger Lillehammersson,RW,0,ATL,72,66,78594,34,37,71,21,62,3,4,7,4858,7,0,7,4566,4,294,99,0,0,0,151,59,40,45,258,77,83,64,98.8,3.7,2.9,42.4,29.5,1310,944,58.1,0.4,957,659,59.2,0.3,Forward,411.79999999999995,3002.4,3002.4,5,72
2371,Grogu Mandosson,C,0,MTL,72,66,88147,44,60,104,37,46,10,15,25,13979,2,3,5,10400,4,1324,773,0,0,0,62,68,50,74,237,78,76,79,102.8,5.4,3.1,41.6,30.7,1139,944,54.7,1.9,831,672,55.3,2.4,Forward,496.3,2995.7,2995.7,6,72
2433,Max Manning,C,0,WPG,72,66,80447,33,50,83,41,57,1,2,3,4762,1,4,5,6489,8,1091,611,1,0,1,56,79,49,39,263,73,74,69,99.2,4.8,2.9,45,25,1366,852,61.6,0,1013,585,63.4,0.9,Forward,406.69999999999993,2968.8,2968.8,7,72
2652,Ivan Lacksamus,C,0,NEW,72,66,92906,55,76,131,33,70,24,34,58,19504,4,7,11,13494,7,1579,912,0,0,0,82,92,56,67,334,82,80,83,100.6,4.4,2.6,45.2,28.6,1130,801,58.5,0,885,557,61.4,1.8,Forward,621.2,2916.7000000000003,2916.7,8,72
2457,Mikko Rashford,RW,0,WPG,72,66,88776,31,63,94,29,28,10,27,37,16937,5,1,6,11911,1,36,9,0,0,0,158,66,36,35,255,84,90,70,99.9,4.3,2.5,44.2,25.6,1215,734,62.3,1.1,867,511,62.9,0.2,Forward,473.7,2910.9,2910.9,9,72
91,Makrus The Tater Jager,C,0,NEW,72,66,77576,37,45,82,33,46,5,7,12,5285,1,3,4,8484,8,989,555,0,0,0,63,81,47,41,242,71,71,69,99.7,5,3.3,46.8,29.6,1284,891,59,0.8,966,629,60.6,0.7,Forward,405.40000000000003,2896.8,2896.8,10,72
732,Sven Svechnikov,RD,0,NEW,72,66,91100,10,34,44,57,56,1,3,4,5445,1,3,4,13252,1,0,0,0,0,0,77,13,53,187,171,67,60,75,100.9,5.3,2.8,47.8,27.8,1441,1001,59,0.8,1108,675,62.1,3.3,Defense,392.40000000000003,2856.7000000000003,2856.7,1,72
1722,Ole Olson,LD,0,ATL,72,66,65580,7,20,27,17,24,0,0,0,602,0,1,1,2613,1,0,0,0,0,0,60,3,30,157,116,60,52,70,99.5,3.8,3,39.7,30.2,1158,935,55.3,-3.8,823,628,56.7,-3.4,Defense,288.1,2833.5,2833.5,2,72
1143,Angus McFife XVIII,RD,0,ATL,72,66,93954,16,31,47,8,46,8,9,17,15506,1,6,7,12076,1,0,0,0,0,0,109,15,57,133,264,70,66,75,98.3,3.1,2.5,43.7,28.4,1297,883,59.5,2.4,946,615,60.6,2.3,Defense,399.5,2820,2820,3,72
1701,Puddles O'Duck,LD,0,ATL,72,66,88996,14,27,41,15,51,11,11,22,15286,1,2,3,7614,2,17,8,1,1,0,72,8,71,143,264,68,60,77,99.3,3.3,2.5,41.6,29.2,1260,898,58.4,0.8,914,622,59.5,0.7,Defense,373.70000000000005,2795.4,2795.4,4,72
877,Adelie de Pengu,RD,0,CHI,72,66,92695,20,37,57,54,54,11,18,29,17628,1,1,2,5303,4,11,3,0,0,0,81,11,56,158,225,71,66,77,105.5,5,2.2,40.1,31.2,1249,999,55.6,0.9,911,698,56.6,2.7,Defense,433.1,2744.7,2744.7,5,72
2529,Christian Kinsinger,LD,0,WPG,72,66,91322,27,38,65,35,54,18,18,36,17648,0,3,3,7078,1,0,0,0,0,0,66,9,52,131,265,69,62,76,100.3,4.4,2.5,42.5,24.5,1280,791,61.8,0.3,938,546,63.2,0.6,Defense,445.79999999999995,2646.8,2646.8,6,72
2251,Jonathon Hagan,RD,0,MTL,72,66,88764,16,41,57,45,45,5,12,17,14098,0,1,1,3833,2,0,0,0,0,0,70,7,51,154,199,68,61,76,105.5,4.9,2.3,37.3,30.1,1205,1001,54.6,1.8,872,709,55.2,2.3,Defense,413.29999999999995,2638.1,2638.1,7,72
1892,Kermit Murphy,RD,0,BAP,72,66,94034,15,42,57,-11,60,9,17,26,15650,0,3,3,9977,2,0,0,0,0,0,68,11,63,171,216,66,61,72,98.3,3.7,3.9,37.6,33.6,1116,1021,52.2,3.8,838,741,53.1,3.9,Defense,431.9,2633,2633,8,72
2486,Jay O'Neil,RD,0,WPG,72,66,97972,26,46,72,34,52,17,18,35,17371,0,4,4,11664,2,0,0,0,0,0,88,9,66,194,241,72,64,81,99.6,4.5,2.8,43.2,25.5,1361,879,60.8,-1.3,992,585,62.9,0.2,Defense,524.1,2564,2564,9,72
2440,Dirty Boots,LD,0,TEX,72,66,98320,11,34,45,16,46,7,8,15,18486,2,4,6,9237,0,0,0,0,0,0,64,10,65,196,245,71,64,79,101.8,3.8,2.7,36.1,30.2,1125,1180,48.8,-2.9,840,712,54.1,1.6,Defense,421.5,2537.7,2537.7,10,72
1676,Konstantin Selich,C,0,BUF,73,66,91044,45,59,104,27,46,12,20,32,13151,7,4,11,10425,8,1310,677,0,0,0,81,95,52,52,368,77,75,77,100.2,4.3,3,45.2,33,1387,986,58.4,4.2,1002,709,58.6,3.1,Forward,531,3975.7,3975.7,1,73
1014,Evil AllBran,LW,0,PHI,73,66,80689,33,40,73,35,44,1,4,5,3784,6,4,10,13044,6,62,31,0,0,0,157,63,40,52,252,83,84,75,100,4.1,2.6,46.5,29.4,1332,849,61.1,3,981,607,61.8,2.9,Forward,421.6,3749.7000000000003,3749.7,2,73
1578,Ty Murphy,RW,0,BUF,73,66,81795,35,44,79,25,41,7,7,14,13339,0,1,1,1394,9,40,18,0,0,0,158,41,39,21,222,79,85,67,101.3,4.6,3.1,44.6,33.7,1367,996,57.9,3.3,979,722,57.6,1.6,Forward,414.40000000000003,3627.8999999999996,3627.9,3,73
2652,Ivan Lacksamus,C,0,NEW,73,66,92732,65,77,142,57,56,22,25,47,15688,6,3,9,11195,11,1459,882,0,0,0,76,72,58,66,350,82,83,80,103,5.6,2.7,47.2,30.7,1323,937,58.5,0.5,1000,654,60.5,1.7,Forward,666,3582.7000000000003,3582.7,4,73
1970,Salzberger Lillehammersson,LW,0,ATL,73,66,75813,34,55,89,46,30,0,0,0,785,3,1,4,4379,5,195,64,0,0,0,121,51,31,48,273,76,78,67,102.4,5.6,3.3,46.3,33.9,1414,1097,56.3,0.2,1061,777,57.7,1.1,Forward,460.09999999999997,3462.5,3462.5,5,73
2207,Lias Ekholm-Gunnarsson,C,0,WPG,73,66,89369,56,69,125,32,50,17,31,48,14119,4,8,12,10696,3,1325,738,0,0,0,69,76,49,78,290,78,76,79,100.4,4.7,3,41.3,27,1193,836,58.8,0,865,586,59.6,-0.2,Forward,592.4,3461,3461,6,73
2620,Red Kirkby,RW,0,PHI,73,66,85922,42,70,112,36,46,12,26,38,16056,4,3,7,4315,7,70,39,0,0,0,167,46,40,45,287,83,90,69,101.7,5,2.9,47.5,32.4,1360,950,58.9,-0.3,1032,701,59.5,-0.4,Forward,557.9,3438,3438,7,73
2457,Mikko Rashford,RW,0,WPG,73,66,84510,39,62,101,44,38,9,23,32,13929,7,4,11,11450,6,27,9,2,1,1,155,58,43,52,241,84,90,71,103.2,5.1,2.4,42.7,27.8,1138,795,58.9,0.1,821,548,60,0.3,Forward,507.5,3418.4,3418.4,8,73
2404,Petr Svoboda,LW,0,NEW,73,66,79938,37,76,113,53,56,11,28,39,15881,1,0,1,836,7,50,17,0,0,0,141,55,40,29,253,80,85,69,104,5.8,2.5,46.4,29.6,1263,878,59,1.1,948,617,60.6,1.8,Forward,525.6999999999999,3413.7,3413.7,9,73
2371,Grogu Mandosson,C,0,WPG,73,66,71698,36,43,79,63,34,2,3,5,3299,1,2,3,3144,5,822,446,0,0,0,41,70,40,36,226,67,63,70,104.7,5.5,2,45.4,27.8,1325,842,61.1,3.5,964,599,61.7,2.9,Forward,378.8,3374.5,3374.5,10,73
1143,Angus McFife XVIII,RD,0,ATL,73,66,90593,14,30,44,20,40,5,7,12,13887,0,2,2,10057,0,0,0,0,0,0,78,8,53,146,176,68,64,73,101.2,4.8,3.5,42.7,34.9,1280,1032,55.4,-1.2,943,763,55.3,-2.6,Defense,361.4,3181.4,3181.4,1,73
877,Adelie de Pengu,RD,0,CHI,73,66,91167,17,39,56,11,51,10,19,29,16289,1,1,2,5144,1,15,9,0,0,0,74,14,56,139,203,70,65,75,100.9,3.4,2.6,37.1,31.1,1213,1018,54.4,2.5,872,712,55.1,3,Defense,400.6,3145.3,3145.3,2,73
732,Sven Svechnikov,RD,0,NEW,73,66,80264,7,27,34,48,30,0,4,4,2573,0,1,1,8218,0,1,1,0,0,0,68,5,56,109,109,63,55,70,101.7,5.2,2.9,44.5,29.1,1378,954,59.1,1.3,1012,678,59.9,0.8,Defense,267,3123.7000000000003,3123.7,3,73
1701,Puddles O'Duck,LD,0,ATL,73,66,83557,8,23,31,27,36,1,1,2,3058,0,3,3,7295,0,9,3,0,0,0,63,14,45,128,137,64,58,68,101.2,4.6,3.3,43,35.7,1388,1158,54.5,-2.6,1047,853,55.1,-3,Defense,282.5,3077.9,3077.9,4,73
1722,Ole Olson,LD,0,ATL,73,66,62867,5,23,28,34,18,0,0,0,304,0,0,0,1516,1,0,0,0,0,0,63,9,34,61,112,58,53,63,101.8,5,3.1,46.6,34.6,1252,942,57.1,1.3,916,705,56.5,-0.8,Defense,202.70000000000002,3036.2000000000003,3036.2,5,73
2529,Christian Kinsinger,LD,0,WPG,73,66,83699,4,39,43,45,42,1,2,3,4076,0,6,6,11441,1,0,0,0,0,0,53,10,33,148,119,65,59,72,101.1,4.9,2.9,44.4,28.9,1313,932,58.5,-0.5,979,646,60.2,0.7,Defense,323.1,2969.9,2969.9,6,73
1892,Kermit Murphy,RD,0,BAP,73,66,86801,7,27,34,30,48,0,2,2,2680,0,0,0,9442,0,0,0,0,0,0,43,12,58,182,134,65,58,73,101.7,4.6,3.4,41.2,35.4,1344,1210,52.6,3.7,998,875,53.3,3.5,Defense,330.2,2963.2,2963.2,7,73
2486,Jay O'Neil,RD,0,WPG,73,66,93553,19,44,63,20,59,13,15,28,14238,0,4,4,10922,0,0,0,0,0,0,109,11,75,90,213,66,57,77,99.4,3.8,2.6,43.2,27.4,1289,907,58.7,-0.2,958,618,60.8,1.5,Defense,396.5,2960.5,2960.5,8,73
2440,Dirty Boots,LD,0,TEX,73,66,91767,13,32,45,-1,51,9,10,19,15801,0,4,4,6349,3,0,0,1,0,1,53,14,44,196,222,67,60,74,97.6,3.5,3.3,39.1,29,1207,1064,53.1,3.4,886,667,57.1,6.2,Defense,412.20000000000005,2949.9,2949.9,9,73
2251,Jonathon Hagan,LD,0,EDM,73,66,72738,9,32,41,46,42,2,3,5,3446,0,2,2,2759,2,0,0,0,0,0,46,9,42,99,144,62,57,66,101.5,5.5,3.2,48.9,32.7,1496,912,62.1,1.6,1068,692,60.7,-1.3,Defense,282.7,2920.7999999999997,2920.8,10,73
1676,Konstantin Selich,LW,0,BUF,74,66,87433,47,80,127,62,28,8,18,26,14533,2,6,8,4650,1,260,138,0,0,0,157,62,58,57,296,82,86,72,104.1,5.9,2.6,48.4,32.2,1378,989,58.2,3.9,1070,714,60,6.2,Forward,613.8,4589.5,4589.5,1,74
2652,Ivan Lacksamus,C,0,NEW,74,66,92071,51,58,109,19,55,10,28,38,13451,5,5,10,13062,6,1518,835,1,0,1,63,95,49,59,394,78,78,77,99.7,4.2,3.2,44.6,32.9,1262,996,55.9,-0.5,935,716,56.6,-1.5,Forward,556.8,4139.5,4139.5,2,74
1014,Evil AllBran,LW,0,PHI,74,66,75714,23,47,70,30,38,2,5,7,4751,2,3,5,3723,3,86,49,0,0,0,105,49,32,69,209,75,74,72,100.7,4.2,2.7,45.2,31.4,1343,1004,57.2,-1.2,988,697,58.6,-0.6,Forward,379.09999999999997,4128.8,4128.8,3,74
1578,Ty Murphy,LW,0,TEX,74,66,77988,23,43,66,28,20,0,2,2,3352,1,1,2,1089,3,64,20,0,0,0,122,62,37,58,219,74,77,64,100.4,4.3,2.9,42.3,30.5,1353,1183,53.4,-0.2,996,737,57.5,-0.4,Forward,370.3,3998.2,3998.2,4,74
2620,Red Kirkby,RW,0,PHI,74,66,83333,32,63,95,25,28,9,32,41,15681,1,0,1,1070,5,69,15,0,0,0,148,55,41,48,248,79,83,69,101.2,4,2.3,45.3,29.8,1320,943,58.3,0.5,983,661,59.8,1.1,Forward,479.4,3917.3999999999996,3917.4,5,74
1970,Salzberger Lillehammersson,LW,0,ATL,74,66,75340,24,51,75,43,14,0,0,0,1053,0,3,3,3660,3,200,61,0,0,0,102,48,32,57,218,76,78,68,102.5,5,3,46.6,35.3,1418,1102,56.3,1.8,1071,825,56.5,0.7,Forward,389.4,3851.8999999999996,3851.9,6,74
2564,Shoyo Hinata,C,0,ATL,74,66,84353,61,54,115,25,30,19,20,39,11926,2,0,2,2915,8,1126,601,0,0,0,68,86,41,37,354,73,74,69,100.1,4.9,3.4,45.8,31.9,1431,1049,57.7,4,1046,737,58.7,3.9,Forward,561.6000000000001,3834.9,3834.9,7,74
2207,Lias Ekholm-Gunnarsson,C,0,WPG,74,66,84498,28,35,63,15,32,2,6,8,8211,4,4,8,4226,3,902,500,0,0,0,71,90,39,54,283,72,71,72,99.2,3.2,2.7,38.9,30,1291,1013,56,0.1,912,712,56.2,0.4,Forward,362.69999999999993,3823.7,3823.7,8,74
1394,Paul Koivu,LW,0,HAM,74,66,81070,41,50,91,17,35,9,16,25,15805,3,0,3,3263,6,87,24,0,0,0,123,72,23,27,274,75,82,63,101.7,5.2,3.8,43.5,37.1,1190,1045,53.2,1.3,887,754,54.1,2.1,Forward,461.59999999999997,3807.5,3807.5,9,74
2404,Petr Svoboda,LW,0,TEX,74,66,78085,32,33,65,7,40,9,12,21,13813,0,0,0,376,3,49,19,0,0,0,129,54,43,9,249,75,78,66,99.3,3.4,2.5,42,28.1,1180,963,55.1,2.3,876,602,59.3,2.3,Forward,358.7,3772.4,3772.4,10,74
1143,Angus McFife XVIII,RD,0,ATL,74,66,92709,21,24,45,24,40,12,6,18,11475,0,2,2,8502,1,0,0,0,0,0,69,8,50,143,175,66,59,73,100.8,4.4,3.1,43.7,33.9,1413,1135,55.5,0.5,1046,808,56.4,0.6,Defense,364.8,3546.2,3546.2,1,74
877,Adelie de Pengu,RD,0,CHI,74,66,86022,6,18,24,-8,28,0,1,1,5084,0,2,2,6616,0,0,0,0,0,0,54,14,35,202,138,64,57,71,98.4,3.6,4,38.1,36.6,1255,1259,49.9,-2.7,922,886,51,-0.6,Defense,322.8,3468.1,3468.1,2,74
2440,Dirty Boots,LD,0,TEX,74,66,90274,14,34,48,34,36,9,7,16,13556,0,0,0,6137,3,0,0,0,0,0,64,7,57,203,180,69,61,78,102.8,4.7,2.7,40.8,31,1281,1079,54.3,1.2,926,725,56.1,-2.5,Defense,420.3,3370.2,3370.2,3,74
732,Sven Svechnikov,LD,0,NEW,74,66,68253,1,27,28,18,61,1,1,2,832,0,2,2,3336,0,2,0,0,0,0,67,7,47,97,115,60,53,67,99.3,4.1,3.4,46.7,35.7,1285,950,57.5,1.9,972,738,56.8,-1.3,Defense,233.60000000000002,3357.3,3357.3,4,74
2486,Jay O'Neil,RD,0,WPG,74,66,92714,14,45,59,17,54,11,17,28,15887,0,6,6,9154,0,0,0,0,0,0,86,13,76,127,171,66,57,77,99.8,3.9,3,38.8,28.8,1251,906,58,3,861,632,57.7,2.7,Defense,391,3351.5,3351.5,5,74
1701,Puddles O'Duck,LD,0,ATL,74,66,81546,6,19,25,18,18,1,2,3,4010,1,1,2,6135,1,9,3,0,0,0,54,8,50,139,125,64,57,71,100.6,4.1,3.3,41.7,35.3,1308,1147,53.3,-2.8,972,830,53.9,-3.2,Defense,265.2,3343.1000000000004,3343.1,6,74
2529,Christian Kinsinger,LD,0,WPG,74,66,84071,14,40,54,23,38,10,19,29,15981,1,0,1,2315,1,1,0,0,0,0,61,11,48,108,192,67,61,73,102.1,4.4,2.7,38.8,29.2,1198,906,56.9,1.4,837,626,57.2,2,Defense,355.2,3325.1,3325.1,7,74
2553,Zayne Dangle,RD,0,BUF,74,66,92404,17,36,53,51,24,6,14,20,14501,2,3,5,9646,3,0,0,0,0,0,53,11,45,164,173,69,61,77,104,5.3,2.6,44.6,33.9,1305,1064,55.1,-0.8,1010,767,56.8,1.4,Defense,396.70000000000005,3277.1000000000004,3277.1,8,74
1892,Kermit Murphy,LD,0,BAP,74,66,76942,3,26,29,37,44,0,1,1,836,0,3,3,6866,0,0,0,0,0,0,68,8,49,72,113,60,54,66,102.5,4.5,2.9,39.8,32.9,1198,1015,54.1,0.8,901,746,54.7,1.4,Defense,215.90000000000003,3179.1,3179.1,9,74
2488,San-sam Emerson,LD,0,PHI,74,66,89737,23,48,71,38,48,17,15,32,14749,1,3,4,3879,4,0,0,0,0,0,79,15,59,135,257,70,67,73,101.3,4.7,2.7,46.5,30.8,1439,1040,58,0.1,1088,717,60.3,1.9,Defense,466.20000000000005,3138.7,3138.7,10,74
1676,Konstantin Selich,LW,0,BUF,75,66,84476,24,51,75,9,45,4,15,19,12365,1,1,2,4813,1,130,71,1,0,1,126,60,53,26,234,76,80,67,101.3,3.8,2.9,40.2,36.2,1169,1068,52.3,-1.8,877,771,53.2,-0.9,Forward,385.20000000000005,4974.7,4974.7,1,75
2652,Ivan Lacksamus,C,0,NEW,75,66,86543,39,57,96,20,42,14,13,27,14003,3,2,5,6164,6,1057,573,0,0,0,91,77,74,8,290,73,74,69,102.4,5.2,3.7,42.6,38,1268,1109,53.3,-0.9,927,819,53.1,-2.3,Forward,455.2,4594.7,4594.7,2,75
1014,Evil AllBran,LW,0,PHI,75,66,72205,28,33,61,35,26,0,2,2,4040,2,2,4,4412,3,72,34,0,0,0,109,62,40,44,202,70,69,68,101.5,5,3.2,43.5,31.3,1300,921,58.5,0.3,923,659,58.3,-0.9,Forward,341.6,4470.4,4470.4,3,75
2620,Red Kirkby,RW,0,PHI,75,66,83160,26,66,92,64,42,1,3,4,4368,3,2,5,12109,4,37,18,0,0,0,145,72,37,62,217,84,86,75,104.4,6.1,2.8,47.3,32.3,1403,954,59.5,1.8,1021,711,58.9,0,Forward,462.3,4379.7,4379.7,4,75
2564,Shoyo Hinata,C,0,ATL,75,66,85798,47,56,103,19,68,9,21,30,12166,2,2,4,3449,6,947,514,2,0,2,81,79,58,31,358,75,76,70,99.3,4.7,3.5,48.4,33.6,1460,1097,57.1,4.9,1078,770,58.3,4.3,Forward,514.4,4349.3,4349.3,5,75
1578,Ty Murphy,LW,0,TEX,75,66,68156,13,29,42,-3,20,2,3,5,3029,0,1,1,178,3,13,5,0,0,0,97,51,46,59,166,68,63,69,96.7,3,3,38.8,27.4,1154,1052,52.3,-1.7,822,572,59,1.2,Forward,263,4261.2,4261.2,6,75
1394,Paul Koivu,LW,0,HAM,75,66,77696,34,50,84,12,32,5,17,22,14849,0,0,0,532,4,39,10,0,0,0,114,53,32,32,239,72,72,69,102.2,5,3.9,41.3,39.5,1141,1111,50.7,-0.4,834,797,51.1,0.1,Forward,422.5,4230,4230,7,75
2207,Lias Ekholm-Gunnarsson,C,0,WPG,75,66,84875,37,35,72,-1,43,9,9,18,11923,3,2,5,5043,8,1099,580,0,0,0,68,96,52,63,205,72,66,77,99.7,3,2.7,32.5,28.7,1069,889,54.6,-1.2,732,622,54.1,-1.3,Forward,379.5,4203.2,4203.2,8,75
1970,Salzberger Lillehammersson,LW,0,ATL,75,66,66991,25,32,57,4,28,0,2,2,566,0,0,0,1230,3,59,24,0,0,0,93,55,45,61,208,64,59,65,98.8,4.3,4,42.1,35.3,1245,1125,52.5,-2,901,746,54.7,-1.2,Forward,332.2,4184.0999999999995,4184.1,9,75
2886,Evan Winter,C,0,EDM,75,66,81357,45,46,91,65,39,4,3,7,3886,2,3,5,6935,3,784,422,0,0,0,74,90,37,41,270,72,74,68,103.5,5.4,2.3,44.5,27.2,1382,931,59.7,0.5,1022,652,61.1,1.3,Forward,453.20000000000005,4175.2,4175.2,10,75
1143,Angus McFife XVIII,RD,0,ATL,75,66,84503,8,28,36,25,32,1,2,3,3705,0,6,6,10756,2,0,0,0,0,0,57,9,45,157,110,64,58,71,100.6,4.6,3.3,44.4,34,1375,1102,55.5,2.4,1007,771,56.6,1.7,Defense,313.1,3859.3,3859.3,1,75
2440,Dirty Boots,LD,0,TEX,75,66,87243,13,38,51,22,36,6,20,26,13960,1,3,4,6498,3,0,0,0,0,0,57,14,45,207,174,68,59,78,99.9,3.6,2.5,38.7,27,1165,1073,52.1,-2.1,841,592,58.7,0.8,Defense,427.3,3797.5,3797.5,2,75
877,Adelie de Pengu,LD,0,MIN,75,64,88003,14,22,36,3,57,8,6,14,9650,0,4,4,4422,2,3,2,1,0,1,50,14,57,151,132,64,58,72,100.9,3.5,3.4,32.6,33.9,1112,1142,49.3,3.2,781,828,48.5,3,Defense,317.5,3785.6,3785.6,3,75
2553,Zayne Dangle,RD,0,BUF,75,66,90980,12,30,42,7,50,8,10,18,12464,0,4,4,9292,3,0,0,0,0,0,66,11,54,178,163,67,60,76,99.8,3.6,3.2,41.2,35.5,1185,1116,51.5,-2.9,910,796,53.3,-0.8,Defense,373.5,3650.6000000000004,3650.6,4,75
2486,Jay O'Neil,RD,0,WPG,75,66,92205,9,24,33,5,26,5,7,12,11975,0,5,5,8415,2,0,0,0,0,0,76,5,69,98,160,63,55,72,100.5,3.3,3,31.2,29.3,1124,940,54.5,-1.5,753,675,52.7,-3.4,Defense,274.6,3626.1000000000004,3626.1,5,75
1701,Puddles O'Duck,LD,0,ATL,75,66,83342,4,24,28,-8,32,0,4,4,4123,0,3,3,6423,1,3,1,0,0,0,54,10,41,139,118,62,56,65,96.6,3.8,4.3,44.4,36.3,1414,1229,53.5,-0.6,1059,868,55,-0.9,Defense,270.1,3613.2000000000003,3613.2,6,75
2529,Christian Kinsinger,LD,0,WPG,75,66,85447,11,23,34,26,26,3,7,10,7620,2,3,5,7110,2,0,0,0,0,0,62,11,51,101,175,65,59,71,101.9,3.7,2.5,32.9,27.4,1161,896,56.4,1.6,780,640,54.9,0,Defense,281.20000000000005,3606.3,3606.3,7,75
732,Sven Svechnikov,LD,0,NEW,75,66,65512,1,27,28,13,39,0,0,0,645,0,2,2,2227,0,0,0,1,0,1,70,12,52,104,80,58,53,65,100.6,5.2,4.7,44.6,41.9,1250,1062,54.1,0.1,906,855,51.4,-4.7,Defense,230.60000000000002,3587.9,3587.9,8,75
2488,San-sam Emerson,LD,0,PHI,75,66,94385,17,32,49,40,62,7,8,15,13289,1,2,3,11590,1,0,0,0,0,0,72,12,54,155,199,68,65,72,101,5.6,3.7,47.5,34.8,1412,1109,56,-3.7,1069,783,57.7,-2,Defense,392,3530.7,3530.7,9,75
2454,Wendolene Ramsbottom,RD,0,SEA,75,66,96193,5,13,18,-67,34,1,2,3,9222,0,2,2,6100,0,0,0,0,0,0,90,15,39,314,70,64,52,78,95.1,1.7,4.6,20.6,34.8,837,1409,37.3,1.4,559,908,38.1,5.2,Defense,398.6,3433.4,3433.4,10,75
1676,Konstantin Selich,LW,0,BUF,76,66,83181,31,51,82,27,36,3,11,14,12074,6,0,6,3643,5,60,29,0,0,0,122,70,55,27,239,77,81,66,101.6,4.7,3.1,44.2,34.8,1395,1058,56.9,5.3,975,770,55.9,4.6,Forward,413.7,5388.4,5388.4,1,76
2652,Ivan Lacksamus,C,0,NEW,76,66,83226,31,45,76,-7,58,9,16,25,12759,3,2,5,5562,3,856,470,0,0,0,95,90,48,7,315,72,74,66,97.7,3.4,3.8,41.8,36.8,1206,1030,53.9,-0.1,896,784,53.3,0.2,Forward,395.7,4990.4000000000005,4990.4,2,76
1014,Evil AllBran,LW,0,PHI,76,66,71119,25,36,61,29,28,0,1,1,3310,0,0,0,453,1,52,22,0,0,0,131,59,41,31,211,73,77,62,101.3,4.1,2.5,40.7,28.6,1250,959,56.6,1.8,898,642,58.3,2.2,Forward,342.30000000000007,4812.7,4812.7,3,76
2564,Shoyo Hinata,C,0,ATL,76,66,86643,28,47,75,-15,58,7,15,22,17333,0,1,1,3552,5,837,497,0,0,0,71,93,47,36,265,74,74,71,98.2,3.2,3.4,39.1,33.7,1157,1057,52.3,1.5,837,731,53.4,0.8,Forward,382.5,4731.8,4731.8,4,76
2207,Lias Ekholm-Gunnarsson,C,0,WPG,76,66,87269,40,56,96,11,28,11,28,39,12825,2,6,8,8864,5,1282,693,0,0,0,68,62,50,53,287,75,74,75,99.8,3.7,3.1,40.3,32.6,1212,922,56.8,6.1,854,690,55.3,6.9,Forward,473.1,4676.3,4676.3,5,76
2718,Mads McBride,LW,0,TEX,76,66,84821,39,42,81,23,32,6,8,14,11505,2,2,4,3464,3,49,12,0,0,0,133,59,42,41,251,78,84,66,99.7,4.2,3,42.6,29.3,1350,1062,56,2.4,985,672,59.4,4.1,Forward,435.1,4577.3,4577.3,6,76
2886,Evan Winter,LW,0,LAP,76,66,74830,28,40,68,43,28,1,1,2,2924,2,3,5,3730,5,118,68,0,0,0,107,58,45,56,209,77,78,71,101.9,5,3,40.2,28.5,1275,1003,56,-1,894,662,57.5,-0.4,Forward,371.1,4546.3,4546.3,7,76
1394,Paul Koivu,RW,0,HAM,76,66,71263,16,34,50,-16,40,2,3,5,1883,1,0,1,1029,1,75,24,0,0,0,96,53,33,15,205,66,68,57,96.8,3.2,4.1,40.9,36.6,1271,1101,53.6,-0.1,924,822,52.9,-1,Forward,274.9,4504.9,4504.9,8,76
2457,Mikko Rashford,RW,0,WPG,76,66,82816,27,60,87,18,37,7,20,27,12746,3,2,5,3969,7,15,5,1,0,1,140,48,53,43,227,81,84,73,101.9,4.1,2.9,39.5,33.7,1192,932,56.1,5.1,835,711,54,4.9,Forward,437.90000000000003,4488.9000000000005,4488.9,9,76
1970,Salzberger Lillehammersson,RW,0,ATL,76,66,69934,22,31,53,13,33,0,5,5,4582,0,0,0,736,1,41,14,0,0,0,85,58,33,54,174,72,73,67,101.1,3.8,3,37.8,32.6,1097,1065,50.7,-0.7,788,701,52.9,0.1,Forward,299.59999999999997,4483.7,4483.7,10,76
2440,Dirty Boots,RD,0,TEX,76,66,79502,6,24,30,49,28,0,0,0,960,0,1,1,10063,0,0,0,0,0,0,49,10,58,130,122,63,53,73,103.7,4.6,2.3,39.5,29.5,1252,993,55.8,2,900,662,57.6,1.2,Defense,269.2,4066.7,4066.7,1,76
2486,Jay O'Neil,RD,0,WPG,76,66,92734,16,35,51,-7,22,14,13,27,13053,0,3,3,8628,0,0,0,0,0,0,74,7,66,135,164,66,57,75,99.6,3.1,3.2,35.1,34.8,1153,1087,51.5,-1.8,802,811,49.7,-1.5,Defense,369.29999999999995,3995.4,3995.4,2,76
877,Adelie de Pengu,LD,0,MIN,76,66,65808,2,14,16,-1,24,0,0,0,1029,0,3,3,9983,0,0,0,0,0,0,54,8,64,102,97,61,53,70,98.5,3,3.2,37.1,34,968,853,53.2,4.1,670,601,52.7,0.8,Defense,192.5,3978.1,3978.1,3,76
2553,Zayne Dangle,RD,0,BUF,76,66,83535,6,16,22,9,36,1,2,3,3772,0,3,3,4987,0,0,0,0,0,0,44,9,41,179,109,64,57,71,100.4,3.8,3.4,40.2,38,1415,1309,51.9,-2.3,994,923,51.9,-1.5,Defense,283.4,3934,3934,4,76
2529,Christian Kinsinger,LD,0,WPG,76,66,89912,17,34,51,4,26,9,14,23,13175,2,2,4,5026,3,0,0,0,0,0,67,6,64,75,194,65,61,68,100.4,3.3,3.1,35.5,35,1190,1089,52.2,-0.7,819,818,50,-1,Defense,322.5,3928.8,3928.8,5,76
1143,Angus McFife XVIII,RD,0,ATL,75,66,84503,8,28,36,25,32,1,2,3,3705,0,6,6,10756,2,0,0,0,0,0,57,9,45,157,110,64,58,71,100.6,4.6,3.3,44.4,34,1375,1102,55.5,2.4,1007,771,56.6,1.7,Defense,313.1,3859.3,3859.3,6,76
2488,San-sam Emerson,LD,0,PHI,76,66,81539,9,21,30,11,51,2,2,4,4352,0,2,2,4671,1,0,0,0,0,0,54,18,31,178,136,63,57,69,98.4,3.8,3.4,41.3,31.1,1323,1114,54.3,-1.7,967,718,57.4,0.9,Defense,321.6,3852.3,3852.3,7,76
1701,Puddles O'Duck,RD,0,ATL,76,66,65560,4,19,23,0,22,0,0,0,947,0,2,2,3593,1,0,0,0,0,0,53,8,36,71,69,58,52,63,98.9,3.3,3.5,36.7,34.9,985,997,49.7,-2.2,732,705,50.9,-2.8,Defense,178.8,3792,3792,8,76
2454,Wendolene Ramsbottom,RD,0,SEA,76,66,85421,2,8,10,-30,25,0,0,0,718,0,2,2,7745,0,0,0,0,0,0,83,11,39,270,62,65,52,79,98.4,1.9,3.3,24.6,35.4,901,1381,39.5,0.3,623,900,40.9,4.3,Defense,326.8,3760.2000000000003,3760.2,9,76
2976,Seamus O'Slapahan,LD,0,NEW,76,66,93283,15,37,52,-4,54,9,10,19,12741,0,4,4,9302,2,0,0,0,0,0,59,12,55,215,199,68,60,76,96.9,3.8,4,44.8,34.6,1390,1137,55,1.6,1016,823,55.2,3.2,Defense,447.79999999999995,3757.1000000000004,3757.1,10,76
1676,Konstantin Selich,C,0,BUF,77,66,75571,18,25,43,-22,36,0,1,1,4400,1,1,2,4255,2,786,342,0,0,0,72,75,35,19,230,59,57,58,98.6,3.1,4.3,34.7,41,1077,1168,48,-5.4,770,885,46.5,-7.5,Forward,256.2,5644.6,5644.6,1,77
2652,Ivan Lacksamus,C,0,NEW,77,66,79844,31,36,67,25,51,2,3,5,6026,2,3,5,7319,2,1049,531,0,0,0,73,76,35,10,247,68,69,64,101.7,4.3,3.2,41,35.9,1225,989,55.3,-0.4,896,775,53.6,0.1,Forward,341.3,5331.7,5331.7,2,77
2564,Shoyo Hinata,C,0,ATL,77,66,79134,27,33,60,-1,40,3,2,5,5601,2,1,3,4766,5,1029,481,1,0,1,62,96,45,43,270,70,69,68,99.7,3.7,3.5,38.6,35.8,1182,1132,51.1,-1.2,865,814,51.5,-2.3,Forward,338.6,5070.4,5070.4,3,77
2207,Lias Ekholm-Gunnarsson,C,0,WPG,77,66,90987,31,41,72,-19,40,10,18,28,15043,4,2,6,11312,4,1287,634,0,0,0,81,70,41,73,187,75,71,78,99,3,4,30.3,37.4,991,1139,46.5,-0.6,654,812,44.6,-1.3,Forward,379.3,5055.6,5055.6,4,77
2718,Mads McBride,LW,0,TEX,77,66,75043,22,43,65,40,34,0,2,2,4371,2,2,4,3701,4,74,20,0,0,0,135,63,33,43,196,79,80,69,101.3,4.8,2.6,43.3,26.8,1368,917,59.9,2.9,966,593,62,4,Forward,355.6,4932.9,4932.9,5,77
2886,Evan Winter,C,0,LAP,77,66,72818,17,38,55,22,42,0,3,3,2956,0,4,4,9547,2,699,385,0,0,0,71,65,54,45,206,69,65,72,100,3.9,2.9,40.5,30.1,1129,807,58.3,0.6,789,597,56.9,-0.4,Forward,299.2,4845.5,4845.5,6,77
2457,Mikko Rashford,LW,0,WPG,77,66,86889,19,35,54,-30,44,6,17,23,14827,1,2,3,10557,3,23,5,0,0,0,144,62,48,60,175,81,81,77,96.4,2.5,4.3,31.8,37.2,965,1081,47.2,0.4,653,778,45.6,0.2,Forward,327.1,4816,4816,7,77
1014,Evil AllBran,LW,0,PHI,76,66,71119,25,36,61,29,28,0,1,1,3310,0,0,0,453,1,52,22,0,0,0,131,59,41,31,211,73,77,62,101.3,4.1,2.5,40.7,28.6,1250,959,56.6,1.8,898,642,58.3,2.2,Forward,342.30000000000007,4812.7,4812.7,8,77
1394,Paul Koivu,RW,0,HAM,77,66,70971,12,27,39,-36,37,1,1,2,1111,0,0,0,940,2,86,30,1,1,0,86,55,26,16,148,64,66,55,97.2,2.9,4.6,31.4,39,1050,1193,46.8,-0.5,710,874,44.8,-1.8,Forward,217.4,4722.3,4722.3,9,77
2544,Aksel Fiske,LW,0,MAN,77,66,87048,25,40,65,-36,34,7,12,19,16810,2,0,2,4374,0,231,74,0,0,0,170,71,55,52,203,77,77,73,96.9,3.3,4.5,35.4,36.7,1069,1096,49.4,3.6,754,820,47.9,3.3,Forward,380.09999999999997,4715.4,4715.4,10,77
877,Adelie de Pengu,LD,0,MIN,77,66,76214,5,30,35,33,40,1,0,1,892,0,2,2,5521,1,0,0,0,0,0,39,14,42,233,117,62,52,75,101,4.3,3,38.4,29.6,1236,1183,51.1,-1.5,874,685,56.1,1.2,Defense,370.4,4348.5,4348.5,1,77
2440,Dirty Boots,RD,0,TEX,77,66,77437,3,25,28,48,38,0,0,0,1228,0,9,9,13331,1,0,0,0,0,0,67,9,49,116,108,63,54,72,101.6,4.8,2.6,42.7,27.5,1280,817,61,4.5,885,556,61.4,3,Defense,250.60000000000002,4317.3,4317.3,2,77
2486,Jay O'Neil,RD,0,MIN,77,67,76243,5,22,27,5,44,2,1,3,5615,0,4,4,10767,1,0,0,0,0,0,55,10,65,107,121,63,54,74,99.7,2.8,2.6,37.4,33.6,1113,963,53.6,2.4,722,659,52.3,-2.6,Defense,240.60000000000002,4236,4236,3,77
2976,Seamus O'Slapahan,LD,0,NEW,77,66,95580,17,41,58,31,62,14,20,34,17662,0,2,2,12421,0,0,0,0,0,0,61,12,52,203,251,70,62,79,102.9,4.4,2.6,40.9,33.6,1221,949,56.3,1,873,725,54.6,1.7,Defense,473.4,4230.5,4230.5,4,77
2553,Zayne Dangle,RD,0,BUF,77,66,83259,6,17,23,3,26,2,1,3,4877,0,0,0,5790,1,0,0,0,0,0,61,16,39,169,122,64,57,71,100.1,3.8,3.7,38.6,38.1,1287,1275,50.2,-2.2,925,905,50.5,-1.6,Defense,288.1,4222.1,4222.1,5,77
2488,San-sam Emerson,LD,0,PHI,77,66,84022,9,33,42,57,38,3,1,4,4640,0,5,5,13828,0,0,0,0,0,0,95,7,61,120,124,64,56,73,102.2,5.3,2.8,44.4,28.5,1286,843,60.4,3.8,931,621,60,3.4,Defense,318.2,4170.5,4170.5,6,77
2529,Christian Kinsinger,RD,0,WPG,77,66,82468,7,25,32,-17,61,1,2,3,3366,1,1,2,7275,0,0,0,0,0,0,51,5,29,82,137,63,61,62,98.5,2.8,3.8,33.1,38.2,1132,1213,48.3,2.1,770,905,46,0.8,Defense,238.3,4167.1,4167.1,7,77
2454,Wendolene Ramsbottom,RD,0,SEA,77,66,84311,6,13,19,-11,40,1,1,2,3644,0,1,1,8625,0,0,0,0,0,0,49,9,39,308,75,64,52,76,102.6,3.3,4,24.9,37.3,888,1384,39.1,0,587,888,39.8,1.9,Defense,382.29999999999995,4142.5,4142.5,8,77
2340,Landon Fischermann,LD,0,SEA,77,66,89899,10,32,42,-28,38,5,11,16,15458,0,3,3,4780,2,0,0,0,0,0,50,8,36,177,147,64,60,68,102.7,3.6,4.7,24.7,39.3,866,1372,38.7,-0.6,588,898,39.6,1.6,Defense,359.4,3986.3,3986.3,9,77
1701,Puddles O'Duck,RD,0,ATL,77,66,66376,6,18,24,-2,28,0,2,2,2656,0,2,2,2553,0,2,1,0,0,0,60,9,31,75,70,57,52,61,98.3,4,4.4,38,35.5,1052,982,51.7,-0.2,751,692,52,-1.3,Defense,190.5,3982.5,3982.5,10,77
1676,Konstantin Selich,C,0,BUF,78,66,69268,19,21,40,-21,26,0,0,0,703,0,2,2,1344,1,789,363,0,0,0,49,60,41,21,193,61,60,62,98.2,3,4.2,35.1,40.9,1102,1172,48.5,-4.2,777,888,46.7,-5.8,Forward,229.1,5873.7,5873.7,1,78
2652,Ivan Lacksamus,C,0,NEW,78,66,71511,22,42,64,-5,24,1,2,3,2804,0,0,0,660,3,936,491,0,0,0,59,38,48,7,216,67,67,62,98.9,4.1,4.2,42,38.4,1356,1152,54.1,1.4,934,853,52.3,1.1,Forward,306.6,5638.3,5638.3,2,78
2564,Shoyo Hinata,RW,0,ATL,78,66,71604,21,30,51,19,28,0,0,0,469,1,0,1,3046,2,80,39,0,0,0,106,42,37,47,192,74,76,67,100.9,4,3.1,39,33.2,1222,1152,51.5,-1,875,761,53.5,-1,Forward,302.2,5372.6,5372.6,3,78
2718,Mads McBride,LW,0,WPG,78,66,76388,11,25,36,-10,30,2,2,4,2655,2,4,6,10952,2,41,12,0,0,0,112,92,36,53,149,72,72,68,98.5,2.9,3.8,32.1,36.8,981,1081,47.6,2.7,659,763,46.3,2.7,Forward,240.3,5173.2,5173.2,4,78
2886,Evan Winter,C,0,LAP,78,66,66943,11,32,43,18,38,0,0,0,717,1,2,3,5230,1,785,414,0,0,0,42,41,44,37,138,66,61,70,101.3,3.2,2.3,35.8,30.4,1095,907,54.7,-2.5,725,628,53.6,-3.3,Forward,220.4,5065.9,5065.9,5,78
2457,Mikko Rashford,RW,0,LAP,78,66,55892,19,22,41,20,28,0,0,0,352,0,0,0,297,4,34,10,0,0,0,87,46,27,40,141,71,72,66,102.8,3.8,2.4,34.9,30,971,815,54.4,-2.8,641,557,53.5,-3.3,Forward,243.10000000000002,5059.1,5059.1,6,78
2207,Lias Ekholm-Gunnarsson,C,0,WPG,77,66,90987,31,41,72,-19,40,10,18,28,15043,4,2,6,11312,4,1287,634,0,0,0,81,70,41,73,187,75,71,78,99,3,4,30.3,37.4,991,1139,46.5,-0.6,654,812,44.6,-1.3,Forward,379.3,5055.6,5055.6,7,78
2544,Aksel Fiske,LW,0,MAN,78,66,79352,16,31,47,-14,44,0,1,1,4763,0,0,0,4863,1,227,60,0,0,0,79,66,48,63,133,67,64,68,99.5,3.4,3.9,32.4,35.7,1019,1152,46.9,-2.4,721,829,46.5,-1.5,Forward,266.3,4981.7,4981.7,8,78
2404,Petr Svoboda,LW,0,TEX,78,66,62574,20,27,47,26,35,0,0,0,1119,1,0,1,992,4,78,32,1,0,1,115,35,11,6,183,70,75,56,101.7,4.1,2.6,39.1,29.1,1123,899,55.5,-1.3,772,570,57.5,-1.8,Forward,265.5,4907.7,4907.7,9,78
2952,Benjamin Surkhi-Ze'ev,RW,0,NOL,78,66,81362,28,32,60,2,36,1,2,3,3240,0,1,1,3785,5,161,58,0,0,0,99,75,39,37,220,73,80,58,98.3,3.6,3.5,35.7,29.7,1274,1171,52.1,0.6,877,725,54.7,0.8,Forward,335.8,4862.4,4862.4,10,78
877,Adelie de Pengu,LD,0,MIN,78,66,75818,1,22,23,10,35,0,1,1,1116,0,0,0,9725,0,0,0,1,0,1,44,15,36,234,94,63,51,77,100.7,3.7,3.2,36.8,34.3,1115,1093,50.5,2.2,786,735,51.7,2.6,Defense,326.4,4674.9,4674.9,1,78
2976,Seamus O'Slapahan,LD,0,NEW,78,66,89212,9,36,45,22,28,2,11,13,12584,0,4,4,7555,3,15,7,0,0,0,52,19,47,216,211,68,59,78,101.9,4.2,2.9,42.2,35.8,1330,1158,53.5,0.5,931,830,52.9,2,Defense,422.5,4653,4653,2,78
2486,Jay O'Neil,RD,0,WPG,78,66,88382,19,28,47,-20,46,12,9,21,12921,0,4,4,6344,2,139,54,0,0,0,51,23,47,129,200,65,59,70,100.1,2.7,3.5,30.2,40.5,1001,1205,45.4,-0.5,694,917,43.1,-2.1,Defense,356.5,4592.5,4592.5,3,78
2440,Dirty Boots,LD,0,TEX,78,66,75854,5,19,24,30,37,0,1,1,1101,0,1,1,12250,0,0,0,0,0,0,79,6,49,132,108,64,54,74,100.4,4,2.6,41.4,28.7,1161,876,57,0.8,846,582,59.2,0.7,Defense,259.8,4577.1,4577.1,4,78
2454,Wendolene Ramsbottom,LD,0,SEA,78,66,81867,2,16,18,-25,24,1,2,3,4408,0,6,6,8451,0,0,0,0,0,0,34,19,36,282,56,63,51,77,98.6,2.2,3.7,26.4,38.2,897,1292,41,0.8,617,855,41.9,1.4,Defense,340.20000000000005,4482.7,4482.7,5,78
2553,Zayne Dangle,LD,0,EDM,78,66,82148,4,14,18,-53,34,1,3,4,3787,0,0,0,3941,1,0,0,0,0,0,57,13,64,149,85,62,56,69,96.4,2.1,4.5,28.7,41.9,1064,1429,42.7,4,716,1041,40.8,4.1,Defense,240.39999999999998,4462.5,4462.5,6,78
2488,San-sam Emerson,LD,0,PHI,78,66,82157,7,19,26,30,44,1,0,1,4370,1,6,7,11234,0,0,0,1,0,1,66,12,70,125,128,63,54,72,100.7,4,3,41.3,33.1,1259,992,55.9,0.4,894,716,55.5,0.4,Defense,262.3,4432.8,4432.8,7,78
2529,Christian Kinsinger,LD,0,WPG,78,66,74826,6,15,21,-23,30,0,0,0,1140,0,0,0,2784,0,1,1,0,0,0,52,12,36,70,99,60,57,63,98.1,2.3,3.6,31.7,39,1035,1188,46.6,1.3,722,899,44.5,0.1,Defense,182.5,4349.6,4349.6,8,78
2228,Marcel Beck,LD,0,WPG,78,66,84814,3,18,21,-1,34,0,3,3,3116,0,4,4,10300,1,0,0,0,0,0,65,12,44,185,135,66,59,73,100.6,2.9,3.3,31.8,39,1090,1262,46.3,1,752,911,45.2,1.2,Defense,299,4269.4,4269.4,9,78
2463,Ben Jammin,RD,0,WPG,78,66,84686,7,21,28,-20,37,0,2,2,3189,0,6,6,10343,2,0,0,0,0,0,54,13,39,176,131,63,57,69,98.6,3.1,4.5,32.6,40.9,1049,1300,44.7,-1.6,753,947,44.3,-0.2,Defense,310.3,4121.5,4121.5,10,78
1676,Konstantin Selich,LW,0,BUF,79,66,65236,12,27,39,3,26,0,0,0,146,0,0,0,391,3,50,28,0,0,0,100,58,37,40,125,62,57,65,101.6,3.2,3,33.4,38.3,1049,1170,47.3,-2.4,719,803,47.2,-2.7,Forward,230.5,6104.2,6104.2,1,79
2652,Ivan Lacksamus,C,0,NEW,79,66,65980,15,36,51,-3,32,1,2,3,698,0,0,0,800,3,907,463,0,0,0,51,57,44,33,192,64,62,65,99.1,3.5,3.6,38.8,36,1170,1078,52,0.2,789,759,51,-0.2,Forward,265.8,5904.1,5904.1,2,79
2564,Shoyo Hinata,RW,0,ATL,79,66,70721,23,34,57,18,32,0,1,1,400,5,1,6,3842,2,120,54,0,0,0,115,42,40,44,164,70,69,67,100.6,3.5,2.9,37.4,33.2,1164,1061,52.3,-0.7,816,705,53.6,-1.2,Forward,315.59999999999997,5688.2,5688.2,3,79
2718,Mads McBride,LW,0,WPG,79,66,73132,15,25,40,-14,45,0,3,3,1361,1,4,5,9767,0,52,16,2,1,1,108,42,36,61,117,70,68,68,98.3,2.4,3.4,29.5,34.4,897,1007,47.1,1.4,611,698,46.7,1.7,Forward,249.9,5423.1,5423.1,4,79
2544,Aksel Fiske,RW,0,MAN,79,66,76522,14,35,49,-36,30,0,6,6,3588,1,1,2,3823,1,197,58,0,0,0,97,62,29,54,169,67,68,60,96.9,3,4.8,32.7,39.1,1084,1221,47,0.3,725,855,45.9,0.4,Forward,282.9,5264.6,5264.6,5,79
2457,Mikko Rashford,RW,0,LAP,79,66,57403,7,31,38,0,26,0,0,0,211,0,0,0,714,0,41,13,0,0,0,76,40,32,34,100,67,68,61,98.8,3.6,3.6,35.9,32.2,1007,892,53,-1.9,667,601,52.6,-2.2,Forward,201.8,5260.9000000000005,5260.9,6,79
2952,Benjamin Surkhi-Ze'ev,C,0,EDM,79,66,86866,23,36,59,-17,36,0,4,4,5464,6,5,11,10997,1,808,432,0,0,0,71,44,68,77,192,73,71,74,98.8,2.8,4,33.7,42.5,1154,1334,46.4,1.7,780,974,44.5,3,Forward,332.2,5194.6,5194.6,7,79
2404,Petr Svoboda,LW,0,TEX,79,66,60944,24,15,39,-9,20,0,0,0,591,0,0,0,454,3,60,20,0,0,0,78,50,28,5,166,68,73,54,97.6,3.3,3.8,36.4,32.9,1061,968,52.3,-4.4,731,630,53.7,-4.3,Forward,225,5132.7,5132.7,8,79
2886,Evan Winter,C,0,LAP,78,66,66943,11,32,43,18,38,0,0,0,717,1,2,3,5230,1,785,414,0,0,0,42,41,44,37,138,66,61,70,101.3,3.2,2.3,35.8,30.4,1095,907,54.7,-2.5,725,628,53.6,-3.3,Forward,220.4,5065.9,5065.9,9,79
2792,Ricky Koivu,LW,0,HAM,79,66,75047,16,30,46,-18,46,0,2,2,2925,3,1,4,6842,2,225,53,0,0,0,92,55,31,12,161,67,69,61,99.6,2.9,4,31.9,41.6,1035,1169,47,0.1,690,889,43.7,-1,Forward,246.3,5058.2,5058.2,10,79
2976,Seamus O'Slapahan,LD,0,NEW,79,66,90644,10,22,32,-1,35,6,7,13,16013,0,3,3,10707,0,20,8,0,0,0,54,16,50,181,185,67,58,77,100.5,3.6,3.2,38.1,36,1139,1045,52.2,0.4,794,758,51.2,0.1,Defense,346,4999,4999,1,79
2454,Wendolene Ramsbottom,RD,0,SEA,79,66,72416,4,15,19,-19,24,1,0,1,163,0,3,3,7604,0,0,0,0,0,0,39,10,33,266,60,61,51,73,99.2,2.9,4.1,26.8,35.4,858,1367,38.6,-4.8,579,779,42.6,-1.3,Defense,334,4816.7,4816.7,2,79
2440,Dirty Boots,LD,0,TEX,79,66,74685,3,23,26,28,42,0,2,2,587,1,1,2,11696,0,0,0,0,0,0,65,12,51,108,109,62,53,71,100.8,4.3,3.1,40.4,31.6,1200,938,56.1,1.1,818,639,56.1,-0.9,Defense,236.89999999999998,4814,4814,3,79
2488,San-sam Emerson,LD,0,PHI,79,66,74097,9,21,30,30,41,1,1,2,717,1,0,1,7154,0,0,0,1,0,1,63,8,58,104,107,61,53,69,101.4,4.4,3,37.2,29.1,1203,1009,54.4,-1.8,802,638,55.7,-0.9,Defense,249.90000000000003,4682.7,4682.7,4,79
877,Adelie de Pengu,LD,0,MIN,78,66,75818,1,22,23,10,35,0,1,1,1116,0,0,0,9725,0,0,0,1,0,1,44,15,36,234,94,63,51,77,100.7,3.7,3.2,36.8,34.3,1115,1093,50.5,2.2,786,735,51.7,2.6,Defense,326.4,4674.9,4674.9,5,79
2486,Jay O'Neil,RD,0,WPG,78,66,88382,19,28,47,-20,46,12,9,21,12921,0,4,4,6344,2,139,54,0,0,0,51,23,47,129,200,65,59,70,100.1,2.7,3.5,30.2,40.5,1001,1205,45.4,-0.5,694,917,43.1,-2.1,Defense,356.5,4592.5,4592.5,6,79
2228,Marcel Beck,LD,0,WPG,79,66,78755,6,16,22,-18,20,2,2,4,3191,1,1,2,5900,1,0,0,0,0,0,79,11,45,146,115,65,60,70,98.1,2.8,3.8,31.3,34.8,1012,1149,46.8,1,719,781,47.9,3.7,Defense,269.5,4538.9,4538.9,7,79
2553,Zayne Dangle,LD,0,EDM,78,66,82148,4,14,18,-53,34,1,3,4,3787,0,0,0,3941,1,0,0,0,0,0,57,13,64,149,85,62,56,69,96.4,2.1,4.5,28.7,41.9,1064,1429,42.7,4,716,1041,40.8,4.1,Defense,240.39999999999998,4462.5,4462.5,8,79
2529,Christian Kinsinger,LD,0,WPG,78,66,74826,6,15,21,-23,30,0,0,0,1140,0,0,0,2784,0,1,1,0,0,0,52,12,36,70,99,60,57,63,98.1,2.3,3.6,31.7,39,1035,1188,46.6,1.3,722,899,44.5,0.1,Defense,182.5,4349.6,4349.6,9,79
3321,Hodor,LD,0,TEX,79,66,80580,8,28,36,23,63,2,1,3,552,0,9,9,11511,0,0,0,1,0,1,34,14,36,284,139,65,52,81,98.3,3.9,3,41.1,27.1,1318,1046,55.8,0.6,939,612,60.5,5.8,Defense,426.9,4346,4346,10,79
2652,Ivan Lacksamus,RW,0,NEW,80,66,65913,13,31,44,-12,40,0,0,0,863,1,1,2,962,1,92,18,0,0,0,88,58,19,41,151,66,67,59,98.8,3.5,4.3,33.8,37,1043,1169,47.2,-2.5,706,774,47.7,-1.1,Forward,250.1,6154.2,6154.2,1,80
1676,Konstantin Selich,LW,0,BUF,79,66,65236,12,27,39,3,26,0,0,0,146,0,0,0,391,3,50,28,0,0,0,100,58,37,40,125,62,57,65,101.6,3.2,3,33.4,38.3,1049,1170,47.3,-2.4,719,803,47.2,-2.7,Forward,230.5,6104.2,6104.2,2,80
2564,Shoyo Hinata,RW,0,ATL,80,66,61037,16,42,58,37,28,0,1,1,267,0,1,1,664,4,52,18,0,0,0,91,34,30,50,128,68,67,65,101.9,4.9,2.8,42.4,28.4,1130,887,56,-1.1,815,555,59.5,-0.4,Forward,294.8,5983,5983,3,80
2544,Aksel Fiske,RW,0,MAN,80,66,81038,11,43,54,-19,37,3,16,19,15122,2,0,2,3668,2,157,35,0,0,0,119,47,30,46,160,72,70,72,99.2,2.8,3.3,33.9,36.8,1020,1085,48.5,-2.2,681,751,47.6,-2.1,Forward,296.20000000000005,5560.8,5560.8,4,80
2952,Benjamin Surkhi-Ze'ev,C,0,EDM,80,66,79536,25,21,46,-33,34,0,1,1,4173,3,1,4,7588,1,833,410,0,0,0,49,54,53,38,175,69,69,66,97.8,2.7,4.4,29.6,38.8,965,1156,45.5,2.2,666,849,44,3,Forward,257.9,5452.5,5452.5,5,80
2457,Mikko Rashford,RW,0,LAP,80,66,59213,3,31,34,-5,29,0,1,1,271,0,0,0,152,0,40,15,1,0,1,77,46,20,18,101,65,65,60,97.9,2.8,3.1,35.1,30.9,1047,874,54.5,1.5,672,599,52.9,-1.1,Forward,176.90000000000003,5437.8,5437.8,6,80
2718,Mads McBride,LW,0,WPG,79,66,73132,15,25,40,-14,45,0,3,3,1361,1,4,5,9767,0,52,16,2,1,1,108,42,36,61,117,70,68,68,98.3,2.4,3.4,29.5,34.4,897,1007,47.1,1.4,611,698,46.7,1.7,Forward,249.9,5423.1,5423.1,7,80
2404,Petr Svoboda,RW,0,HAM,80,56,56898,9,26,35,-15,20,1,0,1,261,0,3,3,9754,2,274,69,0,0,0,68,33,9,14,76,64,65,57,98.5,3.1,4.5,29.8,37.7,675,761,47,-4.7,459,592,43.7,-4.2,Forward,172.4,5305.1,5305.1,8,80
2794,Reed Kobo,C,0,LAP,80,66,72318,30,24,54,12,48,1,0,1,1157,3,3,6,4816,5,795,396,0,0,0,47,46,36,55,170,68,68,65,99.2,3.6,3.3,36.9,30.6,1191,965,55.2,2.7,800,664,54.6,1.5,Forward,294.8,5267,5267,9,80
781,Atticus Hale,RW,0,NOL,80,66,68939,13,33,46,9,32,1,2,3,3578,0,0,0,595,0,28,7,0,0,0,86,57,23,7,179,72,79,59,99.4,3.2,2.6,37.7,28.3,1229,933,56.8,3,802,611,56.8,2,Forward,243.29999999999998,5183,5183,10,80
2440,Dirty Boots,LD,0,TEX,80,66,71226,5,21,26,12,34,0,1,1,462,1,3,4,11017,1,0,0,0,0,0,68,15,52,79,100,60,52,69,100.3,3.9,3.6,35.2,32.9,1051,919,53.4,1.5,675,644,51.2,-1.7,Defense,211.3,5025.3,5025.3,1,80
2976,Seamus O'Slapahan,LD,0,NEW,79,66,90644,10,22,32,-1,35,6,7,13,16013,0,3,3,10707,0,20,8,0,0,0,54,16,50,181,185,67,58,77,100.5,3.6,3.2,38.1,36,1139,1045,52.2,0.4,794,758,51.2,0.1,Defense,346,4999,4999,2,80
2488,San-sam Emerson,LD,0,PHI,80,66,73442,6,17,23,24,48,0,0,0,737,0,2,2,8368,1,0,0,0,0,0,61,8,68,94,95,60,53,68,101.4,4.5,3.6,37.7,34,1150,961,54.5,0.4,798,717,52.7,-0.8,Defense,212.5,4895.2,4895.2,3,80
2228,Marcel Beck,RD,0,WPG,80,66,83290,8,23,31,-22,28,2,0,2,2859,0,3,3,8955,2,0,0,0,0,0,69,14,44,200,104,65,57,73,99.4,2.9,4,30.3,39.4,1036,1385,42.8,1.5,723,933,43.7,1.6,Defense,339.79999999999995,4878.7,4878.7,4,80
2454,Wendolene Ramsbottom,RD,0,SEA,79,66,72416,4,15,19,-19,24,1,0,1,163,0,3,3,7604,0,0,0,0,0,0,39,10,33,266,60,61,51,73,99.2,2.9,4.1,26.8,35.4,858,1367,38.6,-4.8,579,779,42.6,-1.3,Defense,334,4816.7,4816.7,5,80
3321,Hodor,RD,0,TEX,80,66,79202,5,26,31,22,34,0,1,1,652,0,2,2,11569,1,0,0,0,0,0,45,11,20,260,100,65,52,79,101.2,3.8,2.9,35.5,30.4,1182,1053,52.9,0.9,779,664,54,2.4,Defense,380,4726,4726,6,80
877,Adelie de Pengu,LD,0,MIN,78,66,75818,1,22,23,10,35,0,1,1,1116,0,0,0,9725,0,0,0,1,0,1,44,15,36,234,94,63,51,77,100.7,3.7,3.2,36.8,34.3,1115,1093,50.5,2.2,786,735,51.7,2.6,Defense,326.4,4674.9,4674.9,7,80
2486,Jay O'Neil,RD,0,WPG,78,66,88382,19,28,47,-20,46,12,9,21,12921,0,4,4,6344,2,139,54,0,0,0,51,23,47,129,200,65,59,70,100.1,2.7,3.5,30.2,40.5,1001,1205,45.4,-0.5,694,917,43.1,-2.1,Defense,356.5,4592.5,4592.5,8,80
2553,Zayne Dangle,LD,0,EDM,78,66,82148,4,14,18,-53,34,1,3,4,3787,0,0,0,3941,1,0,0,0,0,0,57,13,64,149,85,62,56,69,96.4,2.1,4.5,28.7,41.9,1064,1429,42.7,4,716,1041,40.8,4.1,Defense,240.39999999999998,4462.5,4462.5,9,80
3178,Philippe-Eko Eel,LD,0,ATL,80,66,82255,8,27,35,62,45,1,3,4,4083,1,3,4,14392,0,1,0,0,0,0,46,7,35,180,105,66,58,75,103.7,5.4,2.4,43.2,27,1219,927,56.8,0,900,568,61.3,2.3,Defense,324.9,4377.1,4377.1,10,80
2564,Shoyo Hinata,RW,0,ATL,81,66,63536,11,28,39,12,30,1,0,1,377,0,0,0,246,0,49,22,0,0,0,100,43,29,47,101,67,65,64,99.9,3.6,2.9,38.3,30.7,1165,982,54.3,-0.7,805,626,56.3,-0.7,Forward,226.5,6209.5,6209.5,1,81
2652,Ivan Lacksamus,RW,0,NEW,80,66,65913,13,31,44,-12,40,0,0,0,863,1,1,2,962,1,92,18,0,0,0,88,58,19,41,151,66,67,59,98.8,3.5,4.3,33.8,37,1043,1169,47.2,-2.5,706,774,47.7,-1.1,Forward,250.1,6154.2,6154.2,2,81
1676,Konstantin Selich,LW,0,BUF,79,66,65236,12,27,39,3,26,0,0,0,146,0,0,0,391,3,50,28,0,0,0,100,58,37,40,125,62,57,65,101.6,3.2,3,33.4,38.3,1049,1170,47.3,-2.4,719,803,47.2,-2.7,Forward,230.5,6104.2,6104.2,3,81
2544,Aksel Fiske,RW,0,MAN,81,66,66787,8,28,36,-32,26,0,0,0,3795,1,0,1,953,0,80,21,0,0,0,89,50,36,46,152,68,71,60,97.5,2.3,4.1,30.9,40.6,930,1176,44.2,-1.5,626,826,43.1,-0.3,Forward,224.79999999999998,5785.6,5785.6,4,81
2457,Mikko Rashford,LW,0,WPG,81,66,72755,14,26,40,-16,32,1,2,3,4314,0,0,0,289,2,46,10,0,0,0,98,33,37,49,121,68,67,66,99.7,2.9,3.6,28.9,34.7,1020,1175,46.5,-0.3,653,782,45.5,-0.4,Forward,238.9,5676.700000000001,5676.7,5,81
2794,Reed Kobo,RW,0,TOR,81,66,77135,12,29,41,-40,21,1,3,4,2665,0,0,0,2580,1,77,34,0,0,0,72,58,31,39,175,77,86,60,96.7,2.5,4.5,31.8,40.4,1094,1374,44.3,0.7,749,940,44.3,-0.1,Forward,239.70000000000002,5506.7,5506.7,6,81
2935,M'Baku Olubori,RW,0,BAP,81,66,79822,17,36,53,9,24,0,0,0,811,3,4,7,11844,2,51,16,0,0,0,115,93,39,32,185,77,80,69,100.1,3.3,3.2,34.6,33.9,1130,1070,51.4,2.2,749,751,49.9,2,Forward,296.7,5463.1,5463.1,7,81
2952,Benjamin Surkhi-Ze'ev,C,0,EDM,80,66,79536,25,21,46,-33,34,0,1,1,4173,3,1,4,7588,1,833,410,0,0,0,49,54,53,38,175,69,69,66,97.8,2.7,4.4,29.6,38.8,965,1156,45.5,2.2,666,849,44,3,Forward,257.9,5452.5,5452.5,8,81
2718,Mads McBride,LW,0,WPG,79,66,73132,15,25,40,-14,45,0,3,3,1361,1,4,5,9767,0,52,16,2,1,1,108,42,36,61,117,70,68,68,98.3,2.4,3.4,29.5,34.4,897,1007,47.1,1.4,611,698,46.7,1.7,Forward,249.9,5423.1,5423.1,9,81
2404,Petr Svoboda,RW,0,HAM,80,56,56898,9,26,35,-15,20,1,0,1,261,0,3,3,9754,2,274,69,0,0,0,68,33,9,14,76,64,65,57,98.5,3.1,4.5,29.8,37.7,675,761,47,-4.7,459,592,43.7,-4.2,Forward,172.4,5305.1,5305.1,10,81
3321,Hodor,RD,0,TEX,81,66,81742,3,32,35,33,36,0,0,0,805,0,1,1,11619,0,0,0,0,0,0,43,17,37,337,76,67,52,84,101.2,4.6,3.1,39.5,29.4,1357,1133,54.5,1.8,890,663,57.3,4.9,Defense,451.3,5177.3,5177.3,1,81
2440,Dirty Boots,LD,0,BAP,81,66,45113,1,10,11,-8,33,0,0,0,438,0,2,2,7598,0,0,0,1,0,1,34,1,26,95,53,58,52,65,98.5,2.7,3.8,31.2,37,590,635,48.2,-2.2,383,449,46,-3.1,Defense,149,5174.3,5174.3,2,81
2488,San-sam Emerson,LD,0,PHI,81,66,70864,8,18,26,29,46,0,0,0,199,1,0,1,6067,1,0,0,0,0,0,66,9,46,91,121,61,53,68,102.9,4.4,3.1,38.2,35.6,1205,1010,54.4,2.7,815,756,51.9,1,Defense,230.6,5125.8,5125.8,3,81
2228,Marcel Beck,RD,0,WPG,81,66,66954,4,15,19,0,31,0,1,1,1011,1,0,1,2315,1,0,0,1,0,1,48,8,23,148,90,61,54,68,100.9,3.3,3.5,30.7,35.2,981,1207,44.8,-2.8,648,765,45.9,0.2,Defense,240.40000000000003,5119.1,5119.1,4,81
2976,Seamus O'Slapahan,LD,0,NEW,79,66,90644,10,22,32,-1,35,6,7,13,16013,0,3,3,10707,0,20,8,0,0,0,54,16,50,181,185,67,58,77,100.5,3.6,3.2,38.1,36,1139,1045,52.2,0.4,794,758,51.2,0.1,Defense,346,4999,4999,5,81
2454,Wendolene Ramsbottom,RD,0,SEA,79,66,72416,4,15,19,-19,24,1,0,1,163,0,3,3,7604,0,0,0,0,0,0,39,10,33,266,60,61,51,73,99.2,2.9,4.1,26.8,35.4,858,1367,38.6,-4.8,579,779,42.6,-1.3,Defense,334,4816.7,4816.7,6,81
877,Adelie de Pengu,LD,0,MIN,78,66,75818,1,22,23,10,35,0,1,1,1116,0,0,0,9725,0,0,0,1,0,1,44,15,36,234,94,63,51,77,100.7,3.7,3.2,36.8,34.3,1115,1093,50.5,2.2,786,735,51.7,2.6,Defense,326.4,4674.9,4674.9,7,81
3178,Philippe-Eko Eel,LD,0,ATL,81,66,72584,5,27,32,44,33,1,1,2,919,0,1,1,2915,1,0,0,1,0,1,62,3,44,122,92,62,54,70,103.4,4.7,2.5,39.5,29.2,1293,1050,55.2,0.6,905,654,58.1,2,Defense,263.2,4640.3,4640.3,8,81
2486,Jay O'Neil,RD,0,WPG,78,66,88382,19,28,47,-20,46,12,9,21,12921,0,4,4,6344,2,139,54,0,0,0,51,23,47,129,200,65,59,70,100.1,2.7,3.5,30.2,40.5,1001,1205,45.4,-0.5,694,917,43.1,-2.1,Defense,356.5,4592.5,4592.5,9,81
2553,Zayne Dangle,LD,0,EDM,78,66,82148,4,14,18,-53,34,1,3,4,3787,0,0,0,3941,1,0,0,0,0,0,57,13,64,149,85,62,56,69,96.4,2.1,4.5,28.7,41.9,1064,1429,42.7,4,716,1041,40.8,4.1,Defense,240.39999999999998,4462.5,4462.5,10,81
2564,Shoyo Hinata,RW,0,ATL,81,66,63536,11,28,39,12,30,1,0,1,377,0,0,0,246,0,49,22,0,0,0,100,43,29,47,101,67,65,64,99.9,3.6,2.9,38.3,30.7,1165,982,54.3,-0.7,805,626,56.3,-0.7,Forward,226.5,6209.5,6209.5,1,82
2652,Ivan Lacksamus,RW,0,NEW,80,66,65913,13,31,44,-12,40,0,0,0,863,1,1,2,962,1,92,18,0,0,0,88,58,19,41,151,66,67,59,98.8,3.5,4.3,33.8,37,1043,1169,47.2,-2.5,706,774,47.7,-1.1,Forward,250.1,6154.2,6154.2,2,82
1676,Konstantin Selich,LW,0,BUF,79,66,65236,12,27,39,3,26,0,0,0,146,0,0,0,391,3,50,28,0,0,0,100,58,37,40,125,62,57,65,101.6,3.2,3,33.4,38.3,1049,1170,47.3,-2.4,719,803,47.2,-2.7,Forward,230.5,6104.2,6104.2,3,82
2544,Aksel Fiske,RW,0,MAN,81,66,66787,8,28,36,-32,26,0,0,0,3795,1,0,1,953,0,80,21,0,0,0,89,50,36,46,152,68,71,60,97.5,2.3,4.1,30.9,40.6,930,1176,44.2,-1.5,626,826,43.1,-0.3,Forward,224.79999999999998,5785.6,5785.6,4,82
2457,Mikko Rashford,LW,0,WPG,81,66,72755,14,26,40,-16,32,1,2,3,4314,0,0,0,289,2,46,10,0,0,0,98,33,37,49,121,68,67,66,99.7,2.9,3.6,28.9,34.7,1020,1175,46.5,-0.3,653,782,45.5,-0.4,Forward,238.9,5676.700000000001,5676.7,5,82
2794,Reed Kobo,RW,0,TOR,81,66,77135,12,29,41,-40,21,1,3,4,2665,0,0,0,2580,1,77,34,0,0,0,72,58,31,39,175,77,86,60,96.7,2.5,4.5,31.8,40.4,1094,1374,44.3,0.7,749,940,44.3,-0.1,Forward,239.70000000000002,5506.7,5506.7,6,82
2935,M'Baku Olubori,RW,0,BAP,81,66,79822,17,36,53,9,24,0,0,0,811,3,4,7,11844,2,51,16,0,0,0,115,93,39,32,185,77,80,69,100.1,3.3,3.2,34.6,33.9,1130,1070,51.4,2.2,749,751,49.9,2,Forward,296.7,5463.1,5463.1,7,82
2952,Benjamin Surkhi-Ze'ev,C,0,EDM,80,66,79536,25,21,46,-33,34,0,1,1,4173,3,1,4,7588,1,833,410,0,0,0,49,54,53,38,175,69,69,66,97.8,2.7,4.4,29.6,38.8,965,1156,45.5,2.2,666,849,44,3,Forward,257.9,5452.5,5452.5,8,82
2718,Mads McBride,LW,0,WPG,79,66,73132,15,25,40,-14,45,0,3,3,1361,1,4,5,9767,0,52,16,2,1,1,108,42,36,61,117,70,68,68,98.3,2.4,3.4,29.5,34.4,897,1007,47.1,1.4,611,698,46.7,1.7,Forward,249.9,5423.1,5423.1,9,82
2404,Petr Svoboda,RW,0,HAM,80,56,56898,9,26,35,-15,20,1,0,1,261,0,3,3,9754,2,274,69,0,0,0,68,33,9,14,76,64,65,57,98.5,3.1,4.5,29.8,37.7,675,761,47,-4.7,459,592,43.7,-4.2,Forward,172.4,5305.1,5305.1,10,82
3321,Hodor,RD,0,TEX,81,66,81742,3,32,35,33,36,0,0,0,805,0,1,1,11619,0,0,0,0,0,0,43,17,37,337,76,67,52,84,101.2,4.6,3.1,39.5,29.4,1357,1133,54.5,1.8,890,663,57.3,4.9,Defense,451.3,5177.3,5177.3,1,82
2440,Dirty Boots,LD,0,BAP,81,66,45113,1,10,11,-8,33,0,0,0,438,0,2,2,7598,0,0,0,1,0,1,34,1,26,95,53,58,52,65,98.5,2.7,3.8,31.2,37,590,635,48.2,-2.2,383,449,46,-3.1,Defense,149,5174.3,5174.3,2,82
2488,San-sam Emerson,LD,0,PHI,81,66,70864,8,18,26,29,46,0,0,0,199,1,0,1,6067,1,0,0,0,0,0,66,9,46,91,121,61,53,68,102.9,4.4,3.1,38.2,35.6,1205,1010,54.4,2.7,815,756,51.9,1,Defense,230.6,5125.8,5125.8,3,82
2228,Marcel Beck,RD,0,WPG,81,66,66954,4,15,19,0,31,0,1,1,1011,1,0,1,2315,1,0,0,1,0,1,48,8,23,148,90,61,54,68,100.9,3.3,3.5,30.7,35.2,981,1207,44.8,-2.8,648,765,45.9,0.2,Defense,240.40000000000003,5119.1,5119.1,4,82
2976,Seamus O'Slapahan,LD,0,NEW,79,66,90644,10,22,32,-1,35,6,7,13,16013,0,3,3,10707,0,20,8,0,0,0,54,16,50,181,185,67,58,77,100.5,3.6,3.2,38.1,36,1139,1045,52.2,0.4,794,758,51.2,0.1,Defense,346,4999,4999,5,82
2454,Wendolene Ramsbottom,RD,0,SEA,79,66,72416,4,15,19,-19,24,1,0,1,163,0,3,3,7604,0,0,0,0,0,0,39,10,33,266,60,61,51,73,99.2,2.9,4.1,26.8,35.4,858,1367,38.6,-4.8,579,779,42.6,-1.3,Defense,334,4816.7,4816.7,6,82
877,Adelie de Pengu,LD,0,MIN,78,66,75818,1,22,23,10,35,0,1,1,1116,0,0,0,9725,0,0,0,1,0,1,44,15,36,234,94,63,51,77,100.7,3.7,3.2,36.8,34.3,1115,1093,50.5,2.2,786,735,51.7,2.6,Defense,326.4,4674.9,4674.9,7,82
3178,Philippe-Eko Eel,LD,0,ATL,81,66,72584,5,27,32,44,33,1,1,2,919,0,1,1,2915,1,0,0,1,0,1,62,3,44,122,92,62,54,70,103.4,4.7,2.5,39.5,29.2,1293,1050,55.2,0.6,905,654,58.1,2,Defense,263.2,4640.3,4640.3,8,82
2486,Jay O'Neil,RD,0,WPG,78,66,88382,19,28,47,-20,46,12,9,21,12921,0,4,4,6344,2,139,54,0,0,0,51,23,47,129,200,65,59,70,100.1,2.7,3.5,30.2,40.5,1001,1205,45.4,-0.5,694,917,43.1,-2.1,Defense,356.5,4592.5,4592.5,9,82
2553,Zayne Dangle,LD,0,EDM,78,66,82148,4,14,18,-53,34,1,3,4,3787,0,0,0,3941,1,0,0,0,0,0,57,13,64,149,85,62,56,69,96.4,2.1,4.5,28.7,41.9,1064,1429,42.7,4,716,1041,40.8,4.1,Defense,240.39999999999998,4462.5,4462.5,10,82
2564,Shoyo Hinata,RW,0,ATL,81,66,63536,11,28,39,12,30,1,0,1,377,0,0,0,246,0,49,22,0,0,0,100,43,29,47,101,67,65,64,99.9,3.6,2.9,38.3,30.7,1165,982,54.3,-0.7,805,626,56.3,-0.7,Forward,226.5,6209.5,6209.5,1,83
2652,Ivan Lacksamus,RW,0,NEW,80,66,65913,13,31,44,-12,40,0,0,0,863,1,1,2,962,1,92,18,0,0,0,88,58,19,41,151,66,67,59,98.8,3.5,4.3,33.8,37,1043,1169,47.2,-2.5,706,774,47.7,-1.1,Forward,250.1,6154.2,6154.2,2,83
1676,Konstantin Selich,LW,0,BUF,79,66,65236,12,27,39,3,26,0,0,0,146,0,0,0,391,3,50,28,0,0,0,100,58,37,40,125,62,57,65,101.6,3.2,3,33.4,38.3,1049,1170,47.3,-2.4,719,803,47.2,-2.7,Forward,230.5,6104.2,6104.2,3,83
2544,Aksel Fiske,RW,0,MAN,81,66,66787,8,28,36,-32,26,0,0,0,3795,1,0,1,953,0,80,21,0,0,0,89,50,36,46,152,68,71,60,97.5,2.3,4.1,30.9,40.6,930,1176,44.2,-1.5,626,826,43.1,-0.3,Forward,224.79999999999998,5785.6,5785.6,4,83
2457,Mikko Rashford,LW,0,WPG,81,66,72755,14,26,40,-16,32,1,2,3,4314,0,0,0,289,2,46,10,0,0,0,98,33,37,49,121,68,67,66,99.7,2.9,3.6,28.9,34.7,1020,1175,46.5,-0.3,653,782,45.5,-0.4,Forward,238.9,5676.700000000001,5676.7,5,83
2794,Reed Kobo,RW,0,TOR,81,66,77135,12,29,41,-40,21,1,3,4,2665,0,0,0,2580,1,77,34,0,0,0,72,58,31,39,175,77,86,60,96.7,2.5,4.5,31.8,40.4,1094,1374,44.3,0.7,749,940,44.3,-0.1,Forward,239.70000000000002,5506.7,5506.7,6,83
2935,M'Baku Olubori,RW,0,BAP,81,66,79822,17,36,53,9,24,0,0,0,811,3,4,7,11844,2,51,16,0,0,0,115,93,39,32,185,77,80,69,100.1,3.3,3.2,34.6,33.9,1130,1070,51.4,2.2,749,751,49.9,2,Forward,296.7,5463.1,5463.1,7,83
2952,Benjamin Surkhi-Ze'ev,C,0,EDM,80,66,79536,25,21,46,-33,34,0,1,1,4173,3,1,4,7588,1,833,410,0,0,0,49,54,53,38,175,69,69,66,97.8,2.7,4.4,29.6,38.8,965,1156,45.5,2.2,666,849,44,3,Forward,257.9,5452.5,5452.5,8,83
2718,Mads McBride,LW,0,WPG,79,66,73132,15,25,40,-14,45,0,3,3,1361,1,4,5,9767,0,52,16,2,1,1,108,42,36,61,117,70,68,68,98.3,2.4,3.4,29.5,34.4,897,1007,47.1,1.4,611,698,46.7,1.7,Forward,249.9,5423.1,5423.1,9,83
2404,Petr Svoboda,RW,0,HAM,80,56,56898,9,26,35,-15,20,1,0,1,261,0,3,3,9754,2,274,69,0,0,0,68,33,9,14,76,64,65,57,98.5,3.1,4.5,29.8,37.7,675,761,47,-4.7,459,592,43.7,-4.2,Forward,172.4,5305.1,5305.1,10,83
3321,Hodor,RD,0,TEX,81,66,81742,3,32,35,33,36,0,0,0,805,0,1,1,11619,0,0,0,0,0,0,43,17,37,337,76,67,52,84,101.2,4.6,3.1,39.5,29.4,1357,1133,54.5,1.8,890,663,57.3,4.9,Defense,451.3,5177.3,5177.3,1,83
2440,Dirty Boots,LD,0,BAP,81,66,45113,1,10,11,-8,33,0,0,0,438,0,2,2,7598,0,0,0,1,0,1,34,1,26,95,53,58,52,65,98.5,2.7,3.8,31.2,37,590,635,48.2,-2.2,383,449,46,-3.1,Defense,149,5174.3,5174.3,2,83
2488,San-sam Emerson,LD,0,PHI,81,66,70864,8,18,26,29,46,0,0,0,199,1,0,1,6067,1,0,0,0,0,0,66,9,46,91,121,61,53,68,102.9,4.4,3.1,38.2,35.6,1205,1010,54.4,2.7,815,756,51.9,1,Defense,230.6,5125.8,5125.8,3,83
2228,Marcel Beck,RD,0,WPG,81,66,66954,4,15,19,0,31,0,1,1,1011,1,0,1,2315,1,0,0,1,0,1,48,8,23,148,90,61,54,68,100.9,3.3,3.5,30.7,35.2,981,1207,44.8,-2.8,648,765,45.9,0.2,Defense,240.40000000000003,5119.1,5119.1,4,83
2976,Seamus O'Slapahan,LD,0,NEW,79,66,90644,10,22,32,-1,35,6,7,13,16013,0,3,3,10707,0,20,8,0,0,0,54,16,50,181,185,67,58,77,100.5,3.6,3.2,38.1,36,1139,1045,52.2,0.4,794,758,51.2,0.1,Defense,346,4999,4999,5,83
2454,Wendolene Ramsbottom,RD,0,SEA,79,66,72416,4,15,19,-19,24,1,0,1,163,0,3,3,7604,0,0,0,0,0,0,39,10,33,266,60,61,51,73,99.2,2.9,4.1,26.8,35.4,858,1367,38.6,-4.8,579,779,42.6,-1.3,Defense,334,4816.7,4816.7,6,83
877,Adelie de Pengu,LD,0,MIN,78,66,75818,1,22,23,10,35,0,1,1,1116,0,0,0,9725,0,0,0,1,0,1,44,15,36,234,94,63,51,77,100.7,3.7,3.2,36.8,34.3,1115,1093,50.5,2.2,786,735,51.7,2.6,Defense,326.4,4674.9,4674.9,7,83
3178,Philippe-Eko Eel,LD,0,ATL,81,66,72584,5,27,32,44,33,1,1,2,919,0,1,1,2915,1,0,0,1,0,1,62,3,44,122,92,62,54,70,103.4,4.7,2.5,39.5,29.2,1293,1050,55.2,0.6,905,654,58.1,2,Defense,263.2,4640.3,4640.3,8,83
2486,Jay O'Neil,RD,0,WPG,78,66,88382,19,28,47,-20,46,12,9,21,12921,0,4,4,6344,2,139,54,0,0,0,51,23,47,129,200,65,59,70,100.1,2.7,3.5,30.2,40.5,1001,1205,45.4,-0.5,694,917,43.1,-2.1,Defense,356.5,4592.5,4592.5,9,83
2553,Zayne Dangle,LD,0,EDM,78,66,82148,4,14,18,-53,34,1,3,4,3787,0,0,0,3941,1,0,0,0,0,0,57,13,64,149,85,62,56,69,96.4,2.1,4.5,28.7,41.9,1064,1429,42.7,4,716,1041,40.8,4.1,Defense,240.39999999999998,4462.5,4462.5,10,83
