id,league,name,nickname,season,gamesPlayed,wins,losses,overtimeLosses,shootoutWins,shootoutLosses,points,goalsFor,goalsAgainst,goalsDiff,winPercent,S,SA,FOPct,SB,H,TkA,GvA,PIMPerG,PPO,PPG,PPPercent,SHGA,SHO,PPGA,PKPercent,leagueRank,divisionRank,conferenceRank,playoffResult,playoffWins,playoffLosses
7,1,Detroit,Falcons,65,66,59,5,1,2,1,120,330,137,193,0.894,,,,,,,,,,,,,,,,1,1,1,Cup Winner,12,5
4,1,Newfoundland,Berserkers,63,66,58,6,2,3,0,118,323,110,213,0.879,,,,,,,,,,,,,,,,1,1,1,Cup Winner,12,2
4,1,Newfoundland,Berserkers,64,66,57,8,0,3,1,115,308,124,184,0.864,,,,,,,,,,,,,,,,1,1,1,Cup Winner,12,3
4,1,Newfoundland,Berserkers,60,66,56,7,2,3,1,115,287,129,158,0.848,,,,,,,,,,,,,,,,1,1,1,Cup Winner,12,4
3,1,Vancouver,Whalers,86,66,55,9,1,0,1,112,425,171,254,0.833,2769,1518,51.4,777,2156,850,776,5.94,169,33,0.1953,2,180,21,0.8833,1,,1,Cup Winner,16,7
15,1,Quebec City,Citadelles,88,66,54,10,1,3,1,110,358,180,178,0.818,2638,1746,51.8,950,2414,797,704,7.32,217,43,0.1982,4,197,25,0.8731,1,,1,Round 3,11,4
7,1,Detroit,Falcons,68,66,54,11,1,0,0,109,326,144,182,0.818,2108,1604,52.8,786,1921,551,486,5.86,163,47,0.2883,4,159,38,0.761,1,1,1,Cup Winner,12,6
15,1,Quebec City,Citadelles,80,66,53,11,2,3,0,108,374,189,185,0.803,2973,1963,47.7,727,1774,733,588,9.85,265,71,0.2679,7,282,53,0.8121,1,,1,Cup Winner,16,7
15,1,Quebec City,Citadelles,87,66,53,12,0,2,1,107,449,202,247,0.803,2985,1644,49.7,856,2356,759,637,6.2,194,39,0.201,3,185,27,0.8541,1,,1,Cup Winner,16,3
1,1,Kelowna,Knights,58,66,53,10,1,5,2,109,252,134,118,0.803,,,,,,,,,,,,,,,,1,1,1,Round 3,5,7
0,1,Anchorage,Armada,88,66,52,11,1,0,2,107,365,197,168,0.788,2601,1719,51.9,1040,2572,703,708,7.45,227,34,0.1498,11,206,30,0.8544,2,,2,Cup Winner,16,4
15,1,Quebec City,Citadelles,85,66,51,12,1,1,2,105,407,209,198,0.773,2872,1947,48.9,659,2381,736,767,6.55,217,34,0.1567,5,181,28,0.8453,1,,1,Cup Winner,16,2
3,1,Vancouver,Whalers,61,66,51,12,1,0,2,105,294,146,148,0.773,,,,,,,,,,,,,,,,1,1,1,Cup Winner,12,2
2,1,Maine,Timber,71,66,51,10,1,5,4,107,331,173,158,0.773,2855,1809,56.2,949,2214,654,610,11.52,283,58,0.2049,6,299,47,0.8428,1,1,1,Cup Winner,12,2
2,1,Maine,Timber,78,66,51,11,3,2,1,106,343,199,144,0.773,2836,1981,52.8,1097,1535,708,647,6.23,188,56,0.2979,7,180,33,0.8167,1,,1,Cup Winner,16,5
15,1,Quebec City,Citadelles,75,66,51,12,3,1,0,105,354,181,173,0.773,,,,,,,,,,,,,,,,1,1,1,Round 3,6,6
2,1,Maine,Timber,63,66,50,15,0,1,1,101,292,173,119,0.758,,,,,,,,,,,,,,,,2,1,2,Round 3,4,7
4,1,Newfoundland,Berserkers,80,66,50,12,3,3,1,104,346,197,149,0.758,2842,2177,53.6,907,1571,759,557,10.44,308,64,0.2078,9,289,43,0.8512,2,,2,Round 2,4,4
19,1,San Diego,Tidal,86,66,50,14,2,1,0,102,360,220,140,0.758,2376,1747,54.4,850,1803,844,716,6.24,174,31,0.1782,11,170,26,0.8471,2,,1,Finals Lost,14,5
15,1,Quebec City,Citadelles,76,66,49,15,1,2,1,100,293,183,110,0.742,2834,1907,50.4,1071,1509,598,645,7.62,223,57,0.2556,2,210,46,0.781,1,,1,Cup Winner,16,2
14,1,Nevada,Battleborn,66,66,49,13,3,4,1,102,273,152,121,0.742,2316,1494,50.5,565,1819,683,503,5.79,162,38,0.2346,3,159,27,0.8302,1,1,1,Cup Winner,12,0
8,1,St. Louis,Scarecrows,82,66,49,16,0,2,1,99,294,202,92,0.742,2589,1889,49.5,809,2565,647,810,7.24,217,36,0.1659,6,207,23,0.8889,1,,1,Cup Winner,16,10
1,1,Kelowna,Knights,59,66,49,13,0,2,4,102,275,157,118,0.742,,,,,,,,,,,,,,,,1,1,1,Cup Winner,12,5
15,1,Quebec City,Citadelles,57,66,49,8,3,1,6,107,263,161,102,0.742,,,,,,,,,,,,,,,,1,1,1,Round 3,7,6
14,1,Nevada,Battleborn,71,66,48,12,4,3,2,102,336,219,117,0.727,2818,2040,52.8,767,2333,588,595,11.59,261,75,0.2874,4,304,60,0.8026,2,2,2,Round 3,11,6
2,1,Maine,Timber,70,66,48,14,1,5,3,100,314,187,127,0.727,2451,1704,55.2,1024,1930,687,589,7.52,219,54,0.2466,6,196,38,0.8061,1,1,1,Finals Lost,8,8
2,1,Maine,Timber,77,66,48,16,1,2,1,98,323,197,126,0.727,2795,1993,54.1,920,1683,618,613,10.21,245,56,0.2286,8,267,48,0.8202,1,,1,Round 3,10,5
9,1,Carolina,Kraken,80,66,48,14,2,2,2,100,295,183,112,0.727,2444,1913,51.4,1160,1669,685,530,9.44,251,58,0.2311,11,263,48,0.8175,3,,1,Finals Lost,15,6
15,1,Quebec City,Citadelles,83,66,48,15,2,2,1,99,378,217,161,0.727,2778,2074,48.9,782,2263,709,904,7.71,228,41,0.1798,4,206,28,0.8641,2,,1,Round 2,5,5
15,1,Quebec City,Citadelles,65,66,48,11,3,3,4,103,301,171,130,0.727,,,,,,,,,,,,,,,,2,1,1,Round 3,5,5
8,1,St. Louis,Scarecrows,83,66,48,13,1,1,4,101,322,201,121,0.727,2630,1949,50.7,764,2493,666,960,8.73,259,45,0.1737,4,249,45,0.8193,1,,1,Cup Winner,16,6
15,1,Quebec City,Citadelles,74,66,48,12,2,1,4,102,272,153,119,0.727,2315,1661,49.9,862,1671,511,597,6.86,199,45,0.2261,2,205,34,0.8341,1,1,1,Round 3,6,5
14,1,Nevada,Battleborn,86,66,48,17,1,2,0,97,303,198,105,0.727,2449,1815,49.9,777,2544,636,982,7.44,175,26,0.1486,9,202,22,0.8911,4,,2,Round 2,6,5
6,1,Colorado,Raptors,61,66,48,14,3,2,1,100,260,164,96,0.727,,,,,,,,,,,,,,,,2,1,1,Round 3,5,4
4,1,Newfoundland,Berserkers,86,66,48,16,2,0,0,98,366,245,121,0.727,2514,1858,51.1,1037,2426,804,752,7.61,194,34,0.1753,5,185,34,0.8162,3,,2,Round 1,3,4
7,1,Detroit,Falcons,69,66,47,15,1,3,3,98,281,166,115,0.712,2151,1455,50.1,727,1887,616,508,6.89,201,51,0.2537,9,180,31,0.8278,1,1,1,Finals Lost,9,6
4,1,Newfoundland,Berserkers,65,66,47,15,1,2,3,98,291,139,152,0.712,,,,,,,,,,,,,,,,3,2,2,Finals Lost,15,8
3,1,Vancouver,Whalers,73,66,47,16,2,2,1,97,285,178,107,0.712,2450,2120,49.1,898,1747,565,656,8.05,243,43,0.177,10,234,42,0.8205,1,1,1,Round 3,4,7
3,1,Vancouver,Whalers,60,66,47,14,2,4,3,99,263,162,101,0.712,,,,,,,,,,,,,,,,2,1,1,Round 3,6,7
15,1,Quebec City,Citadelles,58,66,46,14,0,3,6,98,255,144,111,0.697,,,,,,,,,,,,,,,,2,1,1,Cup Winner,12,5
0,1,Anchorage,Armada,60,66,46,17,0,2,3,95,276,160,116,0.697,,,,,,,,,,,,,,,,3,2,2,Finals Lost,14,7
14,1,Nevada,Battleborn,88,66,46,20,0,1,0,92,334,235,99,0.697,2557,1835,47.5,959,2602,580,862,6.68,198,41,0.2071,5,194,24,0.8763,3,,1,Round 3,9,6
15,1,Quebec City,Citadelles,84,66,46,16,1,0,3,96,349,217,132,0.697,2568,1856,51.4,731,2256,735,787,7.79,207,40,0.1932,8,218,31,0.8578,1,,1,Cup Winner,16,2
15,1,Quebec City,Citadelles,79,66,46,18,1,0,1,94,340,214,126,0.697,2921,2064,45.9,755,2022,724,593,9.98,274,65,0.2372,10,265,61,0.7698,1,,1,Cup Winner,16,5
15,1,Quebec City,Citadelles,64,66,46,17,2,5,1,95,253,190,63,0.697,,,,,,,,,,,,,,,,3,1,2,Finals Lost,8,6
0,1,Anchorage,Armada,62,66,46,16,3,5,1,96,219,166,53,0.697,,,,,,,,,,,,,,,,2,1,1,Finals Lost,8,6
3,1,Vancouver,Whalers,62,66,46,16,0,3,4,96,259,183,76,0.697,,,,,,,,,,,,,,,,1,1,1,Round 3,6,6
6,1,Colorado,Raptors,70,66,46,17,3,5,0,95,278,202,76,0.697,1955,1891,52.5,953,1454,613,527,5.68,162,42,0.2593,6,158,36,0.7722,2,1,1,Round 2,0,4
18,1,Ottawa,Highlanders,87,66,45,20,1,1,0,91,310,221,89,0.682,2261,1951,52.2,1019,2469,699,800,7.21,216,38,0.1759,6,199,26,0.8693,3,,1,Round 2,6,5
5,1,Yukon,Malamutes,66,66,45,19,1,2,1,92,269,183,86,0.682,2270,1703,53.4,840,1672,579,640,5.79,162,53,0.3272,6,168,34,0.7976,4,2,4,Round 1,3,4
4,1,Newfoundland,Berserkers,61,66,45,17,0,3,4,94,245,156,89,0.682,,,,,,,,,,,,,,,,3,1,2,Finals Lost,8,6
6,1,Colorado,Raptors,66,66,45,18,0,0,3,93,286,183,103,0.682,2538,1826,53.8,734,1580,742,493,5.45,155,42,0.271,3,151,28,0.8146,2,1,2,Round 3,4,5
5,1,Yukon,Malamutes,71,66,45,18,1,2,2,93,278,191,87,0.682,2576,1931,51.5,849,1940,595,578,7.56,196,44,0.2245,7,198,31,0.8434,3,1,3,Round 3,6,5
2,1,Maine,Timber,75,66,45,17,3,2,1,94,294,191,103,0.682,,,,,,,,,,,,,,,,2,2,2,Round 3,11,6
4,1,Newfoundland,Berserkers,79,66,45,17,2,2,2,94,314,208,106,0.682,2654,2017,55.6,856,1641,663,640,9.14,264,61,0.2311,10,245,39,0.8408,2,,2,Round 2,7,4
17,1,Great Falls,Grizzlies,83,66,45,18,1,6,2,93,237,177,60,0.682,2042,1747,48.7,677,2286,679,754,6.56,197,30,0.1523,3,193,26,0.8653,3,,2,Round 3,9,6
2,1,Maine,Timber,72,66,45,17,2,1,2,94,340,225,115,0.682,2904,1943,50.2,1103,2186,658,568,9.58,259,57,0.2201,16,277,55,0.8014,1,1,1,Finals Lost,11,10
4,1,Newfoundland,Berserkers,87,66,45,16,4,2,1,95,369,248,121,0.682,2503,2017,53.7,1028,2481,679,747,7.05,191,27,0.1414,4,186,23,0.8763,2,,2,Round 3,10,7
1,1,Kelowna,Knights,81,66,45,21,0,0,0,90,302,222,80,0.682,2705,2170,52.8,989,1513,727,623,8.11,201,58,0.2886,5,213,36,0.831,3,,3,Finals Lost,14,7
4,1,Newfoundland,Berserkers,70,66,45,19,1,0,1,92,268,207,61,0.682,2402,1927,50,624,2117,688,625,8.12,230,49,0.213,7,237,56,0.7637,3,1,2,Cup Winner,12,4
0,1,Anchorage,Armada,59,66,45,16,2,3,3,95,243,169,74,0.682,,,,,,,,,,,,,,,,2,2,2,Finals Lost,13,7
15,1,Quebec City,Citadelles,67,66,44,20,0,3,2,90,242,198,44,0.667,1862,1723,51.3,825,1858,543,628,6.55,214,40,0.1869,8,173,31,0.8208,1,1,1,Finals Lost,11,10
4,1,Newfoundland,Berserkers,76,66,44,20,1,3,1,90,301,235,66,0.667,2584,2286,49.8,829,1410,710,525,7.42,208,50,0.2404,6,201,33,0.8358,2,,2,Round 3,9,8
15,1,Quebec City,Citadelles,81,66,44,18,2,1,2,92,283,195,88,0.667,2430,2084,49.2,774,1481,716,596,6.7,169,42,0.2485,3,159,30,0.8113,1,,1,Round 2,6,4
3,1,Vancouver,Whalers,66,66,44,17,3,5,2,93,263,196,67,0.667,2242,1822,52.4,714,1916,701,507,6.44,199,40,0.201,7,174,37,0.7874,3,2,3,Round 2,7,4
6,1,Colorado,Raptors,75,66,44,21,0,0,1,89,320,206,114,0.667,,,,,,,,,,,,,,,,3,1,1,Cup Winner,12,5
2,1,Maine,Timber,69,66,44,20,2,1,0,90,245,184,61,0.667,1979,1690,54.6,1053,1674,630,572,7.5,199,44,0.2211,3,206,41,0.801,2,1,1,Round 2,3,4
0,1,Anchorage,Armada,80,66,44,16,4,1,2,94,323,207,116,0.667,3017,2009,49.3,1044,1616,725,582,9.42,252,60,0.2381,9,260,57,0.7808,4,,3,Round 3,11,5
4,1,Newfoundland,Berserkers,81,66,44,19,2,1,1,91,314,197,117,0.667,2564,1892,57.1,944,1455,715,592,6.7,192,58,0.3021,4,193,44,0.772,2,,2,Round 2,6,5
8,1,St. Louis,Scarecrows,84,66,44,16,3,2,3,94,367,237,130,0.667,2406,1943,52.8,818,1930,784,785,7.7,220,37,0.1682,3,219,29,0.8676,2,,1,Finals Lost,13,7
9,1,Carolina,Kraken,79,66,44,18,2,2,2,92,314,225,89,0.667,2508,2119,50.6,960,1592,728,569,8,233,57,0.2446,9,229,45,0.8035,3,,1,Round 3,9,8
6,1,Colorado,Raptors,64,66,44,13,1,3,8,97,254,177,77,0.667,,,,,,,,,,,,,,,,2,1,1,Round 3,6,7
15,1,Quebec City,Citadelles,61,66,44,17,2,4,3,93,261,181,80,0.667,,,,,,,,,,,,,,,,4,2,3,Round 3,10,6
2,1,Maine,Timber,79,66,44,20,1,4,1,90,346,250,96,0.667,3135,2149,54.6,1122,1815,673,659,10.17,294,80,0.2721,11,277,55,0.8014,4,,2,Round 2,7,6
4,1,Newfoundland,Berserkers,62,66,44,16,2,4,4,94,244,131,113,0.667,,,,,,,,,,,,,,,,3,1,2,Cup Winner,12,1
15,1,Quebec City,Citadelles,86,66,44,21,0,2,1,89,360,244,116,0.667,2594,1969,48.1,769,2299,750,692,6.82,201,42,0.209,4,194,22,0.8866,5,,3,Round 3,11,8
7,1,Detroit,Falcons,64,66,43,18,1,1,4,91,263,167,96,0.652,,,,,,,,,,,,,,,,4,2,3,Round 3,8,7
9,1,Carolina,Kraken,68,66,43,22,0,4,1,87,266,202,64,0.652,2206,1702,53.7,643,1888,633,559,5.47,172,43,0.25,7,161,43,0.7329,2,1,1,Round 3,7,5
14,1,Nevada,Battleborn,77,66,43,22,0,3,1,87,303,236,67,0.652,2492,2155,50.7,618,1667,656,701,9.11,245,54,0.2204,3,256,52,0.7969,2,,2,Round 1,1,4
3,1,Vancouver,Whalers,72,66,43,16,4,2,3,93,339,221,118,0.652,2882,2103,52.3,923,2275,643,653,8.79,253,51,0.2016,9,260,57,0.7808,2,1,2,Round 2,1,4
0,1,Anchorage,Armada,79,66,42,23,0,2,1,85,283,246,37,0.636,2617,2137,50.2,1062,1578,733,631,9.23,250,64,0.256,4,253,45,0.8221,5,,3,Round 3,9,7
16,1,Thunder Bay,Walleye,84,66,42,19,5,0,0,89,294,224,70,0.636,2357,2084,51.6,1038,2124,755,970,8.33,199,46,0.2312,7,238,31,0.8697,3,,2,Round 3,8,8
4,1,Newfoundland,Berserkers,71,66,42,21,1,2,2,87,292,230,62,0.636,2592,2182,51.6,740,2268,584,595,11.65,312,63,0.2019,8,295,57,0.8068,4,1,1,Finals Lost,8,8
14,1,Nevada,Battleborn,65,66,42,19,3,2,2,89,298,190,108,0.636,,,,,,,,,,,,,,,,4,1,3,Round 3,6,4
9,1,Carolina,Kraken,76,66,42,21,1,3,2,87,267,191,76,0.636,2211,2060,48.7,994,1431,734,559,8.35,206,42,0.2039,4,232,52,0.7759,4,,2,Round 3,11,9
14,1,Nevada,Battleborn,68,66,42,22,2,1,0,86,268,203,65,0.636,2153,1758,51.2,676,2052,625,518,6.14,172,37,0.2151,8,178,34,0.809,3,1,2,Round 2,2,4
2,1,Maine,Timber,76,66,42,21,1,1,2,87,285,217,68,0.636,2549,2237,53.5,1031,1460,632,561,7.18,202,47,0.2327,3,210,41,0.8048,3,,1,Finals Lost,13,9
0,1,Anchorage,Armada,73,66,42,24,0,3,0,84,280,219,61,0.636,2587,2240,51.4,865,2081,634,572,8.61,273,65,0.2381,15,246,42,0.8293,3,2,2,Round 1,3,4
7,1,Detroit,Falcons,84,66,42,23,0,5,1,85,281,238,43,0.636,2189,1967,52.8,916,2040,799,869,6.94,199,36,0.1809,4,191,26,0.8639,4,,2,Round 1,1,4
2,1,Maine,Timber,81,66,42,24,0,0,0,84,290,236,54,0.636,2622,2170,50.8,994,1612,653,634,8.58,256,64,0.25,6,241,62,0.7427,5,,1,Round 1,2,4
17,1,Great Falls,Grizzlies,82,66,42,19,4,1,1,89,236,172,64,0.636,2147,1659,48.1,688,2171,691,674,6.89,209,32,0.1531,3,197,28,0.8579,2,,1,Round 1,2,4
1,1,Kelowna,Knights,69,66,42,19,4,1,1,89,228,165,63,0.636,1947,1627,48.9,858,1770,656,539,5.5,202,44,0.2178,4,168,33,0.8036,3,2,2,Round 2,4,6
3,1,Vancouver,Whalers,81,66,42,21,2,1,1,87,261,210,51,0.636,2390,2141,45,947,1434,734,574,7.62,217,52,0.2396,10,196,36,0.8163,4,,4,Round 3,9,9
7,1,Detroit,Falcons,74,66,42,20,3,2,1,88,255,194,61,0.636,2340,1865,51.1,923,1538,714,498,6.91,217,52,0.2396,13,184,31,0.8315,3,1,1,Cup Winner,12,5
17,1,Great Falls,Grizzlies,69,66,42,19,2,3,3,89,246,159,87,0.636,1857,1631,50.6,932,1702,597,501,5.53,183,47,0.2568,4,162,30,0.8148,4,1,2,Round 2,3,4
9,1,Carolina,Kraken,61,66,42,20,3,1,1,88,247,193,54,0.636,,,,,,,,,,,,,,,,5,1,2,Round 2,0,4
2,1,Maine,Timber,80,66,42,23,0,2,1,85,323,228,95,0.636,2787,1941,51.7,939,1756,719,592,9.94,301,63,0.2093,9,278,72,0.741,5,,2,Round 3,8,8
19,1,San Diego,Tidal,85,66,42,21,2,1,1,87,368,260,108,0.636,2306,1959,52.4,898,1856,802,732,5.77,174,34,0.1954,6,167,26,0.8443,3,,2,Round 3,9,8
0,1,Anchorage,Armada,57,66,42,16,4,4,4,92,210,143,67,0.636,,,,,,,,,,,,,,,,2,1,1,Cup Winner,12,4
7,1,Detroit,Falcons,59,66,41,20,2,6,3,87,213,168,45,0.621,,,,,,,,,,,,,,,,4,1,2,Round 2,1,4
4,1,Newfoundland,Berserkers,58,66,41,21,0,3,4,86,214,149,65,0.621,,,,,,,,,,,,,,,,3,2,2,Round 3,9,6
7,1,Detroit,Falcons,53,50,41,7,0,1,2,84,204,89,115,0.82,,,,,,,,,,,,,,,,1,,1,Cup Winner,12,5
4,1,Newfoundland,Berserkers,59,66,41,18,2,2,5,89,234,151,83,0.621,,,,,,,,,,,,,,,,3,1,1,Round 3,6,6
14,1,Nevada,Battleborn,87,66,41,23,1,2,1,84,307,255,52,0.621,2519,1904,50.7,987,2847,680,944,7.95,236,43,0.1822,6,217,35,0.8387,4,,2,Round 2,5,6
6,1,Colorado,Raptors,74,66,41,17,4,0,4,90,314,246,68,0.621,2699,2131,47.8,924,2072,708,636,9.32,270,57,0.2111,6,266,74,0.7218,2,2,2,Finals Lost,15,9
16,1,Regina,Elk,77,66,41,24,1,3,0,83,250,181,69,0.621,2344,1897,51.9,806,1532,632,604,7.94,227,55,0.2423,4,216,29,0.8657,3,,1,Round 3,8,8
2,1,Maine,Timber,67,66,41,22,2,2,1,85,266,194,72,0.621,2126,1622,53.1,921,1819,638,522,6.48,152,38,0.25,2,175,38,0.7829,4,2,3,Cup Winner,16,9
1,1,Kelowna,Knights,82,66,41,20,3,3,2,87,315,231,84,0.621,2603,1892,51.2,895,2443,920,849,7.62,206,42,0.2039,4,219,31,0.8584,3,,2,Finals Lost,14,4
2,1,Maine,Timber,64,66,41,24,1,3,0,83,237,206,31,0.621,,,,,,,,,,,,,,,,6,3,4,Round 1,2,4
14,1,Nevada,Battleborn,70,66,41,19,2,4,4,88,291,213,78,0.621,2284,1844,53,921,2134,648,602,9.35,248,67,0.2702,6,258,42,0.8372,4,1,2,Round 3,7,5
6,1,Colorado,Raptors,85,66,41,24,0,1,1,83,324,258,66,0.621,2350,2002,51.9,931,2276,778,871,6.8,197,37,0.1878,9,194,34,0.8247,5,,3,Round 2,7,4
14,1,Nevada,Battleborn,64,66,41,16,2,8,7,91,234,200,34,0.621,,,,,,,,,,,,,,,,5,2,2,Round 2,6,4
2,1,Maine,Timber,73,66,41,22,3,1,0,85,299,229,70,0.621,2766,2141,54.5,1058,1812,641,634,10.85,285,49,0.1719,17,310,57,0.8161,2,1,1,Cup Winner,12,1
9,1,Carolina,Kraken,62,66,41,20,2,1,3,87,240,189,51,0.621,,,,,,,,,,,,,,,,4,1,2,Round 3,5,4
8,1,St. Louis,Scarecrows,72,66,41,22,0,3,3,85,296,232,64,0.621,2785,2222,53.9,968,2074,647,571,9.91,290,68,0.2345,14,269,34,0.8736,3,1,1,Cup Winner,12,8
4,1,Newfoundland,Berserkers,69,66,41,23,1,1,1,84,245,182,63,0.621,2131,1503,50.7,710,1704,610,579,6.12,164,40,0.2439,7,173,34,0.8035,5,1,3,Round 3,7,4
1,1,Kelowna,Knights,85,66,41,23,1,1,1,84,287,227,60,0.621,2235,1850,54.3,919,2391,619,776,6.47,176,24,0.1364,8,171,28,0.8363,4,,2,Round 3,8,8
1,1,Kelowna,Knights,86,66,41,21,2,0,2,86,322,247,75,0.621,2514,2006,50.3,1070,2222,745,757,7.12,209,37,0.177,9,193,32,0.8342,6,,4,Round 2,6,4
14,1,Nevada,Battleborn,63,66,41,24,0,3,1,83,232,202,30,0.621,,,,,,,,,,,,,,,,4,1,2,Round 2,2,4
7,1,Detroit,Falcons,75,66,40,22,3,4,1,84,227,182,45,0.606,,,,,,,,,,,,,,,,4,2,2,Round 2,7,7
9,1,Carolina,Kraken,82,66,40,21,4,3,1,85,287,223,64,0.606,2272,2048,44.5,906,1893,634,740,8.62,212,42,0.1981,7,228,43,0.8114,4,,2,Round 2,5,5
17,1,Great Falls,Grizzlies,63,66,40,20,2,3,4,86,222,169,53,0.606,,,,,,,,,,,,,,,,3,1,1,Finals Lost,9,7
16,1,Thunder Bay,Walleye,87,66,40,24,0,1,2,82,293,214,79,0.606,2489,1800,46.2,824,2489,695,765,7.42,196,30,0.1531,3,209,40,0.8086,5,,3,Round 1,1,4
14,1,Nevada,Battleborn,84,66,40,23,1,1,2,83,264,216,48,0.606,2167,1838,49.7,953,2095,816,824,7.27,224,31,0.1384,6,222,30,0.8649,5,,3,Round 2,7,6
16,1,Regina,Elk,67,66,40,18,2,4,6,88,225,152,73,0.606,1921,1736,51.7,940,1567,580,581,6.91,200,42,0.21,5,195,36,0.8154,2,1,1,Round 2,2,4
7,1,Detroit,Falcons,88,66,40,21,4,0,1,85,320,253,67,0.606,2249,2145,49.3,1072,2463,762,867,8.11,219,43,0.1963,7,225,37,0.8356,4,,2,Finals Lost,13,8
7,1,Detroit,Falcons,85,66,40,18,8,0,0,88,294,238,56,0.606,2280,1938,55.9,877,2123,704,798,7.26,215,46,0.214,8,198,31,0.8434,2,,1,Finals Lost,13,6
6,1,Colorado,Raptors,79,66,40,23,0,1,3,83,300,246,54,0.606,2528,2406,54.1,980,1383,640,619,6.65,199,44,0.2211,10,192,48,0.75,6,,3,Finals Lost,13,8
1,1,Kelowna,Knights,62,66,40,21,2,4,3,85,224,183,41,0.606,,,,,,,,,,,,,,,,5,2,3,Round 2,4,4
15,1,Quebec City,Citadelles,66,66,40,24,1,2,1,82,209,170,39,0.606,2000,1535,55.5,732,1798,589,580,5.11,153,35,0.2288,5,145,25,0.8276,5,1,1,Finals Lost,8,9
7,1,Detroit,Falcons,58,66,40,21,2,3,3,85,221,168,53,0.606,,,,,,,,,,,,,,,,4,1,3,Round 2,1,4
3,1,Vancouver,Whalers,56,50,39,11,0,3,0,78,169,101,68,0.78,,,,,,,,,,,,,,,,1,1,1,Cup Winner,12,5
3,1,Vancouver,Whalers,82,66,39,21,3,2,3,84,281,199,82,0.591,2609,1821,51,926,2219,766,927,8.56,275,44,0.16,3,244,26,0.8934,5,,3,Round 3,8,5
9,1,Carolina,Kraken,63,66,39,26,0,2,1,79,230,206,24,0.591,,,,,,,,,,,,,,,,6,2,4,Round 1,2,4
14,1,Nevada,Battleborn,78,66,39,24,3,1,0,81,294,223,71,0.591,2584,2055,50.9,785,1660,748,653,6.92,197,62,0.3147,6,171,38,0.7778,4,,3,Round 1,2,4
2,1,Maine,Timber,62,66,39,21,4,3,2,84,236,192,44,0.591,,,,,,,,,,,,,,,,6,3,4,Round 2,4,6
2,1,Maine,Timber,74,66,39,20,4,5,3,85,264,218,46,0.591,2494,1928,52.6,1102,1719,659,739,7.03,214,55,0.257,8,195,45,0.7692,4,1,3,Round 3,6,6
14,1,Nevada,Battleborn,72,66,39,24,0,1,3,81,294,256,38,0.591,2501,2354,51.4,858,2192,709,596,10.7,271,60,0.2214,15,301,50,0.8339,4,1,2,Round 3,7,7
7,1,Detroit,Falcons,70,66,39,25,1,4,1,80,270,239,31,0.591,2139,2114,49.3,753,2184,609,459,8.23,220,54,0.2455,8,224,44,0.8036,6,3,4,Round 2,5,6
17,1,Great Falls,Grizzlies,70,66,39,23,2,1,2,82,229,199,30,0.591,1932,1648,51.9,864,2085,572,493,5.98,206,35,0.1699,12,185,41,0.7784,5,2,3,Round 2,5,6
14,1,Nevada,Battleborn,67,66,39,19,2,3,6,86,242,193,49,0.591,2374,1680,53,602,1904,701,521,6.76,190,42,0.2211,7,202,37,0.8168,3,1,2,Round 3,7,5
18,1,Ottawa,Highlanders,81,66,39,23,4,2,0,82,263,207,56,0.591,2535,2042,50.4,902,1525,727,617,7.58,217,45,0.2074,2,213,45,0.7887,6,,2,Round 1,2,4
16,1,Regina,Elk,76,66,39,21,3,3,3,84,259,190,69,0.591,2477,1979,51.7,815,1642,612,546,7.86,248,68,0.2742,9,213,38,0.8216,6,,3,Round 1,3,4
6,1,Colorado,Raptors,76,66,39,21,5,0,1,84,272,230,42,0.591,2549,2196,53.1,1039,1800,618,606,10.05,268,64,0.2388,9,273,53,0.8059,5,,3,Round 2,7,4
0,1,Anchorage,Armada,78,66,39,22,4,4,1,83,274,223,51,0.591,2360,2050,50.9,1003,1494,684,667,7.39,192,40,0.2083,8,194,37,0.8093,2,,1,Round 1,0,4
1,1,Kelowna,Knights,87,66,39,24,2,2,1,81,295,281,14,0.591,2048,2246,46.8,948,2320,630,760,5.55,182,61,0.3352,4,157,23,0.8535,6,,4,Round 2,7,7
6,1,Colorado,Raptors,65,66,39,26,0,2,1,79,268,216,52,0.591,,,,,,,,,,,,,,,,5,2,2,Round 2,4,4
8,1,St. Louis,Scarecrows,65,66,38,26,2,1,0,78,244,213,31,0.576,,,,,,,,,,,,,,,,6,3,3,Round 2,5,4
9,1,Carolina,Kraken,81,66,38,26,1,1,1,78,263,234,29,0.576,2310,2100,47.9,1090,1509,701,537,8.38,230,47,0.2043,6,235,59,0.7489,7,,3,Cup Winner,16,6
8,1,St. Louis,Scarecrows,67,66,38,25,1,7,2,79,217,187,30,0.576,1971,1714,45.8,744,1927,655,536,6.44,185,39,0.2108,8,173,29,0.8324,6,3,3,Round 3,11,7
1,1,Kelowna,Knights,63,66,38,21,4,1,3,83,236,180,56,0.576,,,,,,,,,,,,,,,,5,2,3,Round 3,10,8
9,1,Carolina,Kraken,84,66,38,26,0,3,2,78,245,220,25,0.576,2152,1947,46.1,904,2299,654,681,6.92,198,33,0.1667,8,196,21,0.8929,6,,4,Round 3,8,10
3,1,Vancouver,Whalers,67,66,38,26,0,4,2,78,242,213,29,0.576,1945,2022,50.6,705,1657,606,601,6.73,176,39,0.2216,7,192,42,0.7813,7,1,4,Round 2,1,4
5,1,Yukon,Malamutes,88,66,38,24,2,1,2,80,309,250,59,0.576,2431,2155,48.5,795,2506,635,670,5.83,188,30,0.1596,7,169,18,0.8935,5,,3,Round 2,4,4
18,1,Ottawa,Highlanders,77,66,38,23,4,2,1,81,250,221,29,0.576,2204,2247,51.8,776,1492,555,621,8.29,236,69,0.2924,8,225,45,0.8,5,,4,Finals Lost,14,7
4,1,Newfoundland,Berserkers,74,66,38,25,2,2,1,79,282,207,75,0.576,2435,1869,51.2,977,1376,692,552,6.97,183,47,0.2568,6,202,35,0.8267,5,3,4,Round 2,6,5
15,1,Quebec City,Citadelles,69,66,38,21,6,1,1,83,245,200,45,0.576,2045,1676,51.4,780,1783,737,501,5.09,152,33,0.2171,7,150,39,0.74,6,2,3,Cup Winner,16,9
3,1,Vancouver,Whalers,85,66,38,23,3,1,2,81,302,262,40,0.576,2219,2005,48.3,1000,2294,770,833,6.18,187,47,0.2513,6,176,32,0.8182,6,,3,Round 2,7,6
14,1,Nevada,Battleborn,73,66,38,25,1,2,2,79,271,227,44,0.576,2579,2344,51.6,847,1815,637,701,11.05,313,69,0.2204,6,316,51,0.8386,4,3,3,Round 2,7,7
7,1,Detroit,Falcons,83,66,38,24,2,1,2,80,303,223,80,0.576,2217,2023,50.5,837,2180,701,741,7.55,198,51,0.2576,6,199,29,0.8543,4,,2,Round 1,2,4
1,1,Kelowna,Knights,78,66,38,26,2,4,0,78,253,217,36,0.576,2391,1891,52.6,907,1436,749,649,7.55,222,57,0.2568,4,209,37,0.823,5,,2,Finals Lost,14,9
17,1,Great Falls,Grizzlies,62,66,38,27,0,2,1,77,221,181,40,0.576,,,,,,,,,,,,,,,,8,2,3,Round 1,0,4
7,1,Detroit,Falcons,67,66,38,25,1,1,2,79,248,197,51,0.576,1901,1762,54.8,807,1922,659,534,5.97,174,36,0.2069,2,173,37,0.7861,5,2,2,Round 2,5,5
7,1,Detroit,Falcons,77,66,38,23,1,2,4,81,234,190,44,0.576,2381,2090,46.5,1096,1476,581,657,6.88,208,43,0.2067,5,190,30,0.8421,4,,3,Round 1,2,4
9,1,Montreal,Militia,28,50,38,6,6,0,0,82,0,0,0,0.76,,,,,,,,,,,,,,,,1,,1,Cup Winner,12,2
1,1,Kelowna,Knights,57,66,37,25,1,5,3,78,185,163,22,0.561,,,,,,,,,,,,,,,,4,2,2,Round 1,3,4
2,1,Maine,Timber,57,66,37,24,3,6,2,79,178,168,10,0.561,,,,,,,,,,,,,,,,3,2,2,Round 1,1,4
9,1,Carolina,Kraken,55,50,37,12,0,3,1,75,184,102,82,0.74,,,,,,,,,,,,,,,,2,1,2,Round 3,7,4
6,1,Colorado,Raptors,60,66,37,27,1,5,1,76,212,194,18,0.561,,,,,,,,,,,,,,,,6,1,3,Round 2,3,4
18,1,Ottawa,Highlanders,80,66,37,28,0,4,1,75,266,228,38,0.561,2364,2104,50.1,928,1637,578,663,8.39,229,57,0.2489,7,235,45,0.8085,6,,3,Round 2,6,7
6,1,Colorado,Raptors,67,66,37,27,1,6,1,76,245,248,-3,0.561,2086,2164,50.5,958,1676,706,503,5.55,183,48,0.2623,7,164,34,0.7927,8,2,5,Round 1,3,4
8,1,St. Louis,Scarecrows,78,66,37,27,1,2,1,76,225,246,-21,0.561,2109,2430,46.3,937,1471,689,670,6.58,177,42,0.2373,7,182,32,0.8242,7,,5,Round 1,0,4
19,1,San Diego,Tidal,87,66,37,23,2,1,4,80,306,223,83,0.561,2376,1883,53.7,1046,1997,761,761,6.39,182,27,0.1484,2,181,21,0.884,7,,3,Finals Lost,12,8
0,1,Anchorage,Armada,68,66,37,24,0,5,5,79,210,201,9,0.561,1773,1877,48.7,767,1647,566,517,5.15,144,32,0.2222,11,152,18,0.8816,4,2,3,Round 2,5,5
6,1,Colorado,Raptors,78,66,37,21,4,0,4,82,259,215,44,0.561,2257,2127,54.2,800,1588,678,658,7.36,168,35,0.2083,6,190,33,0.8263,3,,2,Round 2,6,7
7,1,Detroit,Falcons,78,66,37,26,2,2,1,77,245,208,37,0.561,2533,2004,48.6,990,1709,631,640,6.79,174,41,0.2356,6,184,30,0.837,6,,4,Round 3,9,6
2,1,Maine,Timber,82,66,37,23,3,7,3,80,220,211,9,0.561,1895,2116,51.6,987,2558,654,836,10.23,282,48,0.1702,13,286,32,0.8881,6,,3,Round 3,10,6
9,1,Carolina,Kraken,69,66,37,26,1,1,2,77,231,205,26,0.561,1981,1737,51.3,623,1551,647,565,5.76,163,44,0.2699,6,167,36,0.7844,7,2,4,Round 3,10,9
5,1,Yukon,Malamutes,87,66,37,25,2,1,2,78,306,255,51,0.561,2464,2096,49.6,822,2459,606,843,5.24,177,30,0.1695,11,158,24,0.8481,8,,5,Round 1,3,4
18,1,Ottawa,Highlanders,83,66,37,28,1,2,0,75,250,241,9,0.561,2149,2158,48.8,943,2320,624,832,6.58,194,28,0.1443,8,185,32,0.827,6,,4,Round 1,2,4
4,1,Newfoundland,Berserkers,75,66,37,27,0,0,2,76,310,221,89,0.561,,,,,,,,,,,,,,,,6,1,3,Finals Lost,9,10
5,1,Yukon,Malamutes,82,66,36,28,1,3,1,74,259,252,7,0.545,1960,2054,50.1,816,2306,642,783,7.03,202,36,0.1782,6,194,36,0.8144,8,,5,Round 2,4,6
0,1,Anchorage,Armada,85,66,36,28,1,1,1,74,290,255,35,0.545,2052,2005,48.8,1107,1816,763,744,6.62,186,33,0.1774,5,188,24,0.8723,8,,4,Round 2,5,5
16,1,Regina,Elk,68,66,36,25,4,6,1,77,202,174,28,0.545,1724,1736,49.8,982,1526,538,535,5.98,172,37,0.2151,5,172,37,0.7849,5,3,4,Round 2,5,6
18,1,Ottawa,Highlanders,79,66,36,27,1,1,2,75,290,258,32,0.545,2415,2398,47.5,1059,1394,586,665,8.52,218,51,0.2339,5,228,55,0.7588,8,,5,Round 1,1,4
9,1,Carolina,Kraken,72,66,36,24,2,1,4,78,266,247,19,0.545,2329,2223,48.9,951,1677,787,521,7.39,221,60,0.2715,11,202,47,0.7673,5,2,3,Round 2,7,5
8,1,St. Louis,Scarecrows,79,66,36,24,2,2,4,78,274,244,30,0.545,2413,2295,46.4,970,1510,756,658,7.62,215,46,0.214,4,207,38,0.8164,7,,4,Round 2,5,5
14,1,Nevada,Battleborn,62,66,36,26,1,3,3,76,189,173,16,0.545,,,,,,,,,,,,,,,,9,3,4,Round 2,6,4
0,1,Anchorage,Armada,74,66,36,28,2,1,0,74,274,234,40,0.545,2341,2104,53.1,839,1841,711,581,7.98,226,53,0.2345,7,215,42,0.8047,7,3,6,Round 2,5,7
15,1,Quebec City,Citadelles,82,66,36,25,1,1,4,77,280,226,54,0.545,2477,1853,49.4,660,2523,832,839,8.71,224,28,0.125,10,246,32,0.8699,7,,4,Round 1,2,4
4,1,Newfoundland,Berserkers,72,66,36,27,2,2,1,75,302,271,31,0.545,2605,2192,52,907,2106,653,608,10.76,269,55,0.2045,4,316,54,0.8291,6,2,3,Round 2,6,6
5,1,Yukon,Malamutes,75,66,36,26,2,0,2,76,265,235,30,0.545,,,,,,,,,,,,,,,,7,1,4,Round 2,2,4
0,1,Anchorage,Armada,61,66,36,25,3,3,2,77,209,167,42,0.545,,,,,,,,,,,,,,,,6,2,3,Round 2,4,6
14,1,Nevada,Battleborn,76,66,36,23,5,2,2,79,238,228,10,0.545,2289,2306,51,532,1641,561,640,8.77,241,60,0.249,8,245,36,0.8531,7,,4,Round 2,5,5
3,1,Vancouver,Whalers,71,66,36,27,2,2,1,75,303,271,32,0.545,2434,2352,50.2,1114,2041,665,587,10.02,258,65,0.2519,9,277,46,0.8339,5,1,2,Round 2,1,4
2,1,Maine,Timber,68,66,36,26,1,0,3,76,215,202,13,0.545,2107,1892,55.2,979,1952,620,546,6.3,180,48,0.2667,2,180,29,0.8389,7,1,2,Finals Lost,11,6
0,1,Anchorage,Armada,87,66,36,27,0,6,3,75,247,253,-6,0.545,2038,2168,49.9,1023,2377,624,831,6.94,184,34,0.1848,6,195,28,0.8564,9,,6,Round 2,4,5
19,1,San Diego,Tidal,81,66,36,27,2,1,1,75,275,232,43,0.545,2430,2059,53.3,996,1676,665,637,8.05,227,62,0.2731,4,223,44,0.8027,8,,4,Round 2,7,5
16,1,Regina,Elk,72,66,36,29,1,1,0,73,294,246,48,0.545,2452,2303,52.2,1260,2131,603,552,8.42,238,52,0.2185,7,236,57,0.7585,7,2,4,Round 1,1,4
6,1,Colorado,Raptors,62,66,36,22,2,0,6,80,248,205,43,0.545,,,,,,,,,,,,,,,,7,2,5,Round 2,4,6
3,1,Vancouver,Whalers,42,50,36,12,2,0,0,74,176,128,48,0.72,,,,,,,,,,,,,,,,1,,1,Finals Lost,6,5
0,1,Anchorage,Armada,58,66,36,27,1,1,2,75,164,146,18,0.545,,,,,,,,,,,,,,,,5,2,2,Finals Lost,13,8
9,1,Carolina,Kraken,60,66,36,26,3,1,1,76,238,216,22,0.545,,,,,,,,,,,,,,,,5,1,3,Round 2,2,4
2,1,Halifax,Raiders,32,50,36,13,1,0,0,73,206,121,85,0.72,,,,,,,,,,,,,,,,1,,1,Round 2,3,4
8,1,St. Louis,Scarecrows,34,50,35,13,2,0,0,72,168,131,37,0.7,,,,,,,,,,,,,,,,1,,1,Finals Lost,6,7
8,1,St. Louis,Scarecrows,47,52,35,14,3,0,0,73,190,152,38,0.673,,,,,,,,,,,,,,,,1,,1,Round 3,7,6
1,1,Kelowna,Knights,42,50,35,13,2,0,0,72,172,135,37,0.7,,,,,,,,,,,,,,,,2,,2,Cup Winner,8,2
9,1,Montreal,Impact,27,50,35,7,8,0,0,78,0,0,0,0.7,,,,,,,,,,,,,,,,1,,1,Finals Lost,10,7
6,1,Colorado,Raptors,59,66,35,23,1,9,7,78,198,189,9,0.53,,,,,,,,,,,,,,,,5,1,3,Round 2,0,4
0,1,Anchorage,Armada,55,50,35,12,2,2,1,73,176,89,87,0.7,,,,,,,,,,,,,,,,3,1,1,Round 2,3,4
14,1,Nevada,Battleborn,58,66,35,28,1,3,2,73,177,171,6,0.53,,,,,,,,,,,,,,,,6,1,3,Round 2,1,4
9,1,Carolina,Kraken,51,50,35,12,3,0,0,73,174,136,38,0.7,,,,,,,,,,,,,,,,1,,1,Round 2,2,4
4,1,Newfoundland,Berserkers,55,50,35,9,3,0,3,76,185,105,80,0.7,,,,,,,,,,,,,,,,1,1,1,Cup Winner,12,5
15,1,Quebec City,Citadelles,59,66,35,31,0,2,0,70,192,192,0,0.53,,,,,,,,,,,,,,,,6,2,3,Round 3,10,8
5,1,Yukon,Malamutes,74,66,35,26,3,2,2,75,280,255,25,0.53,2282,2349,52.1,1004,1586,696,608,7.71,184,38,0.2065,6,209,54,0.7416,6,2,5,Round 2,4,7
0,1,Anchorage,Armada,75,66,35,29,2,1,0,72,294,250,44,0.53,,,,,,,,,,,,,,,,9,2,6,Round 1,2,4
4,1,Newfoundland,Berserkers,88,66,35,29,1,1,1,72,356,348,8,0.53,2313,2386,45.2,1253,2702,639,773,7.3,194,40,0.2062,5,195,41,0.7897,7,,4,Round 1,1,4
16,1,Regina,Elk,75,66,35,24,4,2,3,77,243,208,35,0.53,,,,,,,,,,,,,,,,5,3,3,Round 1,2,4
15,1,Quebec City,Citadelles,60,66,35,23,5,4,3,78,235,203,32,0.53,,,,,,,,,,,,,,,,4,2,2,Round 3,8,6
3,1,Vancouver,Whalers,77,66,35,27,1,1,3,74,214,207,7,0.53,2071,2194,47.9,959,1443,652,609,6.92,208,41,0.1971,7,191,28,0.8534,6,,2,Cup Winner,16,3
15,1,Quebec City,Citadelles,77,66,35,30,1,1,0,71,233,226,7,0.53,2269,2132,48.6,668,1506,735,610,6.76,185,36,0.1946,4,168,26,0.8452,8,,3,Round 2,4,5
17,1,Great Falls,Grizzlies,75,66,35,29,1,0,1,72,252,231,21,0.53,,,,,,,,,,,,,,,,8,4,5,Missed,,
17,1,Great Falls,Grizzlies,76,66,35,26,2,3,3,75,215,182,33,0.53,2071,1952,52.2,867,1644,515,641,6.92,204,47,0.2304,4,198,39,0.803,8,,4,Round 2,6,6
18,1,Ottawa,Highlanders,85,66,35,25,4,0,2,76,278,260,18,0.53,2266,2041,51,953,2238,761,810,7.56,207,45,0.2174,9,208,29,0.8606,7,,4,Round 2,4,4
16,1,Regina,Elk,66,66,35,24,2,2,5,77,239,183,56,0.53,1960,1611,51.6,847,1599,566,544,6.11,181,32,0.1768,5,177,46,0.7401,6,3,5,Round 2,6,5
14,1,Nevada,Battleborn,83,66,35,25,2,2,4,76,235,227,8,0.53,2350,1800,51.3,988,2310,846,748,6.08,192,41,0.2135,9,172,28,0.8372,5,,3,Round 3,9,10
8,1,St. Louis,Scarecrows,68,66,35,24,5,5,2,77,262,238,24,0.53,2281,1915,54.5,849,1963,708,576,7.09,179,41,0.2291,11,198,39,0.803,6,2,5,Round 3,9,7
5,1,Yukon,Malamutes,72,66,35,30,1,3,0,71,288,258,30,0.53,2613,2354,52,1217,1950,699,627,8.21,219,48,0.2192,6,230,42,0.8174,8,2,4,Round 3,11,8
5,1,Yukon,Malamutes,67,66,35,29,1,5,1,72,211,207,4,0.53,1954,1813,45.5,849,1530,597,620,7.14,195,51,0.2615,11,201,42,0.791,9,2,4,Round 2,7,7
4,1,Newfoundland,Berserkers,73,66,35,29,1,3,1,72,270,281,-11,0.53,2589,2533,50.2,781,1854,654,571,12.06,333,75,0.2252,9,338,59,0.8254,6,2,3,Finals Lost,13,11
19,1,San Diego,Tidal,84,66,35,28,1,1,2,73,279,253,26,0.53,2026,2130,48.6,987,1809,838,787,6.55,194,33,0.1701,6,198,31,0.8434,7,,5,Round 1,3,4
2,1,Maine,Timber,88,66,35,29,2,1,0,72,301,277,24,0.53,2225,2126,52.2,1170,2067,776,853,7.7,218,27,0.1239,8,220,31,0.8591,6,,3,Round 1,0,4
6,1,Colorado,Raptors,63,66,35,25,3,2,3,76,232,220,12,0.53,,,,,,,,,,,,,,,,7,2,3,Round 1,2,4
4,1,Newfoundland,Berserkers,85,66,35,29,0,0,2,72,290,269,21,0.53,2381,1939,51.6,1088,2123,729,824,7.79,191,23,0.1204,9,208,39,0.8125,9,,5,Round 1,1,4
16,1,Thunder Bay,Walleye,86,66,34,29,2,1,1,71,277,270,7,0.515,2127,2175,50.9,999,2126,737,941,7.23,167,34,0.2036,9,198,30,0.8485,7,,5,Round 1,0,4
16,1,Regina,Elk,64,66,34,28,2,3,2,72,208,202,6,0.515,,,,,,,,,,,,,,,,7,1,3,Round 2,3,4
8,1,St. Louis,Scarecrows,66,66,34,25,5,3,2,75,230,209,21,0.515,2106,1768,44.6,825,1702,666,521,6.36,164,40,0.2439,7,173,37,0.7861,7,1,2,Round 3,7,7
9,1,Carolina,Kraken,83,66,34,29,2,1,1,71,257,243,14,0.515,2408,2189,49.2,875,1917,806,719,8.23,223,25,0.1121,2,227,43,0.8106,7,,5,Round 2,7,6
5,1,Yukon,Malamutes,78,66,34,24,3,1,5,76,216,205,11,0.515,2023,2348,51.4,1098,1347,602,661,6.03,171,34,0.1988,5,170,37,0.7824,8,,3,Round 3,10,9
1,1,Kelowna,Knights,61,66,34,29,2,5,1,71,193,203,-10,0.515,,,,,,,,,,,,,,,,7,3,4,Round 2,4,4
9,1,Carolina,Kraken,85,66,34,28,1,2,3,72,235,231,4,0.515,2078,2099,51.3,997,2155,607,749,6.35,180,39,0.2167,11,176,26,0.8523,10,,5,Round 1,0,4
1,1,Kelowna,Knights,80,66,34,31,0,1,1,69,264,243,21,0.515,2508,2386,50.2,928,1614,649,544,7.68,200,47,0.235,5,204,39,0.8088,7,,4,Round 2,4,5
16,1,Regina,Elk,73,66,34,26,4,1,2,74,259,260,-1,0.515,2393,2479,45.7,1298,1717,654,607,7,204,46,0.2255,8,191,41,0.7853,5,1,2,Round 2,2,4
5,1,Anaheim,Outlaws,63,66,34,30,0,1,2,70,195,181,14,0.515,,,,,,,,,,,,,,,,9,2,5,Round 2,5,4
9,1,Carolina,Kraken,71,66,34,28,1,3,3,72,272,256,16,0.515,2253,2286,52.6,985,1595,625,606,7.79,207,52,0.2512,6,195,52,0.7333,6,2,3,Round 2,5,4
15,1,Quebec City,Citadelles,73,66,34,30,1,2,1,70,282,255,27,0.515,2555,2441,44.9,809,1898,619,553,9.11,274,63,0.2299,15,260,58,0.7769,7,2,4,Round 1,1,4
1,1,Kelowna,Knights,40,50,34,16,0,0,0,68,174,128,46,0.68,,,,,,,,,,,,,,,,1,,1,Cup Winner,8,2
4,1,Newfoundland,Berserkers,54,50,34,13,2,2,1,71,180,119,61,0.68,,,,,,,,,,,,,,,,1,,1,Round 2,7,7
8,1,St. Louis,Scarecrows,39,50,34,12,4,0,0,72,161,115,46,0.68,,,,,,,,,,,,,,,,1,,1,Cup Winner,8,5
8,1,St. Louis,Scarecrows,35,50,34,13,3,0,0,71,140,115,25,0.68,,,,,,,,,,,,,,,,1,,1,Round 2,3,4
3,1,Vancouver,Whalers,43,50,34,13,3,0,0,71,176,130,46,0.68,,,,,,,,,,,,,,,,1,,1,Cup Winner,8,2
6,1,Colorado,Raptors,58,66,34,27,3,5,2,73,168,180,-12,0.515,,,,,,,,,,,,,,,,7,2,4,Round 2,7,7
1,1,Kelowna,Knights,55,50,33,13,1,3,3,70,165,132,33,0.66,,,,,,,,,,,,,,,,4,2,2,Round 3,11,6
1,1,Kelowna,Knights,30,50,33,13,4,0,0,70,0,0,0,0.66,,,,,,,,,,,,,,,,1,,1,Round 2,4,6
0,1,Prince George,Firebirds,38,50,33,16,1,0,0,67,174,138,36,0.66,,,,,,,,,,,,,,,,1,,1,Cup Winner,8,6
6,1,Colorado,Raptors,57,66,33,27,3,1,3,72,196,199,-3,0.5,,,,,,,,,,,,,,,,6,1,3,Round 2,2,4
7,1,Detroit,Falcons,57,66,33,26,3,3,4,73,195,195,0,0.5,,,,,,,,,,,,,,,,5,1,3,Round 2,0,4
8,1,St. Louis,Scarecrows,48,50,33,14,3,0,0,69,173,140,33,0.66,,,,,,,,,,,,,,,,1,,1,Round 2,1,4
9,1,Montreal,Impact,26,50,33,13,4,0,0,70,0,0,0,0.66,,,,,,,,,,,,,,,,1,,1,Round 1,1,4
2,1,Maine,Timber,87,66,33,30,1,1,2,69,231,237,-6,0.5,1974,1973,52.2,1160,2105,709,664,5.64,189,29,0.1534,4,161,27,0.8323,10,,4,Round 1,3,4
7,1,Detroit,Falcons,79,66,33,29,2,3,2,70,264,257,7,0.5,2457,2463,46.7,1139,1331,565,652,6.24,169,38,0.2249,7,172,35,0.7965,9,,6,Round 1,0,4
2,1,Maine,Timber,66,66,33,28,3,0,2,71,240,198,42,0.5,2157,1785,56.2,931,1692,671,559,6.35,191,48,0.2513,10,162,24,0.8519,8,2,3,Round 2,5,6
19,1,San Diego,Tidal,76,66,33,32,1,4,0,67,280,284,-4,0.5,2562,2499,46.2,849,1598,661,565,7.3,221,48,0.2172,13,177,49,0.7232,9,,5,Round 1,1,4
3,1,Vancouver,Whalers,74,66,33,28,1,2,4,71,244,278,-34,0.5,1903,2589,46.3,868,1609,588,601,7.41,182,53,0.2912,6,191,45,0.7644,8,1,2,Round 1,3,4
1,1,Kelowna,Knights,77,66,33,31,2,3,0,68,232,230,2,0.5,2391,2066,51.7,814,1605,696,651,8.53,228,45,0.1974,7,242,58,0.7603,10,,5,Round 2,7,6
2,1,Maine,Timber,65,66,33,28,3,2,2,71,196,216,-20,0.5,,,,,,,,,,,,,,,,7,1,4,Round 2,2,4
6,1,Colorado,Raptors,77,66,33,26,6,1,1,73,278,260,18,0.5,2405,2139,51.3,921,1590,667,619,9.12,247,48,0.1943,10,264,58,0.7803,7,,5,Round 1,0,4
5,1,Yukon,Malamutes,68,66,33,30,2,3,1,69,218,240,-22,0.5,2005,1826,50.3,963,1672,589,522,5.48,154,33,0.2143,10,156,34,0.7821,8,2,3,Round 2,4,6
3,1,Vancouver,Whalers,70,66,33,28,1,2,4,71,243,264,-21,0.5,1899,2210,51.5,615,2011,744,504,6.35,182,34,0.1868,9,180,45,0.75,7,2,3,Round 1,1,4
18,1,Ottawa,Highlanders,82,66,33,30,0,2,3,69,231,221,10,0.5,2127,2067,48.9,903,2297,593,893,7.56,216,28,0.1296,11,206,32,0.8447,9,,4,Round 2,7,5
16,1,Regina,Elk,63,66,33,28,4,3,1,71,210,216,-6,0.5,,,,,,,,,,,,,,,,8,3,4,Round 1,0,4
8,1,St. Louis,Scarecrows,71,66,33,28,3,1,2,71,232,226,6,0.5,2262,2253,53.3,1110,1888,603,585,8.7,221,47,0.2127,16,226,41,0.8186,7,2,4,Round 1,3,4
17,1,Great Falls,Grizzlies,78,66,33,28,3,3,2,71,176,190,-14,0.5,1632,2054,50.3,975,1411,542,635,7.06,203,36,0.1773,12,193,43,0.7772,9,,4,Round 2,7,7
15,1,Quebec City,Citadelles,62,66,33,28,1,4,4,71,217,201,16,0.5,,,,,,,,,,,,,,,,10,2,5,Round 1,2,4
5,1,Yukon,Malamutes,83,66,32,30,3,3,1,68,225,221,4,0.485,1963,2090,49.2,743,2244,629,715,7.35,180,30,0.1667,4,210,34,0.8381,9,,4,Round 2,5,6
3,1,Vancouver,Whalers,88,66,32,32,1,2,1,66,270,300,-30,0.485,1931,2288,47.5,1071,2294,789,757,6.62,194,23,0.1186,3,184,31,0.8315,8,,5,Round 2,4,5
16,1,Thunder Bay,Walleye,81,66,32,30,3,0,1,68,296,310,-14,0.485,2457,2687,52.4,975,1399,722,591,8.97,225,43,0.1911,5,247,63,0.7449,9,,5,Round 1,3,4
3,1,Vancouver,Whalers,83,66,32,30,2,2,2,68,237,242,-5,0.485,2192,2067,53.4,792,2240,663,812,7.15,202,43,0.2129,3,193,18,0.9067,8,,3,Round 1,1,4
14,1,Nevada,Battleborn,80,66,32,32,2,2,0,66,229,276,-47,0.485,2034,2180,53.8,979,1581,559,640,8.27,222,49,0.2207,9,237,62,0.7384,8,,4,Round 1,2,4
3,1,Vancouver,Whalers,84,66,32,31,1,1,2,67,224,225,-1,0.485,2151,1843,51,906,2304,764,876,8.03,236,47,0.1992,5,221,33,0.8507,8,,3,Round 2,7,4
0,1,Anchorage,Armada,84,66,32,31,3,3,0,67,250,257,-7,0.485,2045,2000,51.1,891,1806,625,864,6.33,191,26,0.1361,8,175,32,0.8171,9,,4,Round 2,4,4
0,1,Anchorage,Armada,69,66,32,33,0,0,1,65,182,198,-16,0.485,1802,1768,48.6,633,1677,610,540,5.52,145,36,0.2483,2,159,35,0.7799,8,3,4,Round 2,4,5
0,1,Anchorage,Armada,76,66,32,32,1,3,1,66,216,246,-30,0.485,2124,2311,49.3,1155,1424,636,645,7.48,225,50,0.2222,5,215,54,0.7488,10,,5,Round 1,2,4
14,1,Nevada,Battleborn,74,66,32,27,4,1,3,71,224,228,-4,0.485,2083,2359,52.1,790,1498,563,729,8.95,210,50,0.2381,9,253,49,0.8063,9,2,3,Round 2,1,4
7,1,Detroit,Falcons,82,66,32,31,1,2,2,67,264,243,21,0.485,2166,1936,49.9,854,2174,739,716,7.56,205,35,0.1707,4,198,32,0.8384,10,,5,Round 1,1,4
2,1,Halifax,Raiders,37,50,32,10,8,0,0,72,167,128,39,0.64,,,,,,,,,,,,,,,,1,,1,Round 2,2,4
3,1,Vancouver,Whalers,35,50,32,15,3,0,0,67,163,114,49,0.64,,,,,,,,,,,,,,,,2,,1,Cup Winner,8,1
9,1,Carolina,Kraken,54,50,32,13,2,2,3,69,183,134,49,0.64,,,,,,,,,,,,,,,,3,,2,Cup Winner,12,8
0,1,Prince George,Firebirds,33,50,32,15,3,0,0,67,146,122,24,0.64,,,,,,,,,,,,,,,,2,,1,Round 2,3,4
1,1,Kelowna,Knights,46,50,32,13,5,0,0,69,153,123,30,0.64,,,,,,,,,,,,,,,,1,,1,Finals Lost,11,7
9,1,Carolina,Kraken,59,66,32,30,1,6,3,68,198,218,-20,0.485,,,,,,,,,,,,,,,,7,2,4,Round 1,1,4
7,1,Detroit,Falcons,44,50,32,12,6,0,0,70,187,139,48,0.64,,,,,,,,,,,,,,,,1,,1,Round 2,3,4
1,1,Kelowna,Knights,54,50,32,11,2,0,5,71,165,99,66,0.64,,,,,,,,,,,,,,,,2,,1,Round 2,5,7
3,1,Vancouver,Whalers,11,40,32,4,4,0,0,68,0,0,0,0.8,,,,,,,,,,,,,,,,1,,1,Round 2,3,4
5,1,Anaheim,Outlaws,60,66,32,29,2,4,3,69,194,217,-23,0.485,,,,,,,,,,,,,,,,7,2,4,Round 1,3,4
5,1,Anaheim,Outlaws,57,66,32,28,2,2,4,70,199,199,0,0.485,,,,,,,,,,,,,,,,7,2,4,Finals Lost,13,8
8,1,St. Louis,Scarecrows,29,50,31,14,5,0,0,67,0,0,0,0.62,,,,,,,,,,,,,,,,1,,1,Cup Winner,12,4
7,1,Detroit,Falcons,49,50,31,13,6,0,0,68,191,144,47,0.62,,,,,,,,,,,,,,,,1,,1,Round 3,5,6
9,1,Montreal,Impact,25,50,31,14,5,0,0,67,0,0,0,0.62,,,,,,,,,,,,,,,,1,,1,Finals Lost,9,8
3,1,Vancouver,Whalers,10,40,31,7,2,0,0,64,0,0,0,0.775,,,,,,,,,,,,,,,,1,,1,Cup Winner,8,6
7,1,Detroit,Falcons,45,50,31,17,2,0,0,64,160,146,14,0.62,,,,,,,,,,,,,,,,1,,1,Finals Lost,10,8
1,1,Kelowna,Knights,29,50,31,17,2,0,0,64,0,0,0,0.62,,,,,,,,,,,,,,,,2,,1,Round 2,7,4
7,1,Detroit,Falcons,10,40,31,7,2,0,0,64,0,0,0,0.775,,,,,,,,,,,,,,,,2,,1,Round 2,3,4
9,1,Montreal,Militia,34,50,31,18,1,0,0,63,171,127,44,0.62,,,,,,,,,,,,,,,,2,,2,Round 2,2,4
8,1,St. Louis,Scarecrows,24,52,31,18,3,0,0,65,0,0,0,0.596,,,,,,,,,,,,,,,,2,,2,Round 1,0,4
1,1,Kelowna,Knights,33,50,31,14,5,0,0,67,149,117,32,0.62,,,,,,,,,,,,,,,,3,,2,Finals Lost,11,9
1,1,Kelowna,Knights,32,50,31,16,3,0,0,65,184,135,49,0.62,,,,,,,,,,,,,,,,2,,1,Cup Winner,8,2
6,1,Colorado,Mammoths,39,50,31,16,3,0,0,65,151,127,24,0.62,,,,,,,,,,,,,,,,2,,1,Round 2,1,4
9,1,Carolina,Kraken,56,50,31,17,1,3,1,64,163,142,21,0.62,,,,,,,,,,,,,,,,2,1,1,Round 3,7,5
3,1,Vancouver,Whalers,41,50,31,15,4,0,0,66,164,145,19,0.62,,,,,,,,,,,,,,,,1,,1,Round 2,1,4
2,1,Halifax,Raiders,33,50,31,12,7,0,0,69,147,119,28,0.62,,,,,,,,,,,,,,,,1,,1,Round 2,1,4
8,1,St. Louis,Scarecrows,46,50,31,18,1,0,0,63,157,151,6,0.62,,,,,,,,,,,,,,,,2,,1,Cup Winner,12,7
1,1,Kelowna,Knights,53,50,31,16,2,3,1,65,136,125,11,0.62,,,,,,,,,,,,,,,,2,,1,Finals Lost,10,5
3,1,Vancouver,Whalers,31,50,31,17,2,0,0,64,145,128,17,0.62,,,,,,,,,,,,,,,,2,,2,Round 2,7,7
1,1,Kelowna,Knights,70,66,31,28,2,3,5,69,217,197,20,0.47,1752,1868,47.5,1129,1916,566,569,6.38,177,36,0.2034,9,191,32,0.8325,9,3,5,Round 1,3,4
0,1,Anchorage,Armada,66,66,31,28,4,1,3,69,222,238,-16,0.47,1924,2142,47.2,727,1652,578,557,5.32,142,40,0.2817,3,152,25,0.8355,9,3,6,Round 1,2,4
6,1,Colorado,Raptors,84,66,31,33,1,2,1,64,268,308,-40,0.47,2040,2368,51.2,916,2047,694,859,6.35,168,25,0.1488,4,168,21,0.875,10,,6,Round 1,2,4
1,1,Kelowna,Knights,64,66,31,28,1,3,6,69,195,176,19,0.47,,,,,,,,,,,,,,,,8,2,4,Round 2,7,5
6,1,Colorado,Raptors,80,66,31,33,1,0,1,64,239,259,-20,0.47,2108,2465,54.1,980,1595,526,513,7.36,186,44,0.2366,11,199,50,0.7487,11,,6,Round 1,3,4
16,1,Regina,Elk,71,66,31,28,5,3,2,69,237,239,-2,0.47,2225,2262,47.1,1226,1943,575,594,6.5,185,43,0.2324,3,171,43,0.7485,8,2,4,Round 2,5,6
0,1,Anchorage,Armada,72,66,31,34,0,2,1,63,261,284,-23,0.47,2387,2676,52.4,861,2326,620,578,8.53,252,58,0.2302,14,246,57,0.7683,9,3,5,Round 1,3,4
8,1,St. Louis,Scarecrows,73,66,31,32,2,2,1,65,234,264,-30,0.47,2434,2524,52.2,925,1739,677,587,11.33,280,42,0.15,11,289,54,0.8131,9,3,6,Round 1,3,4
7,1,Detroit,Falcons,73,66,31,28,1,1,6,69,218,234,-16,0.47,2347,2375,49.5,1014,1877,618,617,9.17,266,57,0.2143,14,269,51,0.8104,8,3,5,Round 2,4,5
5,1,Yukon,Malamutes,70,66,31,28,4,2,3,69,219,222,-3,0.47,1927,1822,49.9,771,1743,636,580,7.44,174,32,0.1839,9,200,36,0.82,8,2,4,Round 3,10,7
9,1,Carolina,Kraken,74,66,31,28,2,0,5,69,232,252,-20,0.47,2152,2165,52.2,1064,1734,613,588,8.18,239,53,0.2218,10,230,54,0.7652,10,4,7,Missed,,
14,1,Nevada,Battleborn,69,66,31,32,1,1,2,65,199,225,-26,0.47,1820,1963,49,709,1840,622,546,7.64,207,55,0.2657,4,227,37,0.837,9,3,5,Round 1,1,4
5,1,Yukon,Malamutes,80,66,31,31,2,1,2,66,243,297,-54,0.47,2299,2595,50.6,825,1546,664,590,8.02,222,47,0.2117,5,218,51,0.7661,9,,5,Round 1,1,4
0,1,Anchorage,Armada,71,66,31,32,2,1,1,65,261,285,-24,0.47,2264,2667,45.6,937,2074,737,528,9.02,267,70,0.2622,16,250,57,0.772,9,3,5,Round 1,2,4
4,1,Newfoundland,Berserkers,83,66,31,35,0,1,0,62,222,285,-63,0.47,1878,2417,47.9,745,2285,678,859,7.47,202,32,0.1584,7,197,44,0.7766,11,,5,Round 1,2,4
5,1,Yukon,Malamutes,65,66,30,30,2,5,4,66,203,240,-37,0.455,,,,,,,,,,,,,,,,8,3,4,Round 2,5,7
18,1,Ottawa,Highlanders,78,66,30,32,3,3,1,64,232,256,-24,0.455,2388,2429,50.3,954,1518,642,603,6.61,191,51,0.267,13,183,36,0.8033,11,,6,Round 2,5,6
15,1,Quebec City,Citadelles,72,66,30,34,2,1,0,62,260,297,-37,0.455,2418,2572,48,905,2394,605,516,7.94,233,55,0.2361,15,226,56,0.7522,10,3,6,Round 2,7,5
0,1,Anchorage,Armada,67,66,30,28,1,1,7,68,219,217,2,0.455,1926,1976,49.6,591,1689,600,513,4.82,156,37,0.2372,8,134,27,0.7985,10,3,5,Round 1,1,4
4,1,Newfoundland,Berserkers,77,66,30,31,4,1,1,65,229,254,-25,0.455,1988,2242,50,802,1489,763,571,8.71,238,47,0.1975,5,250,39,0.844,12,,6,Round 1,1,4
9,1,Carolina,Kraken,77,66,30,28,2,2,6,68,213,221,-8,0.455,2035,2303,47.3,1110,1422,654,645,7.94,243,46,0.1893,11,215,46,0.786,11,,6,Round 2,5,6
9,1,Carolina,Kraken,70,66,30,31,1,2,4,65,249,242,7,0.455,2297,2027,54.9,711,2094,616,538,6.79,205,45,0.2195,9,185,44,0.7622,10,2,5,Round 2,6,5
17,1,Great Falls,Grizzlies,77,66,30,27,3,3,6,69,214,221,-7,0.455,1893,1989,52.9,823,1612,507,635,7.44,177,40,0.226,7,199,48,0.7588,9,,4,Round 1,2,4
3,1,Vancouver,Whalers,78,66,30,32,0,1,4,64,201,224,-23,0.455,2052,2211,46.9,945,1376,598,689,9.05,241,44,0.1826,8,258,64,0.7519,10,,5,Round 1,3,4
17,1,Great Falls,Grizzlies,61,66,30,34,0,1,2,62,202,229,-27,0.455,,,,,,,,,,,,,,,,9,2,6,Round 2,5,7
4,1,Newfoundland,Berserkers,78,66,30,33,1,4,2,63,212,241,-29,0.455,2104,2281,51.3,739,1556,663,671,7.91,172,20,0.1163,6,238,56,0.7647,12,,6,Round 1,2,4
5,1,Yukon,Malamutes,73,66,30,33,1,1,2,63,233,238,-5,0.455,2173,2466,52,971,1599,626,589,7.21,204,36,0.1765,8,201,32,0.8408,10,1,4,Round 3,6,7
2,1,Halifax,Raiders,31,50,30,16,4,0,0,64,153,121,32,0.6,,,,,,,,,,,,,,,,3,,1,Finals Lost,9,6
1,1,Kelowna,Knights,31,50,30,13,7,0,0,67,159,122,37,0.6,,,,,,,,,,,,,,,,1,,1,Cup Winner,12,4
7,1,Detroit,Falcons,28,50,30,16,4,0,0,64,0,0,0,0.6,,,,,,,,,,,,,,,,2,,2,Round 2,4,5
6,1,Colorado,Raptors,50,50,30,18,2,0,0,62,166,132,34,0.6,,,,,,,,,,,,,,,,1,,1,Finals Lost,10,7
6,1,Colorado,Mammoths,27,50,30,15,5,0,0,65,0,0,0,0.6,,,,,,,,,,,,,,,,2,,1,Cup Winner,12,7
3,1,Vancouver,Whalers,47,50,30,17,3,0,0,63,161,135,26,0.6,,,,,,,,,,,,,,,,3,,1,Round 3,6,4
7,1,Detroit,Falcons,60,66,30,32,0,7,4,64,176,202,-26,0.455,,,,,,,,,,,,,,,,9,3,5,Round 1,0,4
8,1,St. Louis,Scarecrows,40,50,30,14,6,0,0,66,167,132,35,0.6,,,,,,,,,,,,,,,,2,,1,Round 2,1,4
9,1,Montreal,Militia,47,50,30,15,5,0,0,65,161,147,14,0.6,,,,,,,,,,,,,,,,2,,2,Finals Lost,11,8
14,1,Nevada,Battleborn,57,66,30,29,3,5,4,67,186,185,1,0.455,,,,,,,,,,,,,,,,8,3,5,Round 1,1,4
3,1,Vancouver,Whalers,57,66,30,30,2,5,4,66,181,223,-42,0.455,,,,,,,,,,,,,,,,9,3,6,Round 3,9,5
1,1,Kelowna,Knights,45,50,30,17,3,0,0,63,176,157,19,0.6,,,,,,,,,,,,,,,,3,,2,Round 2,0,4
8,1,St. Louis,Scarecrows,41,50,30,14,6,0,0,66,161,130,31,0.6,,,,,,,,,,,,,,,,2,,1,Round 2,0,4
0,1,Anchorage,Armada,45,50,30,16,4,0,0,64,158,123,35,0.6,,,,,,,,,,,,,,,,2,,1,Round 2,2,4
5,1,Anaheim,Outlaws,59,66,30,30,1,2,5,66,181,199,-18,0.455,,,,,,,,,,,,,,,,8,2,4,Round 1,0,4
5,1,Anaheim,Outlaws,48,50,30,17,3,0,0,63,138,130,8,0.6,,,,,,,,,,,,,,,,2,,1,Finals Lost,11,7
7,1,Detroit,Falcons,52,50,29,18,3,0,0,61,179,174,5,0.58,,,,,,,,,,,,,,,,2,,2,Round 3,6,4
9,1,Carolina,Kraken,52,50,29,18,3,0,0,61,166,155,11,0.58,,,,,,,,,,,,,,,,1,,1,Round 3,4,7
3,1,Vancouver,Whalers,45,50,29,17,4,0,0,62,166,153,13,0.58,,,,,,,,,,,,,,,,4,,3,Round 3,6,6
1,1,Kelowna,Knights,26,50,29,12,9,0,0,67,0,0,0,0.58,,,,,,,,,,,,,,,,2,,1,Finals Lost,8,8
9,1,Montreal,Militia,45,50,29,19,2,0,0,60,138,141,-3,0.58,,,,,,,,,,,,,,,,5,,2,Round 2,2,4
6,1,Colorado,Mammoths,41,50,29,17,4,0,0,62,167,155,12,0.58,,,,,,,,,,,,,,,,3,,2,Round 1,3,4
0,1,Anchorage,Armada,50,50,29,18,3,0,0,61,192,170,22,0.58,,,,,,,,,,,,,,,,2,,2,Round 3,7,4
3,1,Vancouver,Whalers,36,50,29,17,4,0,0,62,154,135,19,0.58,,,,,,,,,,,,,,,,1,,1,Cup Winner,8,4
7,1,Detroit,Falcons,48,50,29,17,4,0,0,62,161,149,12,0.58,,,,,,,,,,,,,,,,3,,2,Round 2,3,4
9,1,Montreal,Militia,33,50,29,14,7,0,0,65,143,129,14,0.58,,,,,,,,,,,,,,,,4,,2,Cup Winner,12,7
7,1,Detroit,Falcons,24,52,29,15,8,0,0,66,0,0,0,0.558,,,,,,,,,,,,,,,,1,,1,Round 2,3,4
6,1,Colorado,Mammoths,37,50,29,18,3,0,0,61,145,131,14,0.58,,,,,,,,,,,,,,,,3,,1,Round 1,3,4
7,1,Detroit,Falcons,37,50,29,16,5,0,0,63,154,138,16,0.58,,,,,,,,,,,,,,,,2,,2,Cup Winner,8,3
0,1,Anchorage,Armada,56,50,29,17,3,1,1,62,170,136,34,0.58,,,,,,,,,,,,,,,,3,2,2,Round 3,10,6
3,1,Vancouver,Whalers,25,50,29,19,2,0,0,60,0,0,0,0.58,,,,,,,,,,,,,,,,2,,1,Round 1,1,4
0,1,Anchorage,Armada,53,50,29,18,0,3,3,61,159,123,36,0.58,,,,,,,,,,,,,,,,3,,2,Round 1,3,4
7,1,Detroit,Falcons,38,50,29,16,5,0,0,63,148,143,5,0.58,,,,,,,,,,,,,,,,2,,1,Finals Lost,7,6
9,1,Montreal,Militia,29,50,29,18,3,0,0,61,0,0,0,0.58,,,,,,,,,,,,,,,,3,,2,Round 2,5,4
9,1,Carolina,Kraken,73,66,29,34,2,2,1,61,210,251,-41,0.439,2217,2593,50.3,1016,1558,656,594,7.8,200,46,0.23,12,212,44,0.7925,11,2,5,Round 1,3,4
0,1,Anchorage,Armada,86,66,29,33,3,1,1,62,248,289,-41,0.439,1969,2118,51.3,836,2296,682,753,6.05,195,32,0.1641,9,167,29,0.8263,9,,6,Round 1,2,4
9,1,Carolina,Kraken,87,66,29,31,3,0,3,64,336,345,-9,0.439,2382,2418,50.8,1144,2612,707,970,9.3,258,49,0.1899,9,262,45,0.8282,11,,5,Round 3,8,9
9,1,Carolina,Kraken,65,66,29,32,0,1,5,63,186,243,-57,0.439,,,,,,,,,,,,,,,,10,4,6,Missed,,
4,1,Newfoundland,Berserkers,82,66,29,34,2,0,1,61,247,290,-43,0.439,1855,2518,49,814,2493,677,866,8.92,265,40,0.1509,14,267,41,0.8464,11,,6,Round 1,1,4
5,1,Yukon,Malamutes,85,66,29,31,6,1,0,64,252,285,-33,0.439,2049,2089,49.1,885,2186,588,817,6.48,203,22,0.1084,16,184,30,0.837,11,,6,Round 1,2,4
16,1,Regina,Elk,65,66,29,30,2,5,5,65,198,251,-53,0.439,,,,,,,,,,,,,,,,9,2,5,Round 1,3,4
17,1,Great Falls,Grizzlies,79,66,29,36,1,3,0,59,237,297,-60,0.439,1985,2528,49,1053,1371,586,595,8.24,227,50,0.2203,10,236,76,0.678,12,,6,Round 1,0,4
16,1,Thunder Bay,Walleye,79,66,29,32,2,1,3,63,233,259,-26,0.439,2074,2461,51.2,994,1593,590,622,9.05,235,48,0.2043,11,260,53,0.7962,10,,4,Round 1,1,4
5,1,Yukon,Malamutes,77,66,29,33,2,1,2,62,221,248,-27,0.439,2042,2202,51.6,883,1490,628,604,7.85,210,42,0.2,7,208,39,0.8125,13,,7,Round 1,1,4
5,1,Anaheim,Outlaws,64,66,29,30,1,4,6,65,187,228,-41,0.439,,,,,,,,,,,,,,,,9,3,5,Round 1,1,4
15,1,Quebec City,Citadelles,78,66,29,34,2,1,1,61,242,252,-10,0.439,2436,2295,48.9,729,1664,754,632,7.29,198,40,0.202,7,188,48,0.7447,13,,7,Round 1,2,4
2,1,Maine,Timber,61,66,29,31,2,3,4,64,190,203,-13,0.439,,,,,,,,,,,,,,,,8,4,5,Missed,,
18,1,Ottawa,Highlanders,88,66,29,34,3,0,0,61,284,290,-6,0.439,2180,2042,51.6,1017,2554,711,911,8.06,202,30,0.1485,10,235,44,0.8128,10,,4,Round 2,6,5
5,1,Yukon,Malamutes,79,66,29,33,4,0,0,62,238,264,-26,0.439,2305,2344,52.9,987,1524,588,610,7.64,191,46,0.2408,6,216,59,0.7269,11,,5,Round 2,7,5
9,1,Carolina,Kraken,75,66,29,31,3,0,3,64,252,251,1,0.439,,,,,,,,,,,,,,,,10,3,7,Round 2,6,6
6,1,Colorado,Raptors,88,66,29,34,3,0,0,61,237,265,-28,0.439,1820,2332,51.1,1015,2231,572,817,6.61,169,26,0.1538,9,191,32,0.8325,11,,5,Round 1,1,4
17,1,Great Falls,Grizzlies,64,66,29,31,4,3,2,64,193,211,-18,0.439,,,,,,,,,,,,,,,,10,4,5,Missed,,
7,1,Detroit,Falcons,76,66,29,34,0,1,3,61,205,225,-20,0.439,2391,2210,48.8,1000,1613,603,646,7.14,186,39,0.2097,6,185,30,0.8378,11,,6,Round 1,0,4
6,1,Colorado,Raptors,69,66,28,35,3,0,0,59,219,223,-4,0.424,1772,2072,49.6,959,1380,604,533,6.39,188,37,0.1968,6,178,43,0.7584,10,4,5,Missed,,
1,1,Kelowna,Knights,88,66,28,32,4,3,2,62,252,280,-28,0.424,1989,1984,50.1,992,2802,586,837,7.56,193,36,0.1865,7,210,37,0.8238,9,,6,Round 1,0,4
0,1,Anchorage,Armada,81,66,28,32,1,4,5,62,212,246,-34,0.424,2215,2396,42.4,1113,1505,692,589,7.56,198,36,0.1818,5,209,53,0.7464,10,,6,Round 1,0,4
6,1,Colorado,Raptors,83,66,28,29,5,2,4,65,245,257,-12,0.424,2084,2179,51.6,913,2325,722,963,6.97,184,39,0.212,3,204,37,0.8186,10,,6,Round 1,3,4
19,1,San Diego,Tidal,80,66,28,29,6,3,3,65,218,261,-43,0.424,2348,2440,48,1089,1463,778,619,8.03,214,51,0.2383,9,222,38,0.8288,10,,5,Round 2,6,6
16,1,Regina,Elk,70,66,28,34,1,3,3,60,204,235,-31,0.424,1717,2045,44.1,1149,1734,569,493,6.38,186,38,0.2043,4,175,34,0.8057,11,4,6,Missed,,
3,1,Vancouver,Whalers,76,66,28,37,0,1,1,57,210,248,-38,0.424,2104,2595,44.8,1139,1570,678,616,6.85,162,35,0.216,6,196,45,0.7704,12,,6,Round 2,4,7
18,1,Ottawa,Highlanders,86,66,28,29,6,0,3,65,244,259,-15,0.424,2190,1908,47.6,1117,2523,731,910,9.11,253,38,0.1502,8,260,39,0.85,8,,3,Round 3,9,6
2,1,Maine,Timber,86,66,28,37,1,2,0,57,228,287,-59,0.424,1725,2246,49.8,928,1887,741,695,6.18,185,22,0.1189,10,184,33,0.8207,11,,4,Round 2,4,7
16,1,Thunder Bay,Walleye,88,66,28,36,1,1,1,58,260,290,-30,0.424,2316,2001,48.3,1083,2389,771,784,6.88,182,34,0.1868,8,190,39,0.7947,13,,7,Round 1,0,4
3,1,Vancouver,Whalers,48,50,28,16,6,0,0,62,155,120,35,0.56,,,,,,,,,,,,,,,,4,,2,Cup Winner,12,7
8,1,St. Louis,Scarecrows,45,50,28,21,1,0,0,57,160,138,22,0.56,,,,,,,,,,,,,,,,6,,3,Cup Winner,12,4
8,1,St. Louis,Scarecrows,44,50,28,15,7,0,0,63,155,144,11,0.56,,,,,,,,,,,,,,,,2,,2,Cup Winner,8,3
2,1,Halifax,Raiders,51,50,28,17,5,0,0,61,163,150,13,0.56,,,,,,,,,,,,,,,,3,,2,Round 2,1,4
0,1,Anchorage,Armada,51,50,28,16,6,0,0,62,173,149,24,0.56,,,,,,,,,,,,,,,,2,,1,Cup Winner,12,8
9,1,Carolina,Kraken,50,50,28,18,4,0,0,60,183,168,15,0.56,,,,,,,,,,,,,,,,3,,1,Cup Winner,12,6
7,1,Detroit,Falcons,40,50,28,18,4,0,0,60,142,136,6,0.56,,,,,,,,,,,,,,,,4,,3,Finals Lost,8,7
2,1,Halifax,Raiders,40,50,28,18,4,0,0,60,176,162,14,0.56,,,,,,,,,,,,,,,,3,,2,Round 1,1,4
2,1,Halifax,Raiders,36,50,28,18,4,0,0,60,163,130,33,0.56,,,,,,,,,,,,,,,,2,,1,Finals Lost,6,7
1,1,Kelowna,Knights,49,50,28,16,6,0,0,62,175,149,26,0.56,,,,,,,,,,,,,,,,2,,1,Finals Lost,9,8
2,1,Halifax,Raiders,26,50,28,15,7,0,0,63,0,0,0,0.56,,,,,,,,,,,,,,,,3,,2,Cup Winner,12,3
7,1,Detroit,Falcons,22,40,28,9,3,0,0,59,0,0,0,0.7,,,,,,,,,,,,,,,,1,,1,Finals Lost,4,6
14,1,Nevada,Battleborn,56,50,28,18,2,2,2,60,158,142,16,0.56,,,,,,,,,,,,,,,,5,1,3,Round 2,1,4
8,1,St. Louis,Scarecrows,25,50,28,19,3,0,0,59,0,0,0,0.56,,,,,,,,,,,,,,,,3,,2,Round 1,1,4
3,1,Vancouver,Whalers,58,66,28,33,1,4,4,61,168,186,-18,0.424,,,,,,,,,,,,,,,,8,3,5,Round 2,7,6
4,1,Newfoundland,Berserkers,56,50,28,17,2,2,3,61,153,137,16,0.56,,,,,,,,,,,,,,,,4,1,2,Finals Lost,10,7
7,1,Detroit,Falcons,11,40,28,8,4,0,0,60,0,0,0,0.7,,,,,,,,,,,,,,,,2,,1,Round 2,0,4
8,1,St. Louis,Scarecrows,60,66,28,30,1,1,7,64,202,214,-12,0.424,,,,,,,,,,,,,,,,8,2,4,Round 2,7,4
3,1,Vancouver,Whalers,20,40,28,11,1,0,0,57,0,0,0,0.7,,,,,,,,,,,,,,,,1,,1,Round 2,3,4
8,1,St. Louis,Scarecrows,15,40,27,12,1,0,0,55,0,0,0,0.675,,,,,,,,,,,,,,,,1,,1,Round 2,2,4
1,1,Kelowna,Knights,25,50,27,20,3,0,0,57,0,0,0,0.54,,,,,,,,,,,,,,,,4,,2,Cup Winner,12,5
6,1,Colorado,Mammoths,34,50,27,19,4,0,0,58,144,137,7,0.54,,,,,,,,,,,,,,,,3,,1,Round 1,2,4
9,1,Montreal,Impact,24,52,27,21,4,0,0,58,0,0,0,0.519,,,,,,,,,,,,,,,,3,,3,Finals Lost,10,7
7,1,Detroit,Falcons,18,40,27,13,0,0,0,54,0,0,0,0.675,,,,,,,,,,,,,,,,1,,1,Round 2,1,4
5,1,Anaheim,Outlaws,53,50,27,20,1,4,2,57,140,142,-2,0.54,,,,,,,,,,,,,,,,5,,3,Round 2,5,7
8,1,St. Louis,Scarecrows,53,50,27,20,1,4,2,57,145,146,-1,0.54,,,,,,,,,,,,,,,,4,,2,Round 2,7,7
0,1,Prince George,Firebirds,37,50,27,19,4,0,0,58,156,158,-2,0.54,,,,,,,,,,,,,,,,4,,2,Round 1,2,4
5,1,Anaheim,Outlaws,56,50,27,18,0,5,5,59,176,154,22,0.54,,,,,,,,,,,,,,,,6,2,4,Round 1,3,4
5,1,Anaheim,Outlaws,54,50,27,20,2,5,1,57,146,151,-5,0.54,,,,,,,,,,,,,,,,4,,2,Finals Lost,10,6
6,1,Colorado,Mammoths,36,50,27,20,3,0,0,57,145,135,10,0.54,,,,,,,,,,,,,,,,4,,2,Round 1,0,4
3,1,Vancouver,Whalers,39,50,27,20,3,0,0,57,154,150,4,0.54,,,,,,,,,,,,,,,,3,,2,Finals Lost,10,5
6,1,Colorado,Raptors,55,50,27,18,2,4,3,59,154,134,20,0.54,,,,,,,,,,,,,,,,5,1,3,Round 2,2,4
1,1,Kelowna,Knights,38,50,27,16,7,0,0,61,157,144,13,0.54,,,,,,,,,,,,,,,,3,,2,Round 1,2,4
6,1,Colorado,Mammoths,26,50,27,18,5,0,0,59,0,0,0,0.54,,,,,,,,,,,,,,,,4,,2,Round 1,3,4
2,1,Maine,Timber,59,66,27,36,0,5,3,57,150,212,-62,0.409,,,,,,,,,,,,,,,,9,3,5,Round 2,6,4
8,1,St. Louis,Scarecrows,36,50,27,18,5,0,0,59,122,129,-7,0.54,,,,,,,,,,,,,,,,3,,2,Round 1,2,4
0,1,Regina,Force,13,40,27,12,1,0,0,55,0,0,0,0.675,,,,,,,,,,,,,,,,1,,1,Round 2,2,4
7,1,Detroit,Falcons,30,50,27,18,5,0,0,59,0,0,0,0.54,,,,,,,,,,,,,,,,2,,1,Round 1,1,4
5,1,Anaheim,Outlaws,52,50,27,17,6,0,0,60,156,159,-3,0.54,,,,,,,,,,,,,,,,4,,2,Cup Winner,12,3
8,1,St. Louis,Scarecrows,43,50,27,17,6,0,0,60,156,146,10,0.54,,,,,,,,,,,,,,,,2,,1,Finals Lost,5,7
6,1,Colorado,Raptors,52,50,27,16,7,0,0,61,148,149,-1,0.54,,,,,,,,,,,,,,,,3,,1,Round 2,2,4
3,1,Vancouver,Whalers,30,50,27,21,2,0,0,56,0,0,0,0.54,,,,,,,,,,,,,,,,4,,2,Round 1,2,4
6,1,Colorado,Mammoths,31,50,27,20,3,0,0,57,133,114,19,0.54,,,,,,,,,,,,,,,,4,,3,Round 1,3,4
3,1,Vancouver,Whalers,44,50,27,18,5,0,0,59,193,166,27,0.54,,,,,,,,,,,,,,,,3,,1,Round 2,7,7
19,1,San Diego,Tidal,88,66,27,34,3,1,2,59,271,284,-13,0.409,2174,2001,53.8,1167,2040,716,722,5.82,167,26,0.1557,11,181,36,0.8011,12,,6,Round 2,6,4
5,1,Yukon,Malamutes,86,66,27,35,3,2,1,58,217,272,-55,0.409,1795,2179,49.2,984,1810,582,777,7,189,35,0.1852,8,202,42,0.7921,10,,7,Round 2,5,7
6,1,Colorado,Raptors,73,66,27,35,2,0,2,58,250,308,-58,0.409,2375,2547,48.7,997,1986,716,616,12.32,311,57,0.1833,14,336,76,0.7738,12,4,6,Missed,,
6,1,Colorado,Raptors,81,66,27,34,4,2,1,59,232,286,-54,0.409,1919,2512,53.7,1135,1180,624,549,6.38,176,42,0.2386,5,174,54,0.6897,11,,5,Round 1,1,4
3,1,Vancouver,Whalers,80,66,27,33,2,4,4,60,182,267,-85,0.409,1752,2629,47.6,912,1512,590,633,9.33,257,52,0.2023,10,248,67,0.7298,12,,6,Round 1,1,4
1,1,Kelowna,Knights,83,66,27,34,3,2,2,59,214,243,-29,0.409,2145,2311,50.2,926,2329,725,838,7.23,177,24,0.1356,6,197,35,0.8223,12,,6,Finals Lost,14,7
8,1,St. Louis,Scarecrows,61,66,27,35,2,2,2,58,154,207,-53,0.409,,,,,,,,,,,,,,,,10,3,4,Round 1,3,4
6,1,Colorado,Raptors,82,66,27,37,1,1,1,56,188,257,-69,0.409,1815,2158,53.1,986,2243,671,887,7.62,184,23,0.125,7,219,36,0.8356,13,,7,Round 1,1,4
15,1,Quebec City,Citadelles,63,66,27,35,1,2,3,58,190,227,-37,0.409,,,,,,,,,,,,,,,,10,3,6,Round 2,7,6
4,1,Newfoundland,Berserkers,68,66,26,33,4,1,3,59,204,249,-45,0.394,1737,2209,41.3,964,1777,556,614,5.92,173,28,0.1618,13,167,34,0.7964,10,3,5,Round 1,2,4
6,1,Colorado,Raptors,68,66,26,31,1,2,8,61,201,246,-45,0.394,2105,2190,48,1144,1624,703,533,5.11,170,28,0.1647,9,149,34,0.7718,9,2,4,Round 1,2,4
3,1,Vancouver,Whalers,68,66,26,33,3,3,4,59,190,242,-52,0.394,1748,2047,49.9,743,1528,629,603,5.68,178,37,0.2079,9,164,32,0.8049,11,3,6,Round 1,1,4
16,1,Regina,Elk,74,66,26,38,1,4,1,54,207,255,-48,0.394,2110,2284,47.6,1090,1731,701,573,7.82,206,43,0.2087,9,233,56,0.7597,11,2,4,Round 1,3,4
0,1,Anchorage,Armada,63,66,26,35,4,5,1,57,176,229,-53,0.394,,,,,,,,,,,,,,,,11,4,7,Missed,,
17,1,Great Falls,Grizzlies,84,66,26,36,3,0,1,56,226,242,-16,0.394,1988,2237,47.6,806,2233,695,736,7.35,223,31,0.139,14,220,31,0.8591,11,,5,Round 1,0,4
9,1,Carolina,Kraken,86,66,26,36,3,1,1,56,256,304,-48,0.394,2034,2148,50.5,969,2271,629,876,6.8,197,36,0.1827,7,189,31,0.836,12,,5,Round 1,3,4
2,1,Maine,Timber,85,66,26,38,1,1,1,54,253,351,-98,0.394,1949,2777,42.1,1133,2487,617,869,9.79,248,35,0.1411,12,286,53,0.8147,12,,6,Round 1,0,4
2,1,Halifax,Raiders,49,50,26,15,9,0,0,61,150,140,10,0.52,,,,,,,,,,,,,,,,3,,2,Round 2,3,4
4,1,Lethbridge,Lions,47,50,26,18,6,0,0,58,143,131,12,0.52,,,,,,,,,,,,,,,,4,,3,Round 2,0,4
0,1,Prince George,Firebirds,36,50,26,19,5,0,0,57,143,136,7,0.52,,,,,,,,,,,,,,,,5,,3,Round 2,7,4
8,1,St. Louis,Scarecrows,54,50,26,23,0,4,1,53,147,148,-1,0.52,,,,,,,,,,,,,,,,5,,3,Round 1,3,4
3,1,Vancouver,Whalers,49,50,26,20,4,0,0,56,149,154,-5,0.52,,,,,,,,,,,,,,,,4,,2,Round 2,1,4
6,1,Colorado,Raptors,43,50,26,20,4,0,0,56,157,155,2,0.52,,,,,,,,,,,,,,,,3,,2,Round 1,3,4
7,1,Detroit,Falcons,29,50,26,18,6,0,0,58,0,0,0,0.52,,,,,,,,,,,,,,,,4,,3,Round 1,0,4
7,1,Detroit,Falcons,43,50,26,22,2,0,0,54,135,132,3,0.52,,,,,,,,,,,,,,,,5,,2,Round 2,7,6
9,1,Montreal,Militia,38,50,26,22,2,0,0,54,144,144,0,0.52,,,,,,,,,,,,,,,,6,,3,Round 2,7,6
8,1,St. Louis,Scarecrows,38,50,26,20,4,0,0,56,150,148,2,0.52,,,,,,,,,,,,,,,,5,,2,Round 2,6,4
4,1,Lethbridge,Lions,48,50,26,23,1,0,0,53,157,156,1,0.52,,,,,,,,,,,,,,,,7,,4,Round 2,6,6
9,1,Montreal,Impact,11,40,26,11,3,0,0,55,0,0,0,0.65,,,,,,,,,,,,,,,,3,,2,Finals Lost,11,6
1,1,Kelowna,Knights,21,40,26,12,2,0,0,54,0,0,0,0.65,,,,,,,,,,,,,,,,1,,1,Cup Winner,8,4
0,1,Anchorage,Armada,48,50,26,22,2,0,0,54,143,146,-3,0.52,,,,,,,,,,,,,,,,6,,3,Round 3,5,7
8,1,St. Louis,Scarecrows,28,50,26,19,5,0,0,57,0,0,0,0.52,,,,,,,,,,,,,,,,3,,3,Round 1,1,4
5,1,Anaheim,Outlaws,50,50,26,20,4,0,0,56,165,153,12,0.52,,,,,,,,,,,,,,,,4,,3,Round 2,2,4
0,1,Anchorage,Armada,46,50,26,21,3,0,0,55,146,134,12,0.52,,,,,,,,,,,,,,,,4,,3,Round 3,6,5
0,1,Prince George,Firebirds,32,50,26,19,5,0,0,57,119,128,-9,0.52,,,,,,,,,,,,,,,,3,,2,Round 2,6,5
8,1,St. Louis,Scarecrows,52,50,26,19,5,0,0,57,166,157,9,0.52,,,,,,,,,,,,,,,,6,,3,Finals Lost,9,8
4,1,Lethbridge,Lions,46,50,26,21,3,0,0,55,125,121,4,0.52,,,,,,,,,,,,,,,,5,,2,Round 2,1,4
9,1,Carolina,Kraken,58,66,26,39,1,4,0,53,166,228,-62,0.394,,,,,,,,,,,,,,,,9,2,4,Round 1,2,4
2,1,Halifax,Raiders,27,50,26,18,6,0,0,58,0,0,0,0.52,,,,,,,,,,,,,,,,3,,2,Round 1,3,4
8,1,St. Louis,Scarecrows,30,50,26,18,6,0,0,58,0,0,0,0.52,,,,,,,,,,,,,,,,3,,2,Round 1,3,4
9,1,Carolina,Kraken,57,66,26,32,4,3,4,60,175,215,-40,0.394,,,,,,,,,,,,,,,,10,2,4,Round 1,1,4
1,1,Kelowna,Knights,43,50,26,21,3,0,0,55,156,152,4,0.52,,,,,,,,,,,,,,,,4,,3,Round 1,2,4
1,1,Kelowna,Knights,24,52,26,21,5,0,0,57,0,0,0,0.5,,,,,,,,,,,,,,,,4,,1,Round 2,3,4
7,1,Detroit,Falcons,34,50,26,19,5,0,0,57,157,146,11,0.52,,,,,,,,,,,,,,,,4,,3,Cup Winner,12,6
4,1,Lethbridge,Lions,49,50,26,21,3,0,0,55,159,168,-9,0.52,,,,,,,,,,,,,,,,5,,3,Round 3,6,5
5,1,Anaheim,Outlaws,46,50,25,19,6,0,0,56,133,142,-9,0.5,,,,,,,,,,,,,,,,3,,2,Round 2,1,4
3,1,Vancouver,Whalers,59,66,25,35,1,3,5,56,167,206,-39,0.379,,,,,,,,,,,,,,,,10,3,5,Round 2,6,5
3,1,Vancouver,Whalers,38,50,25,15,10,0,0,60,156,143,13,0.5,,,,,,,,,,,,,,,,4,,3,Round 1,0,4
7,1,Detroit,Falcons,14,40,25,12,3,0,0,53,0,0,0,0.625,,,,,,,,,,,,,,,,1,,1,Finals Lost,7,4
7,1,Detroit,Falcons,41,50,25,22,3,0,0,53,148,153,-5,0.5,,,,,,,,,,,,,,,,5,,2,Round 1,0,4
3,1,Vancouver,Whalers,18,40,25,11,4,0,0,54,0,0,0,0.625,,,,,,,,,,,,,,,,2,,1,Cup Winner,8,3
1,1,Kelowna,Knights,14,40,25,13,2,0,0,52,0,0,0,0.625,,,,,,,,,,,,,,,,2,,1,Round 2,3,4
9,1,Montreal,Impact,13,40,25,14,1,0,0,51,0,0,0,0.625,,,,,,,,,,,,,,,,2,,1,Cup Winner,8,2
5,1,Anaheim,Outlaws,47,50,25,18,7,0,0,57,154,152,2,0.5,,,,,,,,,,,,,,,,5,,2,Cup Winner,12,6
7,1,Detroit,Falcons,39,50,25,21,4,0,0,54,133,133,0,0.5,,,,,,,,,,,,,,,,4,,2,Round 1,1,4
8,1,St. Louis,Scarecrows,57,66,25,36,2,7,3,55,163,206,-43,0.379,,,,,,,,,,,,,,,,11,3,5,Round 2,4,7
0,1,Anchorage,Armada,47,50,25,20,5,0,0,55,145,144,1,0.5,,,,,,,,,,,,,,,,6,,3,Round 2,0,4
7,1,Detroit,Falcons,32,50,25,20,5,0,0,55,134,155,-21,0.5,,,,,,,,,,,,,,,,5,,3,Finals Lost,8,7
7,1,Detroit,Falcons,27,50,25,19,6,0,0,56,0,0,0,0.5,,,,,,,,,,,,,,,,4,,3,Round 2,5,7
4,1,Lethbridge,Lions,51,50,25,19,6,0,0,56,145,144,1,0.5,,,,,,,,,,,,,,,,4,,3,Round 2,2,4
4,1,Lethbridge,Lions,50,50,25,21,4,0,0,54,133,146,-13,0.5,,,,,,,,,,,,,,,,6,,3,Round 2,1,4
9,1,Montreal,Militia,30,50,25,21,4,0,0,54,0,0,0,0.5,,,,,,,,,,,,,,,,5,,3,Round 2,6,7
9,1,Montreal,Militia,48,50,25,19,6,0,0,56,138,137,1,0.5,,,,,,,,,,,,,,,,5,,3,Round 2,3,4
1,1,Kelowna,Knights,22,40,25,9,6,0,0,56,0,0,0,0.625,,,,,,,,,,,,,,,,2,,1,Cup Winner,8,0
2,1,Maine,Timber,55,50,25,22,1,1,2,53,160,149,11,0.5,,,,,,,,,,,,,,,,6,2,3,Finals Lost,14,10
1,1,Kelowna,Knights,27,50,25,22,3,0,0,53,0,0,0,0.5,,,,,,,,,,,,,,,,5,,2,Round 2,6,7
0,1,Prince George,Firebirds,34,50,25,21,4,0,0,54,139,137,2,0.5,,,,,,,,,,,,,,,,6,,3,Round 2,7,6
9,1,Montreal,Militia,37,50,25,21,4,0,0,54,129,143,-14,0.5,,,,,,,,,,,,,,,,6,,4,Finals Lost,8,9
8,1,St. Louis,Scarecrows,37,50,25,20,5,0,0,55,154,147,7,0.5,,,,,,,,,,,,,,,,5,,3,Round 2,7,6
1,1,Kelowna,Knights,52,50,25,18,7,0,0,57,168,150,18,0.5,,,,,,,,,,,,,,,,7,,4,Round 2,7,6
3,1,Vancouver,Whalers,26,50,25,21,4,0,0,54,0,0,0,0.5,,,,,,,,,,,,,,,,5,,3,Round 2,6,7
9,1,Montreal,Militia,32,50,25,19,6,0,0,56,127,144,-17,0.5,,,,,,,,,,,,,,,,4,,2,Round 1,0,4
1,1,Kelowna,Knights,41,50,25,16,9,0,0,59,183,161,22,0.5,,,,,,,,,,,,,,,,4,,3,Cup Winner,12,3
16,1,Thunder Bay,Walleye,83,66,25,35,3,2,3,56,214,291,-77,0.379,2021,2259,50.9,987,1991,770,893,6.77,161,26,0.1615,8,184,31,0.8315,13,,7,Round 1,1,4
6,1,Colorado,Raptors,86,66,25,37,1,4,3,54,246,315,-69,0.379,1765,2321,51.6,982,2073,827,662,7.67,207,36,0.1739,9,213,48,0.7746,13,,6,Round 1,0,4
8,1,St. Louis,Scarecrows,87,66,25,37,2,1,2,54,209,276,-67,0.379,2004,2168,49.2,1113,2392,651,809,6.98,191,24,0.1257,3,188,42,0.7766,12,,6,Round 1,3,4
0,1,Anchorage,Armada,83,66,25,38,2,0,1,53,181,243,-62,0.379,1776,2038,49.3,1079,1784,636,962,7.53,229,45,0.1965,4,210,48,0.7714,14,,8,Round 1,1,4
7,1,Detroit,Falcons,66,66,25,35,3,1,3,56,172,221,-49,0.379,1603,2023,52,1095,1803,554,667,5.7,144,26,0.1806,4,154,36,0.7662,10,4,7,Missed,,
4,1,Newfoundland,Berserkers,84,66,25,38,2,1,1,53,247,319,-72,0.379,2015,2530,49,1250,1838,906,819,8.08,223,32,0.1435,6,233,44,0.8112,12,,6,Round 1,0,4
1,1,Kelowna,Knights,84,66,25,38,3,2,0,53,187,305,-118,0.379,1705,2376,43.3,994,2375,546,795,7.36,212,43,0.2028,4,204,51,0.75,14,,7,Round 1,1,4
14,1,Nevada,Battleborn,82,66,25,40,0,1,1,51,204,282,-78,0.379,2022,2273,52.3,809,2321,644,843,7.97,211,22,0.1043,9,226,38,0.8319,14,,8,Round 1,3,4
15,1,Quebec City,Citadelles,71,66,25,41,0,3,0,50,232,320,-88,0.379,2245,2677,48.4,1205,1933,630,533,8.53,244,48,0.1967,15,237,59,0.7511,12,4,6,Missed,,
14,1,Nevada,Battleborn,81,66,25,37,1,0,3,54,204,288,-84,0.379,2043,2388,48.3,1174,1430,603,601,6.77,184,50,0.2717,11,202,43,0.7871,12,,6,Round 1,3,4
9,1,Carolina,Kraken,78,66,25,35,3,2,3,56,212,258,-46,0.379,2108,2362,52.7,878,1323,627,607,6.3,180,39,0.2167,8,166,47,0.7169,14,,7,Round 1,3,4
1,1,Kelowna,Knights,72,66,25,39,0,3,2,52,220,291,-71,0.379,2240,2586,43.3,1196,1725,721,468,6.35,201,26,0.1294,12,172,39,0.7733,11,3,5,Round 1,2,4
17,1,Great Falls,Grizzlies,85,66,24,37,5,0,0,53,219,290,-71,0.364,1845,2356,47.2,1015,2366,607,802,6.95,205,23,0.1122,7,213,30,0.8592,13,,7,Round 1,1,4
9,1,Carolina,Kraken,67,66,24,36,0,2,6,54,191,268,-77,0.364,1827,2039,52.9,866,1692,573,570,7.02,191,42,0.2199,18,212,53,0.75,11,4,6,Missed,,
5,1,Yukon,Malamutes,76,66,24,36,4,1,2,54,174,259,-85,0.364,1895,2656,51,995,1533,525,641,7.95,204,40,0.1961,9,228,52,0.7719,13,,7,Round 1,2,4
18,1,Ottawa,Highlanders,84,66,24,37,2,0,3,53,236,285,-49,0.364,2094,2113,49.1,898,2253,703,857,6.18,201,29,0.1443,7,178,41,0.7697,13,,7,Round 2,6,5
14,1,Nevada,Battleborn,75,66,24,42,0,2,0,48,216,363,-147,0.364,,,,,,,,,,,,,,,,11,3,4,Round 2,6,6
6,1,Colorado,Raptors,87,66,24,41,0,2,1,49,209,319,-110,0.364,1921,2434,49.2,1026,2460,622,809,6.92,159,20,0.1258,11,201,29,0.8557,13,,7,Round 1,2,4
16,1,Thunder Bay,Walleye,78,66,24,37,1,2,4,53,184,270,-86,0.364,2044,2239,50,923,1797,673,552,7.27,224,47,0.2098,5,201,53,0.7363,15,,8,Round 2,5,4
3,1,Vancouver,Whalers,69,66,24,39,2,3,1,51,165,247,-82,0.364,1575,2006,48,640,1929,590,534,6.61,167,29,0.1737,3,187,39,0.7914,12,4,6,Missed,,
6,1,Colorado,Raptors,71,66,24,38,3,0,1,52,212,271,-59,0.364,2041,2474,46.2,1005,1933,596,569,7.67,218,38,0.1743,10,200,48,0.76,10,3,5,Round 2,4,7
19,1,San Diego,Tidal,82,66,24,33,3,4,6,57,188,265,-77,0.364,1501,2196,54,1099,1970,646,809,7.47,231,29,0.1255,8,218,29,0.867,12,,6,Round 1,1,4
2,1,Maine,Timber,83,66,24,38,1,0,3,52,211,285,-74,0.364,1768,2529,49.4,1080,2470,707,921,8.45,272,47,0.1728,8,247,47,0.8097,15,,7,Round 2,6,6
16,1,Regina,Elk,69,66,24,38,1,3,3,52,173,242,-69,0.364,1628,1874,50.8,1025,1489,603,491,6.53,177,29,0.1638,8,185,48,0.7405,11,2,6,Round 1,2,4
18,1,Ottawa,Highlanders,76,66,24,38,3,2,1,52,193,244,-51,0.364,1946,2225,50.6,859,1663,637,678,8.27,228,36,0.1579,10,239,57,0.7615,14,,7,Round 1,2,4
3,1,Vancouver,Whalers,14,40,24,15,1,0,0,49,0,0,0,0.6,,,,,,,,,,,,,,,,3,,2,Cup Winner,12,9
7,1,Detroit,Falcons,50,50,24,19,7,0,0,55,169,178,-9,0.48,,,,,,,,,,,,,,,,5,,2,Round 3,4,6
1,1,Kelowna,Knights,51,50,24,23,3,0,0,51,141,151,-10,0.48,,,,,,,,,,,,,,,,5,,2,Finals Lost,11,9
6,1,Colorado,Raptors,42,50,24,18,8,0,0,56,155,152,3,0.48,,,,,,,,,,,,,,,,3,,3,Round 1,0,4
0,1,Prince George,Firebirds,35,50,24,22,4,0,0,52,118,128,-10,0.48,,,,,,,,,,,,,,,,3,,2,Round 1,2,4
3,1,Vancouver,Whalers,27,50,24,22,4,0,0,52,0,0,0,0.48,,,,,,,,,,,,,,,,6,,3,Round 1,3,4
9,1,Montreal,Militia,44,50,24,21,5,0,0,53,152,152,0,0.48,,,,,,,,,,,,,,,,4,,3,Round 1,1,4
0,1,Prince George,Firebirds,29,50,24,18,8,0,0,56,0,0,0,0.48,,,,,,,,,,,,,,,,5,,2,Round 1,4,2
3,1,Vancouver,Whalers,52,50,24,16,10,0,0,58,146,147,-1,0.48,,,,,,,,,,,,,,,,5,,3,Round 2,2,4
6,1,Colorado,Raptors,44,50,24,22,4,0,0,52,150,152,-2,0.48,,,,,,,,,,,,,,,,5,,2,Finals Lost,8,8
0,1,Prince George,Firebirds,12,40,24,14,2,0,0,50,0,0,0,0.6,,,,,,,,,,,,,,,,1,,1,Round 2,3,4
1,1,Kelowna,Knights,28,50,24,24,2,0,0,50,0,0,0,0.48,,,,,,,,,,,,,,,,6,,3,Round 1,1,4
4,1,Newfoundland,Berserkers,52,50,24,21,5,0,0,53,163,167,-4,0.48,,,,,,,,,,,,,,,,8,,4,Round 2,4,6
8,1,St. Louis,Scarecrows,27,50,24,26,0,0,0,48,0,0,0,0.48,,,,,,,,,,,,,,,,7,,4,Round 1,2,4
9,1,Montreal,Militia,46,50,24,21,5,0,0,53,137,136,1,0.48,,,,,,,,,,,,,,,,6,,3,Round 3,7,5
9,1,Montreal,Militia,41,50,24,23,3,0,0,51,153,169,-16,0.48,,,,,,,,,,,,,,,,6,,3,Finals Lost,11,8
9,1,Montreal,Militia,49,50,24,20,6,0,0,54,150,148,2,0.48,,,,,,,,,,,,,,,,6,,4,Cup Winner,12,5
7,1,Detroit,Falcons,23,40,24,14,2,0,0,50,0,0,0,0.6,,,,,,,,,,,,,,,,1,,1,Cup Winner,8,4
6,1,Colorado,Raptors,54,50,24,21,2,5,3,53,123,127,-4,0.48,,,,,,,,,,,,,,,,6,,3,Round 1,1,4
6,1,Colorado,Raptors,56,50,24,24,1,1,1,50,151,149,2,0.48,,,,,,,,,,,,,,,,8,3,5,Round 2,5,6
1,1,Kelowna,Knights,39,50,24,21,5,0,0,53,136,142,-6,0.48,,,,,,,,,,,,,,,,6,,4,Round 1,0,4
0,1,Prince George,Firebirds,39,50,24,20,6,0,0,54,155,144,11,0.48,,,,,,,,,,,,,,,,5,,3,Round 2,7,5
2,1,Halifax,Raiders,44,50,24,23,3,0,0,51,135,150,-15,0.48,,,,,,,,,,,,,,,,7,,4,Missed,,
3,1,Vancouver,Whalers,21,40,24,14,2,0,0,50,0,0,0,0.6,,,,,,,,,,,,,,,,2,,2,Round 2,7,6
5,1,Anaheim,Outlaws,55,50,24,21,2,4,3,53,147,149,-2,0.48,,,,,,,,,,,,,,,,7,2,4,Round 1,2,4
1,1,Kelowna,Knights,35,50,24,23,3,0,0,51,126,131,-5,0.48,,,,,,,,,,,,,,,,5,,3,Round 2,5,7
8,1,St. Louis,Scarecrows,49,50,24,22,4,0,0,52,151,168,-17,0.48,,,,,,,,,,,,,,,,8,,5,Round 2,6,7
6,1,Colorado,Mammoths,40,50,24,22,4,0,0,52,173,167,6,0.48,,,,,,,,,,,,,,,,6,,2,Round 2,6,5
3,1,Vancouver,Whalers,16,40,24,14,2,0,0,50,0,0,0,0.6,,,,,,,,,,,,,,,,1,,1,Finals Lost,4,4
2,1,Halifax,Raiders,25,50,24,23,3,0,0,51,0,0,0,0.48,,,,,,,,,,,,,,,,6,,3,Round 2,7,5
3,1,Vancouver,Whalers,55,50,24,23,0,5,3,51,117,136,-19,0.48,,,,,,,,,,,,,,,,8,3,5,Round 2,4,4
9,1,Montreal,Militia,40,50,24,21,5,0,0,53,142,155,-13,0.48,,,,,,,,,,,,,,,,5,,4,Round 1,2,4
3,1,Vancouver,Whalers,46,50,23,21,6,0,0,52,130,131,-1,0.46,,,,,,,,,,,,,,,,7,,4,Round 1,1,4
4,1,Newfoundland,Berserkers,53,50,23,22,2,3,3,51,134,133,1,0.46,,,,,,,,,,,,,,,,6,,3,Round 1,3,4
2,1,Maine,Timber,56,50,23,21,1,6,5,52,147,155,-8,0.46,,,,,,,,,,,,,,,,7,2,3,Round 2,5,7
8,1,St. Louis,Scarecrows,50,50,23,23,4,0,0,50,163,177,-14,0.46,,,,,,,,,,,,,,,,8,,4,Round 2,7,6
3,1,Vancouver,Whalers,50,50,23,22,5,0,0,51,148,161,-13,0.46,,,,,,,,,,,,,,,,7,,4,Round 2,4,6
8,1,St. Louis,Scarecrows,51,50,23,23,4,0,0,50,148,163,-15,0.46,,,,,,,,,,,,,,,,6,,4,Round 3,7,5
15,1,Quebec City,Citadelles,56,50,23,23,1,1,3,50,147,139,8,0.46,,,,,,,,,,,,,,,,9,3,4,Round 1,2,4
6,1,Colorado,Raptors,51,50,23,25,2,0,0,48,128,137,-9,0.46,,,,,,,,,,,,,,,,7,,3,Round 1,2,4
1,1,Kelowna,Knights,50,50,23,24,3,0,0,49,157,165,-8,0.46,,,,,,,,,,,,,,,,9,,5,Round 1,2,4
5,1,Anaheim,Outlaws,51,50,23,25,2,0,0,48,143,161,-18,0.46,,,,,,,,,,,,,,,,8,,4,Round 2,7,7
3,1,Vancouver,Whalers,40,50,23,21,6,0,0,52,154,156,-2,0.46,,,,,,,,,,,,,,,,7,,3,Missed,,
7,1,Detroit,Falcons,15,40,23,14,3,0,0,49,0,0,0,0.575,,,,,,,,,,,,,,,,2,,2,Finals Lost,10,8
2,1,Halifax,Raiders,29,50,23,24,3,0,0,49,0,0,0,0.46,,,,,,,,,,,,,,,,6,,4,Round 1,2,4
0,1,Prince George,Firebirds,30,50,23,21,6,0,0,52,0,0,0,0.46,,,,,,,,,,,,,,,,6,,3,Finals Lost,11,6
0,1,Anchorage,Armada,42,50,23,22,5,0,0,51,136,163,-27,0.46,,,,,,,,,,,,,,,,4,,4,Round 2,4,5
0,1,Prince George,Firebirds,41,50,23,25,2,0,0,48,129,145,-16,0.46,,,,,,,,,,,,,,,,7,,4,Missed,,
3,1,Vancouver,Whalers,19,40,23,14,3,0,0,49,0,0,0,0.575,,,,,,,,,,,,,,,,2,,2,Cup Winner,12,3
1,1,Kelowna,Knights,19,40,23,13,4,0,0,50,0,0,0,0.575,,,,,,,,,,,,,,,,1,,1,Round 2,2,4
1,1,Kelowna,Knights,34,50,23,17,10,0,0,56,143,141,2,0.46,,,,,,,,,,,,,,,,5,,2,Round 1,2,4
6,1,Colorado,Mammoths,33,50,23,21,6,0,0,52,132,148,-16,0.46,,,,,,,,,,,,,,,,5,,3,Round 1,2,4
3,1,Vancouver,Whalers,28,50,23,21,6,0,0,52,0,0,0,0.46,,,,,,,,,,,,,,,,4,,1,Round 1,1,4
2,1,Halifax,Raiders,46,50,23,21,6,0,0,52,135,144,-9,0.46,,,,,,,,,,,,,,,,8,,4,Round 2,6,7
9,1,Montreal,Impact,20,40,23,15,2,0,0,48,0,0,0,0.575,,,,,,,,,,,,,,,,2,,1,Round 1,2,4
1,1,Kelowna,Knights,36,50,23,25,2,0,0,48,124,127,-3,0.46,,,,,,,,,,,,,,,,7,,4,Missed,,
6,1,Colorado,Mammoths,35,50,23,24,3,0,0,49,148,140,8,0.46,,,,,,,,,,,,,,,,6,,4,Finals Lost,8,9
0,1,Anchorage,Armada,44,50,23,21,6,0,0,52,161,179,-18,0.46,,,,,,,,,,,,,,,,6,,3,Round 1,3,4
9,1,Montreal,Militia,43,50,23,24,3,0,0,49,137,149,-12,0.46,,,,,,,,,,,,,,,,6,,3,Round 2,5,7
0,1,Prince George,Firebirds,25,50,23,20,7,0,0,53,0,0,0,0.46,,,,,,,,,,,,,,,,5,,3,Round 1,2,4
7,1,Detroit,Falcons,33,50,23,24,3,0,0,49,120,134,-14,0.46,,,,,,,,,,,,,,,,6,,3,Round 1,3,4
19,1,San Diego,Tidal,79,66,23,39,1,1,3,50,256,316,-60,0.348,2464,2750,47.9,1151,1719,608,689,8.35,258,55,0.2132,8,236,72,0.6949,14,,8,Round 1,3,4
17,1,Great Falls,Grizzlies,66,66,23,41,2,2,0,48,197,316,-119,0.348,1611,2403,51.1,881,1298,701,525,5.06,167,29,0.1737,10,145,43,0.7034,11,2,4,Round 1,1,4
1,1,Kelowna,Knights,67,66,23,35,4,4,4,54,172,253,-81,0.348,1884,2040,39.9,774,1929,555,558,6,178,31,0.1742,15,165,34,0.7939,12,3,7,Round 1,1,4
0,1,Anchorage,Armada,82,66,23,41,1,1,1,48,195,280,-85,0.348,1615,2261,47.6,973,2577,575,911,8.64,260,36,0.1385,7,248,43,0.8266,15,,7,Round 1,0,4
1,1,Kelowna,Knights,68,66,23,35,4,1,4,54,189,266,-77,0.348,1764,2236,43,1052,1756,603,553,5.2,152,24,0.1579,5,146,38,0.7397,12,4,7,Missed,,
14,1,Nevada,Battleborn,79,66,23,37,3,2,3,52,215,311,-96,0.348,2003,2593,52.4,638,1673,608,542,8.03,210,49,0.2333,8,205,40,0.8049,13,,7,Round 1,2,4
5,1,Yukon,Malamutes,84,66,23,41,2,0,0,48,255,337,-82,0.348,2077,2463,52.3,854,2165,601,727,7.47,204,47,0.2304,2,206,51,0.7524,15,,8,Round 1,1,4
15,1,Quebec City,Citadelles,68,66,23,39,2,2,2,50,170,231,-61,0.348,1608,2016,48.4,1005,1742,622,621,6.24,154,26,0.1688,5,184,35,0.8098,13,3,6,Round 1,1,4
2,1,Maine,Timber,84,66,23,42,1,0,0,47,241,330,-89,0.348,2059,2344,51.8,965,2393,667,821,9.21,252,30,0.119,6,264,61,0.7689,16,,8,Round 1,1,4
17,1,Great Falls,Grizzlies,74,66,23,41,1,6,1,48,161,246,-85,0.348,1668,2275,47.8,1124,1551,524,528,5.62,179,28,0.1564,5,152,40,0.7368,12,3,5,Round 1,1,4
9,1,Carolina,Kraken,88,66,23,40,1,2,2,49,254,366,-112,0.348,1926,2432,49.4,1247,2267,767,820,7.27,226,46,0.2035,5,194,42,0.7835,14,,7,Round 1,1,4
9,1,Carolina,Kraken,64,66,22,36,3,4,5,52,166,233,-67,0.333,,,,,,,,,,,,,,,,11,2,6,Round 2,5,6
17,1,Great Falls,Grizzlies,65,66,22,42,1,2,1,46,168,269,-101,0.333,,,,,,,,,,,,,,,,11,3,7,Round 1,0,4
1,1,Kelowna,Knights,74,66,22,42,2,3,0,46,182,269,-87,0.333,2129,2298,50.9,880,1277,786,584,5.85,163,31,0.1902,7,163,45,0.7239,13,3,6,Round 1,2,4
17,1,Great Falls,Grizzlies,72,66,22,44,0,4,0,44,199,293,-94,0.333,1920,2685,50.1,914,1742,583,526,6.52,189,33,0.1746,5,188,55,0.7074,14,4,7,Missed,,
8,1,St. Louis,Scarecrows,64,66,22,41,2,4,1,47,178,281,-103,0.333,,,,,,,,,,,,,,,,12,3,6,Round 1,0,4
0,1,Anchorage,Armada,77,66,22,41,1,1,2,47,190,271,-81,0.333,1765,2489,50.5,843,1261,632,621,7.74,220,50,0.2273,8,216,52,0.7593,14,,8,Round 1,1,4
17,1,Great Falls,Grizzlies,73,66,22,40,2,3,2,48,166,256,-90,0.333,1812,2445,48.8,908,1657,591,577,6.62,199,35,0.1759,8,184,51,0.7228,14,3,7,Round 2,7,7
8,1,St. Louis,Scarecrows,77,66,22,42,1,1,1,46,207,302,-95,0.333,1989,2364,47.1,992,1336,664,560,7.67,220,32,0.1455,12,224,67,0.7009,15,,7,Round 2,4,5
8,1,St. Louis,Scarecrows,81,66,22,41,2,4,1,47,208,290,-82,0.333,2232,2512,51.9,865,1453,743,737,7.94,205,40,0.1951,9,210,44,0.7905,14,,7,Round 3,8,9
17,1,Great Falls,Grizzlies,68,66,22,41,0,4,3,47,178,261,-83,0.333,1731,2042,52.9,1239,1495,582,566,4.39,128,25,0.1953,9,125,36,0.712,14,4,7,Missed,,
6,1,Colorado,Raptors,72,66,22,38,3,1,3,50,260,383,-123,0.333,2222,2939,44.3,867,2323,632,624,10.03,295,68,0.2305,16,285,77,0.7298,12,3,6,Round 1,1,4
5,1,Yukon,Malamutes,81,66,22,40,3,1,1,48,221,302,-81,0.333,2198,2508,52.1,565,1508,710,524,6.42,182,41,0.2253,4,173,47,0.7283,13,,7,Round 1,1,4
1,1,Kelowna,Knights,71,66,22,36,3,0,5,52,219,293,-74,0.333,1978,2509,45.5,1383,2009,594,682,7.8,188,39,0.2074,15,195,43,0.7795,11,4,6,Missed,,
7,1,Detroit,Falcons,81,66,22,43,1,1,0,45,188,268,-80,0.333,1916,2519,48.8,925,1356,548,544,6.47,190,27,0.1421,9,187,38,0.7968,15,,8,Round 2,5,6
7,1,Detroit,Falcons,21,40,22,14,4,0,0,48,0,0,0,0.55,,,,,,,,,,,,,,,,3,,1,Finals Lost,5,5
0,1,Prince George,Firebirds,17,40,22,15,3,0,0,47,0,0,0,0.55,,,,,,,,,,,,,,,,2,,1,Finals Lost,7,6
7,1,Detroit,Falcons,35,50,22,25,3,0,0,47,134,145,-11,0.44,,,,,,,,,,,,,,,,7,,3,Missed,,
9,1,Montreal,Militia,35,50,22,20,8,0,0,52,135,144,-9,0.44,,,,,,,,,,,,,,,,4,,2,Round 1,3,4
5,1,Anaheim,Outlaws,49,50,22,23,5,0,0,49,144,166,-22,0.44,,,,,,,,,,,,,,,,9,,4,Round 1,3,4
4,1,Newfoundland,Berserkers,57,66,22,39,3,1,2,49,161,235,-74,0.333,,,,,,,,,,,,,,,,12,3,6,Round 2,6,5
0,1,Anchorage,Armada,54,50,22,23,1,1,4,49,139,148,-9,0.44,,,,,,,,,,,,,,,,7,,4,Round 1,3,4
3,1,Vancouver,Whalers,23,40,22,15,3,0,0,47,0,0,0,0.55,,,,,,,,,,,,,,,,3,,2,Finals Lost,10,8
1,1,Kelowna,Knights,23,40,22,14,4,0,0,48,0,0,0,0.55,,,,,,,,,,,,,,,,2,,1,Round 2,3,4
7,1,Detroit,Falcons,54,50,22,25,2,0,1,47,122,134,-12,0.44,,,,,,,,,,,,,,,,8,,4,Round 1,3,4
0,1,Regina,Force,24,52,22,22,8,0,0,52,0,0,0,0.423,,,,,,,,,,,,,,,,5,,2,Round 1,2,4
0,1,Prince George,Firebirds,26,50,22,24,4,0,0,48,0,0,0,0.44,,,,,,,,,,,,,,,,6,,4,Round 1,2,4
6,1,Colorado,Mammoths,28,50,22,20,8,0,0,52,0,0,0,0.44,,,,,,,,,,,,,,,,5,,2,Round 2,7,5
2,1,Halifax,Raiders,30,50,22,23,5,0,0,49,0,0,0,0.44,,,,,,,,,,,,,,,,7,,4,Cup Winner,12,6
7,1,Detroit,Falcons,36,50,22,22,6,0,0,50,126,139,-13,0.44,,,,,,,,,,,,,,,,6,,3,Round 2,6,6
3,1,Vancouver,Whalers,15,40,22,14,4,0,0,48,0,0,0,0.55,,,,,,,,,,,,,,,,3,,1,Cup Winner,8,2
9,1,Montreal,Militia,39,50,22,26,2,0,0,46,126,146,-20,0.44,,,,,,,,,,,,,,,,7,,3,Missed,,
9,1,Montreal,Impact,12,40,22,15,3,0,0,47,0,0,0,0.55,,,,,,,,,,,,,,,,2,,1,Cup Winner,8,1
7,1,Detroit,Falcons,47,50,22,24,4,0,0,48,148,154,-6,0.44,,,,,,,,,,,,,,,,8,,4,Round 2,6,4
6,1,Colorado,Mammoths,38,50,22,24,4,0,0,48,146,160,-14,0.44,,,,,,,,,,,,,,,,7,,4,Missed,,
6,1,Colorado,Raptors,45,50,22,23,5,0,0,49,137,146,-9,0.44,,,,,,,,,,,,,,,,7,,4,Round 3,10,6
1,1,Kelowna,Knights,47,50,22,23,5,0,0,49,149,176,-27,0.44,,,,,,,,,,,,,,,,7,,4,Round 2,6,4
6,1,Colorado,Raptors,49,50,22,18,10,0,0,54,145,154,-9,0.44,,,,,,,,,,,,,,,,7,,3,Round 1,3,4
7,1,Detroit,Falcons,46,50,22,24,4,0,0,48,131,141,-10,0.44,,,,,,,,,,,,,,,,9,,5,Round 2,4,5
7,1,Detroit,Falcons,31,50,21,21,8,0,0,50,122,142,-20,0.42,,,,,,,,,,,,,,,,5,,2,Round 2,6,7
7,1,Detroit,Falcons,26,50,21,26,3,0,0,45,0,0,0,0.42,,,,,,,,,,,,,,,,7,,3,Round 1,2,4
0,1,Anchorage,Armada,52,50,21,23,6,0,0,48,157,170,-13,0.42,,,,,,,,,,,,,,,,9,,5,Round 1,2,4
3,1,Vancouver,Whalers,32,50,21,26,3,0,0,45,140,156,-16,0.42,,,,,,,,,,,,,,,,6,,3,Round 1,1,4
2,1,Halifax,Raiders,47,50,21,25,4,0,0,46,144,155,-11,0.42,,,,,,,,,,,,,,,,9,,5,Round 1,0,4
7,1,Detroit,Falcons,42,50,21,20,9,0,0,51,134,142,-8,0.42,,,,,,,,,,,,,,,,5,,1,Round 1,1,4
2,1,Halifax,Raiders,28,44,21,17,6,0,0,48,0,0,0,0.477,,,,,,,,,,,,,,,,7,,4,Round 1,2,4
9,1,Montreal,Militia,42,50,21,25,4,0,0,46,143,140,3,0.42,,,,,,,,,,,,,,,,6,,2,Round 2,5,4
7,1,Detroit,Falcons,51,50,21,25,4,0,0,46,148,170,-22,0.42,,,,,,,,,,,,,,,,9,,5,Round 1,3,4
8,1,St. Louis,Scarecrows,21,40,21,17,2,0,0,44,0,0,0,0.525,,,,,,,,,,,,,,,,4,,2,Round 2,5,5
0,1,Anchorage,Armada,49,50,21,25,4,0,0,46,136,159,-23,0.42,,,,,,,,,,,,,,,,10,,5,Round 2,6,7
5,1,Anaheim,Outlaws,58,66,21,41,0,2,4,46,147,237,-90,0.318,,,,,,,,,,,,,,,,10,3,6,Round 1,3,4
3,1,Vancouver,Whalers,24,52,21,27,4,0,0,46,0,0,0,0.404,,,,,,,,,,,,,,,,6,,3,Cup Winner,12,7
14,1,Nevada,Battleborn,61,66,21,42,1,4,2,45,180,273,-93,0.318,,,,,,,,,,,,,,,,12,4,6,Missed,,
4,1,Newfoundland,Berserkers,66,66,21,39,4,0,2,48,192,274,-82,0.318,1654,2482,43,833,1627,526,567,7.71,178,42,0.236,4,208,49,0.7644,12,3,5,Round 2,4,7
8,1,St. Louis,Scarecrows,85,66,21,43,1,3,1,44,226,343,-117,0.318,1835,2542,50.7,1176,2023,683,814,8.24,226,35,0.1549,11,221,43,0.8054,15,,7,Round 1,1,4
5,1,Anaheim,Outlaws,62,66,21,42,2,2,1,45,163,242,-79,0.318,,,,,,,,,,,,,,,,11,3,6,Round 1,2,4
1,1,Kelowna,Knights,73,66,21,39,4,0,2,48,201,258,-57,0.318,2329,2358,51.3,1114,1535,668,585,8.03,215,35,0.1628,13,214,55,0.743,13,4,7,Missed,,
19,1,San Diego,Tidal,77,66,21,44,1,2,0,43,200,326,-126,0.318,2043,2605,45.7,930,1362,764,654,7.58,202,35,0.1733,9,208,71,0.6587,16,,8,Round 1,1,4
7,1,Detroit,Falcons,72,66,21,39,2,1,4,48,181,296,-115,0.318,1625,2731,48.4,1080,1690,598,570,7.61,229,41,0.179,16,211,47,0.7773,13,4,7,Missed,,
16,1,Thunder Bay,Walleye,85,66,21,42,3,2,0,45,190,312,-122,0.318,1869,2496,50,1082,2402,584,906,6.67,175,21,0.12,10,195,27,0.8615,14,,8,Round 1,0,4
7,1,Detroit,Falcons,63,66,20,42,2,1,2,44,181,245,-64,0.303,,,,,,,,,,,,,,,,12,3,5,Round 2,5,6
17,1,Great Falls,Grizzlies,81,66,20,41,4,0,1,45,199,288,-89,0.303,2045,2831,43.7,914,1043,681,581,5.39,156,36,0.2308,4,150,41,0.7267,16,,8,Round 1,0,4
1,1,Kelowna,Knights,75,66,20,43,1,4,2,43,177,308,-131,0.303,,,,,,,,,,,,,,,,12,4,5,Missed,,
17,1,Great Falls,Grizzlies,71,66,20,45,1,1,0,41,185,292,-107,0.303,1940,2471,48.3,1186,1773,565,500,6.24,200,29,0.145,12,162,42,0.7407,14,3,7,Round 1,1,4
16,1,Thunder Bay,Walleye,80,66,20,41,4,2,1,45,192,289,-97,0.303,1996,2493,48.8,866,1625,654,618,9.38,270,49,0.1815,7,241,53,0.7801,13,,7,Round 1,0,4
7,1,Detroit,Falcons,71,66,20,43,1,1,2,43,229,353,-124,0.303,2097,2667,50.2,905,2285,603,471,8.11,212,30,0.1415,20,243,73,0.6996,13,3,7,Round 1,0,4
17,1,Great Falls,Grizzlies,67,66,20,41,1,4,4,45,183,252,-69,0.303,1755,2333,53.8,804,1501,593,545,5.67,158,20,0.1266,8,158,40,0.7468,13,3,6,Round 1,2,4
9,1,Carolina,Kraken,66,66,20,40,3,5,3,46,158,274,-116,0.303,1583,2232,50.2,656,1680,592,514,7.05,176,26,0.1477,8,203,58,0.7143,13,3,6,Round 1,0,4
2,1,Maine,Timber,60,66,20,42,2,2,2,44,156,253,-97,0.303,,,,,,,,,,,,,,,,10,3,6,Round 2,4,7
2,1,Maine,Timber,54,50,20,30,0,1,0,40,121,173,-52,0.4,,,,,,,,,,,,,,,,9,,5,Missed,,
5,1,Anaheim,Outlaws,45,50,20,28,2,0,0,42,138,156,-18,0.4,,,,,,,,,,,,,,,,8,,5,Round 1,1,4
9,1,Montreal,Impact,19,40,20,18,2,0,0,42,0,0,0,0.5,,,,,,,,,,,,,,,,3,,1,Round 2,2,4
8,1,St. Louis,Scarecrows,59,66,20,40,3,2,3,46,161,241,-80,0.303,,,,,,,,,,,,,,,,11,3,6,Round 1,3,4
7,1,Detroit,Falcons,20,40,20,15,5,0,0,45,0,0,0,0.5,,,,,,,,,,,,,,,,3,,2,Round 2,3,4
0,1,Regina,Force,16,40,20,15,5,0,0,45,0,0,0,0.5,,,,,,,,,,,,,,,,2,,2,Round 2,4,7
3,1,Vancouver,Whalers,22,40,20,17,3,0,0,43,0,0,0,0.5,,,,,,,,,,,,,,,,3,,2,Round 2,4,5
9,1,Montreal,Militia,31,48,20,23,5,0,0,45,121,139,-18,0.417,,,,,,,,,,,,,,,,6,,3,Round 1,3,4
3,1,Vancouver,Whalers,29,50,20,24,6,0,0,46,0,0,0,0.4,,,,,,,,,,,,,,,,7,,3,Finals Lost,7,11
8,1,St. Louis,Scarecrows,42,50,20,24,6,0,0,46,123,158,-35,0.4,,,,,,,,,,,,,,,,7,,3,Missed,,
3,1,Vancouver,Whalers,34,50,20,27,3,0,0,43,120,157,-37,0.4,,,,,,,,,,,,,,,,7,,4,Missed,,
9,1,Montreal,Impact,17,40,20,12,8,0,0,48,0,0,0,0.5,,,,,,,,,,,,,,,,1,,1,Cup Winner,8,6
3,1,Vancouver,Whalers,17,40,20,15,5,0,0,45,0,0,0,0.5,,,,,,,,,,,,,,,,3,,2,Round 1,2,4
2,1,Halifax,Raiders,42,50,20,26,4,0,0,44,130,151,-21,0.4,,,,,,,,,,,,,,,,8,,4,Missed,,
0,1,Prince George,Firebirds,31,50,20,26,4,0,0,44,106,140,-34,0.4,,,,,,,,,,,,,,,,7,,4,Round 1,0,4
2,1,Halifax,Raiders,48,50,20,27,3,0,0,43,142,158,-16,0.4,,,,,,,,,,,,,,,,8,,5,Round 3,9,7
3,1,Vancouver,Whalers,51,50,20,25,5,0,0,45,146,148,-2,0.4,,,,,,,,,,,,,,,,10,,5,Round 3,10,8
6,1,Colorado,Raptors,53,50,20,27,0,2,3,43,129,147,-18,0.4,,,,,,,,,,,,,,,,7,,4,Round 1,0,4
7,1,Detroit,Falcons,17,40,20,18,2,0,0,42,0,0,0,0.5,,,,,,,,,,,,,,,,5,,2,Round 2,7,5
1,1,Kelowna,Knights,17,40,19,16,5,0,0,43,0,0,0,0.475,,,,,,,,,,,,,,,,4,,3,Round 2,6,6
1,1,Kelowna,Knights,16,40,19,19,2,0,0,40,0,0,0,0.475,,,,,,,,,,,,,,,,6,,3,Round 1,3,4
9,1,Montreal,Impact,16,40,19,17,4,0,0,42,0,0,0,0.475,,,,,,,,,,,,,,,,4,,2,Round 2,4,4
3,1,Vancouver,Whalers,12,40,19,19,2,0,0,40,0,0,0,0.475,,,,,,,,,,,,,,,,5,,3,Round 1,3,4
0,1,Regina,Force,22,40,19,18,3,0,0,41,0,0,0,0.475,,,,,,,,,,,,,,,,4,,3,Round 1,1,4
8,1,Chicago,Hitmen,12,40,19,16,5,0,0,43,0,0,0,0.475,,,,,,,,,,,,,,,,3,,2,Round 2,5,6
8,1,St. Louis,Scarecrows,17,40,19,18,3,0,0,41,0,0,0,0.475,,,,,,,,,,,,,,,,6,,3,Round 1,1,4
0,1,Regina,Force,18,40,19,16,5,0,0,43,0,0,0,0.475,,,,,,,,,,,,,,,,4,,2,Round 2,5,6
8,1,St. Louis,Scarecrows,58,66,19,40,3,0,4,45,170,254,-84,0.288,,,,,,,,,,,,,,,,11,3,5,Round 1,2,4
8,1,St. Louis,Scarecrows,19,40,19,17,4,0,0,42,0,0,0,0.475,,,,,,,,,,,,,,,,4,,2,Finals Lost,9,7
8,1,St. Louis,Scarecrows,16,40,19,15,6,0,0,44,0,0,0,0.475,,,,,,,,,,,,,,,,3,,1,Cup Winner,8,0
7,1,Detroit,Falcons,13,40,19,17,4,0,0,42,0,0,0,0.475,,,,,,,,,,,,,,,,3,,2,Round 2,4,7
7,1,Detroit,Falcons,16,40,19,18,3,0,0,41,0,0,0,0.475,,,,,,,,,,,,,,,,5,,3,Round 1,0,4
2,1,Halifax,Raiders,43,50,19,22,9,0,0,47,140,163,-23,0.38,,,,,,,,,,,,,,,,7,,4,Missed,,
8,1,St. Louis,Scarecrows,31,50,19,27,4,0,0,42,108,141,-33,0.38,,,,,,,,,,,,,,,,8,,4,Round 1,0,4
2,1,Halifax,Raiders,35,50,19,30,1,0,0,39,115,162,-47,0.38,,,,,,,,,,,,,,,,8,,4,Missed,,
2,1,Halifax,Raiders,50,50,19,27,4,0,0,42,148,174,-26,0.38,,,,,,,,,,,,,,,,10,,5,Round 1,2,4
7,1,Detroit,Falcons,25,50,19,23,8,0,0,46,0,0,0,0.38,,,,,,,,,,,,,,,,7,,4,Round 1,1,4
8,1,St. Louis,Scarecrows,18,40,19,15,6,0,0,44,0,0,0,0.475,,,,,,,,,,,,,,,,3,,2,Finals Lost,10,7
6,1,Colorado,Mammoths,25,50,19,25,6,0,0,44,0,0,0,0.38,,,,,,,,,,,,,,,,8,,4,Round 2,6,5
0,1,Anchorage,Armada,43,50,19,29,2,0,0,40,122,152,-30,0.38,,,,,,,,,,,,,,,,8,,4,Missed,,
16,1,Regina,Elk,62,66,19,46,0,2,1,39,153,265,-112,0.288,,,,,,,,,,,,,,,,12,4,7,Missed,,
8,1,St. Louis,Scarecrows,76,66,19,43,1,1,3,42,191,297,-106,0.288,1839,2587,46.6,1154,1438,568,568,7.56,188,20,0.1064,17,204,59,0.7108,15,,8,Round 1,1,4
1,1,Kelowna,Knights,79,66,19,42,2,2,3,43,169,278,-109,0.288,1978,2310,49.2,948,1622,659,638,7.23,179,33,0.1844,8,189,47,0.7513,15,,7,Round 1,0,4
5,1,Anaheim,Outlaws,61,66,19,42,3,5,2,43,136,283,-147,0.288,,,,,,,,,,,,,,,,13,3,7,Round 1,2,4
16,1,Regina,Elk,61,66,19,40,1,1,6,45,167,260,-93,0.288,,,,,,,,,,,,,,,,11,2,5,Round 1,0,4
17,1,Great Falls,Grizzlies,80,66,19,42,2,2,3,43,144,263,-119,0.288,1885,2481,47.3,704,1378,562,549,5.48,176,30,0.1705,8,157,37,0.7643,14,,8,Round 1,1,4
15,1,Quebec City,Citadelles,70,66,19,42,4,2,1,43,198,291,-93,0.288,1936,2236,45.5,888,1923,552,547,6.36,181,33,0.1823,13,187,33,0.8235,12,3,6,Round 1,2,4
5,1,Yukon,Malamutes,69,66,19,46,0,1,1,39,140,239,-99,0.288,1549,2159,51.6,957,1434,592,600,6.71,214,26,0.1215,10,184,41,0.7772,13,3,7,Round 1,2,4
19,1,San Diego,Tidal,83,66,19,43,4,3,0,42,194,329,-135,0.288,1764,2335,50,983,2084,668,938,8.39,213,30,0.1408,4,238,52,0.7815,16,,8,Round 1,1,4
8,1,St. Louis,Scarecrows,62,66,18,45,1,3,2,39,148,270,-122,0.273,,,,,,,,,,,,,,,,13,3,6,Round 1,0,4
6,1,Colorado,Raptors,48,50,18,25,7,0,0,43,135,151,-16,0.36,,,,,,,,,,,,,,,,9,,4,Round 1,2,4
2,1,Halifax,Raiders,52,50,18,27,5,0,0,41,154,175,-21,0.36,,,,,,,,,,,,,,,,10,,5,Round 1,2,4
9,1,Carolina,Kraken,53,50,18,29,1,0,2,39,109,160,-51,0.36,,,,,,,,,,,,,,,,8,,4,Round 1,0,4
0,1,Prince George,Firebirds,10,40,18,20,2,0,0,38,0,0,0,0.45,,,,,,,,,,,,,,,,4,,2,Round 2,7,5
7,1,Detroit,Falcons,19,40,18,18,4,0,0,40,0,0,0,0.45,,,,,,,,,,,,,,,,5,,3,Round 1,1,4
8,1,St. Louis,Scarecrows,32,50,18,27,5,0,0,41,112,147,-35,0.36,,,,,,,,,,,,,,,,7,,4,Missed,,
8,1,St. Louis,Scarecrows,56,50,18,29,1,1,2,39,119,173,-54,0.36,,,,,,,,,,,,,,,,10,2,5,Round 1,3,4
8,1,St. Louis,Scarecrows,33,50,18,25,7,0,0,43,116,146,-30,0.36,,,,,,,,,,,,,,,,7,,4,Missed,,
9,1,Montreal,Militia,36,50,18,26,6,0,0,42,110,156,-46,0.36,,,,,,,,,,,,,,,,8,,4,Missed,,
8,1,St. Louis,Scarecrows,55,50,18,28,4,1,0,40,113,162,-49,0.36,,,,,,,,,,,,,,,,9,2,4,Round 1,0,4
6,1,Colorado,Mammoths,32,50,18,28,4,0,0,40,101,137,-36,0.36,,,,,,,,,,,,,,,,8,,4,Missed,,
1,1,Kelowna,Knights,44,50,18,27,5,0,0,41,158,209,-51,0.36,,,,,,,,,,,,,,,,8,,4,Missed,,
1,1,Kelowna,Knights,60,66,18,43,0,0,5,41,165,270,-105,0.273,,,,,,,,,,,,,,,,11,3,5,Round 1,0,4
9,1,Montreal,Impact,23,40,18,16,6,0,0,42,0,0,0,0.45,,,,,,,,,,,,,,,,4,,2,Round 1,3,4
0,1,Regina,Force,23,40,18,19,3,0,0,39,0,0,0,0.45,,,,,,,,,,,,,,,,5,,3,Round 1,1,4
7,1,Detroit,Falcons,12,40,18,18,4,0,0,40,0,0,0,0.45,,,,,,,,,,,,,,,,6,,3,Round 1,2,4
1,1,Kelowna,Knights,12,40,18,15,7,0,0,43,0,0,0,0.45,,,,,,,,,,,,,,,,4,,2,Finals Lost,8,10
3,1,Vancouver,Whalers,13,40,18,16,6,0,0,42,0,0,0,0.45,,,,,,,,,,,,,,,,4,,2,Round 1,0,4
6,1,Colorado,Raptors,46,50,18,26,6,0,0,42,121,145,-24,0.36,,,,,,,,,,,,,,,,10,,5,Round 1,3,4
0,1,Regina,Force,14,40,18,17,5,0,0,41,0,0,0,0.45,,,,,,,,,,,,,,,,4,,3,Round 1,3,4
9,1,Montreal,Impact,15,40,18,18,4,0,0,40,0,0,0,0.45,,,,,,,,,,,,,,,,4,,3,Round 1,2,4
6,1,Colorado,Mammoths,30,50,17,24,9,0,0,43,0,0,0,0.34,,,,,,,,,,,,,,,,8,,4,Round 1,2,4
2,1,Maine,Timber,53,50,17,30,0,3,3,37,109,157,-48,0.34,,,,,,,,,,,,,,,,10,,5,Missed,,
1,1,Kelowna,Knights,37,50,17,25,8,0,0,42,127,150,-23,0.34,,,,,,,,,,,,,,,,7,,3,Missed,,
2,1,Maine,Timber,58,66,17,46,0,3,3,37,138,243,-105,0.258,,,,,,,,,,,,,,,,12,3,6,Round 1,1,4
15,1,Quebec City,Citadelles,55,50,17,32,0,2,1,35,120,199,-79,0.34,,,,,,,,,,,,,,,,10,3,5,Round 2,4,6
1,1,Kelowna,Knights,56,50,17,29,1,1,3,38,106,157,-51,0.34,,,,,,,,,,,,,,,,11,3,6,Round 2,4,7
3,1,Vancouver,Whalers,53,50,17,30,1,0,2,37,108,151,-43,0.34,,,,,,,,,,,,,,,,9,,5,Missed,,
0,1,Regina,Force,20,40,17,21,2,0,0,36,0,0,0,0.425,,,,,,,,,,,,,,,,4,,2,Round 1,0,4
0,1,Regina,Force,19,40,17,21,2,0,0,36,0,0,0,0.425,,,,,,,,,,,,,,,,6,,3,Round 1,0,4
7,1,Detroit,Falcons,61,66,17,42,4,1,3,41,177,250,-73,0.258,,,,,,,,,,,,,,,,14,3,7,Round 1,2,4
7,1,Detroit,Falcons,87,66,17,44,3,3,2,39,204,351,-147,0.258,1862,2781,50.9,1021,2283,675,829,8.14,197,34,0.1726,7,214,37,0.8271,14,,8,Round 1,1,4
8,1,St. Louis,Scarecrows,80,66,17,42,0,1,7,41,160,268,-108,0.258,1872,2462,49.1,1101,1600,512,614,6.89,173,31,0.1792,8,197,40,0.797,15,,7,Round 1,2,4
1,1,Kelowna,Knights,65,66,17,45,1,5,3,38,162,294,-132,0.258,,,,,,,,,,,,,,,,12,2,5,Round 1,0,4
1,1,Kelowna,Knights,66,66,17,47,2,1,0,36,123,276,-153,0.258,1235,2373,38.2,850,1765,596,557,6,175,32,0.1829,14,178,52,0.7079,14,4,7,Missed,,
17,1,Great Falls,Grizzlies,86,66,17,49,0,0,0,34,177,329,-152,0.258,1422,2283,45.6,1235,2162,718,576,5.29,165,22,0.1333,6,144,36,0.75,14,,8,Round 1,1,4
0,1,Anchorage,Armada,70,66,16,43,4,2,3,39,172,335,-163,0.242,1753,2497,44.2,763,1457,776,436,6.61,184,34,0.1848,11,178,50,0.7191,13,3,7,Round 1,2,4
8,1,St. Louis,Scarecrows,88,66,16,48,0,1,2,34,170,361,-191,0.242,1549,2585,54.5,1080,2469,642,688,5.82,171,19,0.1111,6,173,22,0.8728,16,,8,Round 1,0,4
8,1,St. Louis,Scarecrows,74,66,16,48,1,1,1,34,195,351,-156,0.242,1784,2858,45.6,1211,1143,629,548,7.47,223,43,0.1928,10,197,40,0.797,14,4,7,Missed,,
3,1,Vancouver,Whalers,75,66,16,45,3,1,2,37,209,354,-145,0.242,,,,,,,,,,,,,,,,13,2,6,Round 1,3,4
8,1,St. Louis,Scarecrows,70,66,16,44,2,3,4,38,142,261,-119,0.242,1582,2193,49,1045,1649,689,560,7.48,175,26,0.1486,10,195,43,0.7795,14,4,7,Missed,,
17,1,Great Falls,Grizzlies,88,66,16,46,3,1,1,36,161,326,-165,0.242,1396,2518,47.6,1281,2192,546,760,6.33,165,18,0.1091,11,166,23,0.8614,15,,8,Round 1,0,4
0,1,Regina,Force,21,40,16,18,6,0,0,38,0,0,0,0.4,,,,,,,,,,,,,,,,5,,3,Missed,,
1,1,Kelowna,Knights,13,40,16,20,4,0,0,36,0,0,0,0.4,,,,,,,,,,,,,,,,5,,3,Finals Lost,10,6
6,1,Colorado,Raptors,47,50,16,30,4,0,0,36,119,168,-49,0.32,,,,,,,,,,,,,,,,10,,5,Round 1,0,4
3,1,Vancouver,Whalers,37,50,16,29,5,0,0,37,108,145,-37,0.32,,,,,,,,,,,,,,,,8,,4,Missed,,
6,1,Colorado,Mammoths,29,50,16,29,5,0,0,37,0,0,0,0.32,,,,,,,,,,,,,,,,8,,4,Round 1,0,4
14,1,Nevada,Battleborn,59,66,16,44,1,4,5,38,144,254,-110,0.242,,,,,,,,,,,,,,,,12,3,6,Round 1,1,4
1,1,Kelowna,Knights,20,40,16,22,2,0,0,34,0,0,0,0.4,,,,,,,,,,,,,,,,5,,3,Finals Lost,10,7
8,1,St. Louis,Scarecrows,20,40,16,22,2,0,0,34,0,0,0,0.4,,,,,,,,,,,,,,,,6,,3,Cup Winner,12,7
1,1,Kelowna,Knights,18,40,16,22,2,0,0,34,0,0,0,0.4,,,,,,,,,,,,,,,,5,,3,Round 1,2,4
9,1,Montreal,Impact,10,40,16,17,7,0,0,39,0,0,0,0.4,,,,,,,,,,,,,,,,3,,2,Finals Lost,11,7
8,1,St. Louis,Scarecrows,23,40,16,18,6,0,0,38,0,0,0,0.4,,,,,,,,,,,,,,,,6,,3,Round 2,6,7
9,1,Montreal,Impact,14,40,16,22,2,0,0,34,0,0,0,0.4,,,,,,,,,,,,,,,,5,,2,Round 1,2,4
2,1,Halifax,Raiders,45,50,16,27,7,0,0,39,125,158,-33,0.32,,,,,,,,,,,,,,,,9,,4,Round 2,6,5
7,1,Detroit,Falcons,55,50,15,31,1,1,3,34,122,178,-56,0.3,,,,,,,,,,,,,,,,11,3,6,Round 1,0,4
1,1,Kelowna,Knights,48,50,15,30,5,0,0,35,122,177,-55,0.3,,,,,,,,,,,,,,,,10,,5,Round 1,2,4
9,1,Montreal,Impact,22,40,15,19,6,0,0,36,0,0,0,0.375,,,,,,,,,,,,,,,,5,,2,Round 2,6,5
8,1,St. Louis,Scarecrows,26,50,15,24,11,0,0,41,0,0,0,0.3,,,,,,,,,,,,,,,,8,,4,Round 2,5,5
1,1,Kelowna,Knights,15,40,15,22,3,0,0,33,0,0,0,0.375,,,,,,,,,,,,,,,,5,,2,Round 2,4,7
0,1,Regina,Force,15,40,15,23,2,0,0,32,0,0,0,0.375,,,,,,,,,,,,,,,,6,,3,Round 1,3,4
8,1,St. Louis,Scarecrows,13,40,15,22,3,0,0,33,0,0,0,0.375,,,,,,,,,,,,,,,,6,,3,Round 1,3,4
4,1,Lethbridge,Lions,45,50,15,32,3,0,0,33,131,171,-40,0.3,,,,,,,,,,,,,,,,10,,5,Round 1,0,4
7,1,Detroit,Falcons,86,66,15,47,3,0,1,34,189,350,-161,0.227,1835,2537,50.6,909,2048,828,773,7.86,207,18,0.087,13,224,32,0.8571,15,,7,Round 1,1,4
16,1,Thunder Bay,Walleye,82,66,15,49,0,0,2,32,197,332,-135,0.227,1607,2519,49.5,1027,1923,744,715,7.24,217,30,0.1382,8,213,47,0.7793,16,,8,Round 2,4,6
19,1,San Diego,Tidal,78,66,15,46,2,1,3,35,172,313,-141,0.227,1777,2877,42.6,1224,1328,593,637,6.62,184,30,0.163,17,175,47,0.7314,16,,8,Round 1,1,4
7,1,Detroit,Falcons,80,66,15,46,1,2,4,35,151,294,-143,0.227,1767,2758,46.5,1021,1401,545,568,8.41,233,39,0.1674,8,229,53,0.7686,16,,8,Round 1,0,4
4,1,Newfoundland,Berserkers,67,66,15,46,1,2,4,35,172,296,-124,0.227,1586,2494,47.6,1097,1462,546,658,7.03,179,31,0.1732,9,214,51,0.7617,14,4,7,Missed,,
8,1,St. Louis,Scarecrows,75,66,15,50,1,1,0,31,137,369,-232,0.227,,,,,,,,,,,,,,,,14,3,7,Round 1,0,4
0,1,Anchorage,Armada,65,66,15,48,2,1,1,33,148,282,-134,0.227,,,,,,,,,,,,,,,,13,4,6,Missed,,
17,1,Great Falls,Grizzlies,87,66,14,50,1,2,1,30,162,350,-188,0.212,1481,2694,49.4,1157,2460,557,861,8.56,196,24,0.1224,11,233,50,0.7854,15,,7,Round 1,0,4
14,1,Nevada,Battleborn,85,66,14,48,4,2,0,32,225,390,-165,0.212,2107,2648,47.5,833,2227,720,980,7.05,186,25,0.1344,12,207,41,0.8019,16,,8,Round 1,1,4
3,1,Vancouver,Whalers,65,66,14,50,0,1,2,30,169,301,-132,0.212,,,,,,,,,,,,,,,,14,3,7,Round 1,0,4
9,1,Montreal,Impact,18,40,14,20,6,0,0,34,0,0,0,0.35,,,,,,,,,,,,,,,,6,,3,Round 1,2,4
7,1,Detroit,Falcons,56,50,13,34,1,2,2,29,118,192,-74,0.26,,,,,,,,,,,,,,,,12,3,6,Round 1,1,4
3,1,Vancouver,Whalers,33,50,13,33,4,0,0,30,116,154,-38,0.26,,,,,,,,,,,,,,,,8,,4,Missed,,
2,1,Halifax,Raiders,34,50,13,33,4,0,0,30,111,177,-66,0.26,,,,,,,,,,,,,,,,8,,4,Missed,,
8,1,St. Louis,Scarecrows,22,40,13,23,4,0,0,30,0,0,0,0.325,,,,,,,,,,,,,,,,6,,3,Round 1,1,4
2,1,Halifax,Raiders,39,50,13,28,9,0,0,35,109,168,-59,0.26,,,,,,,,,,,,,,,,8,,4,Missed,,
2,1,Halifax,Raiders,41,50,13,28,9,0,0,35,124,171,-47,0.26,,,,,,,,,,,,,,,,8,,4,Missed,,
1,1,Kelowna,Knights,76,66,13,48,1,0,4,31,187,327,-140,0.197,2311,2730,52.7,930,1496,694,622,5.11,154,31,0.2013,4,142,45,0.6831,16,,8,Round 1,0,4
3,1,Vancouver,Whalers,87,66,13,49,2,1,2,30,249,452,-203,0.197,1837,2967,45.5,1374,2282,758,819,7.42,203,24,0.1182,12,205,56,0.7268,16,,8,Round 1,1,4
3,1,Vancouver,Whalers,63,66,13,53,0,2,0,26,122,274,-152,0.197,,,,,,,,,,,,,,,,13,3,6,Round 1,2,4
8,1,St. Louis,Scarecrows,69,66,13,50,2,1,1,29,130,294,-164,0.197,1307,2383,44.9,1056,1508,687,432,7.67,177,32,0.1808,7,213,58,0.7277,14,3,7,Round 1,2,4
8,1,St. Louis,Scarecrows,86,66,13,49,3,0,1,30,176,394,-218,0.197,1460,2710,47.9,1067,2216,690,818,6.26,194,38,0.1959,13,176,35,0.8011,16,,8,Round 1,0,4
0,1,Anchorage,Armada,64,66,12,47,4,3,3,31,144,283,-139,0.182,,,,,,,,,,,,,,,,13,3,7,Round 1,0,4
0,1,Prince George,Firebirds,11,40,12,21,7,0,0,31,0,0,0,0.3,,,,,,,,,,,,,,,,4,,2,Round 1,3,4
8,1,St. Louis,Scarecrows,14,40,12,25,3,0,0,27,0,0,0,0.3,,,,,,,,,,,,,,,,6,,3,Round 2,4,6
0,1,Prince George,Firebirds,28,50,12,28,10,0,0,34,0,0,0,0.24,,,,,,,,,,,,,,,,8,,4,Finals Lost,8,8
2,1,Halifax,Raiders,38,50,12,29,9,0,0,33,111,166,-55,0.24,,,,,,,,,,,,,,,,8,,4,Missed,,
8,1,Chicago,Hitmen,11,40,12,24,4,0,0,28,0,0,0,0.3,,,,,,,,,,,,,,,,5,,3,Round 1,2,4
9,1,Montreal,Impact,21,40,11,22,7,0,0,29,0,0,0,0.275,,,,,,,,,,,,,,,,6,,3,Round 1,3,8
3,1,Vancouver,Whalers,54,50,11,37,1,0,1,24,84,177,-93,0.22,,,,,,,,,,,,,,,,10,,5,Missed,,
0,1,Prince George,Firebirds,27,50,11,37,2,0,0,24,0,0,0,0.22,,,,,,,,,,,,,,,,8,,4,Round 1,3,4
14,1,Nevada,Battleborn,60,66,11,53,1,1,1,24,148,332,-184,0.167,,,,,,,,,,,,,,,,12,3,6,Round 1,0,4
3,1,Vancouver,Whalers,64,66,11,46,4,4,5,31,140,282,-142,0.167,,,,,,,,,,,,,,,,14,4,7,Missed,,
3,1,Vancouver,Whalers,79,66,10,52,3,5,1,24,158,358,-200,0.152,1750,3173,45.5,1040,1462,563,617,8.67,217,37,0.1705,3,223,53,0.7623,16,,8,Round 1,0,4
14,1,Nevada,Battleborn,55,50,10,36,1,0,3,24,102,210,-108,0.2,,,,,,,,,,,,,,,,12,3,6,Round 1,0,4
1,1,Kelowna,Knights,11,40,10,27,3,0,0,23,0,0,0,0.25,,,,,,,,,,,,,,,,6,,3,Cup Winner,12,9
0,1,Prince George,Firebirds,40,50,9,36,5,0,0,23,99,191,-92,0.18,,,,,,,,,,,,,,,,8,,4,Missed,,
8,1,St. Louis,Scarecrows,63,66,8,50,1,0,7,24,133,342,-209,0.121,,,,,,,,,,,,,,,,14,4,7,Missed,,
7,1,Detroit,Falcons,62,66,5,55,5,0,1,16,128,308,-180,0.076,,,,,,,,,,,,,,,,14,4,7,Missed,,
1,1,Kelowna,Knights,10,40,5,31,4,0,0,14,0,0,0,0.125,,,,,,,,,,,,,,,,5,,3,Round 1,1,4
8,1,Chicago,Hitmen,10,0,0,0,0,0,0,0,0,0,0,,,,,,,,,,,,,,,,,6,,3,Round 1,0,4
0,1,Anchorage,Armada,89,0,0,0,0,0,0,0,0,0,0,,0,0,0,0,0,0,0,0,0,0,,0,0,0,,11,,6,Missed,,
18,1,Ottawa,Highlanders,89,0,0,0,0,0,0,0,0,0,0,,0,0,0,0,0,0,0,0,0,0,,0,0,0,,7,,3,Missed,,
17,1,Great Falls,Grizzlies,89,0,0,0,0,0,0,0,0,0,0,,0,0,0,0,0,0,0,0,0,0,,0,0,0,,1,,1,Missed,,
16,1,Thunder Bay,Walleye,89,0,0,0,0,0,0,0,0,0,0,,0,0,0,0,0,0,0,0,0,0,,0,0,0,,10,,5,Missed,,
15,1,Quebec City,Citadelles,89,0,0,0,0,0,0,0,0,0,0,,0,0,0,0,0,0,0,0,0,0,,0,0,0,,4,,3,Missed,,
14,1,Nevada,Battleborn,89,0,0,0,0,0,0,0,0,0,0,,0,0,0,0,0,0,0,0,0,0,,0,0,0,,13,,6,Missed,,
9,1,Carolina,Kraken,89,0,0,0,0,0,0,0,0,0,0,,0,0,0,0,0,0,0,0,0,0,,0,0,0,,6,,2,Missed,,
8,1,St. Louis,Scarecrows,89,0,0,0,0,0,0,0,0,0,0,,0,0,0,0,0,0,0,0,0,0,,0,0,0,,16,,8,Missed,,
7,1,Detroit,Falcons,89,0,0,0,0,0,0,0,0,0,0,,0,0,0,0,0,0,0,0,0,0,,0,0,0,,9,,5,Missed,,
6,1,Colorado,Raptors,89,0,0,0,0,0,0,0,0,0,0,,0,0,0,0,0,0,0,0,0,0,,0,0,0,,3,,1,Missed,,
5,1,Yukon,Malamutes,89,0,0,0,0,0,0,0,0,0,0,,0,0,0,0,0,0,0,0,0,0,,0,0,0,,12,,7,Missed,,
4,1,Newfoundland,Berserkers,89,0,0,0,0,0,0,0,0,0,0,,0,0,0,0,0,0,0,0,0,0,,0,0,0,,5,,4,Missed,,
3,1,Vancouver,Whalers,89,0,0,0,0,0,0,0,0,0,0,,0,0,0,0,0,0,0,0,0,0,,0,0,0,,15,,8,Missed,,
2,1,Maine,Timber,89,0,0,0,0,0,0,0,0,0,0,,0,0,0,0,0,0,0,0,0,0,,0,0,0,,8,,4,Missed,,
1,1,Kelowna,Knights,89,0,0,0,0,0,0,0,0,0,0,,0,0,0,0,0,0,0,0,0,0,,0,0,0,,2,,2,Missed,,
19,1,San Diego,Tidal,89,0,0,0,0,0,0,0,0,0,0,,0,0,0,0,0,0,0,0,0,0,,0,0,0,,14,,7,Missed,,
